time,MT_293
2012-01-01 01:00:00,0.0
2012-01-01 02:00:00,0.0
2012-01-01 03:00:00,0.0
2012-01-01 04:00:00,-1.4240277079999808
2012-01-01 05:00:00,0.0
2012-01-01 06:00:00,0.0
2012-01-01 07:00:00,0.0
2012-01-01 08:00:00,0.0
2012-01-01 09:00:00,0.0
2012-01-01 10:00:00,0.0
2012-01-01 11:00:00,0.0
2012-01-01 12:00:00,0.0
2012-01-01 13:00:00,0.0
2012-01-01 14:00:00,0.0
2012-01-01 15:00:00,0.0
2012-01-01 16:00:00,0.0
2012-01-01 17:00:00,-0.715651852208748
2012-01-01 18:00:00,0.0
2012-01-01 19:00:00,0.0
2012-01-01 20:00:00,0.0
2012-01-01 21:00:00,-0.41829217676248576
2012-01-01 22:00:00,0.0
2012-01-01 23:00:00,0.0
2012-01-02 00:00:00,-1.4415939959543371
2012-01-02 01:00:00,0.0
2012-01-02 02:00:00,0.0
2012-01-02 03:00:00,0.0
2012-01-02 04:00:00,0.0
2012-01-02 05:00:00,0.0
2012-01-02 06:00:00,-0.8381351983183539
2012-01-02 07:00:00,0.0
2012-01-02 08:00:00,-0.7812850972521399
2012-01-02 09:00:00,0.0
2012-01-02 10:00:00,0.0
2012-01-02 11:00:00,0.0
2012-01-02 12:00:00,1.0109132464294144
2012-01-02 13:00:00,0.0
2012-01-02 14:00:00,0.0
2012-01-02 15:00:00,0.0
2012-01-02 16:00:00,0.0
2012-01-02 17:00:00,0.0
2012-01-02 18:00:00,0.0
2012-01-02 19:00:00,1.7733862775626714
2012-01-02 20:00:00,0.0
2012-01-02 21:00:00,0.0
2012-01-02 22:00:00,0.0
2012-01-02 23:00:00,0.0
2012-01-03 00:00:00,0.0
2012-01-03 01:00:00,0.0
2012-01-03 02:00:00,0.0
2012-01-03 03:00:00,0.0
2012-01-03 04:00:00,0.0
2012-01-03 05:00:00,0.0
2012-01-03 06:00:00,0.0
2012-01-03 07:00:00,0.0
2012-01-03 08:00:00,0.0
2012-01-03 09:00:00,0.3041104910519977
2012-01-03 10:00:00,0.0
2012-01-03 11:00:00,0.9626715004055068
2012-01-03 12:00:00,0.0
2012-01-03 13:00:00,0.0
2012-01-03 14:00:00,0.7830321725936717
2012-01-03 15:00:00,0.8268604980121208
2012-01-03 16:00:00,0.8663191000588532
2012-01-03 17:00:00,1.0591112952196042
2012-01-03 18:00:00,0.0
2012-01-03 19:00:00,1.6594675892616513
2012-01-03 20:00:00,0.0
2012-01-03 21:00:00,0.0
2012-01-03 22:00:00,0.0
2012-01-03 23:00:00,0.0
2012-01-04 00:00:00,0.0
2012-01-04 01:00:00,-1.3322198199599236
2012-01-04 02:00:00,0.0
2012-01-04 03:00:00,0.0
2012-01-04 04:00:00,0.0
2012-01-04 05:00:00,0.0
2012-01-04 06:00:00,0.0
2012-01-04 07:00:00,0.0
2012-01-04 08:00:00,0.0
2012-01-04 09:00:00,0.0
2012-01-04 10:00:00,0.0
2012-01-04 11:00:00,0.9846512089653083
2012-01-04 12:00:00,0.0
2012-01-04 13:00:00,1.1204622113586944
2012-01-04 14:00:00,0.0
2012-01-04 15:00:00,0.0
2012-01-04 16:00:00,1.1204622113586944
2012-01-04 17:00:00,0.0
2012-01-04 18:00:00,0.0
2012-01-04 19:00:00,0.0
2012-01-04 20:00:00,0.0
2012-01-04 21:00:00,0.0
2012-01-04 22:00:00,0.0
2012-01-04 23:00:00,0.0
2012-01-05 00:00:00,0.0
2012-01-05 01:00:00,0.0
2012-01-05 02:00:00,0.0
2012-01-05 03:00:00,0.0
2012-01-05 04:00:00,0.0
2012-01-05 05:00:00,0.0
2012-01-05 06:00:00,-1.0436432884908398
2012-01-05 07:00:00,0.0
2012-01-05 08:00:00,0.0
2012-01-05 09:00:00,0.2778484535878978
2012-01-05 10:00:00,0.0
2012-01-05 11:00:00,0.0
2012-01-05 12:00:00,0.0
2012-01-05 13:00:00,0.0
2012-01-05 14:00:00,0.8750585468023108
2012-01-05 15:00:00,0.0
2012-01-05 16:00:00,0.0
2012-01-05 17:00:00,0.0
2012-01-05 18:00:00,0.0
2012-01-05 19:00:00,0.0
2012-01-05 20:00:00,0.0
2012-01-05 21:00:00,0.0
2012-01-05 22:00:00,0.5464116520144634
2012-01-05 23:00:00,0.0
2012-01-06 00:00:00,0.0
2012-01-06 01:00:00,0.0
2012-01-06 02:00:00,0.0
2012-01-06 03:00:00,0.0
2012-01-06 04:00:00,0.0
2012-01-06 05:00:00,0.0
2012-01-06 06:00:00,0.0
2012-01-06 07:00:00,0.0
2012-01-06 08:00:00,0.0
2012-01-06 09:00:00,0.0
2012-01-06 10:00:00,0.0
2012-01-06 11:00:00,0.0
2012-01-06 12:00:00,0.0
2012-01-06 13:00:00,0.0
2012-01-06 14:00:00,0.0
2012-01-06 15:00:00,0.9232565955924928
2012-01-06 16:00:00,0.8663191000588454
2012-01-06 17:00:00,0.0
2012-01-06 18:00:00,1.4228033714487254
2012-01-06 19:00:00,0.0
2012-01-06 20:00:00,0.0
2012-01-06 21:00:00,1.3176241298911786
2012-01-06 22:00:00,0.0
2012-01-06 23:00:00,0.4018175056438949
2012-01-07 00:00:00,-0.6791209648210812
2012-01-07 01:00:00,-1.3410029639371015
2012-01-07 02:00:00,0.0
2012-01-07 03:00:00,0.0
2012-01-07 04:00:00,-1.4065488145130598
2012-01-07 05:00:00,-1.4590291922075427
2012-01-07 06:00:00,0.0
2012-01-07 07:00:00,-0.3772604743019385
2012-01-07 08:00:00,0.0
2012-01-07 09:00:00,0.0
2012-01-07 10:00:00,0.0
2012-01-07 11:00:00,0.0
2012-01-07 12:00:00,0.0
2012-01-07 13:00:00,0.0
2012-01-07 14:00:00,0.0
2012-01-07 15:00:00,0.0
2012-01-07 16:00:00,0.0
2012-01-07 17:00:00,0.0
2012-01-07 18:00:00,0.0
2012-01-07 19:00:00,1.7952785916550447
2012-01-07 20:00:00,0.0
2012-01-07 21:00:00,0.0
2012-01-07 22:00:00,0.0
2012-01-07 23:00:00,0.3624026008308806
2012-01-08 00:00:00,0.0
2012-01-08 01:00:00,-1.3760044481446627
2012-01-08 02:00:00,0.0
2012-01-08 03:00:00,0.0
2012-01-08 04:00:00,-1.4109185378847897
2012-01-08 05:00:00,0.0
2012-01-08 06:00:00,0.0
2012-01-08 07:00:00,0.0
2012-01-08 08:00:00,0.0
2012-01-08 09:00:00,-0.15283148192985746
2012-01-08 10:00:00,0.0
2012-01-08 11:00:00,0.577087110084005
2012-01-08 12:00:00,0.0
2012-01-08 13:00:00,0.0
2012-01-08 14:00:00,0.8268604980121208
2012-01-08 15:00:00,0.0
2012-01-08 16:00:00,0.0
2012-01-08 17:00:00,0.0
2012-01-08 18:00:00,0.0
2012-01-08 19:00:00,0.0
2012-01-08 20:00:00,0.0
2012-01-08 21:00:00,0.0
2012-01-08 22:00:00,0.40618722901562715
2012-01-08 23:00:00,0.0
2012-01-09 00:00:00,-1.4109622351185072
2012-01-09 01:00:00,0.0
2012-01-09 02:00:00,-1.4853349269053604
2012-01-09 03:00:00,0.0
2012-01-09 04:00:00,0.0
2012-01-09 05:00:00,0.0
2012-01-09 06:00:00,0.0
2012-01-09 07:00:00,0.0
2012-01-09 08:00:00,-0.7987639907390625
2012-01-09 09:00:00,0.0
2012-01-09 10:00:00,0.0
2012-01-09 11:00:00,0.0
2012-01-09 12:00:00,0.3404665895047988
2012-01-09 13:00:00,0.3842949149232539
2012-01-09 14:00:00,0.0
2012-01-09 15:00:00,0.0
2012-01-09 16:00:00,0.0
2012-01-09 17:00:00,0.0
2012-01-09 18:00:00,0.0
2012-01-09 19:00:00,1.5104600222856468
2012-01-09 20:00:00,1.5148734428910902
2012-01-09 21:00:00,0.0
2012-01-09 22:00:00,0.45875500117754936
2012-01-09 23:00:00,0.0
2012-01-10 00:00:00,-1.4065925117467761
2012-01-10 01:00:00,0.0
2012-01-10 02:00:00,0.0
2012-01-10 03:00:00,0.0
2012-01-10 04:00:00,0.0
2012-01-10 05:00:00,-1.4634426128129903
2012-01-10 06:00:00,0.0
2012-01-10 07:00:00,0.0
2012-01-10 08:00:00,0.0
2012-01-10 09:00:00,0.0
2012-01-10 10:00:00,0.0
2012-01-10 11:00:00,0.0
2012-01-10 12:00:00,0.0
2012-01-10 13:00:00,0.8531225354762194
2012-01-10 14:00:00,0.0
2012-01-10 15:00:00,0.7742490286164806
2012-01-10 16:00:00,0.7830321725936792
2012-01-10 17:00:00,0.8969945581283942
2012-01-10 18:00:00,0.0
2012-01-10 19:00:00,1.8478463638169522
2012-01-10 20:00:00,0.0
2012-01-10 21:00:00,0.0
2012-01-10 22:00:00,0.0
2012-01-10 23:00:00,0.0
2012-01-11 00:00:00,0.0
2012-01-11 01:00:00,0.0
2012-01-11 02:00:00,0.0
2012-01-11 03:00:00,0.0
2012-01-11 04:00:00,0.0
2012-01-11 05:00:00,0.0
2012-01-11 06:00:00,0.0
2012-01-11 07:00:00,0.0
2012-01-11 08:00:00,0.0
2012-01-11 09:00:00,0.0
2012-01-11 10:00:00,0.0
2012-01-11 11:00:00,0.0
2012-01-11 12:00:00,0.0
2012-01-11 13:00:00,0.0
2012-01-11 14:00:00,0.0
2012-01-11 15:00:00,0.0
2012-01-11 16:00:00,0.0
2012-01-11 17:00:00,0.0
2012-01-11 18:00:00,0.0
2012-01-11 19:00:00,1.7339713727496648
2012-01-11 20:00:00,0.0
2012-01-11 21:00:00,0.0
2012-01-11 22:00:00,0.0
2012-01-11 23:00:00,0.0
2012-01-12 00:00:00,-1.3672213041674848
2012-01-12 01:00:00,-1.4197016818619679
2012-01-12 02:00:00,-1.4721820595564508
2012-01-12 03:00:00,0.0
2012-01-12 04:00:00,-1.3628515807957535
2012-01-12 05:00:00,0.0
2012-01-12 06:00:00,0.0
2012-01-12 07:00:00,0.0
2012-01-12 08:00:00,0.0
2012-01-12 09:00:00,0.0
2012-01-12 10:00:00,0.0
2012-01-12 11:00:00,0.9276263189642251
2012-01-12 12:00:00,0.0
2012-01-12 13:00:00,1.3089283803814311
2012-01-12 14:00:00,0.0
2012-01-12 15:00:00,0.0
2012-01-12 16:00:00,0.0
2012-01-12 17:00:00,0.0
2012-01-12 18:00:00,0.0
2012-01-12 19:00:00,0.0
2012-01-12 20:00:00,0.0
2012-01-12 21:00:00,0.0
2012-01-12 22:00:00,0.0
2012-01-12 23:00:00,0.0
2012-01-13 00:00:00,0.0
2012-01-13 01:00:00,0.0
2012-01-13 02:00:00,-1.4852912296716432
2012-01-13 03:00:00,0.0
2012-01-13 04:00:00,0.0
2012-01-13 05:00:00,0.0
2012-01-13 06:00:00,0.0
2012-01-13 07:00:00,0.0
2012-01-13 08:00:00,-0.886158458173672
2012-01-13 09:00:00,0.0
2012-01-13 10:00:00,0.0
2012-01-13 11:00:00,0.0
2012-01-13 12:00:00,0.0
2012-01-13 13:00:00,0.0
2012-01-13 14:00:00,0.0
2012-01-13 15:00:00,0.0
2012-01-13 16:00:00,0.0
2012-01-13 17:00:00,0.0
2012-01-13 18:00:00,0.0
2012-01-13 19:00:00,1.974874222233162
2012-01-13 20:00:00,0.0
2012-01-13 21:00:00,0.0
2012-01-13 22:00:00,0.7042023629676509
2012-01-13 23:00:00,0.0
2012-01-14 00:00:00,0.0
2012-01-14 01:00:00,0.0
2012-01-14 02:00:00,0.0
2012-01-14 03:00:00,0.0
2012-01-14 04:00:00,0.0
2012-01-14 05:00:00,-1.4502897454640822
2012-01-14 06:00:00,-1.1004933895570543
2012-01-14 07:00:00,0.0
2012-01-14 08:00:00,0.0
2012-01-14 09:00:00,0.0
2012-01-14 10:00:00,0.0
2012-01-14 11:00:00,0.0
2012-01-14 12:00:00,1.3352341150792393
2012-01-14 13:00:00,0.0
2012-01-14 14:00:00,0.0
2012-01-14 15:00:00,1.1336150787076031
2012-01-14 16:00:00,0.0
2012-01-14 17:00:00,0.0
2012-01-14 18:00:00,1.9661784727234146
2012-01-14 19:00:00,2.426310343766641
2012-01-14 20:00:00,0.0
2012-01-14 21:00:00,0.0
2012-01-14 22:00:00,0.6954192189904753
2012-01-14 23:00:00,0.0
2012-01-15 00:00:00,0.0
2012-01-15 01:00:00,-1.3803741715163929
2012-01-15 02:00:00,-1.4721820595564514
2012-01-15 03:00:00,0.0
2012-01-15 04:00:00,-1.3759607509109462
2012-01-15 05:00:00,0.0
2012-01-15 06:00:00,0.0
2012-01-15 07:00:00,-0.5130277794616034
2012-01-15 08:00:00,0.0
2012-01-15 09:00:00,0.0
2012-01-15 10:00:00,0.0
2012-01-15 11:00:00,0.0
2012-01-15 12:00:00,1.072220465334794
2012-01-15 13:00:00,0.0
2012-01-15 14:00:00,0.0
2012-01-15 15:00:00,0.0
2012-01-15 16:00:00,1.085417029917413
2012-01-15 17:00:00,0.0
2012-01-15 18:00:00,0.0
2012-01-15 19:00:00,0.0
2012-01-15 20:00:00,0.0
2012-01-15 21:00:00,0.0
2012-01-15 22:00:00,0.0
2012-01-15 23:00:00,-0.7447979070981902
2012-01-16 00:00:00,0.0
2012-01-16 01:00:00,0.0
2012-01-16 02:00:00,0.0
2012-01-16 03:00:00,0.0
2012-01-16 04:00:00,0.0
2012-01-16 05:00:00,0.0
2012-01-16 06:00:00,-1.0567961558397487
2012-01-16 07:00:00,-0.5435721458300015
2012-01-16 08:00:00,-0.7856548206238708
2012-01-16 09:00:00,0.0
2012-01-16 10:00:00,0.0
2012-01-16 11:00:00,0.0
2012-01-16 12:00:00,0.8181210512686636
2012-01-16 13:00:00,0.0
2012-01-16 14:00:00,0.0
2012-01-16 15:00:00,0.0
2012-01-16 16:00:00,1.1160487907532517
2012-01-16 17:00:00,0.0
2012-01-16 18:00:00,0.0
2012-01-16 19:00:00,1.6287484339583922
2012-01-16 20:00:00,0.0
2012-01-16 21:00:00,0.0
2012-01-16 22:00:00,0.0
2012-01-16 23:00:00,-0.7973219820263905
2012-01-17 00:00:00,-1.5202490166454867
2012-01-17 01:00:00,0.0
2012-01-17 02:00:00,-1.5815125383171484
2012-01-17 03:00:00,-1.5640336448302266
2012-01-17 04:00:00,0.0
2012-01-17 05:00:00,0.0
2012-01-17 06:00:00,0.0
2012-01-17 07:00:00,0.0
2012-01-17 08:00:00,-0.41248044467808415
2012-01-17 09:00:00,0.0
2012-01-17 10:00:00,0.0
2012-01-17 11:00:00,0.8663191000588454
2012-01-17 12:00:00,0.9013642815001269
2012-01-17 13:00:00,0.0
2012-01-17 14:00:00,0.0
2012-01-17 15:00:00,0.0
2012-01-17 16:00:00,0.0
2012-01-17 17:00:00,0.0
2012-01-17 18:00:00,1.5587017683095392
2012-01-17 19:00:00,1.9267198706766901
2012-01-17 20:00:00,0.0
2012-01-17 21:00:00,0.0
2012-01-17 22:00:00,0.41934009636453506
2012-01-17 23:00:00,-0.7010569761471678
2012-01-18 00:00:00,0.0
2012-01-18 01:00:00,-1.4721820595564514
2012-01-18 02:00:00,0.0
2012-01-18 03:00:00,0.0
2012-01-18 04:00:00,0.0
2012-01-18 05:00:00,0.0
2012-01-18 06:00:00,0.0
2012-01-18 07:00:00,0.0
2012-01-18 08:00:00,0.0
2012-01-18 09:00:00,0.0
2012-01-18 10:00:00,0.0
2012-01-18 11:00:00,0.0
2012-01-18 12:00:00,0.0
2012-01-18 13:00:00,0.0
2012-01-18 14:00:00,0.0
2012-01-18 15:00:00,0.0
2012-01-18 16:00:00,0.0
2012-01-18 17:00:00,1.0810036093119697
2012-01-18 18:00:00,0.0
2012-01-18 19:00:00,0.0
2012-01-18 20:00:00,0.0
2012-01-18 21:00:00,0.0
2012-01-18 22:00:00,0.0
2012-01-18 23:00:00,0.0
2012-01-19 00:00:00,-1.3191106498447311
2012-01-19 01:00:00,0.0
2012-01-19 02:00:00,-1.349742410680562
2012-01-19 03:00:00,0.0
2012-01-19 04:00:00,0.0
2012-01-19 05:00:00,0.0
2012-01-19 06:00:00,0.0
2012-01-19 07:00:00,0.0
2012-01-19 08:00:00,0.0
2012-01-19 09:00:00,0.0
2012-01-19 10:00:00,0.0
2012-01-19 11:00:00,0.0
2012-01-19 12:00:00,0.0
2012-01-19 13:00:00,0.0
2012-01-19 14:00:00,0.0
2012-01-19 15:00:00,0.0
2012-01-19 16:00:00,0.0
2012-01-19 17:00:00,0.0
2012-01-19 18:00:00,0.0
2012-01-19 19:00:00,0.0
2012-01-19 20:00:00,0.0
2012-01-19 21:00:00,0.0
2012-01-19 22:00:00,0.0
2012-01-19 23:00:00,0.0
2012-01-20 00:00:00,0.0
2012-01-20 01:00:00,0.0
2012-01-20 02:00:00,0.0
2012-01-20 03:00:00,0.0
2012-01-20 04:00:00,0.0
2012-01-20 05:00:00,0.0
2012-01-20 06:00:00,0.0
2012-01-20 07:00:00,0.0
2012-01-20 08:00:00,0.0
2012-01-20 09:00:00,0.0
2012-01-20 10:00:00,0.0
2012-01-20 11:00:00,0.0
2012-01-20 12:00:00,0.0
2012-01-20 13:00:00,1.1336150787076031
2012-01-20 14:00:00,0.0
2012-01-20 15:00:00,0.0
2012-01-20 16:00:00,0.9802377883598581
2012-01-20 17:00:00,0.0
2012-01-20 18:00:00,1.5718109384247447
2012-01-20 19:00:00,0.0
2012-01-20 20:00:00,0.0
2012-01-20 21:00:00,0.0
2012-01-20 22:00:00,0.0
2012-01-20 23:00:00,0.0
2012-01-21 00:00:00,0.0
2012-01-21 01:00:00,0.0
2012-01-21 02:00:00,0.0
2012-01-21 03:00:00,0.0
2012-01-21 04:00:00,0.0
2012-01-21 05:00:00,0.0
2012-01-21 06:00:00,0.0
2012-01-21 07:00:00,0.0
2012-01-21 08:00:00,-0.45770708157549617
2012-01-21 09:00:00,0.0
2012-01-21 10:00:00,0.0
2012-01-21 11:00:00,0.0
2012-01-21 12:00:00,0.0
2012-01-21 13:00:00,0.0
2012-01-21 14:00:00,0.0
2012-01-21 15:00:00,0.0
2012-01-21 16:00:00,0.0
2012-01-21 17:00:00,0.0
2012-01-21 18:00:00,1.2431203464031642
2012-01-21 19:00:00,1.6419013013072923
2012-01-21 20:00:00,0.0
2012-01-21 21:00:00,0.0
2012-01-21 22:00:00,0.0
2012-01-21 23:00:00,0.0
2012-01-22 00:00:00,0.0
2012-01-22 01:00:00,0.0
2012-01-22 02:00:00,-1.3803304742826763
2012-01-22 03:00:00,0.0
2012-01-22 04:00:00,0.0
2012-01-22 05:00:00,0.0
2012-01-22 06:00:00,0.0
2012-01-22 07:00:00,0.0
2012-01-22 08:00:00,0.0
2012-01-22 09:00:00,-0.006926418547773325
2012-01-22 10:00:00,0.5639342427350971
2012-01-22 11:00:00,0.0
2012-01-22 12:00:00,1.0196963904065899
2012-01-22 13:00:00,0.0
2012-01-22 14:00:00,0.0
2012-01-22 15:00:00,0.0
2012-01-22 16:00:00,0.0
2012-01-22 17:00:00,1.1511376694282502
2012-01-22 18:00:00,0.0
2012-01-22 19:00:00,0.0
2012-01-22 20:00:00,0.0
2012-01-22 21:00:00,0.5727173867122797
2012-01-22 22:00:00,0.0
2012-01-22 23:00:00,-0.8453889391154261
2012-01-23 00:00:00,0.0
2012-01-23 01:00:00,-1.4765954801618992
2012-01-23 02:00:00,0.0
2012-01-23 03:00:00,0.0
2012-01-23 04:00:00,0.0
2012-01-23 05:00:00,0.0
2012-01-23 06:00:00,0.0
2012-01-23 07:00:00,0.0
2012-01-23 08:00:00,0.0
2012-01-23 09:00:00,0.0
2012-01-23 10:00:00,1.0021301024522313
2012-01-23 11:00:00,0.0
2012-01-23 12:00:00,0.0
2012-01-23 13:00:00,0.0
2012-01-23 14:00:00,0.9451926069185842
2012-01-23 15:00:00,0.0
2012-01-23 16:00:00,0.0
2012-01-23 17:00:00,0.0
2012-01-23 18:00:00,0.0
2012-01-23 19:00:00,0.0
2012-01-23 20:00:00,0.0
2012-01-23 21:00:00,1.2519471876140733
2012-01-23 22:00:00,0.0
2012-01-23 23:00:00,-0.6703815180776189
2012-01-24 00:00:00,0.0
2012-01-24 01:00:00,-0.6850637886066344
2012-01-24 02:00:00,0.0
2012-01-24 03:00:00,-0.7288047195576569
2012-01-24 04:00:00,0.0
2012-01-24 05:00:00,0.0
2012-01-24 06:00:00,0.0
2012-01-24 07:00:00,0.0
2012-01-24 08:00:00,-0.6457362782610588
2012-01-24 09:00:00,0.0
2012-01-24 10:00:00,0.0
2012-01-24 11:00:00,0.0
2012-01-24 12:00:00,0.0
2012-01-24 13:00:00,0.0
2012-01-24 14:00:00,0.9670849210109574
2012-01-24 15:00:00,0.0
2012-01-24 16:00:00,0.8837979935457757
2012-01-24 17:00:00,0.0
2012-01-24 18:00:00,0.0
2012-01-24 19:00:00,0.0
2012-01-24 20:00:00,0.0
2012-01-24 21:00:00,0.0
2012-01-24 22:00:00,0.0
2012-01-24 23:00:00,-0.6836217798939633
2012-01-25 00:00:00,0.0
2012-01-25 01:00:00,0.0
2012-01-25 02:00:00,0.0
2012-01-25 03:00:00,0.0
2012-01-25 04:00:00,0.0
2012-01-25 05:00:00,0.0
2012-01-25 06:00:00,0.0
2012-01-25 07:00:00,0.0
2012-01-25 08:00:00,0.0
2012-01-25 09:00:00,0.0
2012-01-25 10:00:00,0.6340683028513775
2012-01-25 11:00:00,0.0
2012-01-25 12:00:00,0.0
2012-01-25 13:00:00,0.0
2012-01-25 14:00:00,0.0
2012-01-25 15:00:00,0.0
2012-01-25 16:00:00,0.0
2012-01-25 17:00:00,0.0
2012-01-25 18:00:00,0.0
2012-01-25 19:00:00,1.7733862775626636
2012-01-25 20:00:00,0.0
2012-01-25 21:00:00,0.0
2012-01-25 22:00:00,0.0
2012-01-25 23:00:00,0.0
2012-01-26 00:00:00,0.0
2012-01-26 01:00:00,-1.402222788375046
2012-01-26 02:00:00,-1.415288261256521
2012-01-26 03:00:00,0.0
2012-01-26 04:00:00,0.0
2012-01-26 05:00:00,-1.4852912296716425
2012-01-26 06:00:00,-1.0611221819777616
2012-01-26 07:00:00,0.0
2012-01-26 08:00:00,0.0
2012-01-26 09:00:00,0.0
2012-01-26 10:00:00,0.0
2012-01-26 11:00:00,0.0
2012-01-26 12:00:00,0.0
2012-01-26 13:00:00,0.0
2012-01-26 14:00:00,0.0
2012-01-26 15:00:00,1.1116790673815187
2012-01-26 16:00:00,0.0
2012-01-26 17:00:00,0.0
2012-01-26 18:00:00,1.545505203726921
2012-01-26 19:00:00,1.733927675515939
2012-01-26 20:00:00,0.0
2012-01-26 21:00:00,0.0
2012-01-26 22:00:00,0.0
2012-01-26 23:00:00,0.0
2012-01-27 00:00:00,0.0
2012-01-27 01:00:00,0.0
2012-01-27 02:00:00,0.0
2012-01-27 03:00:00,0.0
2012-01-27 04:00:00,0.0
2012-01-27 05:00:00,0.0
2012-01-27 06:00:00,0.0
2012-01-27 07:00:00,0.0
2012-01-27 08:00:00,0.0
2012-01-27 09:00:00,0.0
2012-01-27 10:00:00,0.0
2012-01-27 11:00:00,0.0
2012-01-27 12:00:00,1.181813127497792
2012-01-27 13:00:00,1.1423982226847786
2012-01-27 14:00:00,0.0
2012-01-27 15:00:00,0.0
2012-01-27 16:00:00,0.0
2012-01-27 17:00:00,0.0
2012-01-27 18:00:00,1.462305670729168
2012-01-27 19:00:00,1.896044412607149
2012-01-27 20:00:00,0.0
2012-01-27 21:00:00,0.0
2012-01-27 22:00:00,0.0
2012-01-27 23:00:00,0.27470225276025584
2012-01-28 00:00:00,-0.8075034374825231
2012-01-28 01:00:00,0.0
2012-01-28 02:00:00,-1.4240277079999817
2012-01-28 03:00:00,0.0
2012-01-28 04:00:00,0.0
2012-01-28 05:00:00,0.0
2012-01-28 06:00:00,0.0
2012-01-28 07:00:00,0.0
2012-01-28 08:00:00,0.0
2012-01-28 09:00:00,0.0
2012-01-28 10:00:00,0.0
2012-01-28 11:00:00,0.0
2012-01-28 12:00:00,0.0
2012-01-28 13:00:00,0.0
2012-01-28 14:00:00,0.0
2012-01-28 15:00:00,1.1510939721945253
2012-01-28 16:00:00,0.0
2012-01-28 17:00:00,0.0
2012-01-28 18:00:00,0.0
2012-01-28 19:00:00,0.0
2012-01-28 20:00:00,0.0
2012-01-28 21:00:00,0.0
2012-01-28 22:00:00,0.0
2012-01-28 23:00:00,0.0
2012-01-29 00:00:00,0.0
2012-01-29 01:00:00,0.0
2012-01-29 02:00:00,0.0
2012-01-29 03:00:00,0.0
2012-01-29 04:00:00,-1.432767154743442
2012-01-29 05:00:00,0.0
2012-01-29 06:00:00,0.0
2012-01-29 07:00:00,0.0
2012-01-29 08:00:00,0.0
2012-01-29 09:00:00,0.0
2012-01-29 10:00:00,0.0
2012-01-29 11:00:00,0.0
2012-01-29 12:00:00,0.0
2012-01-29 13:00:00,0.0
2012-01-29 14:00:00,0.0
2012-01-29 15:00:00,0.0
2012-01-29 16:00:00,0.0
2012-01-29 17:00:00,0.0
2012-01-29 18:00:00,0.0
2012-01-29 19:00:00,0.0
2012-01-29 20:00:00,1.015282969801147
2012-01-29 21:00:00,0.0
2012-01-29 22:00:00,0.0
2012-01-29 23:00:00,0.0
2012-01-30 00:00:00,0.0
2012-01-30 01:00:00,0.0
2012-01-30 02:00:00,0.0
2012-01-30 03:00:00,0.0
2012-01-30 04:00:00,0.0
2012-01-30 05:00:00,-1.4633989155792728
2012-01-30 06:00:00,-1.2273464590383916
2012-01-30 07:00:00,0.0
2012-01-30 08:00:00,0.0
2012-01-30 09:00:00,0.0
2012-01-30 10:00:00,0.0
2012-01-30 11:00:00,0.0
2012-01-30 12:00:00,0.0
2012-01-30 13:00:00,0.0
2012-01-30 14:00:00,0.0
2012-01-30 15:00:00,0.0
2012-01-30 16:00:00,0.0
2012-01-30 17:00:00,1.0460021251044145
2012-01-30 18:00:00,0.0
2012-01-30 19:00:00,1.6857296267257569
2012-01-30 20:00:00,0.0
2012-01-30 21:00:00,0.0
2012-01-30 22:00:00,0.0
2012-01-30 23:00:00,0.0
2012-01-31 00:00:00,0.0
2012-01-31 01:00:00,0.0
2012-01-31 02:00:00,0.0
2012-01-31 03:00:00,-1.467768638951004
2012-01-31 04:00:00,-1.4021790911413285
2012-01-31 05:00:00,0.0
2012-01-31 06:00:00,0.0
2012-01-31 07:00:00,0.0
2012-01-31 08:00:00,0.0
2012-01-31 09:00:00,0.0
2012-01-31 10:00:00,0.0
2012-01-31 11:00:00,0.0
2012-01-31 12:00:00,0.6823100488752777
2012-01-31 13:00:00,0.8531662327099453
2012-01-31 14:00:00,0.0
2012-01-31 15:00:00,0.0
2012-01-31 16:00:00,0.0
2012-01-31 17:00:00,0.0
2012-01-31 18:00:00,0.0
2012-01-31 19:00:00,0.0
2012-01-31 20:00:00,1.6988387968409466
2012-01-31 21:00:00,0.0
2012-01-31 22:00:00,0.6560043141774615
2012-01-31 23:00:00,0.0
2012-02-01 00:00:00,0.0
2012-02-01 01:00:00,0.0
2012-02-01 02:00:00,0.0
2012-02-01 03:00:00,-1.4633989155792728
2012-02-01 04:00:00,0.0
2012-02-01 05:00:00,0.0
2012-02-01 06:00:00,0.0
2012-02-01 07:00:00,0.0
2012-02-01 08:00:00,0.0
2012-02-01 09:00:00,0.0
2012-02-01 10:00:00,0.6603740375491942
2012-02-01 11:00:00,0.7129418097111085
2012-02-01 12:00:00,1.0283921399163294
2012-02-01 13:00:00,0.0
2012-02-01 14:00:00,0.0
2012-02-01 15:00:00,0.0
2012-02-01 16:00:00,0.0
2012-02-01 17:00:00,0.0
2012-02-01 18:00:00,0.0
2012-02-01 19:00:00,0.0
2012-02-01 20:00:00,0.0
2012-02-01 21:00:00,0.0
2012-02-01 22:00:00,0.0
2012-02-01 23:00:00,0.0
2012-02-02 00:00:00,0.0
2012-02-02 01:00:00,0.0
2012-02-02 02:00:00,0.0
2012-02-02 03:00:00,-0.7506533364163082
2012-02-02 04:00:00,-0.6981729587218268
2012-02-02 05:00:00,0.0
2012-02-02 06:00:00,0.0
2012-02-02 07:00:00,0.0
2012-02-02 08:00:00,-0.04804551547575933
2012-02-02 09:00:00,0.0
2012-02-02 10:00:00,0.0
2012-02-02 11:00:00,0.0
2012-02-02 12:00:00,0.0
2012-02-02 13:00:00,0.0
2012-02-02 14:00:00,0.0
2012-02-02 15:00:00,0.0
2012-02-02 16:00:00,0.0
2012-02-02 17:00:00,0.0
2012-02-02 18:00:00,0.0
2012-02-02 19:00:00,0.0
2012-02-02 20:00:00,0.0
2012-02-02 21:00:00,0.0
2012-02-02 22:00:00,0.0
2012-02-02 23:00:00,0.0
2012-02-03 00:00:00,0.0
2012-02-03 01:00:00,0.0
2012-02-03 02:00:00,0.0
2012-02-03 03:00:00,-0.8468746450618145
2012-02-03 04:00:00,-0.790024543995601
2012-02-03 05:00:00,0.0
2012-02-03 06:00:00,0.0
2012-02-03 07:00:00,-0.6107347940534984
2012-02-03 08:00:00,0.0
2012-02-03 09:00:00,0.0
2012-02-03 10:00:00,0.0
2012-02-03 11:00:00,0.0
2012-02-03 12:00:00,1.0460021251044145
2012-02-03 13:00:00,0.0
2012-02-03 14:00:00,0.0
2012-02-03 15:00:00,0.0
2012-02-03 16:00:00,0.0
2012-02-03 17:00:00,0.0
2012-02-03 18:00:00,0.0
2012-02-03 19:00:00,0.0
2012-02-03 20:00:00,1.847890061050678
2012-02-03 21:00:00,0.0
2012-02-03 22:00:00,0.0
2012-02-03 23:00:00,0.32294399878415603
2012-02-04 00:00:00,0.0
2012-02-04 01:00:00,0.0
2012-02-04 02:00:00,0.0
2012-02-04 03:00:00,0.0
2012-02-04 04:00:00,0.0
2012-02-04 05:00:00,-0.8817887348019414
2012-02-04 06:00:00,0.0
2012-02-04 07:00:00,0.0
2012-02-04 08:00:00,0.0
2012-02-04 09:00:00,0.000545808417883252
2012-02-04 10:00:00,0.0
2012-02-04 11:00:00,0.0
2012-02-04 12:00:00,0.0
2012-02-04 13:00:00,0.0
2012-02-04 14:00:00,0.0
2012-02-04 15:00:00,0.0
2012-02-04 16:00:00,0.0
2012-02-04 17:00:00,0.0
2012-02-04 18:00:00,0.0
2012-02-04 19:00:00,0.0
2012-02-04 20:00:00,0.0
2012-02-04 21:00:00,0.0
2012-02-04 22:00:00,0.0
2012-02-04 23:00:00,0.0
2012-02-05 00:00:00,0.0
2012-02-05 01:00:00,0.0
2012-02-05 02:00:00,-1.345416384542549
2012-02-05 03:00:00,-1.3191543470784486
2012-02-05 04:00:00,-1.2928923096143472
2012-02-05 05:00:00,-1.349742410680562
2012-02-05 06:00:00,-1.3978093677695982
2012-02-05 07:00:00,0.0
2012-02-05 08:00:00,0.0
2012-02-05 09:00:00,0.0
2012-02-05 10:00:00,0.0
2012-02-05 11:00:00,0.0
2012-02-05 12:00:00,0.0
2012-02-05 13:00:00,1.0810473065456878
2012-02-05 14:00:00,0.0
2012-02-05 15:00:00,0.0
2012-02-05 16:00:00,0.0
2012-02-05 17:00:00,0.0
2012-02-05 18:00:00,0.0
2012-02-05 19:00:00,0.0
2012-02-05 20:00:00,0.0
2012-02-05 21:00:00,0.0
2012-02-05 22:00:00,0.0
2012-02-05 23:00:00,0.0
2012-02-06 00:00:00,-1.3715910275392151
2012-02-06 01:00:00,0.0
2012-02-06 02:00:00,0.0
2012-02-06 03:00:00,0.0
2012-02-06 04:00:00,0.0
2012-02-06 05:00:00,0.0
2012-02-06 06:00:00,-1.1966710009688426
2012-02-06 07:00:00,-0.5874004712484566
2012-02-06 08:00:00,0.0
2012-02-06 09:00:00,0.26902161237700883
2012-02-06 10:00:00,0.0
2012-02-06 11:00:00,0.0
2012-02-06 12:00:00,0.0
2012-02-06 13:00:00,0.0
2012-02-06 14:00:00,0.0
2012-02-06 15:00:00,0.0
2012-02-06 16:00:00,0.0
2012-02-06 17:00:00,1.1423982226847857
2012-02-06 18:00:00,0.0
2012-02-06 19:00:00,0.0
2012-02-06 20:00:00,0.0
2012-02-06 21:00:00,0.0
2012-02-06 22:00:00,0.0
2012-02-06 23:00:00,0.0
2012-02-07 00:00:00,0.0
2012-02-07 01:00:00,0.0
2012-02-07 02:00:00,0.0
2012-02-07 03:00:00,0.0
2012-02-07 04:00:00,0.0
2012-02-07 05:00:00,0.0
2012-02-07 06:00:00,0.0
2012-02-07 07:00:00,0.0
2012-02-07 08:00:00,0.0
2012-02-07 09:00:00,0.0
2012-02-07 10:00:00,0.0
2012-02-07 11:00:00,0.0
2012-02-07 12:00:00,1.4622182762617397
2012-02-07 13:00:00,0.0
2012-02-07 14:00:00,1.1773997068923496
2012-02-07 15:00:00,1.037218981127231
2012-02-07 16:00:00,0.0
2012-02-07 17:00:00,0.0
2012-02-07 18:00:00,0.0
2012-02-07 19:00:00,0.0
2012-02-07 20:00:00,1.970548196095147
2012-02-07 21:00:00,1.4403696594030924
2012-02-07 22:00:00,0.0
2012-02-07 23:00:00,0.0
2012-02-08 00:00:00,0.0
2012-02-08 01:00:00,0.0
2012-02-08 02:00:00,0.0
2012-02-08 03:00:00,0.0
2012-02-08 04:00:00,0.0
2012-02-08 05:00:00,0.0
2012-02-08 06:00:00,0.0
2012-02-08 07:00:00,0.0
2012-02-08 08:00:00,0.0
2012-02-08 09:00:00,0.0
2012-02-08 10:00:00,0.0
2012-02-08 11:00:00,0.0
2012-02-08 12:00:00,0.0
2012-02-08 13:00:00,0.0
2012-02-08 14:00:00,0.0
2012-02-08 15:00:00,0.0
2012-02-08 16:00:00,1.1730736807543345
2012-02-08 17:00:00,0.0
2012-02-08 18:00:00,0.0
2012-02-08 19:00:00,0.0
2012-02-08 20:00:00,0.0
2012-02-08 21:00:00,0.0
2012-02-08 22:00:00,0.6253288561079048
2012-02-08 23:00:00,0.0
2012-02-09 00:00:00,0.0
2012-02-09 01:00:00,0.0
2012-02-09 02:00:00,0.0
2012-02-09 03:00:00,0.0
2012-02-09 04:00:00,0.0
2012-02-09 05:00:00,0.0
2012-02-09 06:00:00,0.0
2012-02-09 07:00:00,0.0
2012-02-09 08:00:00,0.0
2012-02-09 09:00:00,-0.09580659192877466
2012-02-09 10:00:00,0.0
2012-02-09 11:00:00,0.0
2012-02-09 12:00:00,0.0
2012-02-09 13:00:00,0.0
2012-02-09 14:00:00,0.0
2012-02-09 15:00:00,0.0
2012-02-09 16:00:00,1.0372189811272232
2012-02-09 17:00:00,0.0
2012-02-09 18:00:00,0.0
2012-02-09 19:00:00,0.0
2012-02-09 20:00:00,1.847846363816959
2012-02-09 21:00:00,0.0
2012-02-09 22:00:00,0.0
2012-02-09 23:00:00,0.0
2012-02-10 00:00:00,0.0
2012-02-10 01:00:00,-1.4109622351185063
2012-02-10 02:00:00,0.0
2012-02-10 03:00:00,0.0
2012-02-10 04:00:00,0.0
2012-02-10 05:00:00,-1.4721820595564514
2012-02-10 06:00:00,0.0
2012-02-10 07:00:00,0.0
2012-02-10 08:00:00,0.0
2012-02-10 09:00:00,0.0
2012-02-10 10:00:00,0.0
2012-02-10 11:00:00,0.0
2012-02-10 12:00:00,0.0
2012-02-10 13:00:00,0.0
2012-02-10 14:00:00,0.0
2012-02-10 15:00:00,0.0
2012-02-10 16:00:00,0.9714546443826898
2012-02-10 17:00:00,0.0
2012-02-10 18:00:00,0.0
2012-02-10 19:00:00,0.0
2012-02-10 20:00:00,0.0
2012-02-10 21:00:00,0.0
2012-02-10 22:00:00,0.0
2012-02-10 23:00:00,0.42812324034171073
2012-02-11 00:00:00,0.0
2012-02-11 01:00:00,0.0
2012-02-11 02:00:00,0.0
2012-02-11 03:00:00,0.0
2012-02-11 04:00:00,0.0
2012-02-11 05:00:00,0.0
2012-02-11 06:00:00,-1.5028138203922823
2012-02-11 07:00:00,0.0
2012-02-11 08:00:00,0.0
2012-02-11 09:00:00,0.0
2012-02-11 10:00:00,0.0
2012-02-11 11:00:00,0.0
2012-02-11 12:00:00,1.40091105735636
2012-02-11 13:00:00,0.0
2012-02-11 14:00:00,0.0
2012-02-11 15:00:00,0.0
2012-02-11 16:00:00,0.0
2012-02-11 17:00:00,0.0
2012-02-11 18:00:00,0.0
2012-02-11 19:00:00,0.0
2012-02-11 20:00:00,0.0
2012-02-11 21:00:00,1.4404133566368016
2012-02-11 22:00:00,0.0
2012-02-11 23:00:00,0.0
2012-02-12 00:00:00,0.0
2012-02-12 01:00:00,0.0
2012-02-12 02:00:00,-1.529032160622665
2012-02-12 03:00:00,0.0
2012-02-12 04:00:00,0.0
2012-02-12 05:00:00,-1.4896609530433742
2012-02-12 06:00:00,0.0
2012-02-12 07:00:00,-0.3745949430451814
2012-02-12 08:00:00,0.0
2012-02-12 09:00:00,0.0
2012-02-12 10:00:00,0.0
2012-02-12 11:00:00,0.0
2012-02-12 12:00:00,0.0
2012-02-12 13:00:00,0.0
2012-02-12 14:00:00,0.0
2012-02-12 15:00:00,0.0
2012-02-12 16:00:00,0.0
2012-02-12 17:00:00,0.0
2012-02-12 18:00:00,0.0
2012-02-12 19:00:00,0.0
2012-02-12 20:00:00,0.0
2012-02-12 21:00:00,0.0
2012-02-12 22:00:00,0.0
2012-02-12 23:00:00,0.0
2012-02-13 00:00:00,0.0
2012-02-13 01:00:00,-1.4503334426977978
2012-02-13 02:00:00,0.0
2012-02-13 03:00:00,-1.4547031660695289
2012-02-13 04:00:00,0.0
2012-02-13 05:00:00,0.0
2012-02-13 06:00:00,0.0
2012-02-13 07:00:00,0.0
2012-02-13 08:00:00,-0.6938469325838122
2012-02-13 09:00:00,0.0
2012-02-13 10:00:00,0.0
2012-02-13 11:00:00,0.0
2012-02-13 12:00:00,0.0
2012-02-13 13:00:00,0.0
2012-02-13 14:00:00,0.0
2012-02-13 15:00:00,0.0
2012-02-13 16:00:00,0.0
2012-02-13 17:00:00,0.0
2012-02-13 18:00:00,0.0
2012-02-13 19:00:00,0.0
2012-02-13 20:00:00,0.0
2012-02-13 21:00:00,1.291405789660798
2012-02-13 22:00:00,0.0
2012-02-13 23:00:00,0.0
2012-02-14 00:00:00,0.0
2012-02-14 01:00:00,0.0
2012-02-14 02:00:00,0.0
2012-02-14 03:00:00,0.0
2012-02-14 04:00:00,0.0
2012-02-14 05:00:00,0.0
2012-02-14 06:00:00,0.0
2012-02-14 07:00:00,0.0
2012-02-14 08:00:00,0.0
2012-02-14 09:00:00,-0.1222434183277438
2012-02-14 10:00:00,0.0
2012-02-14 11:00:00,0.8444267859664721
2012-02-14 12:00:00,0.0
2012-02-14 13:00:00,0.0
2012-02-14 14:00:00,0.0
2012-02-14 15:00:00,0.0
2012-02-14 16:00:00,0.0
2012-02-14 17:00:00,0.0
2012-02-14 18:00:00,0.0
2012-02-14 19:00:00,1.7426671222593975
2012-02-14 20:00:00,0.0
2012-02-14 21:00:00,0.0
2012-02-14 22:00:00,0.7479432939186643
2012-02-14 23:00:00,0.0
2012-02-15 00:00:00,0.0
2012-02-15 01:00:00,0.0
2012-02-15 02:00:00,-1.4415939959543365
2012-02-15 03:00:00,-1.4502897454640822
2012-02-15 04:00:00,0.0
2012-02-15 05:00:00,-1.45907288944126
2012-02-15 06:00:00,-1.3847438948881239
2012-02-15 07:00:00,0.0
2012-02-15 08:00:00,0.0
2012-02-15 09:00:00,0.0
2012-02-15 10:00:00,0.7172678358491232
2012-02-15 11:00:00,0.0
2012-02-15 12:00:00,0.0
2012-02-15 13:00:00,0.0
2012-02-15 14:00:00,1.050371848476131
2012-02-15 15:00:00,0.9145171488490427
2012-02-15 16:00:00,0.0
2012-02-15 17:00:00,0.0
2012-02-15 18:00:00,0.0
2012-02-15 19:00:00,0.0
2012-02-15 20:00:00,0.0
2012-02-15 21:00:00,1.497307154936739
2012-02-15 22:00:00,0.0
2012-02-15 23:00:00,-0.9415665505272148
2012-02-16 00:00:00,0.0
2012-02-16 01:00:00,0.0
2012-02-16 02:00:00,0.0
2012-02-16 03:00:00,0.0
2012-02-16 04:00:00,0.0
2012-02-16 05:00:00,0.0
2012-02-16 06:00:00,0.0
2012-02-16 07:00:00,-0.7900245439956014
2012-02-16 08:00:00,-0.6063650706817675
2012-02-16 09:00:00,0.0
2012-02-16 10:00:00,0.0
2012-02-16 11:00:00,1.041632401732674
2012-02-16 12:00:00,0.0
2012-02-16 13:00:00,0.0
2012-02-16 14:00:00,0.0
2012-02-16 15:00:00,0.0
2012-02-16 16:00:00,0.0
2012-02-16 17:00:00,0.0
2012-02-16 18:00:00,0.0
2012-02-16 19:00:00,1.6462710246790253
2012-02-16 20:00:00,0.0
2012-02-16 21:00:00,1.1642905367771519
2012-02-16 22:00:00,0.0
2012-02-16 23:00:00,0.0
2012-02-17 00:00:00,0.0
2012-02-17 01:00:00,0.0
2012-02-17 02:00:00,0.0
2012-02-17 03:00:00,0.0
2012-02-17 04:00:00,0.0
2012-02-17 05:00:00,0.0
2012-02-17 06:00:00,0.0
2012-02-17 07:00:00,0.0
2012-02-17 08:00:00,0.0
2012-02-17 09:00:00,0.0
2012-02-17 10:00:00,0.0
2012-02-17 11:00:00,1.0284358371500475
2012-02-17 12:00:00,0.0
2012-02-17 13:00:00,1.072264162568512
2012-02-17 14:00:00,0.0
2012-02-17 15:00:00,0.0
2012-02-17 16:00:00,0.0
2012-02-17 17:00:00,0.0
2012-02-17 18:00:00,0.0
2012-02-17 19:00:00,0.0
2012-02-17 20:00:00,0.0
2012-02-17 21:00:00,0.0
2012-02-17 22:00:00,0.0
2012-02-17 23:00:00,0.0
2012-02-18 00:00:00,0.0
2012-02-18 01:00:00,-1.4546594688358117
2012-02-18 02:00:00,0.0
2012-02-18 03:00:00,0.0
2012-02-18 04:00:00,-1.441593995954338
2012-02-18 05:00:00,0.0
2012-02-18 06:00:00,0.0
2012-02-18 07:00:00,0.0
2012-02-18 08:00:00,0.0
2012-02-18 09:00:00,0.0
2012-02-18 10:00:00,0.0
2012-02-18 11:00:00,0.0
2012-02-18 12:00:00,1.0504155457098647
2012-02-18 13:00:00,0.9057340048718518
2012-02-18 14:00:00,0.0
2012-02-18 15:00:00,0.0
2012-02-18 16:00:00,0.0
2012-02-18 17:00:00,1.0678944391967722
2012-02-18 18:00:00,0.0
2012-02-18 19:00:00,0.0
2012-02-18 20:00:00,1.4929374315650057
2012-02-18 21:00:00,0.0
2012-02-18 22:00:00,0.0
2012-02-18 23:00:00,0.0
2012-02-19 00:00:00,0.0
2012-02-19 01:00:00,0.0
2012-02-19 02:00:00,0.0
2012-02-19 03:00:00,0.0
2012-02-19 04:00:00,-1.4240714052336982
2012-02-19 05:00:00,-1.5115969643694602
2012-02-19 06:00:00,0.0
2012-02-19 07:00:00,-0.5655081571560868
2012-02-19 08:00:00,0.0
2012-02-19 09:00:00,0.0
2012-02-19 10:00:00,0.0
2012-02-19 11:00:00,0.9057340048718518
2012-02-19 12:00:00,0.0
2012-02-19 13:00:00,0.0
2012-02-19 14:00:00,0.8400133653610369
2012-02-19 15:00:00,0.0
2012-02-19 16:00:00,1.019652693172872
2012-02-19 17:00:00,0.0
2012-02-19 18:00:00,0.0
2012-02-19 19:00:00,0.0
2012-02-19 20:00:00,0.8794282701740508
2012-02-19 21:00:00,0.0
2012-02-19 22:00:00,0.0
2012-02-19 23:00:00,0.0
2012-02-20 00:00:00,-1.5159666877411906
2012-02-20 01:00:00,-1.4809215062999121
2012-02-20 02:00:00,0.0
2012-02-20 03:00:00,0.0
2012-02-20 04:00:00,0.0
2012-02-20 05:00:00,-1.511553267135743
2012-02-20 06:00:00,0.0
2012-02-20 07:00:00,0.0
2012-02-20 08:00:00,0.0
2012-02-20 09:00:00,0.0
2012-02-20 10:00:00,0.0
2012-02-20 11:00:00,0.0
2012-02-20 12:00:00,0.0
2012-02-20 13:00:00,0.0
2012-02-20 14:00:00,0.0
2012-02-20 15:00:00,0.0
2012-02-20 16:00:00,0.0
2012-02-20 17:00:00,0.0
2012-02-20 18:00:00,0.0
2012-02-20 19:00:00,0.0
2012-02-20 20:00:00,1.6155955666094843
2012-02-20 21:00:00,0.0
2012-02-20 22:00:00,0.0
2012-02-20 23:00:00,0.0
2012-02-21 00:00:00,-1.2972620329860791
2012-02-21 01:00:00,0.0
2012-02-21 02:00:00,-1.3847001976544067
2012-02-21 03:00:00,-1.3366332405653705
2012-02-21 04:00:00,0.0
2012-02-21 05:00:00,-1.5508807774813185
2012-02-21 06:00:00,-1.4371368781151732
2012-02-21 07:00:00,0.0
2012-02-21 08:00:00,0.0
2012-02-21 09:00:00,0.0
2012-02-21 10:00:00,0.8268168007784027
2012-02-21 11:00:00,0.7961850399425797
2012-02-21 12:00:00,0.8838416907794864
2012-02-21 13:00:00,0.0
2012-02-21 14:00:00,0.0
2012-02-21 15:00:00,0.0
2012-02-21 16:00:00,0.0
2012-02-21 17:00:00,0.0
2012-02-21 18:00:00,0.0
2012-02-21 19:00:00,0.0
2012-02-21 20:00:00,0.0
2012-02-21 21:00:00,0.0
2012-02-21 22:00:00,0.0
2012-02-21 23:00:00,-0.9984166515934297
2012-02-22 00:00:00,-1.5202490166454867
2012-02-22 01:00:00,-1.4765517829281811
2012-02-22 02:00:00,-1.5203364111129207
2012-02-22 03:00:00,0.0
2012-02-22 04:00:00,0.0
2012-02-22 05:00:00,0.0
2012-02-22 06:00:00,-1.3322198199599236
2012-02-22 07:00:00,0.0
2012-02-22 08:00:00,0.0
2012-02-22 09:00:00,-0.008106243858144686
2012-02-22 10:00:00,0.0
2012-02-22 11:00:00,0.0
2012-02-22 12:00:00,0.0
2012-02-22 13:00:00,0.0
2012-02-22 14:00:00,0.0
2012-02-22 15:00:00,0.0
2012-02-22 16:00:00,0.0
2012-02-22 17:00:00,0.0
2012-02-22 18:00:00,1.0810036093119697
2012-02-22 19:00:00,1.0941564766608776
2012-02-22 20:00:00,0.0
2012-02-22 21:00:00,0.0
2012-02-22 22:00:00,0.0
2012-02-22 23:00:00,-0.6922738321699892
2012-02-23 00:00:00,0.0
2012-02-23 01:00:00,0.0
2012-02-23 02:00:00,0.0
2012-02-23 03:00:00,-1.4284848258391456
2012-02-23 04:00:00,0.0
2012-02-23 05:00:00,0.0
2012-02-23 06:00:00,-1.1485603466460907
2012-02-23 07:00:00,0.0
2012-02-23 08:00:00,0.0
2012-02-23 09:00:00,0.0
2012-02-23 10:00:00,0.0
2012-02-23 11:00:00,0.0
2012-02-23 12:00:00,0.9933906557087737
2012-02-23 13:00:00,0.0
2012-02-23 14:00:00,0.0
2012-02-23 15:00:00,0.0
2012-02-23 16:00:00,0.0
2012-02-23 17:00:00,0.0
2012-02-23 18:00:00,0.0
2012-02-23 19:00:00,0.0
2012-02-23 20:00:00,1.624378710586659
2012-02-23 21:00:00,0.0
2012-02-23 22:00:00,0.0
2012-02-23 23:00:00,0.0
2012-02-24 00:00:00,0.0
2012-02-24 01:00:00,0.0
2012-02-24 02:00:00,0.0
2012-02-24 03:00:00,0.0
2012-02-24 04:00:00,-1.4502897454640813
2012-02-24 05:00:00,0.0
2012-02-24 06:00:00,0.0
2012-02-24 07:00:00,0.0
2012-02-24 08:00:00,0.0
2012-02-24 09:00:00,0.18573468491181966
2012-02-24 10:00:00,0.0
2012-02-24 11:00:00,0.0
2012-02-24 12:00:00,0.0
2012-02-24 13:00:00,0.0
2012-02-24 14:00:00,0.0
2012-02-24 15:00:00,0.0
2012-02-24 16:00:00,0.0
2012-02-24 17:00:00,0.0
2012-02-24 18:00:00,0.0
2012-02-24 19:00:00,0.0
2012-02-24 20:00:00,0.0
2012-02-24 21:00:00,1.3746490198922534
2012-02-24 22:00:00,0.5288890612938228
2012-02-24 23:00:00,0.0
2012-02-25 00:00:00,0.0
2012-02-25 01:00:00,0.0
2012-02-25 02:00:00,0.0
2012-02-25 03:00:00,0.0
2012-02-25 04:00:00,0.0
2012-02-25 05:00:00,0.0
2012-02-25 06:00:00,0.0
2012-02-25 07:00:00,0.0
2012-02-25 08:00:00,0.0
2012-02-25 09:00:00,0.0
2012-02-25 10:00:00,0.7479869911523898
2012-02-25 11:00:00,0.0
2012-02-25 12:00:00,0.0
2012-02-25 13:00:00,0.0
2012-02-25 14:00:00,0.9977603790805064
2012-02-25 15:00:00,0.0
2012-02-25 16:00:00,0.0
2012-02-25 17:00:00,0.0
2012-02-25 18:00:00,1.2519034903803554
2012-02-25 19:00:00,0.0
2012-02-25 20:00:00,0.0
2012-02-25 21:00:00,0.0
2012-02-25 22:00:00,0.0
2012-02-25 23:00:00,0.0
2012-02-26 00:00:00,0.0
2012-02-26 01:00:00,0.0
2012-02-26 02:00:00,0.0
2012-02-26 03:00:00,-1.4678123361847213
2012-02-26 04:00:00,0.0
2012-02-26 05:00:00,-1.4765517829281827
2012-02-26 06:00:00,-1.5159229905074738
2012-02-26 07:00:00,0.0
2012-02-26 08:00:00,0.0
2012-02-26 09:00:00,0.0
2012-02-26 10:00:00,0.0
2012-02-26 11:00:00,0.0
2012-02-26 12:00:00,0.0
2012-02-26 13:00:00,0.0
2012-02-26 14:00:00,1.181769430264074
2012-02-26 15:00:00,0.0
2012-02-26 16:00:00,0.0
2012-02-26 17:00:00,1.0635247158250476
2012-02-26 18:00:00,0.0
2012-02-26 19:00:00,1.431542818192183
2012-02-26 20:00:00,0.0
2012-02-26 21:00:00,0.5551947959916391
2012-02-26 22:00:00,0.0
2012-02-26 23:00:00,0.0
2012-02-27 00:00:00,0.0
2012-02-27 01:00:00,0.0
2012-02-27 02:00:00,-1.5378153045998435
2012-02-27 03:00:00,0.0
2012-02-27 04:00:00,0.0
2012-02-27 05:00:00,0.0
2012-02-27 06:00:00,-1.5684033682019578
2012-02-27 07:00:00,0.0
2012-02-27 08:00:00,0.0
2012-02-27 09:00:00,-0.23607471216132336
2012-02-27 10:00:00,0.0
2012-02-27 11:00:00,0.4105569523873594
2012-02-27 12:00:00,0.0
2012-02-27 13:00:00,0.0
2012-02-27 14:00:00,0.0
2012-02-27 15:00:00,0.0
2012-02-27 16:00:00,0.0
2012-02-27 17:00:00,0.0
2012-02-27 18:00:00,0.7436172677806497
2012-02-27 19:00:00,0.0
2012-02-27 20:00:00,0.0
2012-02-27 21:00:00,0.0
2012-02-27 22:00:00,0.0
2012-02-27 23:00:00,-0.9503496945043935
2012-02-28 00:00:00,0.0
2012-02-28 01:00:00,-1.5027701231585648
2012-02-28 02:00:00,0.0
2012-02-28 03:00:00,0.0
2012-02-28 04:00:00,0.0
2012-02-28 05:00:00,0.0
2012-02-28 06:00:00,-1.515879293273756
2012-02-28 07:00:00,0.0
2012-02-28 08:00:00,0.0
2012-02-28 09:00:00,0.009197860693912057
2012-02-28 10:00:00,0.0
2012-02-28 11:00:00,0.0
2012-02-28 12:00:00,0.0
2012-02-28 13:00:00,0.0
2012-02-28 14:00:00,0.0
2012-02-28 15:00:00,0.0
2012-02-28 16:00:00,0.6822663516415597
2012-02-28 17:00:00,0.0
2012-02-28 18:00:00,0.0
2012-02-28 19:00:00,1.0590675979858861
2012-02-28 20:00:00,1.4754148408443657
2012-02-28 21:00:00,0.0
2012-02-28 22:00:00,0.42807954310800045
2012-02-28 23:00:00,0.0
2012-02-29 00:00:00,0.0
2012-02-29 01:00:00,0.0
2012-02-29 02:00:00,0.0
2012-02-29 03:00:00,0.0
2012-02-29 04:00:00,0.0
2012-02-29 05:00:00,0.0
2012-02-29 06:00:00,0.0
2012-02-29 07:00:00,0.0
2012-02-29 08:00:00,-0.5188832087797226
2012-02-29 09:00:00,0.0
2012-02-29 10:00:00,0.42812324034171073
2012-02-29 11:00:00,0.0
2012-02-29 12:00:00,0.0
2012-02-29 13:00:00,1.1336150787076031
2012-02-29 14:00:00,0.0
2012-02-29 15:00:00,0.0
2012-02-29 16:00:00,0.0
2012-02-29 17:00:00,0.0
2012-02-29 18:00:00,0.0
2012-02-29 19:00:00,0.0
2012-02-29 20:00:00,0.0
2012-02-29 21:00:00,0.0
2012-02-29 22:00:00,0.0
2012-02-29 23:00:00,0.0
2012-03-01 00:00:00,0.0
2012-03-01 01:00:00,0.0
2012-03-01 02:00:00,0.0
2012-03-01 03:00:00,-1.5202927138792042
2012-03-01 04:00:00,0.0
2012-03-01 05:00:00,0.0
2012-03-01 06:00:00,0.0
2012-03-01 07:00:00,0.0
2012-03-01 08:00:00,0.0
2012-03-01 09:00:00,0.0
2012-03-01 10:00:00,0.0
2012-03-01 11:00:00,0.6077188709198432
2012-03-01 12:00:00,0.0
2012-03-01 13:00:00,0.0
2012-03-01 14:00:00,0.0
2012-03-01 15:00:00,0.6866360750132924
2012-03-01 16:00:00,0.0
2012-03-01 17:00:00,0.0
2012-03-01 18:00:00,0.0
2012-03-01 19:00:00,0.0
2012-03-01 20:00:00,0.0
2012-03-01 21:00:00,0.0
2012-03-01 22:00:00,0.3798814943178105
2012-03-01 23:00:00,0.0
2012-03-02 00:00:00,0.0
2012-03-02 01:00:00,0.0
2012-03-02 02:00:00,0.0
2012-03-02 03:00:00,-1.4284848258391456
2012-03-02 04:00:00,-1.3803304742826756
2012-03-02 05:00:00,0.0
2012-03-02 06:00:00,0.0
2012-03-02 07:00:00,0.0
2012-03-02 08:00:00,0.0
2012-03-02 09:00:00,-0.052153055445187946
2012-03-02 10:00:00,0.0
2012-03-02 11:00:00,0.0
2012-03-02 12:00:00,0.0
2012-03-02 13:00:00,0.0
2012-03-02 14:00:00,0.7611398585012985
2012-03-02 15:00:00,0.8312302213838535
2012-03-02 16:00:00,0.0
2012-03-02 17:00:00,0.848752812104494
2012-03-02 18:00:00,0.0
2012-03-02 19:00:00,0.0
2012-03-02 20:00:00,1.5323960336117313
2012-03-02 21:00:00,0.0
2012-03-02 22:00:00,0.9407791863131335
2012-03-02 23:00:00,0.0
2012-03-03 00:00:00,0.0
2012-03-03 01:00:00,0.0
2012-03-03 02:00:00,0.0
2012-03-03 03:00:00,0.0
2012-03-03 04:00:00,0.0
2012-03-03 05:00:00,0.0
2012-03-03 06:00:00,0.0
2012-03-03 07:00:00,0.0
2012-03-03 08:00:00,0.0
2012-03-03 09:00:00,0.0
2012-03-03 10:00:00,0.0
2012-03-03 11:00:00,0.0
2012-03-03 12:00:00,0.0
2012-03-03 13:00:00,0.0
2012-03-03 14:00:00,0.0
2012-03-03 15:00:00,0.6910494956187431
2012-03-03 16:00:00,0.0
2012-03-03 17:00:00,0.0
2012-03-03 18:00:00,0.0
2012-03-03 19:00:00,0.0
2012-03-03 20:00:00,0.0
2012-03-03 21:00:00,0.0
2012-03-03 22:00:00,0.0
2012-03-03 23:00:00,0.48947415648080855
2012-03-04 00:00:00,0.0
2012-03-04 01:00:00,0.0
2012-03-04 02:00:00,0.0
2012-03-04 03:00:00,0.0
2012-03-04 04:00:00,0.0
2012-03-04 05:00:00,-1.4065925117467755
2012-03-04 06:00:00,-1.2841528628708874
2012-03-04 07:00:00,0.0
2012-03-04 08:00:00,0.0
2012-03-04 09:00:00,0.0
2012-03-04 10:00:00,0.0
2012-03-04 11:00:00,0.9364531601751188
2012-03-04 12:00:00,0.0
2012-03-04 13:00:00,0.0
2012-03-04 14:00:00,0.9057340048718518
2012-03-04 15:00:00,0.0
2012-03-04 16:00:00,0.9802377883598581
2012-03-04 17:00:00,0.0
2012-03-04 18:00:00,0.0
2012-03-04 19:00:00,1.0941564766608707
2012-03-04 20:00:00,0.866275402825135
2012-03-04 21:00:00,0.0
2012-03-04 22:00:00,0.0
2012-03-04 23:00:00,0.0
2012-03-05 00:00:00,0.0
2012-03-05 01:00:00,0.0
2012-03-05 02:00:00,-1.406548814513059
2012-03-05 03:00:00,0.0
2012-03-05 04:00:00,-1.389069921026137
2012-03-05 05:00:00,-1.4721383623227342
2012-03-05 06:00:00,-1.107790827587844
2012-03-05 07:00:00,0.0
2012-03-05 08:00:00,0.0
2012-03-05 09:00:00,0.07194708831196077
2012-03-05 10:00:00,0.6647000636872084
2012-03-05 11:00:00,0.0
2012-03-05 12:00:00,0.0
2012-03-05 13:00:00,0.0
2012-03-05 14:00:00,0.0
2012-03-05 15:00:00,0.0
2012-03-05 16:00:00,0.0
2012-03-05 17:00:00,0.8794282701740357
2012-03-05 18:00:00,0.8224907746403959
2012-03-05 19:00:00,1.0591112952195887
2012-03-05 20:00:00,1.589377226379096
2012-03-05 21:00:00,1.3044712625422696
2012-03-05 22:00:00,0.5070404444351598
2012-03-05 23:00:00,0.0
2012-03-06 00:00:00,-1.406548814513059
2012-03-06 01:00:00,0.0
2012-03-06 02:00:00,-1.3453726873088319
2012-03-06 03:00:00,0.0
2012-03-06 04:00:00,-1.310414900334988
2012-03-06 05:00:00,-1.3584818574240227
2012-03-06 06:00:00,0.0
2012-03-06 07:00:00,0.0
2012-03-06 08:00:00,-0.4620768049472258
2012-03-06 09:00:00,0.0
2012-03-06 10:00:00,0.0
2012-03-06 11:00:00,0.0
2012-03-06 12:00:00,0.0
2012-03-06 13:00:00,0.0
2012-03-06 14:00:00,0.0
2012-03-06 15:00:00,0.0
2012-03-06 16:00:00,0.7918590138045655
2012-03-06 17:00:00,0.0
2012-03-06 18:00:00,0.9013642815001269
2012-03-06 19:00:00,0.0
2012-03-06 20:00:00,0.0
2012-03-06 21:00:00,0.0
2012-03-06 22:00:00,0.0
2012-03-06 23:00:00,0.0
2012-03-07 00:00:00,0.0
2012-03-07 01:00:00,0.0
2012-03-07 02:00:00,0.0
2012-03-07 03:00:00,0.0
2012-03-07 04:00:00,0.0
2012-03-07 05:00:00,0.0
2012-03-07 06:00:00,0.0
2012-03-07 07:00:00,0.0
2012-03-07 08:00:00,0.0
2012-03-07 09:00:00,0.0
2012-03-07 10:00:00,0.0
2012-03-07 11:00:00,0.0
2012-03-07 12:00:00,0.0
2012-03-07 13:00:00,0.0
2012-03-07 14:00:00,0.8311865241501354
2012-03-07 15:00:00,0.8137513278969309
2012-03-07 16:00:00,0.866275402825135
2012-03-07 17:00:00,0.0
2012-03-07 18:00:00,0.0
2012-03-07 19:00:00,1.24316404363689
2012-03-07 20:00:00,0.0
2012-03-07 21:00:00,1.2081188621956087
2012-03-07 22:00:00,0.0
2012-03-07 23:00:00,0.0
2012-03-08 00:00:00,0.0
2012-03-08 01:00:00,0.0
2012-03-08 02:00:00,0.0
2012-03-08 03:00:00,0.0
2012-03-08 04:00:00,0.0
2012-03-08 05:00:00,-1.4240714052336987
2012-03-08 06:00:00,0.0
2012-03-08 07:00:00,-0.4489676348320342
2012-03-08 08:00:00,0.0
2012-03-08 09:00:00,0.0
2012-03-08 10:00:00,0.0
2012-03-08 11:00:00,0.0
2012-03-08 12:00:00,0.848752812104494
2012-03-08 13:00:00,0.0
2012-03-08 14:00:00,0.0
2012-03-08 15:00:00,0.0
2012-03-08 16:00:00,0.0
2012-03-08 17:00:00,0.0
2012-03-08 18:00:00,0.0
2012-03-08 19:00:00,0.0
2012-03-08 20:00:00,0.0
2012-03-08 21:00:00,0.0
2012-03-08 22:00:00,0.0
2012-03-08 23:00:00,0.0
2012-03-09 00:00:00,0.0
2012-03-09 01:00:00,0.0
2012-03-09 02:00:00,0.0
2012-03-09 03:00:00,0.0
2012-03-09 04:00:00,0.0
2012-03-09 05:00:00,0.0
2012-03-09 06:00:00,0.0
2012-03-09 07:00:00,0.0
2012-03-09 08:00:00,0.0
2012-03-09 09:00:00,0.0
2012-03-09 10:00:00,0.3141608548069804
2012-03-09 11:00:00,0.0
2012-03-09 12:00:00,0.0
2012-03-09 13:00:00,0.0
2012-03-09 14:00:00,0.0
2012-03-09 15:00:00,0.7698793052447561
2012-03-09 16:00:00,1.054741571847872
2012-03-09 17:00:00,1.0722641625685052
2012-03-09 18:00:00,0.0
2012-03-09 19:00:00,0.0
2012-03-09 20:00:00,0.0
2012-03-09 21:00:00,0.0
2012-03-09 22:00:00,0.5902399774329207
2012-03-09 23:00:00,0.0
2012-03-10 00:00:00,0.0
2012-03-10 01:00:00,0.0
2012-03-10 02:00:00,0.0
2012-03-10 03:00:00,0.0
2012-03-10 04:00:00,0.0
2012-03-10 05:00:00,0.0
2012-03-10 06:00:00,0.0
2012-03-10 07:00:00,0.0
2012-03-10 08:00:00,0.0
2012-03-10 09:00:00,0.0
2012-03-10 10:00:00,0.5201496145503575
2012-03-10 11:00:00,0.0
2012-03-10 12:00:00,1.072264162568512
2012-03-10 13:00:00,0.0
2012-03-10 14:00:00,0.0
2012-03-10 15:00:00,0.0
2012-03-10 16:00:00,0.0
2012-03-10 17:00:00,0.0
2012-03-10 18:00:00,0.0
2012-03-10 19:00:00,0.0
2012-03-10 20:00:00,0.0
2012-03-10 21:00:00,0.0
2012-03-10 22:00:00,0.0
2012-03-10 23:00:00,0.467538145154725
2012-03-11 00:00:00,0.0
2012-03-11 01:00:00,0.0
2012-03-11 02:00:00,0.0
2012-03-11 03:00:00,0.0
2012-03-11 04:00:00,0.0
2012-03-11 05:00:00,0.0
2012-03-11 06:00:00,0.0
2012-03-11 07:00:00,0.0
2012-03-11 08:00:00,0.0
2012-03-11 09:00:00,0.0
2012-03-11 10:00:00,0.0
2012-03-11 11:00:00,0.0
2012-03-11 12:00:00,0.0
2012-03-11 13:00:00,0.0
2012-03-11 14:00:00,0.0
2012-03-11 15:00:00,0.0
2012-03-11 16:00:00,0.0
2012-03-11 17:00:00,0.0
2012-03-11 18:00:00,1.1029833178717792
2012-03-11 19:00:00,0.0
2012-03-11 20:00:00,0.0
2012-03-11 21:00:00,0.0
2012-03-11 22:00:00,0.0
2012-03-11 23:00:00,-0.8978693168099097
2012-03-12 00:00:00,0.0
2012-03-12 01:00:00,0.0
2012-03-12 02:00:00,0.0
2012-03-12 03:00:00,0.0
2012-03-12 04:00:00,-1.389069921026137
2012-03-12 05:00:00,0.0
2012-03-12 06:00:00,-1.3278500965881928
2012-03-12 07:00:00,0.0
2012-03-12 08:00:00,0.0
2012-03-12 09:00:00,0.0
2012-03-12 10:00:00,0.0
2012-03-12 11:00:00,0.0
2012-03-12 12:00:00,0.0
2012-03-12 13:00:00,0.0
2012-03-12 14:00:00,0.0
2012-03-12 15:00:00,0.0
2012-03-12 16:00:00,0.0
2012-03-12 17:00:00,0.9714983416164005
2012-03-12 18:00:00,0.0
2012-03-12 19:00:00,0.0
2012-03-12 20:00:00,1.4359999360313591
2012-03-12 21:00:00,0.0
2012-03-12 22:00:00,0.0
2012-03-12 23:00:00,0.0
2012-03-13 00:00:00,0.0
2012-03-13 01:00:00,0.0
2012-03-13 02:00:00,0.0
2012-03-13 03:00:00,0.0
2012-03-13 04:00:00,0.0
2012-03-13 05:00:00,0.0
2012-03-13 06:00:00,-1.297305730219796
2012-03-13 07:00:00,0.0
2012-03-13 08:00:00,0.0
2012-03-13 09:00:00,-0.05661017328435157
2012-03-13 10:00:00,0.0
2012-03-13 11:00:00,0.0
2012-03-13 12:00:00,0.0
2012-03-13 13:00:00,0.0
2012-03-13 14:00:00,0.0
2012-03-13 15:00:00,0.0
2012-03-13 16:00:00,0.7392038471752145
2012-03-13 17:00:00,0.0
2012-03-13 18:00:00,0.8312739186175716
2012-03-13 19:00:00,0.0
2012-03-13 20:00:00,0.0
2012-03-13 21:00:00,0.0
2012-03-13 22:00:00,0.6296985794796452
2012-03-13 23:00:00,0.0
2012-03-14 00:00:00,0.0
2012-03-14 01:00:00,0.0
2012-03-14 02:00:00,0.0
2012-03-14 03:00:00,0.0
2012-03-14 04:00:00,0.0
2012-03-14 05:00:00,0.0
2012-03-14 06:00:00,0.0
2012-03-14 07:00:00,0.0
2012-03-14 08:00:00,0.0
2012-03-14 09:00:00,-0.030304438586536638
2012-03-14 10:00:00,0.0
2012-03-14 11:00:00,0.6822226544078493
2012-03-14 12:00:00,0.0
2012-03-14 13:00:00,0.0
2012-03-14 14:00:00,0.0
2012-03-14 15:00:00,0.7874455931991143
2012-03-14 16:00:00,0.0
2012-03-14 17:00:00,0.0
2012-03-14 18:00:00,0.0
2012-03-14 19:00:00,0.0
2012-03-14 20:00:00,1.6594238920279334
2012-03-14 21:00:00,0.0
2012-03-14 22:00:00,0.0
2012-03-14 23:00:00,0.0
2012-03-15 00:00:00,-1.4328108519771594
2012-03-15 01:00:00,0.0
2012-03-15 02:00:00,0.0
2012-03-15 03:00:00,0.0
2012-03-15 04:00:00,0.0
2012-03-15 05:00:00,0.0
2012-03-15 06:00:00,0.0
2012-03-15 07:00:00,0.0
2012-03-15 08:00:00,0.0
2012-03-15 09:00:00,0.0
2012-03-15 10:00:00,0.0
2012-03-15 11:00:00,0.0
2012-03-15 12:00:00,0.0
2012-03-15 13:00:00,0.8487965093382122
2012-03-15 14:00:00,0.8093379072914876
2012-03-15 15:00:00,0.0
2012-03-15 16:00:00,0.0
2012-03-15 17:00:00,0.0
2012-03-15 18:00:00,0.8400133653610369
2012-03-15 19:00:00,1.17744340412606
2012-03-15 20:00:00,0.0
2012-03-15 21:00:00,0.0
2012-03-15 22:00:00,0.48943045924709827
2012-03-15 23:00:00,-0.8583233202957454
2012-03-16 00:00:00,0.0
2012-03-16 01:00:00,0.0
2012-03-16 02:00:00,0.0
2012-03-16 03:00:00,0.0
2012-03-16 04:00:00,0.0
2012-03-16 05:00:00,0.0
2012-03-16 06:00:00,0.0
2012-03-16 07:00:00,-0.16755744969258848
2012-03-16 08:00:00,0.0
2012-03-16 09:00:00,0.0
2012-03-16 10:00:00,0.0
2012-03-16 11:00:00,0.0
2012-03-16 12:00:00,0.0
2012-03-16 13:00:00,0.8356873392230223
2012-03-16 14:00:00,0.0
2012-03-16 15:00:00,0.0
2012-03-16 16:00:00,0.6997889423622007
2012-03-16 17:00:00,0.0
2012-03-16 18:00:00,0.0
2012-03-16 19:00:00,0.0
2012-03-16 20:00:00,0.0
2012-03-16 21:00:00,0.0
2012-03-16 22:00:00,0.0
2012-03-16 23:00:00,0.4281232403417111
2012-03-17 00:00:00,-0.9415228532934976
2012-03-17 01:00:00,0.0
2012-03-17 02:00:00,0.0
2012-03-17 03:00:00,0.0
2012-03-17 04:00:00,0.0
2012-03-17 05:00:00,0.0
2012-03-17 06:00:00,0.0
2012-03-17 07:00:00,0.0
2012-03-17 08:00:00,0.0
2012-03-17 09:00:00,0.0
2012-03-17 10:00:00,0.0
2012-03-17 11:00:00,0.0
2012-03-17 12:00:00,0.0
2012-03-17 13:00:00,0.0
2012-03-17 14:00:00,0.8312302213838462
2012-03-17 15:00:00,0.0
2012-03-17 16:00:00,0.7524004117578331
2012-03-17 17:00:00,0.0
2012-03-17 18:00:00,0.0
2012-03-17 19:00:00,0.0
2012-03-17 20:00:00,0.0
2012-03-17 21:00:00,1.0634810185913366
2012-03-17 22:00:00,0.0
2012-03-17 23:00:00,0.0
2012-03-18 00:00:00,0.0
2012-03-18 01:00:00,0.0
2012-03-18 02:00:00,0.0
2012-03-18 03:00:00,-1.4765517829281827
2012-03-18 04:00:00,0.0
2012-03-18 05:00:00,0.0
2012-03-18 06:00:00,0.0
2012-03-18 07:00:00,0.0
2012-03-18 08:00:00,0.0
2012-03-18 09:00:00,0.0
2012-03-18 10:00:00,0.0
2012-03-18 11:00:00,0.0
2012-03-18 12:00:00,0.0
2012-03-18 13:00:00,0.0
2012-03-18 14:00:00,0.0
2012-03-18 15:00:00,0.0
2012-03-18 16:00:00,0.7742490286164884
2012-03-18 17:00:00,0.0
2012-03-18 18:00:00,0.0
2012-03-18 19:00:00,0.0
2012-03-18 20:00:00,0.0
2012-03-18 21:00:00,0.0
2012-03-18 22:00:00,0.0
2012-03-18 23:00:00,0.0
2012-03-19 00:00:00,0.0
2012-03-19 01:00:00,0.0
2012-03-19 02:00:00,0.0
2012-03-19 03:00:00,0.0
2012-03-19 04:00:00,0.0
2012-03-19 05:00:00,-1.459072889441259
2012-03-19 06:00:00,-1.2316724851764045
2012-03-19 07:00:00,-0.49266486854933905
2012-03-19 08:00:00,-0.6632151717479814
2012-03-19 09:00:00,0.0
2012-03-19 10:00:00,0.0
2012-03-19 11:00:00,0.3667286269689026
2012-03-19 12:00:00,0.0
2012-03-19 13:00:00,0.0
2012-03-19 14:00:00,0.0
2012-03-19 15:00:00,0.0
2012-03-19 16:00:00,0.0
2012-03-19 17:00:00,0.5464553492481742
2012-03-19 18:00:00,0.0
2012-03-19 19:00:00,0.0
2012-03-19 20:00:00,0.9933906557087664
2012-03-19 21:00:00,0.9364094629414008
2012-03-19 22:00:00,0.0
2012-03-19 23:00:00,-0.7490802360024867
2012-03-20 00:00:00,0.0
2012-03-20 01:00:00,-1.4153319584902375
2012-03-20 02:00:00,-1.4415066014869042
2012-03-20 03:00:00,0.0
2012-03-20 04:00:00,0.0
2012-03-20 05:00:00,0.0
2012-03-20 06:00:00,0.0
2012-03-20 07:00:00,-0.6806940652349031
2012-03-20 08:00:00,0.0
2012-03-20 09:00:00,0.0
2012-03-20 10:00:00,0.0
2012-03-20 11:00:00,0.24839651806244048
2012-03-20 12:00:00,0.0
2012-03-20 13:00:00,0.4894304592470905
2012-03-20 14:00:00,0.0
2012-03-20 15:00:00,0.4324929637134434
2012-03-20 16:00:00,0.0
2012-03-20 17:00:00,0.0
2012-03-20 18:00:00,0.0
2012-03-20 19:00:00,0.7042023629676436
2012-03-20 20:00:00,0.0
2012-03-20 21:00:00,0.0
2012-03-20 22:00:00,0.0
2012-03-20 23:00:00,0.0
2012-03-21 00:00:00,-1.432767154743442
2012-03-21 01:00:00,0.0
2012-03-21 02:00:00,0.0
2012-03-21 03:00:00,0.0
2012-03-21 04:00:00,0.0
2012-03-21 05:00:00,-1.5202927138792042
2012-03-21 06:00:00,0.0
2012-03-21 07:00:00,0.0
2012-03-21 08:00:00,0.0
2012-03-21 09:00:00,0.0
2012-03-21 10:00:00,0.0
2012-03-21 11:00:00,0.0
2012-03-21 12:00:00,0.0
2012-03-21 13:00:00,0.4806910125036329
2012-03-21 14:00:00,0.0
2012-03-21 15:00:00,0.0
2012-03-21 16:00:00,0.0
2012-03-21 17:00:00,0.0
2012-03-21 18:00:00,0.0
2012-03-21 19:00:00,0.0
2012-03-21 20:00:00,0.0
2012-03-21 21:00:00,0.0
2012-03-21 22:00:00,0.0
2012-03-21 23:00:00,0.0
2012-03-22 00:00:00,-1.349742410680562
2012-03-22 01:00:00,0.0
2012-03-22 02:00:00,0.0
2012-03-22 03:00:00,0.0
2012-03-22 04:00:00,0.0
2012-03-22 05:00:00,0.0
2012-03-22 06:00:00,0.0
2012-03-22 07:00:00,0.0
2012-03-22 08:00:00,0.0
2012-03-22 09:00:00,0.0
2012-03-22 10:00:00,0.0
2012-03-22 11:00:00,0.0
2012-03-22 12:00:00,0.0
2012-03-22 13:00:00,0.0
2012-03-22 14:00:00,0.0
2012-03-22 15:00:00,0.0
2012-03-22 16:00:00,0.0
2012-03-22 17:00:00,0.6822226544078416
2012-03-22 18:00:00,0.0
2012-03-22 19:00:00,0.0
2012-03-22 20:00:00,0.0
2012-03-22 21:00:00,0.0
2012-03-22 22:00:00,0.0
2012-03-22 23:00:00,0.0
2012-03-23 00:00:00,0.0
2012-03-23 01:00:00,0.0
2012-03-23 02:00:00,0.0
2012-03-23 03:00:00,0.0
2012-03-23 04:00:00,-1.3628515807957535
2012-03-23 05:00:00,0.0
2012-03-23 06:00:00,0.0
2012-03-23 07:00:00,0.0
2012-03-23 08:00:00,0.0
2012-03-23 09:00:00,-0.33085401209415854
2012-03-23 10:00:00,0.0
2012-03-23 11:00:00,0.0
2012-03-23 12:00:00,0.0
2012-03-23 13:00:00,0.0
2012-03-23 14:00:00,0.0
2012-03-23 15:00:00,0.0
2012-03-23 16:00:00,0.0
2012-03-23 17:00:00,0.0
2012-03-23 18:00:00,0.8093379072914803
2012-03-23 19:00:00,0.0
2012-03-23 20:00:00,0.0
2012-03-23 21:00:00,1.1073093440097863
2012-03-23 22:00:00,0.6209154355024618
2012-03-23 23:00:00,0.0
2012-03-24 00:00:00,0.0
2012-03-24 01:00:00,0.0
2012-03-24 02:00:00,0.0
2012-03-24 03:00:00,0.0
2012-03-24 04:00:00,0.0
2012-03-24 05:00:00,0.0
2012-03-24 06:00:00,0.0
2012-03-24 07:00:00,0.0
2012-03-24 08:00:00,0.0
2012-03-24 09:00:00,0.0
2012-03-24 10:00:00,0.0
2012-03-24 11:00:00,0.0
2012-03-24 12:00:00,0.0
2012-03-24 13:00:00,0.0
2012-03-24 14:00:00,0.0
2012-03-24 15:00:00,0.0
2012-03-24 16:00:00,0.0
2012-03-24 17:00:00,0.0
2012-03-24 18:00:00,0.0
2012-03-24 19:00:00,0.0
2012-03-24 20:00:00,0.0
2012-03-24 21:00:00,0.0
2012-03-24 22:00:00,0.0
2012-03-24 23:00:00,0.5333024818992658
2012-03-25 00:00:00,-0.6092490881071101
2012-03-25 01:00:00,0.0
2012-03-25 02:00:00,0.0
2012-03-25 03:00:00,0.0
2012-03-25 04:00:00,0.0
2012-03-25 05:00:00,0.0
2012-03-25 06:00:00,0.0
2012-03-25 07:00:00,0.0
2012-03-25 08:00:00,-0.5058177358982482
2012-03-25 09:00:00,0.0
2012-03-25 10:00:00,0.0
2012-03-25 11:00:00,0.0
2012-03-25 12:00:00,0.0
2012-03-25 13:00:00,0.0
2012-03-25 14:00:00,0.0
2012-03-25 15:00:00,0.0
2012-03-25 16:00:00,0.0
2012-03-25 17:00:00,0.0
2012-03-25 18:00:00,0.0
2012-03-25 19:00:00,0.0
2012-03-25 20:00:00,0.0
2012-03-25 21:00:00,0.0
2012-03-25 22:00:00,0.0
2012-03-25 23:00:00,-0.6179011403831358
2012-03-26 00:00:00,0.0
2012-03-26 01:00:00,0.0
2012-03-26 02:00:00,0.0
2012-03-26 03:00:00,-1.389069921026137
2012-03-26 04:00:00,0.0
2012-03-26 05:00:00,0.0
2012-03-26 06:00:00,0.0
2012-03-26 07:00:00,0.0
2012-03-26 08:00:00,0.0
2012-03-26 09:00:00,0.0
2012-03-26 10:00:00,0.0
2012-03-26 11:00:00,0.0
2012-03-26 12:00:00,0.4149703729928106
2012-03-26 13:00:00,0.0
2012-03-26 14:00:00,0.0
2012-03-26 15:00:00,0.5113664705731819
2012-03-26 16:00:00,0.0
2012-03-26 17:00:00,0.0
2012-03-26 18:00:00,0.0
2012-03-26 19:00:00,0.664743760920919
2012-03-26 20:00:00,0.0
2012-03-26 21:00:00,0.5902399774329129
2012-03-26 22:00:00,0.0
2012-03-26 23:00:00,0.0
2012-03-27 00:00:00,-0.8731366825259148
2012-03-27 01:00:00,0.0
2012-03-27 02:00:00,-0.8512443684335455
2012-03-27 03:00:00,-1.406548814513059
2012-03-27 04:00:00,0.0
2012-03-27 05:00:00,0.0
2012-03-27 06:00:00,0.0
2012-03-27 07:00:00,0.0
2012-03-27 08:00:00,0.0
2012-03-27 09:00:00,0.0
2012-03-27 10:00:00,0.0
2012-03-27 11:00:00,0.0
2012-03-27 12:00:00,0.0
2012-03-27 13:00:00,0.0
2012-03-27 14:00:00,0.5508250726199064
2012-03-27 15:00:00,0.0
2012-03-27 16:00:00,0.0
2012-03-27 17:00:00,0.0
2012-03-27 18:00:00,0.0
2012-03-27 19:00:00,0.0
2012-03-27 20:00:00,0.0
2012-03-27 21:00:00,0.0
2012-03-27 22:00:00,0.26596280601679134
2012-03-27 23:00:00,0.0
2012-03-28 00:00:00,0.0
2012-03-28 01:00:00,-1.3147846237067176
2012-03-28 02:00:00,0.0
2012-03-28 03:00:00,0.0
2012-03-28 04:00:00,0.0
2012-03-28 05:00:00,0.0
2012-03-28 06:00:00,0.0
2012-03-28 07:00:00,0.0
2012-03-28 08:00:00,-0.5582544163590145
2012-03-28 09:00:00,0.0
2012-03-28 10:00:00,0.0
2012-03-28 11:00:00,0.0
2012-03-28 12:00:00,0.0
2012-03-28 13:00:00,0.0
2012-03-28 14:00:00,0.0
2012-03-28 15:00:00,0.0
2012-03-28 16:00:00,0.0
2012-03-28 17:00:00,0.0
2012-03-28 18:00:00,0.0
2012-03-28 19:00:00,0.0
2012-03-28 20:00:00,0.0
2012-03-28 21:00:00,0.0
2012-03-28 22:00:00,0.23970076855268582
2012-03-28 23:00:00,0.0
2012-03-29 00:00:00,-1.1354511765308983
2012-03-29 01:00:00,0.0
2012-03-29 02:00:00,0.0
2012-03-29 03:00:00,0.0
2012-03-29 04:00:00,0.0
2012-03-29 05:00:00,0.0
2012-03-29 06:00:00,-0.663215171747981
2012-03-29 07:00:00,0.0
2012-03-29 08:00:00,0.0
2012-03-29 09:00:00,0.0
2012-03-29 10:00:00,0.3186179726461401
2012-03-29 11:00:00,0.0
2012-03-29 12:00:00,0.467538145154725
2012-03-29 13:00:00,0.0
2012-03-29 14:00:00,0.0
2012-03-29 15:00:00,0.0
2012-03-29 16:00:00,0.0
2012-03-29 17:00:00,0.0
2012-03-29 18:00:00,0.0
2012-03-29 19:00:00,0.0
2012-03-29 20:00:00,0.0
2012-03-29 21:00:00,0.0
2012-03-29 22:00:00,0.0
2012-03-29 23:00:00,-0.6486202956864024
2012-03-30 00:00:00,0.0
2012-03-30 01:00:00,0.0
2012-03-30 02:00:00,0.0
2012-03-30 03:00:00,0.0
2012-03-30 04:00:00,0.0
2012-03-30 05:00:00,0.0
2012-03-30 06:00:00,0.0
2012-03-30 07:00:00,0.0
2012-03-30 08:00:00,0.0
2012-03-30 09:00:00,0.0
2012-03-30 10:00:00,0.0
2012-03-30 11:00:00,0.0
2012-03-30 12:00:00,0.48943045924709827
2012-03-30 13:00:00,0.0
2012-03-30 14:00:00,0.0
2012-03-30 15:00:00,0.0
2012-03-30 16:00:00,0.0
2012-03-30 17:00:00,0.0
2012-03-30 18:00:00,0.0
2012-03-30 19:00:00,0.0
2012-03-30 20:00:00,0.0
2012-03-30 21:00:00,1.0152829698011396
2012-03-30 22:00:00,0.0
2012-03-30 23:00:00,0.0
2012-03-31 00:00:00,0.0
2012-03-31 01:00:00,0.0
2012-03-31 02:00:00,0.0
2012-03-31 03:00:00,0.0
2012-03-31 04:00:00,0.0
2012-03-31 05:00:00,-1.3410029639371015
2012-03-31 06:00:00,0.0
2012-03-31 07:00:00,0.0
2012-03-31 08:00:00,-0.7375441663011171
2012-03-31 09:00:00,0.0
2012-03-31 10:00:00,0.0
2012-03-31 11:00:00,0.0
2012-03-31 12:00:00,0.0
2012-03-31 13:00:00,0.0
2012-03-31 14:00:00,0.0
2012-03-31 15:00:00,0.0
2012-03-31 16:00:00,0.0
2012-03-31 17:00:00,0.6953755217567499
2012-03-31 18:00:00,0.791859013804565
2012-03-31 19:00:00,0.0
2012-03-31 20:00:00,0.0
2012-03-31 21:00:00,0.0
2012-03-31 22:00:00,0.0
2012-03-31 23:00:00,0.0
2012-04-01 00:00:00,0.0
2012-04-01 01:00:00,0.0
2012-04-01 02:00:00,0.0
2012-04-01 03:00:00,-1.1485603466460899
2012-04-01 04:00:00,-1.1660392401330117
2012-04-01 05:00:00,0.0
2012-04-01 06:00:00,0.0
2012-04-01 07:00:00,0.0
2012-04-01 08:00:00,0.0
2012-04-01 09:00:00,0.0
2012-04-01 10:00:00,0.0
2012-04-01 11:00:00,0.6384817234568131
2012-04-01 12:00:00,0.6603740375491863
2012-04-01 13:00:00,0.0
2012-04-01 14:00:00,0.0
2012-04-01 15:00:00,0.6647437609209265
2012-04-01 16:00:00,0.0
2012-04-01 17:00:00,0.0
2012-04-01 18:00:00,0.0
2012-04-01 19:00:00,0.0
2012-04-01 20:00:00,0.0
2012-04-01 21:00:00,0.0
2012-04-01 22:00:00,0.0
2012-04-01 23:00:00,0.0
2012-04-02 00:00:00,0.0
2012-04-02 01:00:00,0.0
2012-04-02 02:00:00,0.0
2012-04-02 03:00:00,-1.3410029639371015
2012-04-02 04:00:00,0.0
2012-04-02 05:00:00,0.0
2012-04-02 06:00:00,0.0
2012-04-02 07:00:00,0.0
2012-04-02 08:00:00,0.0
2012-04-02 09:00:00,0.0
2012-04-02 10:00:00,0.0
2012-04-02 11:00:00,0.0
2012-04-02 12:00:00,0.49816990599056366
2012-04-02 13:00:00,0.5946533980383636
2012-04-02 14:00:00,0.0
2012-04-02 15:00:00,0.0
2012-04-02 16:00:00,0.0
2012-04-02 17:00:00,0.0
2012-04-02 18:00:00,0.0
2012-04-02 19:00:00,0.0
2012-04-02 20:00:00,0.0
2012-04-02 21:00:00,0.0
2012-04-02 22:00:00,0.0
2012-04-02 23:00:00,0.0
2012-04-03 00:00:00,-1.3191543470784493
2012-04-03 01:00:00,0.0
2012-04-03 02:00:00,0.0
2012-04-03 03:00:00,0.0
2012-04-03 04:00:00,0.0
2012-04-03 05:00:00,0.0
2012-04-03 06:00:00,0.0
2012-04-03 07:00:00,0.0
2012-04-03 08:00:00,0.0
2012-04-03 09:00:00,0.0
2012-04-03 10:00:00,0.0
2012-04-03 11:00:00,0.42812324034171073
2012-04-03 12:00:00,0.0
2012-04-03 13:00:00,0.0
2012-04-03 14:00:00,0.0
2012-04-03 15:00:00,0.0
2012-04-03 16:00:00,0.0
2012-04-03 17:00:00,0.0
2012-04-03 18:00:00,0.0
2012-04-03 19:00:00,0.0
2012-04-03 20:00:00,0.0
2012-04-03 21:00:00,0.0
2012-04-03 22:00:00,0.0
2012-04-03 23:00:00,0.0
2012-04-04 00:00:00,0.0
2012-04-04 01:00:00,-1.1747786868764734
2012-04-04 02:00:00,0.0
2012-04-04 03:00:00,-1.1354511765308983
2012-04-04 04:00:00,0.0
2012-04-04 05:00:00,0.0
2012-04-04 06:00:00,-1.1442343205080767
2012-04-04 07:00:00,0.0
2012-04-04 08:00:00,-0.5495149696155535
2012-04-04 09:00:00,0.0
2012-04-04 10:00:00,0.0
2012-04-04 11:00:00,0.0
2012-04-04 12:00:00,0.0
2012-04-04 13:00:00,0.0
2012-04-04 14:00:00,0.0
2012-04-04 15:00:00,0.0
2012-04-04 16:00:00,0.0
2012-04-04 17:00:00,0.0
2012-04-04 18:00:00,0.0
2012-04-04 19:00:00,0.0
2012-04-04 20:00:00,0.0
2012-04-04 21:00:00,0.0
2012-04-04 22:00:00,0.0
2012-04-04 23:00:00,0.0
2012-04-05 00:00:00,0.0
2012-04-05 01:00:00,0.0
2012-04-05 02:00:00,0.0
2012-04-05 03:00:00,0.0
2012-04-05 04:00:00,0.0
2012-04-05 05:00:00,0.0
2012-04-05 06:00:00,0.0
2012-04-05 07:00:00,-0.6223582582223007
2012-04-05 08:00:00,0.0
2012-04-05 09:00:00,0.0
2012-04-05 10:00:00,0.0
2012-04-05 11:00:00,0.0
2012-04-05 12:00:00,0.0
2012-04-05 13:00:00,0.5814568334557373
2012-04-05 14:00:00,0.0
2012-04-05 15:00:00,0.0
2012-04-05 16:00:00,0.0
2012-04-05 17:00:00,0.0
2012-04-05 18:00:00,0.0
2012-04-05 19:00:00,0.0
2012-04-05 20:00:00,0.0
2012-04-05 21:00:00,0.6121322915252861
2012-04-05 22:00:00,0.0
2012-04-05 23:00:00,0.0
2012-04-06 00:00:00,-0.8599838151770061
2012-04-06 01:00:00,0.0
2012-04-06 02:00:00,0.0
2012-04-06 03:00:00,-1.4109185378847897
2012-04-06 04:00:00,0.0
2012-04-06 05:00:00,0.0
2012-04-06 06:00:00,0.0
2012-04-06 07:00:00,0.0
2012-04-06 08:00:00,0.0
2012-04-06 09:00:00,0.0
2012-04-06 10:00:00,0.0
2012-04-06 11:00:00,0.0
2012-04-06 12:00:00,0.0
2012-04-06 13:00:00,0.0
2012-04-06 14:00:00,0.0
2012-04-06 15:00:00,0.0
2012-04-06 16:00:00,0.585870254061188
2012-04-06 17:00:00,0.0
2012-04-06 18:00:00,0.0
2012-04-06 19:00:00,0.0
2012-04-06 20:00:00,0.0
2012-04-06 21:00:00,0.0
2012-04-06 22:00:00,0.0
2012-04-06 23:00:00,0.0
2012-04-07 00:00:00,0.0
2012-04-07 01:00:00,0.0
2012-04-07 02:00:00,-1.3541121340522924
2012-04-07 03:00:00,-1.3453726873088319
2012-04-07 04:00:00,0.0
2012-04-07 05:00:00,0.0
2012-04-07 06:00:00,0.0
2012-04-07 07:00:00,0.0
2012-04-07 08:00:00,0.0
2012-04-07 09:00:00,-0.2053992540917753
2012-04-07 10:00:00,0.0
2012-04-07 11:00:00,0.0
2012-04-07 12:00:00,0.0
2012-04-07 13:00:00,0.0
2012-04-07 14:00:00,0.0
2012-04-07 15:00:00,0.0
2012-04-07 16:00:00,0.0
2012-04-07 17:00:00,0.0
2012-04-07 18:00:00,0.0
2012-04-07 19:00:00,0.0
2012-04-07 20:00:00,0.0
2012-04-07 21:00:00,0.0
2012-04-07 22:00:00,0.22654790120377835
2012-04-07 23:00:00,0.0
2012-04-08 00:00:00,0.0
2012-04-08 01:00:00,-1.4459637193260684
2012-04-08 02:00:00,0.0
2012-04-08 03:00:00,0.0
2012-04-08 04:00:00,0.0
2012-04-08 05:00:00,0.0
2012-04-08 06:00:00,0.0
2012-04-08 07:00:00,0.0
2012-04-08 08:00:00,0.0
2012-04-08 09:00:00,-0.3337380295195003
2012-04-08 10:00:00,0.0
2012-04-08 11:00:00,0.0
2012-04-08 12:00:00,0.10681748081836578
2012-04-08 13:00:00,0.0
2012-04-08 14:00:00,0.1608272616929621
2012-04-08 15:00:00,0.24411418915813873
2012-04-08 16:00:00,0.0
2012-04-08 17:00:00,0.0
2012-04-08 18:00:00,0.1870892991570568
2012-04-08 19:00:00,0.0
2012-04-08 20:00:00,0.0
2012-04-08 21:00:00,0.0
2012-04-08 22:00:00,0.0
2012-04-08 23:00:00,0.0
2012-04-09 00:00:00,0.0
2012-04-09 01:00:00,0.0
2012-04-09 02:00:00,-1.4196579846282513
2012-04-09 03:00:00,0.0
2012-04-09 04:00:00,0.0
2012-04-09 05:00:00,0.0
2012-04-09 06:00:00,0.0
2012-04-09 07:00:00,0.0
2012-04-09 08:00:00,0.0
2012-04-09 09:00:00,0.0
2012-04-09 10:00:00,0.0
2012-04-09 11:00:00,0.0
2012-04-09 12:00:00,0.0
2012-04-09 13:00:00,0.6910494956187353
2012-04-09 14:00:00,0.0
2012-04-09 15:00:00,0.0
2012-04-09 16:00:00,0.6034365420155393
2012-04-09 17:00:00,0.0
2012-04-09 18:00:00,0.0
2012-04-09 19:00:00,0.0
2012-04-09 20:00:00,0.0
2012-04-09 21:00:00,0.0
2012-04-09 22:00:00,0.12136865964622845
2012-04-09 23:00:00,0.0
2012-04-10 00:00:00,0.0
2012-04-10 01:00:00,0.0
2012-04-10 02:00:00,0.0
2012-04-10 03:00:00,0.0
2012-04-10 04:00:00,0.0
2012-04-10 05:00:00,-1.1966710009688417
2012-04-10 06:00:00,0.0
2012-04-10 07:00:00,0.0
2012-04-10 08:00:00,0.0
2012-04-10 09:00:00,0.0
2012-04-10 10:00:00,0.0
2012-04-10 11:00:00,0.5858265568274778
2012-04-10 12:00:00,0.0
2012-04-10 13:00:00,0.5639342427350966
2012-04-10 14:00:00,0.8268604980121286
2012-04-10 15:00:00,0.5595645193633718
2012-04-10 16:00:00,0.5114101678068925
2012-04-10 17:00:00,0.0
2012-04-10 18:00:00,0.0
2012-04-10 19:00:00,0.0
2012-04-10 20:00:00,0.0
2012-04-10 21:00:00,0.0
2012-04-10 22:00:00,0.0
2012-04-10 23:00:00,-0.9212473368486684
2012-04-11 00:00:00,0.0
2012-04-11 01:00:00,-1.402222788375045
2012-04-11 02:00:00,0.0
2012-04-11 03:00:00,-1.389069921026137
2012-04-11 04:00:00,0.0
2012-04-11 05:00:00,0.0
2012-04-11 06:00:00,0.0
2012-04-11 07:00:00,0.0
2012-04-11 08:00:00,0.0
2012-04-11 09:00:00,0.0
2012-04-11 10:00:00,0.0
2012-04-11 11:00:00,0.0
2012-04-11 12:00:00,0.0
2012-04-11 13:00:00,0.0
2012-04-11 14:00:00,0.0
2012-04-11 15:00:00,0.0
2012-04-11 16:00:00,0.5726736894785616
2012-04-11 17:00:00,0.0
2012-04-11 18:00:00,0.0
2012-04-11 19:00:00,0.0
2012-04-11 20:00:00,0.0
2012-04-11 21:00:00,0.5771308073177274
2012-04-11 22:00:00,0.0
2012-04-11 23:00:00,0.0
2012-04-12 00:00:00,0.0
2012-04-12 01:00:00,0.0
2012-04-12 02:00:00,0.0
2012-04-12 03:00:00,0.0
2012-04-12 04:00:00,0.0
2012-04-12 05:00:00,0.0
2012-04-12 06:00:00,0.0
2012-04-12 07:00:00,-0.5189269060134389
2012-04-12 08:00:00,0.0
2012-04-12 09:00:00,0.0
2012-04-12 10:00:00,0.0
2012-04-12 11:00:00,0.0
2012-04-12 12:00:00,0.6428077495948429
2012-04-12 13:00:00,0.0
2012-04-12 14:00:00,0.4456458310623517
2012-04-12 15:00:00,0.0
2012-04-12 16:00:00,0.0
2012-04-12 17:00:00,0.0
2012-04-12 18:00:00,0.0
2012-04-12 19:00:00,0.0
2012-04-12 20:00:00,0.0
2012-04-12 21:00:00,0.0
2012-04-12 22:00:00,0.0
2012-04-12 23:00:00,0.0
2012-04-13 00:00:00,0.0
2012-04-13 01:00:00,0.0
2012-04-13 02:00:00,0.0
2012-04-13 03:00:00,-1.3497424106805629
2012-04-13 04:00:00,0.0
2012-04-13 05:00:00,0.0
2012-04-13 06:00:00,0.0
2012-04-13 07:00:00,0.0
2012-04-13 08:00:00,0.0
2012-04-13 09:00:00,0.0
2012-04-13 10:00:00,0.0
2012-04-13 11:00:00,0.6559169197100249
2012-04-13 12:00:00,0.0
2012-04-13 13:00:00,0.0
2012-04-13 14:00:00,0.0
2012-04-13 15:00:00,0.5595645193633718
2012-04-13 16:00:00,0.5114101678068925
2012-04-13 17:00:00,0.0
2012-04-13 18:00:00,0.0
2012-04-13 19:00:00,0.9276700161979587
2012-04-13 20:00:00,0.0
2012-04-13 21:00:00,0.0
2012-04-13 22:00:00,0.0
2012-04-13 23:00:00,0.0
2012-04-14 00:00:00,0.0
2012-04-14 01:00:00,0.0
2012-04-14 02:00:00,-1.3934396443978674
2012-04-14 03:00:00,0.0
2012-04-14 04:00:00,0.0
2012-04-14 05:00:00,0.0
2012-04-14 06:00:00,0.0
2012-04-14 07:00:00,0.0
2012-04-14 08:00:00,0.0
2012-04-14 09:00:00,0.0
2012-04-14 10:00:00,0.0
2012-04-14 11:00:00,0.0
2012-04-14 12:00:00,0.0
2012-04-14 13:00:00,0.0
2012-04-14 14:00:00,0.0
2012-04-14 15:00:00,0.555151098757921
2012-04-14 16:00:00,0.0
2012-04-14 17:00:00,0.0
2012-04-14 18:00:00,0.0
2012-04-14 19:00:00,0.0
2012-04-14 20:00:00,0.0
2012-04-14 21:00:00,0.0
2012-04-14 22:00:00,0.0
2012-04-14 23:00:00,0.0
2012-04-15 00:00:00,0.0
2012-04-15 01:00:00,0.0
2012-04-15 02:00:00,-1.4371805753488907
2012-04-15 03:00:00,0.0
2012-04-15 04:00:00,0.0
2012-04-15 05:00:00,-1.4197016818619679
2012-04-15 06:00:00,0.0
2012-04-15 07:00:00,0.0
2012-04-15 08:00:00,0.0
2012-04-15 09:00:00,0.0
2012-04-15 10:00:00,0.467538145154725
2012-04-15 11:00:00,0.46316842178299233
2012-04-15 12:00:00,0.0
2012-04-15 13:00:00,0.0
2012-04-15 14:00:00,0.0
2012-04-15 15:00:00,0.0
2012-04-15 16:00:00,0.6033928447818285
2012-04-15 17:00:00,0.0
2012-04-15 18:00:00,0.0
2012-04-15 19:00:00,0.0
2012-04-15 20:00:00,0.0
2012-04-15 21:00:00,0.0
2012-04-15 22:00:00,0.0
2012-04-15 23:00:00,0.0
2012-04-16 00:00:00,0.0
2012-04-16 01:00:00,0.0
2012-04-16 02:00:00,0.0
2012-04-16 03:00:00,0.0
2012-04-16 04:00:00,0.0
2012-04-16 05:00:00,-1.284196560104604
2012-04-16 06:00:00,0.0
2012-04-16 07:00:00,0.0
2012-04-16 08:00:00,0.0
2012-04-16 09:00:00,0.0
2012-04-16 10:00:00,0.0
2012-04-16 11:00:00,0.0
2012-04-16 12:00:00,0.0
2012-04-16 13:00:00,0.0
2012-04-16 14:00:00,0.0
2012-04-16 15:00:00,0.0
2012-04-16 16:00:00,0.0
2012-04-16 17:00:00,0.0
2012-04-16 18:00:00,0.0
2012-04-16 19:00:00,0.0
2012-04-16 20:00:00,0.0
2012-04-16 21:00:00,0.4280795431079957
2012-04-16 22:00:00,0.0
2012-04-16 23:00:00,0.0
2012-04-17 00:00:00,0.0
2012-04-17 01:00:00,0.0
2012-04-17 02:00:00,0.0
2012-04-17 03:00:00,0.0
2012-04-17 04:00:00,0.0
2012-04-17 05:00:00,-1.4415939959543371
2012-04-17 06:00:00,0.0
2012-04-17 07:00:00,0.0
2012-04-17 08:00:00,0.0
2012-04-17 09:00:00,0.0
2012-04-17 10:00:00,0.31420455204069936
2012-04-17 11:00:00,0.0
2012-04-17 12:00:00,0.353619456853705
2012-04-17 13:00:00,0.0
2012-04-17 14:00:00,0.0
2012-04-17 15:00:00,0.485060735875366
2012-04-17 16:00:00,0.7216812564545739
2012-04-17 17:00:00,0.0
2012-04-17 18:00:00,0.0
2012-04-17 19:00:00,0.6428077495948429
2012-04-17 20:00:00,0.5639779399688147
2012-04-17 21:00:00,0.0
2012-04-17 22:00:00,-0.020297772065271127
2012-04-17 23:00:00,0.0
2012-04-18 00:00:00,0.0
2012-04-18 01:00:00,0.0
2012-04-18 02:00:00,0.0
2012-04-18 03:00:00,0.0
2012-04-18 04:00:00,0.0
2012-04-18 05:00:00,-1.2885662834763352
2012-04-18 06:00:00,0.0
2012-04-18 07:00:00,0.0
2012-04-18 08:00:00,0.0
2012-04-18 09:00:00,0.0
2012-04-18 10:00:00,0.0
2012-04-18 11:00:00,0.0
2012-04-18 12:00:00,0.0
2012-04-18 13:00:00,0.47632128913190064
2012-04-18 14:00:00,0.46316842178299233
2012-04-18 15:00:00,0.0
2012-04-18 16:00:00,0.0
2012-04-18 17:00:00,0.0
2012-04-18 18:00:00,0.467538145154725
2012-04-18 19:00:00,0.5245193379220828
2012-04-18 20:00:00,0.0
2012-04-18 21:00:00,0.0
2012-04-18 22:00:00,0.0
2012-04-18 23:00:00,0.0
2012-04-19 00:00:00,-1.1923012775971122
2012-04-19 01:00:00,-1.244781655291596
2012-04-19 02:00:00,0.0
2012-04-19 03:00:00,0.0
2012-04-19 04:00:00,0.0
2012-04-19 05:00:00,0.0
2012-04-19 06:00:00,0.0
2012-04-19 07:00:00,0.0
2012-04-19 08:00:00,0.0
2012-04-19 09:00:00,0.0
2012-04-19 10:00:00,0.3404665895047975
2012-04-19 11:00:00,0.0
2012-04-19 12:00:00,0.0
2012-04-19 13:00:00,0.0
2012-04-19 14:00:00,0.0
2012-04-19 15:00:00,0.0
2012-04-19 16:00:00,0.0
2012-04-19 17:00:00,0.0
2012-04-19 18:00:00,0.5946097008046456
2012-04-19 19:00:00,0.0
2012-04-19 20:00:00,0.0
2012-04-19 21:00:00,0.0
2012-04-19 22:00:00,0.0
2012-04-19 23:00:00,-1.013011527655009
2012-04-20 00:00:00,0.0
2012-04-20 01:00:00,0.0
2012-04-20 02:00:00,0.0
2012-04-20 03:00:00,0.0
2012-04-20 04:00:00,-1.3847438948881239
2012-04-20 05:00:00,0.0
2012-04-20 06:00:00,0.0
2012-04-20 07:00:00,-0.47802629525404194
2012-04-20 08:00:00,0.0
2012-04-20 09:00:00,0.0
2012-04-20 10:00:00,0.0
2012-04-20 11:00:00,0.0
2012-04-20 12:00:00,0.0
2012-04-20 13:00:00,0.6778966282698348
2012-04-20 14:00:00,0.5507813753861883
2012-04-20 15:00:00,0.0
2012-04-20 16:00:00,0.0
2012-04-20 17:00:00,0.0
2012-04-20 18:00:00,0.0
2012-04-20 19:00:00,0.0
2012-04-20 20:00:00,0.0
2012-04-20 21:00:00,0.6252851588741997
2012-04-20 22:00:00,0.16078356445924188
2012-04-20 23:00:00,0.0
2012-04-21 00:00:00,0.0
2012-04-21 01:00:00,0.0
2012-04-21 02:00:00,0.0
2012-04-21 03:00:00,-1.3147846237067182
2012-04-21 04:00:00,-1.3628515807957535
2012-04-21 05:00:00,0.0
2012-04-21 06:00:00,-1.1704963579721768
2012-04-21 07:00:00,-0.3687395137270626
2012-04-21 08:00:00,0.0
2012-04-21 09:00:00,0.0
2012-04-21 10:00:00,0.0
2012-04-21 11:00:00,0.0
2012-04-21 12:00:00,0.0
2012-04-21 13:00:00,0.0
2012-04-21 14:00:00,0.0
2012-04-21 15:00:00,0.0
2012-04-21 16:00:00,0.0
2012-04-21 17:00:00,0.0
2012-04-21 18:00:00,0.9013642815001344
2012-04-21 19:00:00,0.940822883546859
2012-04-21 20:00:00,0.0
2012-04-21 21:00:00,0.0
2012-04-21 22:00:00,0.0
2012-04-21 23:00:00,0.0
2012-04-22 00:00:00,0.0
2012-04-22 01:00:00,0.0
2012-04-22 02:00:00,0.0
2012-04-22 03:00:00,0.0
2012-04-22 04:00:00,-1.393439644397868
2012-04-22 05:00:00,-1.3191543470784486
2012-04-22 06:00:00,0.0
2012-04-22 07:00:00,-0.3409480730828563
2012-04-22 08:00:00,0.0
2012-04-22 09:00:00,0.0
2012-04-22 10:00:00,0.5069967472014504
2012-04-22 11:00:00,0.0
2012-04-22 12:00:00,0.0
2012-04-22 13:00:00,0.5332587846655551
2012-04-22 14:00:00,0.0
2012-04-22 15:00:00,0.0
2012-04-22 16:00:00,0.0
2012-04-22 17:00:00,0.0
2012-04-22 18:00:00,0.7523567145241229
2012-04-22 19:00:00,0.0
2012-04-22 20:00:00,0.0
2012-04-22 21:00:00,0.0
2012-04-22 22:00:00,0.10821579229732357
2012-04-22 23:00:00,-0.9911629107963568
2012-04-23 00:00:00,0.0
2012-04-23 01:00:00,-1.4371805753488898
2012-04-23 02:00:00,0.0
2012-04-23 03:00:00,-1.3803304742826756
2012-04-23 04:00:00,0.0
2012-04-23 05:00:00,-1.2841965601046046
2012-04-23 06:00:00,0.0
2012-04-23 07:00:00,0.0
2012-04-23 08:00:00,0.0
2012-04-23 09:00:00,0.0
2012-04-23 10:00:00,0.0
2012-04-23 11:00:00,0.41492667575909253
2012-04-23 12:00:00,0.0
2012-04-23 13:00:00,0.0
2012-04-23 14:00:00,0.0
2012-04-23 15:00:00,0.0
2012-04-23 16:00:00,0.0
2012-04-23 17:00:00,0.0
2012-04-23 18:00:00,0.0
2012-04-23 19:00:00,0.0
2012-04-23 20:00:00,0.0
2012-04-23 21:00:00,0.0
2012-04-23 22:00:00,0.0
2012-04-23 23:00:00,0.0
2012-04-24 00:00:00,-1.3803304742826756
2012-04-24 01:00:00,0.0
2012-04-24 02:00:00,0.0
2012-04-24 03:00:00,0.0
2012-04-24 04:00:00,0.0
2012-04-24 05:00:00,0.0
2012-04-24 06:00:00,0.0
2012-04-24 07:00:00,0.0
2012-04-24 08:00:00,0.0
2012-04-24 09:00:00,0.0
2012-04-24 10:00:00,0.0
2012-04-24 11:00:00,0.0
2012-04-24 12:00:00,0.0
2012-04-24 13:00:00,0.4807347097373436
2012-04-24 14:00:00,0.0
2012-04-24 15:00:00,0.0
2012-04-24 16:00:00,0.0
2012-04-24 17:00:00,0.0
2012-04-24 18:00:00,0.0
2012-04-24 19:00:00,0.5946533980383636
2012-04-24 20:00:00,0.0
2012-04-24 21:00:00,0.0
2012-04-24 22:00:00,0.0
2012-04-24 23:00:00,0.0
2012-04-25 00:00:00,0.0
2012-04-25 01:00:00,-1.3847001976544067
2012-04-25 02:00:00,-1.2666739693839657
2012-04-25 03:00:00,0.0
2012-04-25 04:00:00,0.0
2012-04-25 05:00:00,0.0
2012-04-25 06:00:00,-1.3672650014012013
2012-04-25 07:00:00,0.0
2012-04-25 08:00:00,-0.36585549630172126
2012-04-25 09:00:00,0.0
2012-04-25 10:00:00,0.0
2012-04-25 11:00:00,0.0
2012-04-25 12:00:00,0.0
2012-04-25 13:00:00,0.6209154355024696
2012-04-25 14:00:00,0.0
2012-04-25 15:00:00,0.7436172677806575
2012-04-25 16:00:00,0.0
2012-04-25 17:00:00,0.0
2012-04-25 18:00:00,0.0
2012-04-25 19:00:00,0.0
2012-04-25 20:00:00,0.0
2012-04-25 21:00:00,0.0
2012-04-25 22:00:00,0.0
2012-04-25 23:00:00,0.0
2012-04-26 00:00:00,0.0
2012-04-26 01:00:00,-1.4196579846282504
2012-04-26 02:00:00,0.0
2012-04-26 03:00:00,0.0
2012-04-26 04:00:00,0.0
2012-04-26 05:00:00,0.0
2012-04-26 06:00:00,0.0
2012-04-26 07:00:00,0.0
2012-04-26 08:00:00,0.0
2012-04-26 09:00:00,0.0
2012-04-26 10:00:00,0.0
2012-04-26 11:00:00,0.40186120287761257
2012-04-26 12:00:00,0.0
2012-04-26 13:00:00,0.0
2012-04-26 14:00:00,0.0
2012-04-26 15:00:00,0.0
2012-04-26 16:00:00,0.0
2012-04-26 17:00:00,0.0
2012-04-26 18:00:00,0.48947415648080855
2012-04-26 19:00:00,0.450015554434084
2012-04-26 20:00:00,0.0
2012-04-26 21:00:00,0.0
2012-04-26 22:00:00,0.0
2012-04-26 23:00:00,0.0
2012-04-27 00:00:00,0.0
2012-04-27 01:00:00,0.0
2012-04-27 02:00:00,-1.323524070450179
2012-04-27 03:00:00,0.0
2012-04-27 04:00:00,0.0
2012-04-27 05:00:00,-1.3978530650033147
2012-04-27 06:00:00,0.0
2012-04-27 07:00:00,0.0
2012-04-27 08:00:00,-0.40085698050928176
2012-04-27 09:00:00,0.0
2012-04-27 10:00:00,0.20465558711141416
2012-04-27 11:00:00,0.6603740375491942
2012-04-27 12:00:00,0.0
2012-04-27 13:00:00,0.7392038471752145
2012-04-27 14:00:00,0.0
2012-04-27 15:00:00,0.0
2012-04-27 16:00:00,0.0
2012-04-27 17:00:00,0.0
2012-04-27 18:00:00,0.0
2012-04-27 19:00:00,0.0
2012-04-27 20:00:00,0.0
2012-04-27 21:00:00,0.0
2012-04-27 22:00:00,0.0
2012-04-27 23:00:00,0.0
2012-04-28 00:00:00,0.0
2012-04-28 01:00:00,-1.4109622351185065
2012-04-28 02:00:00,-1.336589543331653
2012-04-28 03:00:00,0.0
2012-04-28 04:00:00,-1.3978093677695982
2012-04-28 05:00:00,0.0
2012-04-28 06:00:00,0.0
2012-04-28 07:00:00,0.0
2012-04-28 08:00:00,-0.46649022555267355
2012-04-28 09:00:00,-0.26788629830752425
2012-04-28 10:00:00,0.0
2012-04-28 11:00:00,0.0
2012-04-28 12:00:00,0.0
2012-04-28 13:00:00,0.0
2012-04-28 14:00:00,0.0
2012-04-28 15:00:00,0.6910057983850246
2012-04-28 16:00:00,0.0
2012-04-28 17:00:00,0.0
2012-04-28 18:00:00,0.0
2012-04-28 19:00:00,0.6603303403154761
2012-04-28 20:00:00,0.0
2012-04-28 21:00:00,0.5508250726199064
2012-04-28 22:00:00,0.0
2012-04-28 23:00:00,-0.03340694218046226
2012-04-29 00:00:00,0.0
2012-04-29 01:00:00,0.0
2012-04-29 02:00:00,0.0
2012-04-29 03:00:00,0.0
2012-04-29 04:00:00,0.0
2012-04-29 05:00:00,-1.345372687308832
2012-04-29 06:00:00,0.0
2012-04-29 07:00:00,0.0
2012-04-29 08:00:00,-0.49270856578305666
2012-04-29 09:00:00,-0.23594362046017134
2012-04-29 10:00:00,0.0
2012-04-29 11:00:00,0.0
2012-04-29 12:00:00,0.0
2012-04-29 13:00:00,0.0
2012-04-29 14:00:00,0.5420856258764415
2012-04-29 15:00:00,0.4149703729928028
2012-04-29 16:00:00,0.0
2012-04-29 17:00:00,0.47632128913190064
2012-04-29 18:00:00,0.6428514468285531
2012-04-29 19:00:00,0.0
2012-04-29 20:00:00,0.0
2012-04-29 21:00:00,0.0
2012-04-29 22:00:00,0.08929489009773342
2012-04-29 23:00:00,0.0
2012-04-30 00:00:00,0.0
2012-04-30 01:00:00,-1.4153319584902375
2012-04-30 02:00:00,0.0
2012-04-30 03:00:00,0.0
2012-04-30 04:00:00,0.0
2012-04-30 05:00:00,0.0
2012-04-30 06:00:00,0.0
2012-04-30 07:00:00,0.0
2012-04-30 08:00:00,0.0
2012-04-30 09:00:00,0.0
2012-04-30 10:00:00,0.0
2012-04-30 11:00:00,0.0
2012-04-30 12:00:00,0.0
2012-04-30 13:00:00,0.0
2012-04-30 14:00:00,0.0
2012-04-30 15:00:00,0.0
2012-04-30 16:00:00,0.0
2012-04-30 17:00:00,0.0
2012-04-30 18:00:00,0.0
2012-04-30 19:00:00,0.0
2012-04-30 20:00:00,0.0
2012-04-30 21:00:00,0.0
2012-04-30 22:00:00,0.0
2012-04-30 23:00:00,0.0
2012-05-01 00:00:00,0.0
2012-05-01 01:00:00,0.0
2012-05-01 02:00:00,0.0
2012-05-01 03:00:00,0.0
2012-05-01 04:00:00,0.0
2012-05-01 05:00:00,0.0
2012-05-01 06:00:00,-1.2535211020350567
2012-05-01 07:00:00,0.0
2012-05-01 08:00:00,0.0
2012-05-01 09:00:00,0.0
2012-05-01 10:00:00,0.0
2012-05-01 11:00:00,0.0
2012-05-01 12:00:00,0.0
2012-05-01 13:00:00,0.0
2012-05-01 14:00:00,0.0
2012-05-01 15:00:00,0.0
2012-05-01 16:00:00,0.0
2012-05-01 17:00:00,0.0
2012-05-01 18:00:00,0.0
2012-05-01 19:00:00,0.9627588948729502
2012-05-01 20:00:00,0.0
2012-05-01 21:00:00,0.0
2012-05-01 22:00:00,0.0
2012-05-01 23:00:00,0.0
2012-05-02 00:00:00,0.0
2012-05-02 01:00:00,0.0
2012-05-02 02:00:00,0.0
2012-05-02 03:00:00,0.0
2012-05-02 04:00:00,0.0
2012-05-02 05:00:00,-1.3584818574240227
2012-05-02 06:00:00,0.0
2012-05-02 07:00:00,0.0
2012-05-02 08:00:00,0.0
2012-05-02 09:00:00,0.0
2012-05-02 10:00:00,0.0
2012-05-02 11:00:00,0.0
2012-05-02 12:00:00,0.0
2012-05-02 13:00:00,0.0
2012-05-02 14:00:00,0.0
2012-05-02 15:00:00,0.0
2012-05-02 16:00:00,0.0
2012-05-02 17:00:00,0.0
2012-05-02 18:00:00,0.0
2012-05-02 19:00:00,0.0
2012-05-02 20:00:00,0.0
2012-05-02 21:00:00,0.0
2012-05-02 22:00:00,0.08199745206694045
2012-05-02 23:00:00,0.0
2012-05-03 00:00:00,0.0
2012-05-03 01:00:00,0.0
2012-05-03 02:00:00,0.0
2012-05-03 03:00:00,0.0
2012-05-03 04:00:00,0.0
2012-05-03 05:00:00,0.0
2012-05-03 06:00:00,0.0
2012-05-03 07:00:00,-0.5698778805278173
2012-05-03 08:00:00,0.0
2012-05-03 09:00:00,0.0
2012-05-03 10:00:00,0.0
2012-05-03 11:00:00,0.5551947959916391
2012-05-03 12:00:00,0.0
2012-05-03 13:00:00,0.6209591327361799
2012-05-03 14:00:00,0.0
2012-05-03 15:00:00,0.5683476633405474
2012-05-03 16:00:00,0.0
2012-05-03 17:00:00,0.0
2012-05-03 18:00:00,0.0
2012-05-03 19:00:00,0.0
2012-05-03 20:00:00,0.0
2012-05-03 21:00:00,0.3448800101102444
2012-05-03 22:00:00,0.0
2012-05-03 23:00:00,-1.0786447726984016
2012-05-04 00:00:00,0.0
2012-05-04 01:00:00,0.0
2012-05-04 02:00:00,0.0
2012-05-04 03:00:00,0.0
2012-05-04 04:00:00,0.0
2012-05-04 05:00:00,0.0
2012-05-04 06:00:00,0.0
2012-05-04 07:00:00,0.0
2012-05-04 08:00:00,0.0
2012-05-04 09:00:00,-0.2987802425456566
2012-05-04 10:00:00,0.0
2012-05-04 11:00:00,0.0
2012-05-04 12:00:00,0.695419218990468
2012-05-04 13:00:00,0.0
2012-05-04 14:00:00,0.0
2012-05-04 15:00:00,0.0
2012-05-04 16:00:00,0.0
2012-05-04 17:00:00,0.0
2012-05-04 18:00:00,0.0
2012-05-04 19:00:00,0.0
2012-05-04 20:00:00,0.0
2012-05-04 21:00:00,0.0
2012-05-04 22:00:00,0.0
2012-05-04 23:00:00,0.0
2012-05-05 00:00:00,0.0
2012-05-05 01:00:00,-1.2754134161274262
2012-05-05 02:00:00,0.0
2012-05-05 03:00:00,0.0
2012-05-05 04:00:00,0.0
2012-05-05 05:00:00,0.0
2012-05-05 06:00:00,0.0
2012-05-05 07:00:00,0.0
2012-05-05 08:00:00,0.0
2012-05-05 09:00:00,0.0
2012-05-05 10:00:00,0.0
2012-05-05 11:00:00,0.0
2012-05-05 12:00:00,0.0
2012-05-05 13:00:00,0.0
2012-05-05 14:00:00,0.0
2012-05-05 15:00:00,0.0
2012-05-05 16:00:00,0.0
2012-05-05 17:00:00,0.0
2012-05-05 18:00:00,0.0
2012-05-05 19:00:00,0.0
2012-05-05 20:00:00,0.0
2012-05-05 21:00:00,0.0
2012-05-05 22:00:00,0.060061440740852574
2012-05-05 23:00:00,0.0
2012-05-06 00:00:00,0.0
2012-05-06 01:00:00,0.0
2012-05-06 02:00:00,-1.3628515807957544
2012-05-06 03:00:00,0.0
2012-05-06 04:00:00,-1.3322635171936401
2012-05-06 05:00:00,0.0
2012-05-06 06:00:00,0.0
2012-05-06 07:00:00,0.0
2012-05-06 08:00:00,-0.32941200338148746
2012-05-06 09:00:00,0.0
2012-05-06 10:00:00,0.5815005306894553
2012-05-06 11:00:00,0.0
2012-05-06 12:00:00,0.9364094629414086
2012-05-06 13:00:00,0.0
2012-05-06 14:00:00,0.0
2012-05-06 15:00:00,0.0
2012-05-06 16:00:00,0.0
2012-05-06 17:00:00,0.6603740375491942
2012-05-06 18:00:00,0.940822883546859
2012-05-06 19:00:00,0.0
2012-05-06 20:00:00,0.0
2012-05-06 21:00:00,0.0
2012-05-06 22:00:00,0.0
2012-05-06 23:00:00,-1.013011527655009
2012-05-07 00:00:00,0.0
2012-05-07 01:00:00,0.0
2012-05-07 02:00:00,0.0
2012-05-07 03:00:00,0.0
2012-05-07 04:00:00,0.0
2012-05-07 05:00:00,0.0
2012-05-07 06:00:00,0.0
2012-05-07 07:00:00,0.0
2012-05-07 08:00:00,0.0
2012-05-07 09:00:00,0.0
2012-05-07 10:00:00,0.0
2012-05-07 11:00:00,0.3097911314352508
2012-05-07 12:00:00,0.0
2012-05-07 13:00:00,0.0
2012-05-07 14:00:00,0.0
2012-05-07 15:00:00,0.0
2012-05-07 16:00:00,0.0
2012-05-07 17:00:00,0.0
2012-05-07 18:00:00,0.0
2012-05-07 19:00:00,0.0
2012-05-07 20:00:00,0.0
2012-05-07 21:00:00,0.5333024818992714
2012-05-07 22:00:00,0.0
2012-05-07 23:00:00,-0.8031774113445102
2012-05-08 00:00:00,0.0
2012-05-08 01:00:00,0.0
2012-05-08 02:00:00,0.0
2012-05-08 03:00:00,0.0
2012-05-08 04:00:00,-1.2929360068480662
2012-05-08 05:00:00,0.0
2012-05-08 06:00:00,-0.49266486854933944
2012-05-08 07:00:00,-0.7025426820935556
2012-05-08 08:00:00,0.0
2012-05-08 09:00:00,0.0
2012-05-08 10:00:00,0.0
2012-05-08 11:00:00,0.0
2012-05-08 12:00:00,0.6603303403154757
2012-05-08 13:00:00,0.0
2012-05-08 14:00:00,0.0
2012-05-08 15:00:00,0.0
2012-05-08 16:00:00,0.0
2012-05-08 17:00:00,0.0
2012-05-08 18:00:00,0.0
2012-05-08 19:00:00,0.0
2012-05-08 20:00:00,0.0
2012-05-08 21:00:00,0.0
2012-05-08 22:00:00,0.0
2012-05-08 23:00:00,0.0
2012-05-09 00:00:00,-1.1485603466460899
2012-05-09 01:00:00,0.0
2012-05-09 02:00:00,0.0
2012-05-09 03:00:00,0.0
2012-05-09 04:00:00,0.0
2012-05-09 05:00:00,-1.2491513786633264
2012-05-09 06:00:00,-1.0873405222081447
2012-05-09 07:00:00,0.0
2012-05-09 08:00:00,0.0
2012-05-09 09:00:00,0.0
2012-05-09 10:00:00,0.0
2012-05-09 11:00:00,0.0
2012-05-09 12:00:00,0.0
2012-05-09 13:00:00,0.0
2012-05-09 14:00:00,0.0
2012-05-09 15:00:00,0.0
2012-05-09 16:00:00,0.0
2012-05-09 17:00:00,0.0
2012-05-09 18:00:00,0.0
2012-05-09 19:00:00,0.0
2012-05-09 20:00:00,0.0
2012-05-09 21:00:00,0.0
2012-05-09 22:00:00,0.0
2012-05-09 23:00:00,0.0
2012-05-10 00:00:00,0.0
2012-05-10 01:00:00,0.0
2012-05-10 02:00:00,0.0
2012-05-10 03:00:00,-1.2929360068480646
2012-05-10 04:00:00,0.0
2012-05-10 05:00:00,0.0
2012-05-10 06:00:00,0.0
2012-05-10 07:00:00,0.0
2012-05-10 08:00:00,0.0
2012-05-10 09:00:00,0.0
2012-05-10 10:00:00,0.0
2012-05-10 11:00:00,0.0
2012-05-10 12:00:00,0.0
2012-05-10 13:00:00,0.0
2012-05-10 14:00:00,0.0
2012-05-10 15:00:00,0.0
2012-05-10 16:00:00,0.0
2012-05-10 17:00:00,0.0
2012-05-10 18:00:00,0.9671286182446756
2012-05-10 19:00:00,0.0
2012-05-10 20:00:00,0.0
2012-05-10 21:00:00,0.0
2012-05-10 22:00:00,0.0
2012-05-10 23:00:00,0.0
2012-05-11 00:00:00,0.0
2012-05-11 01:00:00,0.0
2012-05-11 02:00:00,0.0
2012-05-11 03:00:00,0.0
2012-05-11 04:00:00,0.0
2012-05-11 05:00:00,0.0
2012-05-11 06:00:00,0.0
2012-05-11 07:00:00,-0.3729781453976398
2012-05-11 08:00:00,0.0
2012-05-11 09:00:00,-0.05210935821147291
2012-05-11 10:00:00,0.4851044331090763
2012-05-11 11:00:00,0.0
2012-05-11 12:00:00,0.0
2012-05-11 13:00:00,0.0
2012-05-11 14:00:00,0.0
2012-05-11 15:00:00,0.0
2012-05-11 16:00:00,0.752356714524115
2012-05-11 17:00:00,0.7962287371762977
2012-05-11 18:00:00,0.0
2012-05-11 19:00:00,0.0
2012-05-11 20:00:00,0.0
2012-05-11 21:00:00,0.9495623302903169
2012-05-11 22:00:00,0.0
2012-05-11 23:00:00,0.0
2012-05-12 00:00:00,0.0
2012-05-12 01:00:00,0.0
2012-05-12 02:00:00,0.0
2012-05-12 03:00:00,-1.2404556291535822
2012-05-12 04:00:00,0.0
2012-05-12 05:00:00,0.0
2012-05-12 06:00:00,0.0
2012-05-12 07:00:00,0.0
2012-05-12 08:00:00,0.0
2012-05-12 09:00:00,0.0
2012-05-12 10:00:00,0.0
2012-05-12 11:00:00,0.0
2012-05-12 12:00:00,0.0
2012-05-12 13:00:00,0.0
2012-05-12 14:00:00,0.0
2012-05-12 15:00:00,0.734790426569756
2012-05-12 16:00:00,0.0
2012-05-12 17:00:00,0.0
2012-05-12 18:00:00,0.0
2012-05-12 19:00:00,0.91014742547731
2012-05-12 20:00:00,0.0
2012-05-12 21:00:00,0.0
2012-05-12 22:00:00,0.0
2012-05-12 23:00:00,0.0
2012-05-13 00:00:00,0.0
2012-05-13 01:00:00,0.0
2012-05-13 02:00:00,-1.091710245579876
2012-05-13 03:00:00,0.0
2012-05-13 04:00:00,0.0
2012-05-13 05:00:00,0.0
2012-05-13 06:00:00,0.0
2012-05-13 07:00:00,0.0
2012-05-13 08:00:00,0.0
2012-05-13 09:00:00,0.0
2012-05-13 10:00:00,0.0
2012-05-13 11:00:00,0.0
2012-05-13 12:00:00,0.0
2012-05-13 13:00:00,0.7698793052447557
2012-05-13 14:00:00,0.0
2012-05-13 15:00:00,0.0
2012-05-13 16:00:00,0.0
2012-05-13 17:00:00,0.0
2012-05-13 18:00:00,0.0
2012-05-13 19:00:00,0.0
2012-05-13 20:00:00,0.0
2012-05-13 21:00:00,0.0
2012-05-13 22:00:00,0.0
2012-05-13 23:00:00,0.0
2012-05-14 00:00:00,0.0
2012-05-14 01:00:00,0.0
2012-05-14 02:00:00,0.0
2012-05-14 03:00:00,-1.2360422085481348
2012-05-14 04:00:00,0.0
2012-05-14 05:00:00,-1.2141498944557652
2012-05-14 06:00:00,0.0
2012-05-14 07:00:00,0.0
2012-05-14 08:00:00,0.0
2012-05-14 09:00:00,-0.03480525365941616
2012-05-14 10:00:00,0.0
2012-05-14 11:00:00,0.0
2012-05-14 12:00:00,0.0
2012-05-14 13:00:00,0.6121322915252939
2012-05-14 14:00:00,0.0
2012-05-14 15:00:00,0.0
2012-05-14 16:00:00,0.485060735875366
2012-05-14 17:00:00,0.0
2012-05-14 18:00:00,0.5683039661068368
2012-05-14 19:00:00,0.0
2012-05-14 20:00:00,0.0
2012-05-14 21:00:00,0.0
2012-05-14 22:00:00,0.0
2012-05-14 23:00:00,-0.7375441663011175
2012-05-15 00:00:00,-1.2360422085481348
2012-05-15 01:00:00,0.0
2012-05-15 02:00:00,-1.1661266346004464
2012-05-15 03:00:00,0.0
2012-05-15 04:00:00,-1.253564799268773
2012-05-15 05:00:00,0.0
2012-05-15 06:00:00,0.0
2012-05-15 07:00:00,0.0
2012-05-15 08:00:00,-0.46203310771350864
2012-05-15 09:00:00,-0.1397223118146689
2012-05-15 10:00:00,0.0
2012-05-15 11:00:00,0.0
2012-05-15 12:00:00,0.5508250726199064
2012-05-15 13:00:00,0.0
2012-05-15 14:00:00,0.0
2012-05-15 15:00:00,0.0
2012-05-15 16:00:00,0.0
2012-05-15 17:00:00,0.0
2012-05-15 18:00:00,0.0
2012-05-15 19:00:00,0.0
2012-05-15 20:00:00,0.0
2012-05-15 21:00:00,0.0
2012-05-15 22:00:00,0.3448363128765293
2012-05-15 23:00:00,0.0
2012-05-16 00:00:00,0.0
2012-05-16 01:00:00,-1.1923449748308297
2012-05-16 02:00:00,0.0
2012-05-16 03:00:00,0.0
2012-05-16 04:00:00,-1.2316287879426864
2012-05-16 05:00:00,-1.2010407243405736
2012-05-16 06:00:00,0.0
2012-05-16 07:00:00,0.0
2012-05-16 08:00:00,0.0
2012-05-16 09:00:00,0.0
2012-05-16 10:00:00,0.0
2012-05-16 11:00:00,0.0
2012-05-16 12:00:00,0.0
2012-05-16 13:00:00,0.699788942362208
2012-05-16 14:00:00,0.0
2012-05-16 15:00:00,0.0
2012-05-16 16:00:00,0.0
2012-05-16 17:00:00,0.0
2012-05-16 18:00:00,0.0
2012-05-16 19:00:00,1.3132544065194454
2012-05-16 20:00:00,0.0
2012-05-16 21:00:00,0.0
2012-05-16 22:00:00,0.7260946770600243
2012-05-16 23:00:00,0.0
2012-05-17 00:00:00,0.0
2012-05-17 01:00:00,0.0
2012-05-17 02:00:00,0.0
2012-05-17 03:00:00,0.0
2012-05-17 04:00:00,0.0
2012-05-17 05:00:00,0.0
2012-05-17 06:00:00,0.0
2012-05-17 07:00:00,0.0
2012-05-17 08:00:00,-0.12237451002889584
2012-05-17 09:00:00,0.0
2012-05-17 10:00:00,0.0
2012-05-17 11:00:00,0.0
2012-05-17 12:00:00,0.0
2012-05-17 13:00:00,0.0
2012-05-17 14:00:00,1.0766338859402376
2012-05-17 15:00:00,0.0
2012-05-17 16:00:00,0.0
2012-05-17 17:00:00,0.0
2012-05-17 18:00:00,0.0
2012-05-17 19:00:00,0.0
2012-05-17 20:00:00,0.0
2012-05-17 21:00:00,0.0
2012-05-17 22:00:00,0.0
2012-05-17 23:00:00,0.0
2012-05-18 00:00:00,0.0
2012-05-18 01:00:00,0.0
2012-05-18 02:00:00,0.0
2012-05-18 03:00:00,0.0
2012-05-18 04:00:00,0.0
2012-05-18 05:00:00,0.0
2012-05-18 06:00:00,0.0
2012-05-18 07:00:00,0.0
2012-05-18 08:00:00,0.0
2012-05-18 09:00:00,-0.1529188763972923
2012-05-18 10:00:00,0.0
2012-05-18 11:00:00,0.6866797722470104
2012-05-18 12:00:00,0.0
2012-05-18 13:00:00,0.0
2012-05-18 14:00:00,0.0
2012-05-18 15:00:00,0.6560043141774615
2012-05-18 16:00:00,0.0
2012-05-18 17:00:00,0.9144734516153172
2012-05-18 18:00:00,0.0
2012-05-18 19:00:00,0.0
2012-05-18 20:00:00,0.0
2012-05-18 21:00:00,0.0
2012-05-18 22:00:00,0.34046658950479664
2012-05-18 23:00:00,0.0
2012-05-19 00:00:00,0.0
2012-05-19 01:00:00,-1.1791921074819207
2012-05-19 02:00:00,0.0
2012-05-19 03:00:00,0.0
2012-05-19 04:00:00,0.0
2012-05-19 05:00:00,0.0
2012-05-19 06:00:00,-1.2710436927556958
2012-05-19 07:00:00,0.0
2012-05-19 08:00:00,0.0
2012-05-19 09:00:00,0.010377686004277792
2012-05-19 10:00:00,0.0
2012-05-19 11:00:00,0.0
2012-05-19 12:00:00,0.0
2012-05-19 13:00:00,0.0
2012-05-19 14:00:00,0.0
2012-05-19 15:00:00,0.0
2012-05-19 16:00:00,0.0
2012-05-19 17:00:00,0.0
2012-05-19 18:00:00,0.0
2012-05-19 19:00:00,0.0
2012-05-19 20:00:00,0.9101037282435845
2012-05-19 21:00:00,0.0
2012-05-19 22:00:00,0.0
2012-05-19 23:00:00,0.08195375483322281
2012-05-20 00:00:00,-0.9867931874246255
2012-05-20 01:00:00,0.0
2012-05-20 02:00:00,0.0
2012-05-20 03:00:00,0.0
2012-05-20 04:00:00,0.0
2012-05-20 05:00:00,0.0
2012-05-20 06:00:00,0.0
2012-05-20 07:00:00,-0.5320360761286314
2012-05-20 08:00:00,0.0
2012-05-20 09:00:00,0.0
2012-05-20 10:00:00,0.19587244313423766
2012-05-20 11:00:00,0.0
2012-05-20 12:00:00,0.0
2012-05-20 13:00:00,0.0
2012-05-20 14:00:00,0.0
2012-05-20 15:00:00,0.0
2012-05-20 16:00:00,0.6209154355024618
2012-05-20 17:00:00,0.8751022440360288
2012-05-20 18:00:00,0.0
2012-05-20 19:00:00,0.0
2012-05-20 20:00:00,0.0
2012-05-20 21:00:00,0.0
2012-05-20 22:00:00,0.0
2012-05-20 23:00:00,0.0
2012-05-21 00:00:00,0.0
2012-05-21 01:00:00,0.0
2012-05-21 02:00:00,0.0
2012-05-21 03:00:00,0.0
2012-05-21 04:00:00,0.0
2012-05-21 05:00:00,0.0
2012-05-21 06:00:00,0.0
2012-05-21 07:00:00,0.0
2012-05-21 08:00:00,0.0
2012-05-21 09:00:00,0.0
2012-05-21 10:00:00,0.0
2012-05-21 11:00:00,0.0
2012-05-21 12:00:00,0.3492497334819801
2012-05-21 13:00:00,0.590283674666631
2012-05-21 14:00:00,0.0
2012-05-21 15:00:00,0.0
2012-05-21 16:00:00,0.44123241045690875
2012-05-21 17:00:00,0.0
2012-05-21 18:00:00,0.0
2012-05-21 19:00:00,0.0
2012-05-21 20:00:00,0.0
2012-05-21 21:00:00,0.0
2012-05-21 22:00:00,0.1433046709723176
2012-05-21 23:00:00,0.0
2012-05-22 00:00:00,0.0
2012-05-22 01:00:00,0.0
2012-05-22 02:00:00,0.0
2012-05-22 03:00:00,0.0
2012-05-22 04:00:00,-1.2185196178274957
2012-05-22 05:00:00,0.0
2012-05-22 06:00:00,0.0
2012-05-22 07:00:00,-0.6442942695483878
2012-05-22 08:00:00,-0.5757770070796546
2012-05-22 09:00:00,0.0
2012-05-22 10:00:00,0.44127610769061903
2012-05-22 11:00:00,0.47190786852645766
2012-05-22 12:00:00,0.6428077495948351
2012-05-22 13:00:00,0.8005547633142972
2012-05-22 14:00:00,0.0
2012-05-22 15:00:00,0.0
2012-05-22 16:00:00,0.0
2012-05-22 17:00:00,1.1423982226847857
2012-05-22 18:00:00,1.273795804472721
2012-05-22 19:00:00,0.0
2012-05-22 20:00:00,0.0
2012-05-22 21:00:00,0.0
2012-05-22 22:00:00,0.0
2012-05-22 23:00:00,-0.8206563048314309
2012-05-23 00:00:00,0.0
2012-05-23 01:00:00,0.0
2012-05-23 02:00:00,0.0
2012-05-23 03:00:00,0.0
2012-05-23 04:00:00,0.0
2012-05-23 05:00:00,0.0
2012-05-23 06:00:00,-0.864353538548737
2012-05-23 07:00:00,0.0
2012-05-23 08:00:00,-0.6544757250045199
2012-05-23 09:00:00,0.0
2012-05-23 10:00:00,0.0
2012-05-23 11:00:00,0.0
2012-05-23 12:00:00,0.0
2012-05-23 13:00:00,0.848752812104494
2012-05-23 14:00:00,0.0
2012-05-23 15:00:00,0.0
2012-05-23 16:00:00,0.0
2012-05-23 17:00:00,0.0
2012-05-23 18:00:00,0.0
2012-05-23 19:00:00,0.0
2012-05-23 20:00:00,0.0
2012-05-23 21:00:00,0.9758680649881254
2012-05-23 22:00:00,0.0
2012-05-23 23:00:00,0.0
2012-05-24 00:00:00,0.0
2012-05-24 01:00:00,-1.214193591689482
2012-05-24 02:00:00,0.0
2012-05-24 03:00:00,0.0
2012-05-24 04:00:00,0.0
2012-05-24 05:00:00,0.0
2012-05-24 06:00:00,0.0
2012-05-24 07:00:00,0.0
2012-05-24 08:00:00,0.0
2012-05-24 09:00:00,0.0
2012-05-24 10:00:00,0.0
2012-05-24 11:00:00,0.0
2012-05-24 12:00:00,0.0
2012-05-24 13:00:00,0.0
2012-05-24 14:00:00,0.0
2012-05-24 15:00:00,0.0
2012-05-24 16:00:00,1.5192431662628225
2012-05-24 17:00:00,0.0
2012-05-24 18:00:00,0.0
2012-05-24 19:00:00,0.0
2012-05-24 20:00:00,1.3921279133791842
2012-05-24 21:00:00,0.0
2012-05-24 22:00:00,0.607806265387272
2012-05-24 23:00:00,0.0
2012-05-25 00:00:00,0.0
2012-05-25 01:00:00,0.0
2012-05-25 02:00:00,-1.1529737672515383
2012-05-25 03:00:00,0.0
2012-05-25 04:00:00,0.0
2012-05-25 05:00:00,0.0
2012-05-25 06:00:00,0.0
2012-05-25 07:00:00,0.0
2012-05-25 08:00:00,0.0
2012-05-25 09:00:00,0.0
2012-05-25 10:00:00,0.0
2012-05-25 11:00:00,0.0
2012-05-25 12:00:00,0.7392475444089326
2012-05-25 13:00:00,0.9014079787338524
2012-05-25 14:00:00,0.7874455931991148
2012-05-25 15:00:00,1.0634810185913217
2012-05-25 16:00:00,0.0
2012-05-25 17:00:00,0.0
2012-05-25 18:00:00,0.0
2012-05-25 19:00:00,0.9188868722207602
2012-05-25 20:00:00,0.0
2012-05-25 21:00:00,0.0
2012-05-25 22:00:00,0.0
2012-05-25 23:00:00,0.2571796620396226
2012-05-26 00:00:00,0.0
2012-05-26 01:00:00,0.0
2012-05-26 02:00:00,0.0
2012-05-26 03:00:00,0.0
2012-05-26 04:00:00,0.0
2012-05-26 05:00:00,0.0
2012-05-26 06:00:00,-1.1530174644852549
2012-05-26 07:00:00,-0.3948704594900139
2012-05-26 08:00:00,0.0
2012-05-26 09:00:00,0.0
2012-05-26 10:00:00,0.0
2012-05-26 11:00:00,0.0
2012-05-26 12:00:00,0.0
2012-05-26 13:00:00,0.0
2012-05-26 14:00:00,0.0
2012-05-26 15:00:00,0.0
2012-05-26 16:00:00,0.8575359560816775
2012-05-26 17:00:00,0.0
2012-05-26 18:00:00,0.0
2012-05-26 19:00:00,0.0
2012-05-26 20:00:00,0.0
2012-05-26 21:00:00,0.0
2012-05-26 22:00:00,0.32731372215589394
2012-05-26 23:00:00,0.0
2012-05-27 00:00:00,0.0
2012-05-27 01:00:00,0.0
2012-05-27 02:00:00,0.0
2012-05-27 03:00:00,0.0
2012-05-27 04:00:00,-1.2098238683177513
2012-05-27 05:00:00,0.0
2012-05-27 06:00:00,-1.1792358047156373
2012-05-27 07:00:00,0.0
2012-05-27 08:00:00,0.0
2012-05-27 09:00:00,0.0
2012-05-27 10:00:00,0.0
2012-05-27 11:00:00,0.0
2012-05-27 12:00:00,0.7260509798263062
2012-05-27 13:00:00,0.0
2012-05-27 14:00:00,0.0
2012-05-27 15:00:00,0.0
2012-05-27 16:00:00,0.0
2012-05-27 17:00:00,0.0
2012-05-27 18:00:00,0.0
2012-05-27 19:00:00,0.0
2012-05-27 20:00:00,0.0
2012-05-27 21:00:00,0.0
2012-05-27 22:00:00,0.0
2012-05-27 23:00:00,0.0
2012-05-28 00:00:00,0.0
2012-05-28 01:00:00,0.0
2012-05-28 02:00:00,0.0
2012-05-28 03:00:00,-1.257934522640505
2012-05-28 04:00:00,0.0
2012-05-28 05:00:00,0.0
2012-05-28 06:00:00,0.0
2012-05-28 07:00:00,-0.4358147674831259
2012-05-28 08:00:00,-0.5539283902210007
2012-05-28 09:00:00,0.0
2012-05-28 10:00:00,0.0
2012-05-28 11:00:00,0.0
2012-05-28 12:00:00,0.0
2012-05-28 13:00:00,0.0
2012-05-28 14:00:00,0.0
2012-05-28 15:00:00,0.0
2012-05-28 16:00:00,0.0
2012-05-28 17:00:00,0.8706888234305863
2012-05-28 18:00:00,1.4403259621693734
2012-05-28 19:00:00,0.0
2012-05-28 20:00:00,0.0
2012-05-28 21:00:00,0.9364094629414086
2012-05-28 22:00:00,0.27033252938852703
2012-05-28 23:00:00,0.0
2012-05-29 00:00:00,0.0
2012-05-29 01:00:00,-1.2273027618046741
2012-05-29 02:00:00,0.0
2012-05-29 03:00:00,0.0
2012-05-29 04:00:00,0.0
2012-05-29 05:00:00,0.0
2012-05-29 06:00:00,0.0
2012-05-29 07:00:00,-0.38337808702235965
2012-05-29 08:00:00,0.0
2012-05-29 09:00:00,0.0
2012-05-29 10:00:00,0.0
2012-05-29 11:00:00,0.2835290939711548
2012-05-29 12:00:00,0.0
2012-05-29 13:00:00,0.0
2012-05-29 14:00:00,0.0
2012-05-29 15:00:00,0.0
2012-05-29 16:00:00,0.0
2012-05-29 17:00:00,0.0
2012-05-29 18:00:00,0.0
2012-05-29 19:00:00,0.0
2012-05-29 20:00:00,0.0
2012-05-29 21:00:00,0.0
2012-05-29 22:00:00,0.0
2012-05-29 23:00:00,0.0
2012-05-30 00:00:00,0.0
2012-05-30 01:00:00,0.0
2012-05-30 02:00:00,0.0
2012-05-30 03:00:00,0.0
2012-05-30 04:00:00,0.0
2012-05-30 05:00:00,0.0
2012-05-30 06:00:00,-1.0742750493266704
2012-05-30 07:00:00,-0.3468908968684087
2012-05-30 08:00:00,0.0
2012-05-30 09:00:00,0.0
2012-05-30 10:00:00,0.577087110084005
2012-05-30 11:00:00,0.0
2012-05-30 12:00:00,0.0
2012-05-30 13:00:00,0.0
2012-05-30 14:00:00,0.0
2012-05-30 15:00:00,0.0
2012-05-30 16:00:00,0.0
2012-05-30 17:00:00,0.0
2012-05-30 18:00:00,0.0
2012-05-30 19:00:00,0.0
2012-05-30 20:00:00,0.0
2012-05-30 21:00:00,0.0
2012-05-30 22:00:00,0.0
2012-05-30 23:00:00,0.0
2012-05-31 00:00:00,0.0
2012-05-31 01:00:00,0.0
2012-05-31 02:00:00,0.0
2012-05-31 03:00:00,-0.9867931874246255
2012-05-31 04:00:00,0.0
2012-05-31 05:00:00,-0.9999023575398172
2012-05-31 06:00:00,0.0
2012-05-31 07:00:00,0.0
2012-05-31 08:00:00,0.0
2012-05-31 09:00:00,0.0
2012-05-31 10:00:00,0.0
2012-05-31 11:00:00,0.0
2012-05-31 12:00:00,1.225685150149967
2012-05-31 13:00:00,0.0
2012-05-31 14:00:00,0.0
2012-05-31 15:00:00,0.0
2012-05-31 16:00:00,0.0
2012-05-31 17:00:00,0.0
2012-05-31 18:00:00,0.0
2012-05-31 19:00:00,0.0
2012-05-31 20:00:00,0.0
2012-05-31 21:00:00,0.0
2012-05-31 22:00:00,0.0
2012-05-31 23:00:00,0.0
2012-06-01 00:00:00,0.0
2012-06-01 01:00:00,0.0
2012-06-01 02:00:00,0.0
2012-06-01 03:00:00,0.0
2012-06-01 04:00:00,0.0
2012-06-01 05:00:00,0.0
2012-06-01 06:00:00,0.0
2012-06-01 07:00:00,-0.16305663461970507
2012-06-01 08:00:00,0.0
2012-06-01 09:00:00,0.1593852529802845
2012-06-01 10:00:00,0.0
2012-06-01 11:00:00,0.0
2012-06-01 12:00:00,0.0
2012-06-01 13:00:00,0.0
2012-06-01 14:00:00,1.6638373126333845
2012-06-01 15:00:00,0.0
2012-06-01 16:00:00,1.593746949750829
2012-06-01 17:00:00,0.0
2012-06-01 18:00:00,0.0
2012-06-01 19:00:00,0.0
2012-06-01 20:00:00,0.0
2012-06-01 21:00:00,0.0
2012-06-01 22:00:00,0.0
2012-06-01 23:00:00,0.0
2012-06-02 00:00:00,0.0
2012-06-02 01:00:00,0.0
2012-06-02 02:00:00,0.0
2012-06-02 03:00:00,0.0
2012-06-02 04:00:00,0.0
2012-06-02 05:00:00,0.0
2012-06-02 06:00:00,0.0
2012-06-02 07:00:00,0.0
2012-06-02 08:00:00,0.0
2012-06-02 09:00:00,0.0
2012-06-02 10:00:00,0.0
2012-06-02 11:00:00,1.085417029917413
2012-06-02 12:00:00,0.0
2012-06-02 13:00:00,0.0
2012-06-02 14:00:00,0.0
2012-06-02 15:00:00,0.0
2012-06-02 16:00:00,0.0
2012-06-02 17:00:00,0.7918153165708396
2012-06-02 18:00:00,0.0
2012-06-02 19:00:00,0.0
2012-06-02 20:00:00,0.0
2012-06-02 21:00:00,1.1686165629151661
2012-06-02 22:00:00,0.0
2012-06-02 23:00:00,0.3273137221558961
2012-06-03 00:00:00,-0.7011006733808854
2012-06-03 01:00:00,0.0
2012-06-03 02:00:00,0.0
2012-06-03 03:00:00,0.0
2012-06-03 04:00:00,0.0
2012-06-03 05:00:00,0.0
2012-06-03 06:00:00,0.0
2012-06-03 07:00:00,0.0
2012-06-03 08:00:00,0.0
2012-06-03 09:00:00,0.18123386983894102
2012-06-03 10:00:00,0.0
2012-06-03 11:00:00,0.467538145154725
2012-06-03 12:00:00,0.0
2012-06-03 13:00:00,0.0
2012-06-03 14:00:00,1.247533767008623
2012-06-03 15:00:00,0.0
2012-06-03 16:00:00,0.0
2012-06-03 17:00:00,0.0
2012-06-03 18:00:00,0.0
2012-06-03 19:00:00,0.0
2012-06-03 20:00:00,0.8400133653610365
2012-06-03 21:00:00,0.5946097008046529
2012-06-03 22:00:00,0.0
2012-06-03 23:00:00,0.0
2012-06-04 00:00:00,-1.218563315061213
2012-06-04 01:00:00,0.0
2012-06-04 02:00:00,0.0
2012-06-04 03:00:00,0.0
2012-06-04 04:00:00,0.0
2012-06-04 05:00:00,0.0
2012-06-04 06:00:00,0.0
2012-06-04 07:00:00,0.0
2012-06-04 08:00:00,0.0
2012-06-04 09:00:00,0.0
2012-06-04 10:00:00,0.47632128913190064
2012-06-04 11:00:00,0.0
2012-06-04 12:00:00,0.0
2012-06-04 13:00:00,1.3132544065194531
2012-06-04 14:00:00,0.0
2012-06-04 15:00:00,0.0
2012-06-04 16:00:00,0.0
2012-06-04 17:00:00,0.0
2012-06-04 18:00:00,0.0
2012-06-04 19:00:00,0.0
2012-06-04 20:00:00,0.0
2012-06-04 21:00:00,0.0
2012-06-04 22:00:00,0.0
2012-06-04 23:00:00,0.0
2012-06-05 00:00:00,0.0
2012-06-05 01:00:00,0.0
2012-06-05 02:00:00,0.0
2012-06-05 03:00:00,0.0
2012-06-05 04:00:00,0.0
2012-06-05 05:00:00,-1.139864597136346
2012-06-05 06:00:00,0.0
2012-06-05 07:00:00,0.0
2012-06-05 08:00:00,0.0
2012-06-05 09:00:00,0.0
2012-06-05 10:00:00,0.0
2012-06-05 11:00:00,0.0
2012-06-05 12:00:00,0.0
2012-06-05 13:00:00,0.0
2012-06-05 14:00:00,0.0
2012-06-05 15:00:00,0.0
2012-06-05 16:00:00,1.08104730654568
2012-06-05 17:00:00,0.0
2012-06-05 18:00:00,0.0
2012-06-05 19:00:00,0.0
2012-06-05 20:00:00,0.0
2012-06-05 21:00:00,0.988977235103323
2012-06-05 22:00:00,0.0
2012-06-05 23:00:00,0.0
2012-06-06 00:00:00,0.0
2012-06-06 01:00:00,0.0
2012-06-06 02:00:00,-1.0349038417473793
2012-06-06 03:00:00,0.0
2012-06-06 04:00:00,0.0
2012-06-06 05:00:00,0.0
2012-06-06 06:00:00,0.0
2012-06-06 07:00:00,0.0
2012-06-06 08:00:00,0.0
2012-06-06 09:00:00,0.0
2012-06-06 10:00:00,0.0
2012-06-06 11:00:00,0.0
2012-06-06 12:00:00,0.0
2012-06-06 13:00:00,0.0
2012-06-06 14:00:00,1.1248756319641524
2012-06-06 15:00:00,0.0
2012-06-06 16:00:00,0.0
2012-06-06 17:00:00,0.0
2012-06-06 18:00:00,0.0
2012-06-06 19:00:00,0.0
2012-06-06 20:00:00,0.0
2012-06-06 21:00:00,0.9714546443826901
2012-06-06 22:00:00,0.0
2012-06-06 23:00:00,0.0
2012-06-07 00:00:00,0.0
2012-06-07 01:00:00,0.0
2012-06-07 02:00:00,0.0
2012-06-07 03:00:00,0.0
2012-06-07 04:00:00,-1.0873842194418637
2012-06-07 05:00:00,0.0
2012-06-07 06:00:00,0.0
2012-06-07 07:00:00,0.0
2012-06-07 08:00:00,0.0
2012-06-07 09:00:00,0.0
2012-06-07 10:00:00,0.0
2012-06-07 11:00:00,0.0
2012-06-07 12:00:00,1.0591549924533223
2012-06-07 13:00:00,0.0
2012-06-07 14:00:00,0.0
2012-06-07 15:00:00,0.0
2012-06-07 16:00:00,0.0
2012-06-07 17:00:00,0.0
2012-06-07 18:00:00,0.0
2012-06-07 19:00:00,0.0
2012-06-07 20:00:00,0.7129418097111085
2012-06-07 21:00:00,0.0
2012-06-07 22:00:00,0.0
2012-06-07 23:00:00,0.0
2012-06-08 00:00:00,-1.2797394422654398
2012-06-08 01:00:00,-1.2360422085481342
2012-06-08 02:00:00,0.0
2012-06-08 03:00:00,-1.2709999955219793
2012-06-08 04:00:00,-1.2448253525253128
2012-06-08 05:00:00,0.0
2012-06-08 06:00:00,0.0
2012-06-08 07:00:00,0.0
2012-06-08 08:00:00,0.0
2012-06-08 09:00:00,0.0
2012-06-08 10:00:00,0.0
2012-06-08 11:00:00,0.0
2012-06-08 12:00:00,0.0
2012-06-08 13:00:00,0.0
2012-06-08 14:00:00,0.0
2012-06-08 15:00:00,0.0
2012-06-08 16:00:00,0.0
2012-06-08 17:00:00,0.8837979935457757
2012-06-08 18:00:00,0.927670016197951
2012-06-08 19:00:00,0.0
2012-06-08 20:00:00,0.9013642815001269
2012-06-08 21:00:00,0.0
2012-06-08 22:00:00,0.2572233592733255
2012-06-08 23:00:00,0.0
2012-06-09 00:00:00,0.0
2012-06-09 01:00:00,0.0
2012-06-09 02:00:00,0.0
2012-06-09 03:00:00,0.0
2012-06-09 04:00:00,0.0
2012-06-09 05:00:00,0.0
2012-06-09 06:00:00,0.0
2012-06-09 07:00:00,0.0
2012-06-09 08:00:00,0.0
2012-06-09 09:00:00,0.0
2012-06-09 10:00:00,0.0
2012-06-09 11:00:00,0.0
2012-06-09 12:00:00,0.0
2012-06-09 13:00:00,0.0
2012-06-09 14:00:00,0.9977603790805064
2012-06-09 15:00:00,0.0
2012-06-09 16:00:00,0.0
2012-06-09 17:00:00,0.9978040763142245
2012-06-09 18:00:00,1.1687039573826024
2012-06-09 19:00:00,0.0
2012-06-09 20:00:00,0.0
2012-06-09 21:00:00,0.7392912416426428
2012-06-09 22:00:00,0.4193400963645355
2012-06-09 23:00:00,0.22213448059833885
2012-06-10 00:00:00,0.0
2012-06-10 01:00:00,0.0
2012-06-10 02:00:00,-1.1573434906232687
2012-06-10 03:00:00,0.0
2012-06-10 04:00:00,-1.2447816552915953
2012-06-10 05:00:00,0.0
2012-06-10 06:00:00,0.0
2012-06-10 07:00:00,0.0
2012-06-10 08:00:00,0.0
2012-06-10 09:00:00,0.0
2012-06-10 10:00:00,0.0
2012-06-10 11:00:00,0.0
2012-06-10 12:00:00,0.0
2012-06-10 13:00:00,0.0
2012-06-10 14:00:00,0.8049681839197553
2012-06-10 15:00:00,0.879471967407761
2012-06-10 16:00:00,0.0
2012-06-10 17:00:00,0.6910494956187431
2012-06-10 18:00:00,0.9671286182446756
2012-06-10 19:00:00,0.0
2012-06-10 20:00:00,0.6121759887590043
2012-06-10 21:00:00,0.5201059173166472
2012-06-10 22:00:00,0.29663826408633936
2012-06-10 23:00:00,-0.7812414000184222
2012-06-11 00:00:00,0.0
2012-06-11 01:00:00,0.0
2012-06-11 02:00:00,0.0
2012-06-11 03:00:00,0.0
2012-06-11 04:00:00,0.0
2012-06-11 05:00:00,0.0
2012-06-11 06:00:00,-0.9721546141293285
2012-06-11 07:00:00,0.0
2012-06-11 08:00:00,-0.5320360761286314
2012-06-11 09:00:00,0.0
2012-06-11 10:00:00,0.48947415648080855
2012-06-11 11:00:00,0.0
2012-06-11 12:00:00,0.0
2012-06-11 13:00:00,0.0
2012-06-11 14:00:00,0.0
2012-06-11 15:00:00,0.0
2012-06-11 16:00:00,0.0
2012-06-11 17:00:00,0.0
2012-06-11 18:00:00,0.0
2012-06-11 19:00:00,0.0
2012-06-11 20:00:00,0.0
2012-06-11 21:00:00,0.0
2012-06-11 22:00:00,0.0
2012-06-11 23:00:00,0.0
2012-06-12 00:00:00,0.0
2012-06-12 01:00:00,-0.8337654749466238
2012-06-12 02:00:00,0.0
2012-06-12 03:00:00,0.0
2012-06-12 04:00:00,-0.9605311499605259
2012-06-12 05:00:00,0.0
2012-06-12 06:00:00,-0.9693142939377045
2012-06-12 07:00:00,0.0
2012-06-12 08:00:00,0.0
2012-06-12 09:00:00,0.0
2012-06-12 10:00:00,0.0
2012-06-12 11:00:00,0.5245193379220902
2012-06-12 12:00:00,0.0
2012-06-12 13:00:00,0.0
2012-06-12 14:00:00,0.0
2012-06-12 15:00:00,0.0
2012-06-12 16:00:00,0.0
2012-06-12 17:00:00,0.0
2012-06-12 18:00:00,0.0
2012-06-12 19:00:00,0.0
2012-06-12 20:00:00,0.0
2012-06-12 21:00:00,0.0
2012-06-12 22:00:00,0.038125429414765995
2012-06-12 23:00:00,0.0
2012-06-13 00:00:00,-1.3060451769632568
2012-06-13 01:00:00,-1.2010407243405736
2012-06-13 02:00:00,-1.2316287879426864
2012-06-13 03:00:00,-1.3322635171936401
2012-06-13 04:00:00,0.0
2012-06-13 05:00:00,0.0
2012-06-13 06:00:00,0.0
2012-06-13 07:00:00,0.0
2012-06-13 08:00:00,0.0
2012-06-13 09:00:00,0.0
2012-06-13 10:00:00,0.0
2012-06-13 11:00:00,0.0
2012-06-13 12:00:00,0.0
2012-06-13 13:00:00,0.0
2012-06-13 14:00:00,0.0
2012-06-13 15:00:00,0.6997452451284826
2012-06-13 16:00:00,0.0
2012-06-13 17:00:00,0.0
2012-06-13 18:00:00,0.0
2012-06-13 19:00:00,0.0
2012-06-13 20:00:00,0.0
2012-06-13 21:00:00,0.0
2012-06-13 22:00:00,0.0
2012-06-13 23:00:00,0.0
2012-06-14 00:00:00,0.0
2012-06-14 01:00:00,0.0
2012-06-14 02:00:00,0.0
2012-06-14 03:00:00,0.0
2012-06-14 04:00:00,0.0
2012-06-14 05:00:00,0.0
2012-06-14 06:00:00,0.0
2012-06-14 07:00:00,0.0
2012-06-14 08:00:00,0.0
2012-06-14 09:00:00,0.0
2012-06-14 10:00:00,0.0
2012-06-14 11:00:00,0.0
2012-06-14 12:00:00,0.0
2012-06-14 13:00:00,0.0
2012-06-14 14:00:00,0.0
2012-06-14 15:00:00,0.0
2012-06-14 16:00:00,0.0
2012-06-14 17:00:00,0.0
2012-06-14 18:00:00,0.0
2012-06-14 19:00:00,0.0
2012-06-14 20:00:00,0.0
2012-06-14 21:00:00,0.0
2012-06-14 22:00:00,0.0
2012-06-14 23:00:00,0.0
2012-06-15 00:00:00,0.0
2012-06-15 01:00:00,0.0
2012-06-15 02:00:00,0.0
2012-06-15 03:00:00,0.0
2012-06-15 04:00:00,0.0
2012-06-15 05:00:00,0.0
2012-06-15 06:00:00,0.0
2012-06-15 07:00:00,0.0
2012-06-15 08:00:00,0.0
2012-06-15 09:00:00,0.0
2012-06-15 10:00:00,0.2966382640863398
2012-06-15 11:00:00,0.27470225276025584
2012-06-15 12:00:00,0.41055695238735984
2012-06-15 13:00:00,0.0
2012-06-15 14:00:00,0.7304644004317418
2012-06-15 15:00:00,0.8619056794534024
2012-06-15 16:00:00,0.0
2012-06-15 17:00:00,0.5551947959916391
2012-06-15 18:00:00,0.0
2012-06-15 19:00:00,0.0
2012-06-15 20:00:00,0.0
2012-06-15 21:00:00,0.0
2012-06-15 22:00:00,0.0
2012-06-15 23:00:00,0.0
2012-06-16 00:00:00,0.0
2012-06-16 01:00:00,0.0
2012-06-16 02:00:00,0.0
2012-06-16 03:00:00,0.0
2012-06-16 04:00:00,0.0
2012-06-16 05:00:00,-1.2622605487785172
2012-06-16 06:00:00,0.0
2012-06-16 07:00:00,0.0
2012-06-16 08:00:00,-0.21125468340989456
2012-06-16 09:00:00,0.0
2012-06-16 10:00:00,0.0
2012-06-16 11:00:00,0.0
2012-06-16 12:00:00,0.0
2012-06-16 13:00:00,0.0
2012-06-16 14:00:00,0.0
2012-06-16 15:00:00,0.0
2012-06-16 16:00:00,1.1379848020793353
2012-06-16 17:00:00,0.0
2012-06-16 18:00:00,0.0
2012-06-16 19:00:00,0.0
2012-06-16 20:00:00,0.0
2012-06-16 21:00:00,0.0
2012-06-16 22:00:00,0.0
2012-06-16 23:00:00,0.0
2012-06-17 00:00:00,0.0
2012-06-17 01:00:00,-1.2491950758970438
2012-06-17 02:00:00,0.0
2012-06-17 03:00:00,0.0
2012-06-17 04:00:00,-1.2448253525253128
2012-06-17 05:00:00,0.0
2012-06-17 06:00:00,0.0
2012-06-17 07:00:00,-0.6266842843603145
2012-06-17 08:00:00,0.0
2012-06-17 09:00:00,0.0
2012-06-17 10:00:00,0.0
2012-06-17 11:00:00,0.0
2012-06-17 12:00:00,0.0
2012-06-17 13:00:00,0.0
2012-06-17 14:00:00,0.0
2012-06-17 15:00:00,0.0
2012-06-17 16:00:00,0.0
2012-06-17 17:00:00,0.0
2012-06-17 18:00:00,0.0
2012-06-17 19:00:00,0.0
2012-06-17 20:00:00,0.8224907746403963
2012-06-17 21:00:00,0.0
2012-06-17 22:00:00,0.0
2012-06-17 23:00:00,0.0
2012-06-18 00:00:00,0.0
2012-06-18 01:00:00,0.0
2012-06-18 02:00:00,0.0
2012-06-18 03:00:00,0.0
2012-06-18 04:00:00,0.0
2012-06-18 05:00:00,-1.2622605487785172
2012-06-18 06:00:00,0.0
2012-06-18 07:00:00,0.0
2012-06-18 08:00:00,0.0
2012-06-18 09:00:00,0.0
2012-06-18 10:00:00,0.0
2012-06-18 11:00:00,0.0
2012-06-18 12:00:00,0.0
2012-06-18 13:00:00,0.8750585468023108
2012-06-18 14:00:00,0.0
2012-06-18 15:00:00,0.8750585468023108
2012-06-18 16:00:00,0.8925811375229513
2012-06-18 17:00:00,0.8005547633143045
2012-06-18 18:00:00,0.0
2012-06-18 19:00:00,0.0
2012-06-18 20:00:00,0.0
2012-06-18 21:00:00,0.0
2012-06-18 22:00:00,0.0
2012-06-18 23:00:00,0.0
2012-06-19 00:00:00,0.0
2012-06-19 01:00:00,-1.2885225862426177
2012-06-19 02:00:00,-1.2316724851764038
2012-06-19 03:00:00,0.0
2012-06-19 04:00:00,0.0
2012-06-19 05:00:00,0.0
2012-06-19 06:00:00,0.0
2012-06-19 07:00:00,-0.4664465283189568
2012-06-19 08:00:00,0.0
2012-06-19 09:00:00,0.0
2012-06-19 10:00:00,0.3842949149232539
2012-06-19 11:00:00,0.0
2012-06-19 12:00:00,0.6691134842926517
2012-06-19 13:00:00,0.0
2012-06-19 14:00:00,0.0
2012-06-19 15:00:00,0.0
2012-06-19 16:00:00,0.0
2012-06-19 17:00:00,0.83131761585129
2012-06-19 18:00:00,0.0
2012-06-19 19:00:00,0.0
2012-06-19 20:00:00,0.0
2012-06-19 21:00:00,0.0
2012-06-19 22:00:00,0.0
2012-06-19 23:00:00,0.0
2012-06-20 00:00:00,-1.2054541449460212
2012-06-20 01:00:00,0.0
2012-06-20 02:00:00,0.0
2012-06-20 03:00:00,-1.2797831394991575
2012-06-20 04:00:00,0.0
2012-06-20 05:00:00,-1.2623042460122353
2012-06-20 06:00:00,0.0
2012-06-20 07:00:00,-0.6223145609885836
2012-06-20 08:00:00,-0.2594090349663643
2012-06-20 09:00:00,0.0
2012-06-20 10:00:00,0.0
2012-06-20 11:00:00,0.0
2012-06-20 12:00:00,0.0
2012-06-20 13:00:00,0.0
2012-06-20 14:00:00,0.0
2012-06-20 15:00:00,1.1160050935195338
2012-06-20 16:00:00,0.988977235103323
2012-06-20 17:00:00,0.0
2012-06-20 18:00:00,0.0
2012-06-20 19:00:00,0.0
2012-06-20 20:00:00,0.0
2012-06-20 21:00:00,0.0
2012-06-20 22:00:00,0.19587244313423374
2012-06-20 23:00:00,0.0
2012-06-21 00:00:00,0.0
2012-06-21 01:00:00,0.0
2012-06-21 02:00:00,0.0
2012-06-21 03:00:00,0.0
2012-06-21 04:00:00,0.0
2012-06-21 05:00:00,0.0
2012-06-21 06:00:00,-0.8847164494610017
2012-06-21 07:00:00,0.0
2012-06-21 08:00:00,0.0
2012-06-21 09:00:00,-0.07404536953755905
2012-06-21 10:00:00,0.0
2012-06-21 11:00:00,0.0
2012-06-21 12:00:00,0.809337907291488
2012-06-21 13:00:00,0.0
2012-06-21 14:00:00,0.0
2012-06-21 15:00:00,0.0
2012-06-21 16:00:00,0.0
2012-06-21 17:00:00,0.0
2012-06-21 18:00:00,0.0
2012-06-21 19:00:00,0.0
2012-06-21 20:00:00,0.0
2012-06-21 21:00:00,0.0
2012-06-21 22:00:00,0.0
2012-06-21 23:00:00,0.0
2012-06-22 00:00:00,0.0
2012-06-22 01:00:00,0.0
2012-06-22 02:00:00,0.0
2012-06-22 03:00:00,0.0
2012-06-22 04:00:00,0.0
2012-06-22 05:00:00,0.0
2012-06-22 06:00:00,0.0
2012-06-22 07:00:00,0.0
2012-06-22 08:00:00,0.0
2012-06-22 09:00:00,0.0
2012-06-22 10:00:00,0.0
2012-06-22 11:00:00,0.0
2012-06-22 12:00:00,0.0
2012-06-22 13:00:00,0.0
2012-06-22 14:00:00,1.1599645106391447
2012-06-22 15:00:00,0.0
2012-06-22 16:00:00,0.0
2012-06-22 17:00:00,0.0
2012-06-22 18:00:00,1.4754148408443657
2012-06-22 19:00:00,1.3220812477303392
2012-06-22 20:00:00,0.0
2012-06-22 21:00:00,0.0
2012-06-22 22:00:00,0.0
2012-06-22 23:00:00,0.0
2012-06-23 00:00:00,0.0
2012-06-23 01:00:00,0.0
2012-06-23 02:00:00,-1.1442343205080763
2012-06-23 03:00:00,-1.2885662834763343
2012-06-23 04:00:00,0.0
2012-06-23 05:00:00,0.0
2012-06-23 06:00:00,0.0
2012-06-23 07:00:00,0.0
2012-06-23 08:00:00,0.0
2012-06-23 09:00:00,0.0
2012-06-23 10:00:00,0.0
2012-06-23 11:00:00,0.0
2012-06-23 12:00:00,0.9496060275240346
2012-06-23 13:00:00,1.5499186243323713
2012-06-23 14:00:00,0.0
2012-06-23 15:00:00,0.0
2012-06-23 16:00:00,0.0
2012-06-23 17:00:00,0.0
2012-06-23 18:00:00,0.0
2012-06-23 19:00:00,1.4753711436106554
2012-06-23 20:00:00,0.0
2012-06-23 21:00:00,0.8707325206642961
2012-06-23 22:00:00,0.0
2012-06-23 23:00:00,0.0
2012-06-24 00:00:00,-0.9343565069638593
2012-06-24 01:00:00,0.0
2012-06-24 02:00:00,0.0
2012-06-24 03:00:00,0.0
2012-06-24 04:00:00,0.0
2012-06-24 05:00:00,0.0
2012-06-24 06:00:00,0.0
2012-06-24 07:00:00,0.0
2012-06-24 08:00:00,0.0
2012-06-24 09:00:00,0.0
2012-06-24 10:00:00,0.0
2012-06-24 11:00:00,0.0
2012-06-24 12:00:00,0.0
2012-06-24 13:00:00,1.2431203464031642
2012-06-24 14:00:00,0.0
2012-06-24 15:00:00,0.0
2012-06-24 16:00:00,0.0
2012-06-24 17:00:00,0.0
2012-06-24 18:00:00,0.0
2012-06-24 19:00:00,0.0
2012-06-24 20:00:00,1.1423545254510676
2012-06-24 21:00:00,0.0
2012-06-24 22:00:00,0.0
2012-06-24 23:00:00,-0.4648734279051341
2012-06-25 00:00:00,0.0
2012-06-25 01:00:00,0.0
2012-06-25 02:00:00,-1.0873405222081456
2012-06-25 03:00:00,-1.2623042460122353
2012-06-25 04:00:00,0.0
2012-06-25 05:00:00,0.0
2012-06-25 06:00:00,0.0
2012-06-25 07:00:00,0.0
2012-06-25 08:00:00,0.0
2012-06-25 09:00:00,0.0
2012-06-25 10:00:00,0.0
2012-06-25 11:00:00,0.0
2012-06-25 12:00:00,0.0
2012-06-25 13:00:00,0.0
2012-06-25 14:00:00,0.0
2012-06-25 15:00:00,0.0
2012-06-25 16:00:00,0.0
2012-06-25 17:00:00,0.0
2012-06-25 18:00:00,0.0
2012-06-25 19:00:00,0.0
2012-06-25 20:00:00,0.0
2012-06-25 21:00:00,0.0
2012-06-25 22:00:00,0.0
2012-06-25 23:00:00,0.0
2012-06-26 00:00:00,0.0
2012-06-26 01:00:00,0.0
2012-06-26 02:00:00,0.0
2012-06-26 03:00:00,0.0
2012-06-26 04:00:00,0.0
2012-06-26 05:00:00,0.0
2012-06-26 06:00:00,0.0
2012-06-26 07:00:00,-0.4051830066472938
2012-06-26 08:00:00,0.06159084392096111
2012-06-26 09:00:00,0.2820433880247647
2012-06-26 10:00:00,0.9233002928262183
2012-06-26 11:00:00,0.0
2012-06-26 12:00:00,0.0
2012-06-26 13:00:00,0.0
2012-06-26 14:00:00,0.0
2012-06-26 15:00:00,0.0
2012-06-26 16:00:00,1.637531577935568
2012-06-26 17:00:00,0.0
2012-06-26 18:00:00,0.0
2012-06-26 19:00:00,0.0
2012-06-26 20:00:00,1.8391069170734946
2012-06-26 21:00:00,0.0
2012-06-26 22:00:00,0.0
2012-06-26 23:00:00,0.0
2012-06-27 00:00:00,0.0
2012-06-27 01:00:00,0.0
2012-06-27 02:00:00,0.0
2012-06-27 03:00:00,0.0
2012-06-27 04:00:00,0.0
2012-06-27 05:00:00,0.0
2012-06-27 06:00:00,0.0
2012-06-27 07:00:00,0.0
2012-06-27 08:00:00,-0.31333142137351844
2012-06-27 09:00:00,0.2689342179095749
2012-06-27 10:00:00,0.0
2012-06-27 11:00:00,0.0
2012-06-27 12:00:00,0.0
2012-06-27 13:00:00,0.0
2012-06-27 14:00:00,0.0
2012-06-27 15:00:00,0.0
2012-06-27 16:00:00,0.0
2012-06-27 17:00:00,1.5236128896345478
2012-06-27 18:00:00,0.0
2012-06-27 19:00:00,0.0
2012-06-27 20:00:00,0.0
2012-06-27 21:00:00,1.0722204653347862
2012-06-27 22:00:00,0.0
2012-06-27 23:00:00,0.0
2012-06-28 00:00:00,-1.104863112928785
2012-06-28 01:00:00,0.0
2012-06-28 02:00:00,0.0
2012-06-28 03:00:00,0.0
2012-06-28 04:00:00,0.0
2012-06-28 05:00:00,0.0
2012-06-28 06:00:00,0.0
2012-06-28 07:00:00,0.0
2012-06-28 08:00:00,0.0
2012-06-28 09:00:00,0.0
2012-06-28 10:00:00,0.0
2012-06-28 11:00:00,0.0
2012-06-28 12:00:00,0.0
2012-06-28 13:00:00,0.0
2012-06-28 14:00:00,0.0
2012-06-28 15:00:00,0.0
2012-06-28 16:00:00,0.0
2012-06-28 17:00:00,1.6200089872149346
2012-06-28 18:00:00,0.0
2012-06-28 19:00:00,0.0
2012-06-28 20:00:00,1.3219938532629107
2012-06-28 21:00:00,0.0
2012-06-28 22:00:00,0.39303436166671885
2012-06-28 23:00:00,-0.5305066729485258
2012-06-29 00:00:00,0.0
2012-06-29 01:00:00,-1.0173812510267393
2012-06-29 02:00:00,-1.1573434906232687
2012-06-29 03:00:00,-1.1529300700178202
2012-06-29 04:00:00,-1.0961236661853244
2012-06-29 05:00:00,0.0
2012-06-29 06:00:00,0.0
2012-06-29 07:00:00,0.0
2012-06-29 08:00:00,0.0
2012-06-29 09:00:00,0.0
2012-06-29 10:00:00,0.0
2012-06-29 11:00:00,0.0
2012-06-29 12:00:00,0.0
2012-06-29 13:00:00,0.0
2012-06-29 14:00:00,0.0
2012-06-29 15:00:00,0.0
2012-06-29 16:00:00,1.2913620924270799
2012-06-29 17:00:00,0.0
2012-06-29 18:00:00,0.0
2012-06-29 19:00:00,1.3614961525433533
2012-06-29 20:00:00,0.0
2012-06-29 21:00:00,0.0
2012-06-29 22:00:00,0.0
2012-06-29 23:00:00,0.0
2012-06-30 00:00:00,0.0
2012-06-30 01:00:00,-1.222889341199226
2012-06-30 02:00:00,0.0
2012-06-30 03:00:00,-1.1835181336199336
2012-06-30 04:00:00,0.0
2012-06-30 05:00:00,0.0
2012-06-30 06:00:00,0.0
2012-06-30 07:00:00,0.0
2012-06-30 08:00:00,0.0
2012-06-30 09:00:00,0.0
2012-06-30 10:00:00,0.0
2012-06-30 11:00:00,0.0
2012-06-30 12:00:00,0.0
2012-06-30 13:00:00,0.0
2012-06-30 14:00:00,0.0
2012-06-30 15:00:00,0.0
2012-06-30 16:00:00,0.0
2012-06-30 17:00:00,1.08104730654568
2012-06-30 18:00:00,0.0
2012-06-30 19:00:00,0.0
2012-06-30 20:00:00,0.0
2012-06-30 21:00:00,0.0
2012-06-30 22:00:00,0.0
2012-06-30 23:00:00,0.0
2012-07-01 00:00:00,-0.9255733629866812
2012-07-01 01:00:00,0.0
2012-07-01 02:00:00,0.0
2012-07-01 03:00:00,0.0
2012-07-01 04:00:00,0.0
2012-07-01 05:00:00,0.0
2012-07-01 06:00:00,0.0
2012-07-01 07:00:00,0.0
2012-07-01 08:00:00,0.0
2012-07-01 09:00:00,0.0
2012-07-01 10:00:00,0.0
2012-07-01 11:00:00,0.0
2012-07-01 12:00:00,0.0
2012-07-01 13:00:00,0.0
2012-07-01 14:00:00,0.0
2012-07-01 15:00:00,0.0
2012-07-01 16:00:00,0.0
2012-07-01 17:00:00,0.0
2012-07-01 18:00:00,0.0
2012-07-01 19:00:00,0.0
2012-07-01 20:00:00,0.7348341238034818
2012-07-01 21:00:00,0.0
2012-07-01 22:00:00,0.0
2012-07-01 23:00:00,0.0
2012-07-02 00:00:00,-1.2841528628708874
2012-07-02 01:00:00,-1.240411931919865
2012-07-02 02:00:00,0.0
2012-07-02 03:00:00,0.0
2012-07-02 04:00:00,0.0
2012-07-02 05:00:00,0.0
2012-07-02 06:00:00,0.0
2012-07-02 07:00:00,-0.6136625087125578
2012-07-02 08:00:00,0.0
2012-07-02 09:00:00,0.0
2012-07-02 10:00:00,0.0
2012-07-02 11:00:00,0.0
2012-07-02 12:00:00,0.0
2012-07-02 13:00:00,0.0
2012-07-02 14:00:00,0.0
2012-07-02 15:00:00,1.335190417845529
2012-07-02 16:00:00,0.0
2012-07-02 17:00:00,0.0
2012-07-02 18:00:00,0.0
2012-07-02 19:00:00,0.0
2012-07-02 20:00:00,0.0
2012-07-02 21:00:00,0.8400133653610369
2012-07-02 22:00:00,0.31853057817871827
2012-07-02 23:00:00,0.0
2012-07-03 00:00:00,0.0
2012-07-03 01:00:00,-1.2841528628708874
2012-07-03 02:00:00,0.0
2012-07-03 03:00:00,0.0
2012-07-03 04:00:00,0.0
2012-07-03 05:00:00,0.0
2012-07-03 06:00:00,0.0
2012-07-03 07:00:00,0.0
2012-07-03 08:00:00,0.0
2012-07-03 09:00:00,0.0
2012-07-03 10:00:00,0.0
2012-07-03 11:00:00,0.0
2012-07-03 12:00:00,0.0
2012-07-03 13:00:00,0.0
2012-07-03 14:00:00,0.0
2012-07-03 15:00:00,0.0
2012-07-03 16:00:00,0.0
2012-07-03 17:00:00,0.0
2012-07-03 18:00:00,0.0
2012-07-03 19:00:00,0.0
2012-07-03 20:00:00,1.107309344009794
2012-07-03 21:00:00,0.0
2012-07-03 22:00:00,0.3316834455276214
2012-07-03 23:00:00,0.0
2012-07-04 00:00:00,0.0
2012-07-04 01:00:00,0.0
2012-07-04 02:00:00,0.0
2012-07-04 03:00:00,0.0
2012-07-04 04:00:00,0.0
2012-07-04 05:00:00,-1.2360422085481342
2012-07-04 06:00:00,0.0
2012-07-04 07:00:00,-0.11354766881799995
2012-07-04 08:00:00,0.0
2012-07-04 09:00:00,0.0
2012-07-04 10:00:00,0.0
2012-07-04 11:00:00,0.0
2012-07-04 12:00:00,0.0
2012-07-04 13:00:00,0.0
2012-07-04 14:00:00,0.0
2012-07-04 15:00:00,0.0
2012-07-04 16:00:00,0.0
2012-07-04 17:00:00,0.0
2012-07-04 18:00:00,0.0
2012-07-04 19:00:00,0.0
2012-07-04 20:00:00,0.0
2012-07-04 21:00:00,0.0
2012-07-04 22:00:00,0.0
2012-07-04 23:00:00,0.0
2012-07-05 00:00:00,0.0
2012-07-05 01:00:00,0.0
2012-07-05 02:00:00,0.0
2012-07-05 03:00:00,-1.2360859057818514
2012-07-05 04:00:00,0.0
2012-07-05 05:00:00,0.0
2012-07-05 06:00:00,-1.1792358047156382
2012-07-05 07:00:00,0.0
2012-07-05 08:00:00,-0.4708162516906873
2012-07-05 09:00:00,0.0
2012-07-05 10:00:00,0.0
2012-07-05 11:00:00,0.0
2012-07-05 12:00:00,0.0
2012-07-05 13:00:00,0.9933906557087815
2012-07-05 14:00:00,0.0
2012-07-05 15:00:00,0.0
2012-07-05 16:00:00,0.0
2012-07-05 17:00:00,0.0
2012-07-05 18:00:00,0.0
2012-07-05 19:00:00,0.0
2012-07-05 20:00:00,0.0
2012-07-05 21:00:00,0.0
2012-07-05 22:00:00,0.0
2012-07-05 23:00:00,0.0
2012-07-06 00:00:00,0.0
2012-07-06 01:00:00,0.0
2012-07-06 02:00:00,-1.2841965601046048
2012-07-06 03:00:00,-1.2316724851764045
2012-07-06 04:00:00,0.0
2012-07-06 05:00:00,0.0
2012-07-06 06:00:00,0.0
2012-07-06 07:00:00,0.0
2012-07-06 08:00:00,-0.5582107191252982
2012-07-06 09:00:00,0.0
2012-07-06 10:00:00,0.0
2012-07-06 11:00:00,0.0
2012-07-06 12:00:00,0.0
2012-07-06 13:00:00,0.0
2012-07-06 14:00:00,0.9233002928262183
2012-07-06 15:00:00,0.0
2012-07-06 16:00:00,0.0
2012-07-06 17:00:00,0.0
2012-07-06 18:00:00,0.0
2012-07-06 19:00:00,0.0
2012-07-06 20:00:00,0.0
2012-07-06 21:00:00,0.0
2012-07-06 22:00:00,0.0
2012-07-06 23:00:00,0.0
2012-07-07 00:00:00,0.0
2012-07-07 01:00:00,0.0
2012-07-07 02:00:00,-1.1879315542253814
2012-07-07 03:00:00,0.0
2012-07-07 04:00:00,-1.187931554225382
2012-07-07 05:00:00,-1.253564799268774
2012-07-07 06:00:00,0.0
2012-07-07 07:00:00,0.0
2012-07-07 08:00:00,0.0
2012-07-07 09:00:00,0.0
2012-07-07 10:00:00,0.0
2012-07-07 11:00:00,0.0
2012-07-07 12:00:00,0.0
2012-07-07 13:00:00,1.24316404363689
2012-07-07 14:00:00,1.0284358371500553
2012-07-07 15:00:00,0.0
2012-07-07 16:00:00,0.0
2012-07-07 17:00:00,0.0
2012-07-07 18:00:00,0.0
2012-07-07 19:00:00,0.0
2012-07-07 20:00:00,0.0
2012-07-07 21:00:00,0.0
2012-07-07 22:00:00,0.23970076855269015
2012-07-07 23:00:00,0.0
2012-07-08 00:00:00,0.0
2012-07-08 01:00:00,0.0
2012-07-08 02:00:00,0.0
2012-07-08 03:00:00,0.0
2012-07-08 04:00:00,0.0
2012-07-08 05:00:00,0.0
2012-07-08 06:00:00,0.0
2012-07-08 07:00:00,-0.38613101274655026
2012-07-08 08:00:00,0.0
2012-07-08 09:00:00,0.0
2012-07-08 10:00:00,0.0
2012-07-08 11:00:00,0.0
2012-07-08 12:00:00,0.0
2012-07-08 13:00:00,0.0
2012-07-08 14:00:00,0.0
2012-07-08 15:00:00,0.0
2012-07-08 16:00:00,1.4052807807280923
2012-07-08 17:00:00,0.0
2012-07-08 18:00:00,0.0
2012-07-08 19:00:00,0.0
2012-07-08 20:00:00,0.0
2012-07-08 21:00:00,0.7172678358491232
2012-07-08 22:00:00,0.0
2012-07-08 23:00:00,-0.7812414000184227
2012-07-09 00:00:00,0.0
2012-07-09 01:00:00,0.0
2012-07-09 02:00:00,-1.2360422085481348
2012-07-09 03:00:00,0.0
2012-07-09 04:00:00,0.0
2012-07-09 05:00:00,0.0
2012-07-09 06:00:00,0.0
2012-07-09 07:00:00,0.0
2012-07-09 08:00:00,0.0
2012-07-09 09:00:00,0.0
2012-07-09 10:00:00,0.0
2012-07-09 11:00:00,0.4280795431079926
2012-07-09 12:00:00,0.0
2012-07-09 13:00:00,0.0
2012-07-09 14:00:00,0.0
2012-07-09 15:00:00,0.0
2012-07-09 16:00:00,0.0
2012-07-09 17:00:00,0.0
2012-07-09 18:00:00,0.8400133653610291
2012-07-09 19:00:00,0.0
2012-07-09 20:00:00,0.0
2012-07-09 21:00:00,0.6997889423622002
2012-07-09 22:00:00,0.0
2012-07-09 23:00:00,-0.7680885326695126
2012-07-10 00:00:00,0.0
2012-07-10 01:00:00,-1.227259064570956
2012-07-10 02:00:00,0.0
2012-07-10 03:00:00,0.0
2012-07-10 04:00:00,0.0
2012-07-10 05:00:00,0.0
2012-07-10 06:00:00,0.0
2012-07-10 07:00:00,0.0
2012-07-10 08:00:00,0.0
2012-07-10 09:00:00,0.19145902252879252
2012-07-10 10:00:00,0.0
2012-07-10 11:00:00,0.0
2012-07-10 12:00:00,0.0
2012-07-10 13:00:00,0.0
2012-07-10 14:00:00,1.019652693172872
2012-07-10 15:00:00,1.010913246429407
2012-07-10 16:00:00,0.8794282701740357
2012-07-10 17:00:00,0.0
2012-07-10 18:00:00,0.0
2012-07-10 19:00:00,0.0
2012-07-10 20:00:00,0.927670016197951
2012-07-10 21:00:00,0.0
2012-07-10 22:00:00,0.0
2012-07-10 23:00:00,0.0
2012-07-11 00:00:00,0.0
2012-07-11 01:00:00,0.0
2012-07-11 02:00:00,0.0
2012-07-11 03:00:00,0.0
2012-07-11 04:00:00,0.0
2012-07-11 05:00:00,0.0
2012-07-11 06:00:00,0.0
2012-07-11 07:00:00,0.0
2012-07-11 08:00:00,0.0
2012-07-11 09:00:00,0.0
2012-07-11 10:00:00,0.0
2012-07-11 11:00:00,0.0
2012-07-11 12:00:00,0.0
2012-07-11 13:00:00,0.8224470774066704
2012-07-11 14:00:00,0.0
2012-07-11 15:00:00,0.0
2012-07-11 16:00:00,0.0
2012-07-11 17:00:00,0.0
2012-07-11 18:00:00,0.0
2012-07-11 19:00:00,0.0
2012-07-11 20:00:00,0.0
2012-07-11 21:00:00,0.0
2012-07-11 22:00:00,0.0
2012-07-11 23:00:00,0.0
2012-07-12 00:00:00,-1.2491513786633257
2012-07-12 01:00:00,0.0
2012-07-12 02:00:00,-1.2447816552915953
2012-07-12 03:00:00,0.0
2012-07-12 04:00:00,0.0
2012-07-12 05:00:00,-1.3147409264730003
2012-07-12 06:00:00,0.0
2012-07-12 07:00:00,0.0
2012-07-12 08:00:00,0.0
2012-07-12 09:00:00,0.0
2012-07-12 10:00:00,0.0
2012-07-12 11:00:00,0.0
2012-07-12 12:00:00,0.0
2012-07-12 13:00:00,0.0
2012-07-12 14:00:00,0.0
2012-07-12 15:00:00,0.0
2012-07-12 16:00:00,0.0
2012-07-12 17:00:00,0.9846512089653165
2012-07-12 18:00:00,1.146724248822793
2012-07-12 19:00:00,0.0
2012-07-12 20:00:00,0.9714983416164005
2012-07-12 21:00:00,0.0
2012-07-12 22:00:00,0.0
2012-07-12 23:00:00,-0.8555703945715591
2012-07-13 00:00:00,0.0
2012-07-13 01:00:00,0.0
2012-07-13 02:00:00,0.0
2012-07-13 03:00:00,0.0
2012-07-13 04:00:00,0.0
2012-07-13 05:00:00,0.0
2012-07-13 06:00:00,0.0
2012-07-13 07:00:00,0.0
2012-07-13 08:00:00,0.0
2012-07-13 09:00:00,0.4062309262493435
2012-07-13 10:00:00,0.0
2012-07-13 11:00:00,0.0
2012-07-13 12:00:00,0.0
2012-07-13 13:00:00,0.0
2012-07-13 14:00:00,0.0
2012-07-13 15:00:00,0.0
2012-07-13 16:00:00,0.0
2012-07-13 17:00:00,0.0
2012-07-13 18:00:00,0.0
2012-07-13 19:00:00,0.0
2012-07-13 20:00:00,0.0
2012-07-13 21:00:00,0.0
2012-07-13 22:00:00,0.0
2012-07-13 23:00:00,0.0
2012-07-14 00:00:00,0.0
2012-07-14 01:00:00,0.0
2012-07-14 02:00:00,0.0
2012-07-14 03:00:00,0.0
2012-07-14 04:00:00,0.0
2012-07-14 05:00:00,0.0
2012-07-14 06:00:00,0.0
2012-07-14 07:00:00,0.0
2012-07-14 08:00:00,-0.23747302364027856
2012-07-14 09:00:00,0.0
2012-07-14 10:00:00,0.0
2012-07-14 11:00:00,0.0
2012-07-14 12:00:00,0.0
2012-07-14 13:00:00,0.0
2012-07-14 14:00:00,0.0
2012-07-14 15:00:00,0.0
2012-07-14 16:00:00,0.0
2012-07-14 17:00:00,0.0
2012-07-14 18:00:00,0.0
2012-07-14 19:00:00,0.0
2012-07-14 20:00:00,0.0
2012-07-14 21:00:00,0.0
2012-07-14 22:00:00,0.0
2012-07-14 23:00:00,0.0
2012-07-15 00:00:00,0.0
2012-07-15 01:00:00,0.0
2012-07-15 02:00:00,0.0
2012-07-15 03:00:00,-1.161713213994998
2012-07-15 04:00:00,0.0
2012-07-15 05:00:00,-1.2885225862426177
2012-07-15 06:00:00,0.0
2012-07-15 07:00:00,0.0
2012-07-15 08:00:00,0.0
2012-07-15 09:00:00,0.0
2012-07-15 10:00:00,0.0
2012-07-15 11:00:00,0.0
2012-07-15 12:00:00,0.0
2012-07-15 13:00:00,1.054741571847864
2012-07-15 14:00:00,0.0
2012-07-15 15:00:00,1.2650563577292564
2012-07-15 16:00:00,0.0
2012-07-15 17:00:00,0.0
2012-07-15 18:00:00,0.0
2012-07-15 19:00:00,1.484154287587831
2012-07-15 20:00:00,0.0
2012-07-15 21:00:00,0.0
2012-07-15 22:00:00,0.0
2012-07-15 23:00:00,0.0
2012-07-16 00:00:00,0.0
2012-07-16 01:00:00,0.0
2012-07-16 02:00:00,0.0
2012-07-16 03:00:00,0.0
2012-07-16 04:00:00,0.0
2012-07-16 05:00:00,0.0
2012-07-16 06:00:00,0.0
2012-07-16 07:00:00,0.0
2012-07-16 08:00:00,0.0
2012-07-16 09:00:00,0.03244478903151684
2012-07-16 10:00:00,0.0
2012-07-16 11:00:00,0.0
2012-07-16 12:00:00,0.0
2012-07-16 13:00:00,0.0
2012-07-16 14:00:00,0.0
2012-07-16 15:00:00,0.0
2012-07-16 16:00:00,1.4491091061465489
2012-07-16 17:00:00,0.0
2012-07-16 18:00:00,1.6988824940746656
2012-07-16 19:00:00,0.0
2012-07-16 20:00:00,0.0
2012-07-16 21:00:00,0.0
2012-07-16 22:00:00,0.0
2012-07-16 23:00:00,0.0
2012-07-17 00:00:00,0.0
2012-07-17 01:00:00,0.0
2012-07-17 02:00:00,0.0
2012-07-17 03:00:00,0.0
2012-07-17 04:00:00,0.0
2012-07-17 05:00:00,0.0
2012-07-17 06:00:00,0.0
2012-07-17 07:00:00,0.0
2012-07-17 08:00:00,0.0
2012-07-17 09:00:00,0.4267249288627646
2012-07-17 10:00:00,0.0
2012-07-17 11:00:00,0.0
2012-07-17 12:00:00,1.2519471876140733
2012-07-17 13:00:00,0.0
2012-07-17 14:00:00,0.0
2012-07-17 15:00:00,0.0
2012-07-17 16:00:00,0.0
2012-07-17 17:00:00,0.0
2012-07-17 18:00:00,0.0
2012-07-17 19:00:00,1.5718109384247447
2012-07-17 20:00:00,0.0
2012-07-17 21:00:00,0.0
2012-07-17 22:00:00,0.726138374293735
2012-07-17 23:00:00,0.0
2012-07-18 00:00:00,0.0
2012-07-18 01:00:00,-1.030534118375648
2012-07-18 02:00:00,0.0
2012-07-18 03:00:00,-1.0173812510267402
2012-07-18 04:00:00,-1.0524264324680181
2012-07-18 05:00:00,0.0
2012-07-18 06:00:00,-1.1529737672515377
2012-07-18 07:00:00,0.0
2012-07-18 08:00:00,0.0
2012-07-18 09:00:00,0.09816542854234779
2012-07-18 10:00:00,0.9364094629414008
2012-07-18 11:00:00,0.0
2012-07-18 12:00:00,1.322037550496621
2012-07-18 13:00:00,1.7296016493779327
2012-07-18 14:00:00,0.0
2012-07-18 15:00:00,0.0
2012-07-18 16:00:00,0.0
2012-07-18 17:00:00,0.0
2012-07-18 18:00:00,0.0
2012-07-18 19:00:00,0.0
2012-07-18 20:00:00,0.0
2012-07-18 21:00:00,1.3439735618227047
2012-07-18 22:00:00,0.0
2012-07-18 23:00:00,0.0
2012-07-19 00:00:00,0.0
2012-07-19 01:00:00,0.0
2012-07-19 02:00:00,0.0
2012-07-19 03:00:00,0.0
2012-07-19 04:00:00,0.0
2012-07-19 05:00:00,0.0
2012-07-19 06:00:00,0.0
2012-07-19 07:00:00,0.0
2012-07-19 08:00:00,-0.2812576518250178
2012-07-19 09:00:00,0.0
2012-07-19 10:00:00,0.0
2012-07-19 11:00:00,0.0
2012-07-19 12:00:00,0.0
2012-07-19 13:00:00,1.6156392638432016
2012-07-19 14:00:00,0.0
2012-07-19 15:00:00,0.0
2012-07-19 16:00:00,0.0
2012-07-19 17:00:00,0.0
2012-07-19 18:00:00,0.0
2012-07-19 19:00:00,0.0
2012-07-19 20:00:00,0.0
2012-07-19 21:00:00,0.0
2012-07-19 22:00:00,0.0
2012-07-19 23:00:00,0.0
2012-07-20 00:00:00,0.0
2012-07-20 01:00:00,0.0
2012-07-20 02:00:00,0.0
2012-07-20 03:00:00,-1.1311251503928852
2012-07-20 04:00:00,0.0
2012-07-20 05:00:00,-1.2578908254067869
2012-07-20 06:00:00,0.0
2012-07-20 07:00:00,0.0
2012-07-20 08:00:00,0.0
2012-07-20 09:00:00,0.0
2012-07-20 10:00:00,0.0
2012-07-20 11:00:00,0.0
2012-07-20 12:00:00,0.0
2012-07-20 13:00:00,0.0
2012-07-20 14:00:00,1.2914057896607825
2012-07-20 15:00:00,1.5105037195193571
2012-07-20 16:00:00,0.0
2012-07-20 17:00:00,0.0
2012-07-20 18:00:00,0.0
2012-07-20 19:00:00,0.0
2012-07-20 20:00:00,0.0
2012-07-20 21:00:00,0.0
2012-07-20 22:00:00,0.6647000636872084
2012-07-20 23:00:00,0.0
2012-07-21 00:00:00,-0.7288047195576569
2012-07-21 01:00:00,-1.1398208999026287
2012-07-21 02:00:00,-1.104863112928785
2012-07-21 03:00:00,-1.0873842194418628
2012-07-21 04:00:00,-1.1923012775971122
2012-07-21 05:00:00,0.0
2012-07-21 06:00:00,0.0
2012-07-21 07:00:00,0.0
2012-07-21 08:00:00,0.0
2012-07-21 09:00:00,0.0
2012-07-21 10:00:00,0.0
2012-07-21 11:00:00,0.0
2012-07-21 12:00:00,0.879428270174043
2012-07-21 13:00:00,0.0
2012-07-21 14:00:00,0.0
2012-07-21 15:00:00,0.0
2012-07-21 16:00:00,0.0
2012-07-21 17:00:00,1.339560141217262
2012-07-21 18:00:00,0.0
2012-07-21 19:00:00,0.0
2012-07-21 20:00:00,0.0
2012-07-21 21:00:00,0.0
2012-07-21 22:00:00,0.8137076306632129
2012-07-21 23:00:00,0.0
2012-07-22 00:00:00,0.0
2012-07-22 01:00:00,0.0
2012-07-22 02:00:00,0.0
2012-07-22 03:00:00,0.0
2012-07-22 04:00:00,0.0
2012-07-22 05:00:00,0.0
2012-07-22 06:00:00,-1.0655356025832095
2012-07-22 07:00:00,0.0
2012-07-22 08:00:00,0.0
2012-07-22 09:00:00,0.0
2012-07-22 10:00:00,0.0
2012-07-22 11:00:00,0.0
2012-07-22 12:00:00,0.0
2012-07-22 13:00:00,1.53235233637802
2012-07-22 14:00:00,0.0
2012-07-22 15:00:00,0.0
2012-07-22 16:00:00,0.0
2012-07-22 17:00:00,0.0
2012-07-22 18:00:00,0.0
2012-07-22 19:00:00,1.3921279133791842
2012-07-22 20:00:00,0.0
2012-07-22 21:00:00,0.0
2012-07-22 22:00:00,0.0
2012-07-22 23:00:00,-0.23301590580111364
2012-07-23 00:00:00,0.0
2012-07-23 01:00:00,0.0
2012-07-23 02:00:00,0.0
2012-07-23 03:00:00,-1.0610784847440444
2012-07-23 04:00:00,0.0
2012-07-23 05:00:00,-1.1923449748308297
2012-07-23 06:00:00,-0.9824234640528962
2012-07-23 07:00:00,0.0
2012-07-23 08:00:00,0.0
2012-07-23 09:00:00,0.0
2012-07-23 10:00:00,0.0
2012-07-23 11:00:00,0.9933906557087737
2012-07-23 12:00:00,1.085373332683695
2012-07-23 13:00:00,0.0
2012-07-23 14:00:00,0.0
2012-07-23 15:00:00,1.2782092250781643
2012-07-23 16:00:00,0.0
2012-07-23 17:00:00,1.3921279133791842
2012-07-23 18:00:00,1.501676878308471
2012-07-23 19:00:00,1.4447393827748167
2012-07-23 20:00:00,0.0
2012-07-23 21:00:00,0.0
2012-07-23 22:00:00,0.7786624492219391
2012-07-23 23:00:00,-0.2680173900086763
2012-07-24 00:00:00,0.0
2012-07-24 01:00:00,0.0
2012-07-24 02:00:00,0.0
2012-07-24 03:00:00,-1.1398645971363452
2012-07-24 04:00:00,0.0
2012-07-24 05:00:00,-1.2578908254067878
2012-07-24 06:00:00,0.0
2012-07-24 07:00:00,-0.233190694735982
2012-07-24 08:00:00,0.0
2012-07-24 09:00:00,0.0
2012-07-24 10:00:00,0.0
2012-07-24 11:00:00,0.8838416907794864
2012-07-24 12:00:00,1.1292016581021518
2012-07-24 13:00:00,0.0
2012-07-24 14:00:00,0.0
2012-07-24 15:00:00,0.0
2012-07-24 16:00:00,0.0
2012-07-24 17:00:00,0.0
2012-07-24 18:00:00,0.0
2012-07-24 19:00:00,0.0
2012-07-24 20:00:00,0.0
2012-07-24 21:00:00,0.0
2012-07-24 22:00:00,0.0
2012-07-24 23:00:00,-0.38617470998026704
2012-07-25 00:00:00,0.0
2012-07-25 01:00:00,0.0
2012-07-25 02:00:00,0.0
2012-07-25 03:00:00,0.0
2012-07-25 04:00:00,0.0
2012-07-25 05:00:00,-1.1835618308536517
2012-07-25 06:00:00,0.0
2012-07-25 07:00:00,0.0
2012-07-25 08:00:00,0.0
2012-07-25 09:00:00,0.0
2012-07-25 10:00:00,0.734834123803474
2012-07-25 11:00:00,0.0
2012-07-25 12:00:00,0.0
2012-07-25 13:00:00,0.0
2012-07-25 14:00:00,0.0
2012-07-25 15:00:00,0.0
2012-07-25 16:00:00,1.6199652899812165
2012-07-25 17:00:00,0.0
2012-07-25 18:00:00,0.0
2012-07-25 19:00:00,0.0
2012-07-25 20:00:00,0.0
2012-07-25 21:00:00,0.0
2012-07-25 22:00:00,0.0
2012-07-25 23:00:00,0.0
2012-07-26 00:00:00,0.0
2012-07-26 01:00:00,0.0
2012-07-26 02:00:00,-1.148560346646089
2012-07-26 03:00:00,0.0
2012-07-26 04:00:00,-1.0349475389810958
2012-07-26 05:00:00,0.0
2012-07-26 06:00:00,0.0
2012-07-26 07:00:00,0.0
2012-07-26 08:00:00,0.0
2012-07-26 09:00:00,0.0
2012-07-26 10:00:00,0.0
2012-07-26 11:00:00,0.9014079787338528
2012-07-26 12:00:00,0.0
2012-07-26 13:00:00,0.0
2012-07-26 14:00:00,0.0
2012-07-26 15:00:00,0.0
2012-07-26 16:00:00,1.3439298645889943
2012-07-26 17:00:00,0.0
2012-07-26 18:00:00,0.0
2012-07-26 19:00:00,0.0
2012-07-26 20:00:00,0.0
2012-07-26 21:00:00,0.0
2012-07-26 22:00:00,0.6340683028513702
2012-07-26 23:00:00,0.0
2012-07-27 00:00:00,0.0
2012-07-27 01:00:00,0.0
2012-07-27 02:00:00,-1.131081453159167
2012-07-27 03:00:00,0.0
2012-07-27 04:00:00,0.0
2012-07-27 05:00:00,0.0
2012-07-27 06:00:00,0.0
2012-07-27 07:00:00,0.0
2012-07-27 08:00:00,0.0
2012-07-27 09:00:00,0.0
2012-07-27 10:00:00,0.4237098197362682
2012-07-27 11:00:00,0.0
2012-07-27 12:00:00,0.0
2012-07-27 13:00:00,0.0
2012-07-27 14:00:00,1.1555510900336945
2012-07-27 15:00:00,1.3570827319379022
2012-07-27 16:00:00,0.0
2012-07-27 17:00:00,0.0
2012-07-27 18:00:00,0.0
2012-07-27 19:00:00,0.0
2012-07-27 20:00:00,0.0
2012-07-27 21:00:00,0.0
2012-07-27 22:00:00,0.0
2012-07-27 23:00:00,0.0
2012-07-28 00:00:00,0.0
2012-07-28 01:00:00,-1.008685501516995
2012-07-28 02:00:00,0.0
2012-07-28 03:00:00,0.0
2012-07-28 04:00:00,0.0
2012-07-28 05:00:00,0.0
2012-07-28 06:00:00,0.0
2012-07-28 07:00:00,0.0
2012-07-28 08:00:00,0.0
2012-07-28 09:00:00,0.0
2012-07-28 10:00:00,0.0
2012-07-28 11:00:00,0.0
2012-07-28 12:00:00,0.0
2012-07-28 13:00:00,1.738297398887679
2012-07-28 14:00:00,0.0
2012-07-28 15:00:00,0.0
2012-07-28 16:00:00,0.0
2012-07-28 17:00:00,0.0
2012-07-28 18:00:00,0.0
2012-07-28 19:00:00,0.0
2012-07-28 20:00:00,0.0
2012-07-28 21:00:00,0.0
2012-07-28 22:00:00,0.0
2012-07-28 23:00:00,0.0
2012-07-29 00:00:00,0.0
2012-07-29 01:00:00,0.0
2012-07-29 02:00:00,0.0
2012-07-29 03:00:00,0.0
2012-07-29 04:00:00,0.0
2012-07-29 05:00:00,0.0
2012-07-29 06:00:00,0.0
2012-07-29 07:00:00,-0.2723434161466896
2012-07-29 08:00:00,0.0
2012-07-29 09:00:00,0.0
2012-07-29 10:00:00,0.0
2012-07-29 11:00:00,0.752356714524115
2012-07-29 12:00:00,0.0
2012-07-29 13:00:00,0.0
2012-07-29 14:00:00,0.0
2012-07-29 15:00:00,1.3878018872411615
2012-07-29 16:00:00,0.0
2012-07-29 17:00:00,0.0
2012-07-29 18:00:00,0.0
2012-07-29 19:00:00,0.0
2012-07-29 20:00:00,0.0
2012-07-29 21:00:00,0.0
2012-07-29 22:00:00,0.0
2012-07-29 23:00:00,0.0
2012-07-30 00:00:00,0.0
2012-07-30 01:00:00,0.0
2012-07-30 02:00:00,0.0
2012-07-30 03:00:00,0.0
2012-07-30 04:00:00,0.0
2012-07-30 05:00:00,-1.2666302721502483
2012-07-30 06:00:00,0.0
2012-07-30 07:00:00,0.0
2012-07-30 08:00:00,0.0
2012-07-30 09:00:00,0.0
2012-07-30 10:00:00,0.0
2012-07-30 11:00:00,0.0
2012-07-30 12:00:00,0.0
2012-07-30 13:00:00,0.0
2012-07-30 14:00:00,0.0
2012-07-30 15:00:00,0.0
2012-07-30 16:00:00,0.0
2012-07-30 17:00:00,1.3614087580759164
2012-07-30 18:00:00,0.0
2012-07-30 19:00:00,1.3746053226585433
2012-07-30 20:00:00,0.0
2012-07-30 21:00:00,0.0
2012-07-30 22:00:00,0.0
2012-07-30 23:00:00,-0.5916391029190355
2012-07-31 00:00:00,0.0
2012-07-31 01:00:00,-1.0873842194418621
2012-07-31 02:00:00,0.0
2012-07-31 03:00:00,0.0
2012-07-31 04:00:00,-1.0699053259549403
2012-07-31 05:00:00,0.0
2012-07-31 06:00:00,0.0
2012-07-31 07:00:00,0.0
2012-07-31 08:00:00,0.0
2012-07-31 09:00:00,0.0498799852847174
2012-07-31 10:00:00,0.0
2012-07-31 11:00:00,0.3974477822721618
2012-07-31 12:00:00,0.0
2012-07-31 13:00:00,0.0
2012-07-31 14:00:00,0.0
2012-07-31 15:00:00,0.0
2012-07-31 16:00:00,0.0
2012-07-31 17:00:00,0.0
2012-07-31 18:00:00,0.0
2012-07-31 19:00:00,0.0
2012-07-31 20:00:00,0.0
2012-07-31 21:00:00,0.0
2012-07-31 22:00:00,0.0
2012-07-31 23:00:00,0.0
2012-08-01 00:00:00,0.0
2012-08-01 01:00:00,0.0
2012-08-01 02:00:00,-1.2360422085481348
2012-08-01 03:00:00,0.0
2012-08-01 04:00:00,0.0
2012-08-01 05:00:00,0.0
2012-08-01 06:00:00,0.0
2012-08-01 07:00:00,-0.43424166706930234
2012-08-01 08:00:00,0.0
2012-08-01 09:00:00,0.0
2012-08-01 10:00:00,0.0
2012-08-01 11:00:00,0.0
2012-08-01 12:00:00,0.0
2012-08-01 13:00:00,0.0
2012-08-01 14:00:00,0.0
2012-08-01 15:00:00,0.0
2012-08-01 16:00:00,1.2519034903803476
2012-08-01 17:00:00,0.0
2012-08-01 18:00:00,0.0
2012-08-01 19:00:00,0.0
2012-08-01 20:00:00,0.0
2012-08-01 21:00:00,0.0
2012-08-01 22:00:00,0.6077625681535461
2012-08-01 23:00:00,0.0
2012-08-02 00:00:00,0.0
2012-08-02 01:00:00,0.0
2012-08-02 02:00:00,0.0
2012-08-02 03:00:00,0.0
2012-08-02 04:00:00,0.0
2012-08-02 05:00:00,0.0
2012-08-02 06:00:00,0.0
2012-08-02 07:00:00,0.0
2012-08-02 08:00:00,0.0
2012-08-02 09:00:00,0.0
2012-08-02 10:00:00,0.0
2012-08-02 11:00:00,0.0
2012-08-02 12:00:00,0.0
2012-08-02 13:00:00,0.0
2012-08-02 14:00:00,0.0
2012-08-02 15:00:00,0.0
2012-08-02 16:00:00,0.0
2012-08-02 17:00:00,0.0
2012-08-02 18:00:00,1.4096942013335425
2012-08-02 19:00:00,0.0
2012-08-02 20:00:00,0.0
2012-08-02 21:00:00,0.0
2012-08-02 22:00:00,0.0
2012-08-02 23:00:00,-0.6982166559555432
2012-08-03 00:00:00,0.0
2012-08-03 01:00:00,0.0
2012-08-03 02:00:00,0.0
2012-08-03 03:00:00,0.0
2012-08-03 04:00:00,0.0
2012-08-03 05:00:00,-1.1923012775971122
2012-08-03 06:00:00,0.0
2012-08-03 07:00:00,0.0
2012-08-03 08:00:00,0.0
2012-08-03 09:00:00,0.0
2012-08-03 10:00:00,0.0
2012-08-03 11:00:00,1.0021301024522387
2012-08-03 12:00:00,0.0
2012-08-03 13:00:00,0.0
2012-08-03 14:00:00,0.0
2012-08-03 15:00:00,0.0
2012-08-03 16:00:00,0.0
2012-08-03 17:00:00,0.0
2012-08-03 18:00:00,0.0
2012-08-03 19:00:00,0.0
2012-08-03 20:00:00,0.0
2012-08-03 21:00:00,0.0
2012-08-03 22:00:00,0.0
2012-08-03 23:00:00,0.0
2012-08-04 00:00:00,0.0
2012-08-04 01:00:00,-1.1267117297874372
2012-08-04 02:00:00,0.0
2012-08-04 03:00:00,0.0
2012-08-04 04:00:00,-1.104863112928785
2012-08-04 05:00:00,-1.2141935916894826
2012-08-04 06:00:00,0.0
2012-08-04 07:00:00,0.0
2012-08-04 08:00:00,0.0
2012-08-04 09:00:00,0.0
2012-08-04 10:00:00,0.0
2012-08-04 11:00:00,0.0
2012-08-04 12:00:00,0.0
2012-08-04 13:00:00,0.0
2012-08-04 14:00:00,0.0
2012-08-04 15:00:00,1.4885677081932667
2012-08-04 16:00:00,0.0
2012-08-04 17:00:00,0.0
2012-08-04 18:00:00,0.0
2012-08-04 19:00:00,0.0
2012-08-04 20:00:00,0.0
2012-08-04 21:00:00,1.0415887044989631
2012-08-04 22:00:00,0.0
2012-08-04 23:00:00,0.0
2012-08-05 00:00:00,-0.7637625065315006
2012-08-05 01:00:00,0.0
2012-08-05 02:00:00,0.0
2012-08-05 03:00:00,0.0
2012-08-05 04:00:00,0.0
2012-08-05 05:00:00,0.0
2012-08-05 06:00:00,-1.2754134161274269
2012-08-05 07:00:00,0.0
2012-08-05 08:00:00,0.0
2012-08-05 09:00:00,0.0
2012-08-05 10:00:00,0.0
2012-08-05 11:00:00,0.0
2012-08-05 12:00:00,0.0
2012-08-05 13:00:00,0.0
2012-08-05 14:00:00,0.9539757508957672
2012-08-05 15:00:00,0.0
2012-08-05 16:00:00,0.0
2012-08-05 17:00:00,0.0
2012-08-05 18:00:00,0.0
2012-08-05 19:00:00,0.0
2012-08-05 20:00:00,0.0
2012-08-05 21:00:00,0.6340683028513775
2012-08-05 22:00:00,0.28789881734288225
2012-08-05 23:00:00,0.0
2012-08-06 00:00:00,0.0
2012-08-06 01:00:00,0.0
2012-08-06 02:00:00,0.0
2012-08-06 03:00:00,0.0
2012-08-06 04:00:00,-1.1879315542253814
2012-08-06 05:00:00,0.0
2012-08-06 06:00:00,0.0
2012-08-06 07:00:00,0.0
2012-08-06 08:00:00,0.0
2012-08-06 09:00:00,0.0
2012-08-06 10:00:00,0.0
2012-08-06 11:00:00,0.0
2012-08-06 12:00:00,0.36235890359717077
2012-08-06 13:00:00,0.0
2012-08-06 14:00:00,0.0
2012-08-06 15:00:00,0.0
2012-08-06 16:00:00,0.0
2012-08-06 17:00:00,0.7085283891056579
2012-08-06 18:00:00,0.0
2012-08-06 19:00:00,0.0
2012-08-06 20:00:00,0.0
2012-08-06 21:00:00,1.06789443919678
2012-08-06 22:00:00,0.0
2012-08-06 23:00:00,0.0
2012-08-07 00:00:00,0.0
2012-08-07 01:00:00,0.0
2012-08-07 02:00:00,-1.2929360068480653
2012-08-07 03:00:00,0.0
2012-08-07 04:00:00,-1.2228893411992252
2012-08-07 05:00:00,0.0
2012-08-07 06:00:00,0.0
2012-08-07 07:00:00,0.0
2012-08-07 08:00:00,-0.6195179380306762
2012-08-07 09:00:00,0.0
2012-08-07 10:00:00,0.0
2012-08-07 11:00:00,0.11262921290276741
2012-08-07 12:00:00,0.0
2012-08-07 13:00:00,0.0
2012-08-07 14:00:00,0.0
2012-08-07 15:00:00,0.0
2012-08-07 16:00:00,0.0
2012-08-07 17:00:00,0.0
2012-08-07 18:00:00,0.0
2012-08-07 19:00:00,0.0
2012-08-07 20:00:00,0.0
2012-08-07 21:00:00,0.0
2012-08-07 22:00:00,0.664743760920919
2012-08-07 23:00:00,-0.7419138896728484
2012-08-08 00:00:00,0.0
2012-08-08 01:00:00,-1.183561830853651
2012-08-08 02:00:00,0.0
2012-08-08 03:00:00,-1.1398208999026294
2012-08-08 04:00:00,0.0
2012-08-08 05:00:00,0.0
2012-08-08 06:00:00,0.0
2012-08-08 07:00:00,0.0
2012-08-08 08:00:00,-0.5364057995003623
2012-08-08 09:00:00,0.0
2012-08-08 10:00:00,0.0
2012-08-08 11:00:00,0.0
2012-08-08 12:00:00,0.7524004117578409
2012-08-08 13:00:00,0.0
2012-08-08 14:00:00,0.0
2012-08-08 15:00:00,0.0
2012-08-08 16:00:00,0.0
2012-08-08 17:00:00,0.0
2012-08-08 18:00:00,0.0
2012-08-08 19:00:00,0.0
2012-08-08 20:00:00,1.2431640436368978
2012-08-08 21:00:00,0.0
2012-08-08 22:00:00,0.0
2012-08-08 23:00:00,0.0
2012-08-09 00:00:00,-1.0654919053494927
2012-08-09 01:00:00,0.0
2012-08-09 02:00:00,0.0
2012-08-09 03:00:00,0.0
2012-08-09 04:00:00,0.0
2012-08-09 05:00:00,-1.0174249482604574
2012-08-09 06:00:00,0.0
2012-08-09 07:00:00,0.0
2012-08-09 08:00:00,0.0
2012-08-09 09:00:00,0.0
2012-08-09 10:00:00,0.0
2012-08-09 11:00:00,0.0
2012-08-09 12:00:00,0.0
2012-08-09 13:00:00,0.0
2012-08-09 14:00:00,0.0
2012-08-09 15:00:00,0.0
2012-08-09 16:00:00,0.0
2012-08-09 17:00:00,0.0
2012-08-09 18:00:00,0.0
2012-08-09 19:00:00,0.0
2012-08-09 20:00:00,0.0
2012-08-09 21:00:00,0.0
2012-08-09 22:00:00,0.0
2012-08-09 23:00:00,0.0
2012-08-10 00:00:00,0.0
2012-08-10 01:00:00,0.0
2012-08-10 02:00:00,0.0
2012-08-10 03:00:00,0.0
2012-08-10 04:00:00,-1.1617569112287154
2012-08-10 05:00:00,0.0
2012-08-10 06:00:00,0.0
2012-08-10 07:00:00,0.0
2012-08-10 08:00:00,0.0
2012-08-10 09:00:00,0.0
2012-08-10 10:00:00,0.0
2012-08-10 11:00:00,1.015282969801147
2012-08-10 12:00:00,0.0
2012-08-10 13:00:00,0.0
2012-08-10 14:00:00,0.0
2012-08-10 15:00:00,0.0
2012-08-10 16:00:00,1.3921279133791842
2012-08-10 17:00:00,1.3965413339846269
2012-08-10 18:00:00,1.6419449985410104
2012-08-10 19:00:00,0.0
2012-08-10 20:00:00,0.0
2012-08-10 21:00:00,0.0
2012-08-10 22:00:00,0.0
2012-08-10 23:00:00,0.3010079874580799
2012-08-11 00:00:00,-0.7987639907390616
2012-08-11 01:00:00,0.0
2012-08-11 02:00:00,0.0
2012-08-11 03:00:00,0.0
2012-08-11 04:00:00,-1.1486040438798073
2012-08-11 05:00:00,0.0
2012-08-11 06:00:00,0.0
2012-08-11 07:00:00,0.0
2012-08-11 08:00:00,0.0
2012-08-11 09:00:00,0.0
2012-08-11 10:00:00,0.0
2012-08-11 11:00:00,0.0
2012-08-11 12:00:00,0.0
2012-08-11 13:00:00,0.0
2012-08-11 14:00:00,0.0
2012-08-11 15:00:00,0.0
2012-08-11 16:00:00,0.0
2012-08-11 17:00:00,0.0
2012-08-11 18:00:00,0.0
2012-08-11 19:00:00,0.0
2012-08-11 20:00:00,0.0
2012-08-11 21:00:00,0.0
2012-08-11 22:00:00,0.0
2012-08-11 23:00:00,0.5551947959916317
2012-08-12 00:00:00,0.0
2012-08-12 01:00:00,0.0
2012-08-12 02:00:00,0.0
2012-08-12 03:00:00,0.0
2012-08-12 04:00:00,0.0
2012-08-12 05:00:00,0.0
2012-08-12 06:00:00,0.0
2012-08-12 07:00:00,-0.09890909552270288
2012-08-12 08:00:00,-0.5538846929872844
2012-08-12 09:00:00,0.0
2012-08-12 10:00:00,0.0
2012-08-12 11:00:00,0.44560213382864144
2012-08-12 12:00:00,0.0
2012-08-12 13:00:00,0.0
2012-08-12 14:00:00,0.0
2012-08-12 15:00:00,1.0284358371500548
2012-08-12 16:00:00,0.0
2012-08-12 17:00:00,0.0
2012-08-12 18:00:00,0.0
2012-08-12 19:00:00,0.0
2012-08-12 20:00:00,0.0
2012-08-12 21:00:00,0.0
2012-08-12 22:00:00,0.0
2012-08-12 23:00:00,0.0
2012-08-13 00:00:00,0.0
2012-08-13 01:00:00,0.0
2012-08-13 02:00:00,-1.2885662834763352
2012-08-13 03:00:00,-1.1573434906232687
2012-08-13 04:00:00,0.0
2012-08-13 05:00:00,0.0
2012-08-13 06:00:00,0.0
2012-08-13 07:00:00,-0.2840105775492084
2012-08-13 08:00:00,0.0
2012-08-13 09:00:00,0.0
2012-08-13 10:00:00,0.0
2012-08-13 11:00:00,0.0
2012-08-13 12:00:00,0.0
2012-08-13 13:00:00,0.0
2012-08-13 14:00:00,0.0
2012-08-13 15:00:00,0.0
2012-08-13 16:00:00,0.0
2012-08-13 17:00:00,0.0
2012-08-13 18:00:00,0.0
2012-08-13 19:00:00,0.0
2012-08-13 20:00:00,0.0
2012-08-13 21:00:00,0.0
2012-08-13 22:00:00,0.0
2012-08-13 23:00:00,0.0
2012-08-14 00:00:00,0.0
2012-08-14 01:00:00,0.0
2012-08-14 02:00:00,0.0
2012-08-14 03:00:00,-1.026120697770201
2012-08-14 04:00:00,0.0
2012-08-14 05:00:00,0.0
2012-08-14 06:00:00,0.0
2012-08-14 07:00:00,0.0
2012-08-14 08:00:00,0.0
2012-08-14 09:00:00,0.0
2012-08-14 10:00:00,0.8444267859664799
2012-08-14 11:00:00,0.0
2012-08-14 12:00:00,0.0
2012-08-14 13:00:00,0.0
2012-08-14 14:00:00,0.0
2012-08-14 15:00:00,0.0
2012-08-14 16:00:00,0.0
2012-08-14 17:00:00,0.0
2012-08-14 18:00:00,0.0
2012-08-14 19:00:00,0.0
2012-08-14 20:00:00,0.0
2012-08-14 21:00:00,0.0
2012-08-14 22:00:00,0.7786624492219391
2012-08-14 23:00:00,0.0
2012-08-15 00:00:00,0.0
2012-08-15 01:00:00,0.0
2012-08-15 02:00:00,0.0
2012-08-15 03:00:00,0.0
2012-08-15 04:00:00,0.0
2012-08-15 05:00:00,0.0
2012-08-15 06:00:00,0.0
2012-08-15 07:00:00,0.0
2012-08-15 08:00:00,-0.17039776988421393
2012-08-15 09:00:00,0.0
2012-08-15 10:00:00,0.0
2012-08-15 11:00:00,0.0
2012-08-15 12:00:00,0.0
2012-08-15 13:00:00,0.0
2012-08-15 14:00:00,0.0
2012-08-15 15:00:00,0.0
2012-08-15 16:00:00,0.0
2012-08-15 17:00:00,0.0
2012-08-15 18:00:00,0.0
2012-08-15 19:00:00,0.0
2012-08-15 20:00:00,0.0
2012-08-15 21:00:00,0.467538145154725
2012-08-15 22:00:00,0.0
2012-08-15 23:00:00,0.0
2012-08-16 00:00:00,0.0
2012-08-16 01:00:00,-1.1222983091819894
2012-08-16 02:00:00,0.0
2012-08-16 03:00:00,-1.0654919053494927
2012-08-16 04:00:00,0.0
2012-08-16 05:00:00,0.0
2012-08-16 06:00:00,0.0
2012-08-16 07:00:00,0.0
2012-08-16 08:00:00,0.0
2012-08-16 09:00:00,0.0
2012-08-16 10:00:00,0.0
2012-08-16 11:00:00,0.0
2012-08-16 12:00:00,0.0
2012-08-16 13:00:00,0.0
2012-08-16 14:00:00,0.0
2012-08-16 15:00:00,0.0
2012-08-16 16:00:00,1.2387506230314396
2012-08-16 17:00:00,1.2869486718216288
2012-08-16 18:00:00,0.0
2012-08-16 19:00:00,1.2169020061727913
2012-08-16 20:00:00,0.0
2012-08-16 21:00:00,0.0
2012-08-16 22:00:00,0.41497037299280803
2012-08-16 23:00:00,0.0
2012-08-17 00:00:00,-1.2098238683177522
2012-08-17 01:00:00,-1.187931554225382
2012-08-17 02:00:00,-1.2797394422654407
2012-08-17 03:00:00,0.0
2012-08-17 04:00:00,0.0
2012-08-17 05:00:00,0.0
2012-08-17 06:00:00,0.0
2012-08-17 07:00:00,0.0
2012-08-17 08:00:00,-0.36148577292998857
2012-08-17 09:00:00,0.0
2012-08-17 10:00:00,0.349206036248262
2012-08-17 11:00:00,0.0
2012-08-17 12:00:00,0.8005984605480226
2012-08-17 13:00:00,0.0
2012-08-17 14:00:00,0.0
2012-08-17 15:00:00,0.0
2012-08-17 16:00:00,0.0
2012-08-17 17:00:00,0.0
2012-08-17 18:00:00,0.0
2012-08-17 19:00:00,0.0
2012-08-17 20:00:00,0.0
2012-08-17 21:00:00,0.0
2012-08-17 22:00:00,0.0
2012-08-17 23:00:00,0.0
2012-08-18 00:00:00,0.0
2012-08-18 01:00:00,0.0
2012-08-18 02:00:00,0.0
2012-08-18 03:00:00,-1.056752458606032
2012-08-18 04:00:00,0.0
2012-08-18 05:00:00,-1.222933038432943
2012-08-18 06:00:00,0.0
2012-08-18 07:00:00,0.0
2012-08-18 08:00:00,0.0
2012-08-18 09:00:00,0.0
2012-08-18 10:00:00,0.0
2012-08-18 11:00:00,0.0
2012-08-18 12:00:00,0.0
2012-08-18 13:00:00,0.0
2012-08-18 14:00:00,0.0
2012-08-18 15:00:00,0.0
2012-08-18 16:00:00,0.0
2012-08-18 17:00:00,0.0
2012-08-18 18:00:00,0.0
2012-08-18 19:00:00,1.361496152543361
2012-08-18 20:00:00,0.0
2012-08-18 21:00:00,0.0
2012-08-18 22:00:00,0.8882114141512264
2012-08-18 23:00:00,0.0
2012-08-19 00:00:00,-0.7419138896728484
2012-08-19 01:00:00,0.0
2012-08-19 02:00:00,0.0
2012-08-19 03:00:00,0.0
2012-08-19 04:00:00,0.0
2012-08-19 05:00:00,0.0
2012-08-19 06:00:00,0.0
2012-08-19 07:00:00,0.0
2012-08-19 08:00:00,0.0
2012-08-19 09:00:00,0.0
2012-08-19 10:00:00,0.0
2012-08-19 11:00:00,0.0
2012-08-19 12:00:00,0.9845638144978722
2012-08-19 13:00:00,0.0
2012-08-19 14:00:00,0.0
2012-08-19 15:00:00,1.6682070360051238
2012-08-19 16:00:00,1.7076656380518414
2012-08-19 17:00:00,1.703252217446398
2012-08-19 18:00:00,0.0
2012-08-19 19:00:00,0.0
2012-08-19 20:00:00,0.0
2012-08-19 21:00:00,1.098569897266329
2012-08-19 22:00:00,0.0
2012-08-19 23:00:00,0.0
2012-08-20 00:00:00,0.0
2012-08-20 01:00:00,0.0
2012-08-20 02:00:00,0.0
2012-08-20 03:00:00,0.0
2012-08-20 04:00:00,0.0
2012-08-20 05:00:00,-1.1792358047156373
2012-08-20 06:00:00,0.0
2012-08-20 07:00:00,0.0
2012-08-20 08:00:00,0.0
2012-08-20 09:00:00,0.30839281995630335
2012-08-20 10:00:00,0.0
2012-08-20 11:00:00,0.0
2012-08-20 12:00:00,0.0
2012-08-20 13:00:00,0.0
2012-08-20 14:00:00,0.0
2012-08-20 15:00:00,1.7382973988876722
2012-08-20 16:00:00,0.0
2012-08-20 17:00:00,1.624378710586659
2012-08-20 18:00:00,0.0
2012-08-20 19:00:00,0.0
2012-08-20 20:00:00,1.4622619734954578
2012-08-20 21:00:00,0.0
2012-08-20 22:00:00,0.7698793052447557
2012-08-20 23:00:00,0.0
2012-08-21 00:00:00,0.0
2012-08-21 01:00:00,0.0
2012-08-21 02:00:00,0.0
2012-08-21 03:00:00,0.0
2012-08-21 04:00:00,0.0
2012-08-21 05:00:00,0.0
2012-08-21 06:00:00,0.0
2012-08-21 07:00:00,0.0
2012-08-21 08:00:00,0.0
2012-08-21 09:00:00,0.0
2012-08-21 10:00:00,0.0
2012-08-21 11:00:00,0.0
2012-08-21 12:00:00,0.0
2012-08-21 13:00:00,0.0
2012-08-21 14:00:00,0.0
2012-08-21 15:00:00,0.0
2012-08-21 16:00:00,0.0
2012-08-21 17:00:00,0.0
2012-08-21 18:00:00,0.0
2012-08-21 19:00:00,0.0
2012-08-21 20:00:00,0.0
2012-08-21 21:00:00,0.0
2012-08-21 22:00:00,0.0
2012-08-21 23:00:00,0.0
2012-08-22 00:00:00,0.0
2012-08-22 01:00:00,-1.0655356025832101
2012-08-22 02:00:00,-1.1748223841101906
2012-08-22 03:00:00,0.0
2012-08-22 04:00:00,0.0
2012-08-22 05:00:00,0.0
2012-08-22 06:00:00,0.0
2012-08-22 07:00:00,-0.2084580604519872
2012-08-22 08:00:00,0.0
2012-08-22 09:00:00,0.21632274851394068
2012-08-22 10:00:00,0.0
2012-08-22 11:00:00,0.0
2012-08-22 12:00:00,0.0
2012-08-22 13:00:00,0.0
2012-08-22 14:00:00,0.0
2012-08-22 15:00:00,0.0
2012-08-22 16:00:00,0.0
2012-08-22 17:00:00,1.1248756319641369
2012-08-22 18:00:00,0.0
2012-08-22 19:00:00,1.2782092250781643
2012-08-22 20:00:00,1.40091105735636
2012-08-22 21:00:00,0.0
2012-08-22 22:00:00,0.0
2012-08-22 23:00:00,0.0
2012-08-23 00:00:00,0.0
2012-08-23 01:00:00,0.0
2012-08-23 02:00:00,0.0
2012-08-23 03:00:00,0.0
2012-08-23 04:00:00,0.0
2012-08-23 05:00:00,0.0
2012-08-23 06:00:00,0.0
2012-08-23 07:00:00,0.0
2012-08-23 08:00:00,-0.11498967753067106
2012-08-23 09:00:00,0.0
2012-08-23 10:00:00,0.0
2012-08-23 11:00:00,0.0
2012-08-23 12:00:00,0.0
2012-08-23 13:00:00,1.3264072738683532
2012-08-23 14:00:00,0.0
2012-08-23 15:00:00,0.0
2012-08-23 16:00:00,0.0
2012-08-23 17:00:00,0.0
2012-08-23 18:00:00,0.0
2012-08-23 19:00:00,0.0
2012-08-23 20:00:00,0.0
2012-08-23 21:00:00,0.0
2012-08-23 22:00:00,0.0
2012-08-23 23:00:00,-0.28553998072931475
2012-08-24 00:00:00,0.0
2012-08-24 01:00:00,0.0
2012-08-24 02:00:00,0.0
2012-08-24 03:00:00,0.0
2012-08-24 04:00:00,0.0
2012-08-24 05:00:00,0.0
2012-08-24 06:00:00,-1.218563315061212
2012-08-24 07:00:00,-0.23756041810771253
2012-08-24 08:00:00,0.0
2012-08-24 09:00:00,0.1651969850646948
2012-08-24 10:00:00,0.0
2012-08-24 11:00:00,0.0
2012-08-24 12:00:00,0.0
2012-08-24 13:00:00,0.0
2012-08-24 14:00:00,0.0
2012-08-24 15:00:00,0.0
2012-08-24 16:00:00,0.0
2012-08-24 17:00:00,1.3614524553096354
2012-08-24 18:00:00,1.3964976367509165
2012-08-24 19:00:00,0.0
2012-08-24 20:00:00,0.0
2012-08-24 21:00:00,0.0
2012-08-24 22:00:00,0.0
2012-08-24 23:00:00,0.0
2012-08-25 00:00:00,0.0
2012-08-25 01:00:00,0.0
2012-08-25 02:00:00,0.0
2012-08-25 03:00:00,0.0
2012-08-25 04:00:00,-0.8730929852921985
2012-08-25 05:00:00,0.0
2012-08-25 06:00:00,0.0
2012-08-25 07:00:00,0.0
2012-08-25 08:00:00,0.0
2012-08-25 09:00:00,0.0
2012-08-25 10:00:00,0.0
2012-08-25 11:00:00,0.0
2012-08-25 12:00:00,0.9495623302903164
2012-08-25 13:00:00,0.0
2012-08-25 14:00:00,0.0
2012-08-25 15:00:00,1.598072975888851
2012-08-25 16:00:00,0.0
2012-08-25 17:00:00,0.0
2012-08-25 18:00:00,0.0
2012-08-25 19:00:00,0.0
2012-08-25 20:00:00,1.2650563577292633
2012-08-25 21:00:00,0.0
2012-08-25 22:00:00,0.0
2012-08-25 23:00:00,0.0
2012-08-26 00:00:00,0.0
2012-08-26 01:00:00,0.0
2012-08-26 02:00:00,0.0
2012-08-26 03:00:00,-1.139864597136346
2012-08-26 04:00:00,0.0
2012-08-26 05:00:00,0.0
2012-08-26 06:00:00,0.0
2012-08-26 07:00:00,0.0
2012-08-26 08:00:00,0.0
2012-08-26 09:00:00,0.1944741316552794
2012-08-26 10:00:00,0.0
2012-08-26 11:00:00,0.0
2012-08-26 12:00:00,0.0
2012-08-26 13:00:00,0.0
2012-08-26 14:00:00,0.0
2012-08-26 15:00:00,1.431586515425908
2012-08-26 16:00:00,0.0
2012-08-26 17:00:00,1.4228470686824513
2012-08-26 18:00:00,1.4140639247052678
2012-08-26 19:00:00,0.0
2012-08-26 20:00:00,1.006499825823964
2012-08-26 21:00:00,0.0
2012-08-26 22:00:00,0.0
2012-08-26 23:00:00,-0.8731366825259148
2012-08-27 00:00:00,0.0
2012-08-27 01:00:00,0.0
2012-08-27 02:00:00,-1.2448253525253128
2012-08-27 03:00:00,0.0
2012-08-27 04:00:00,0.0
2012-08-27 05:00:00,-1.2797394422654391
2012-08-27 06:00:00,-1.0961236661853229
2012-08-27 07:00:00,0.0
2012-08-27 08:00:00,0.0
2012-08-27 09:00:00,0.0
2012-08-27 10:00:00,0.2660065032505064
2012-08-27 11:00:00,0.0
2012-08-27 12:00:00,0.0
2012-08-27 13:00:00,0.9013642815001196
2012-08-27 14:00:00,0.0
2012-08-27 15:00:00,0.0
2012-08-27 16:00:00,0.0
2012-08-27 17:00:00,0.0
2012-08-27 18:00:00,0.0
2012-08-27 19:00:00,0.0
2012-08-27 20:00:00,0.0
2012-08-27 21:00:00,0.0
2012-08-27 22:00:00,0.0
2012-08-27 23:00:00,0.0
2012-08-28 00:00:00,0.0
2012-08-28 01:00:00,0.0
2012-08-28 02:00:00,-1.0830144960701318
2012-08-28 03:00:00,0.0
2012-08-28 04:00:00,0.0
2012-08-28 05:00:00,0.0
2012-08-28 06:00:00,0.0
2012-08-28 07:00:00,0.0
2012-08-28 08:00:00,0.0
2012-08-28 09:00:00,0.0
2012-08-28 10:00:00,0.0
2012-08-28 11:00:00,0.0
2012-08-28 12:00:00,0.8838416907794937
2012-08-28 13:00:00,1.3965413339846269
2012-08-28 14:00:00,1.365865875915078
2012-08-28 15:00:00,0.0
2012-08-28 16:00:00,0.0
2012-08-28 17:00:00,0.0
2012-08-28 18:00:00,0.0
2012-08-28 19:00:00,0.0
2012-08-28 20:00:00,0.0
2012-08-28 21:00:00,0.0
2012-08-28 22:00:00,0.2528099386678834
2012-08-28 23:00:00,0.0
2012-08-29 00:00:00,0.0
2012-08-29 01:00:00,0.0
2012-08-29 02:00:00,-1.104863112928785
2012-08-29 03:00:00,0.0
2012-08-29 04:00:00,0.0
2012-08-29 05:00:00,0.0
2012-08-29 06:00:00,-1.1092765335342325
2012-08-29 07:00:00,0.0
2012-08-29 08:00:00,0.0
2012-08-29 09:00:00,0.0
2012-08-29 10:00:00,0.0
2012-08-29 11:00:00,0.6735269048981021
2012-08-29 12:00:00,0.0
2012-08-29 13:00:00,0.0
2012-08-29 14:00:00,0.0
2012-08-29 15:00:00,0.0
2012-08-29 16:00:00,0.9320397395696759
2012-08-29 17:00:00,1.1204622113587022
2012-08-29 18:00:00,0.0
2012-08-29 19:00:00,0.0
2012-08-29 20:00:00,0.0
2012-08-29 21:00:00,0.0
2012-08-29 22:00:00,0.0
2012-08-29 23:00:00,0.0
2012-08-30 00:00:00,0.0
2012-08-30 01:00:00,0.0
2012-08-30 02:00:00,0.0
2012-08-30 03:00:00,-1.2797831394991557
2012-08-30 04:00:00,0.0
2012-08-30 05:00:00,0.0
2012-08-30 06:00:00,0.0
2012-08-30 07:00:00,0.0
2012-08-30 08:00:00,0.0
2012-08-30 09:00:00,0.0
2012-08-30 10:00:00,0.0
2012-08-30 11:00:00,0.0
2012-08-30 12:00:00,0.0
2012-08-30 13:00:00,0.0
2012-08-30 14:00:00,0.0
2012-08-30 15:00:00,0.0
2012-08-30 16:00:00,0.0
2012-08-30 17:00:00,1.1773997068923419
2012-08-30 18:00:00,0.0
2012-08-30 19:00:00,1.2694260811009885
2012-08-30 20:00:00,0.0
2012-08-30 21:00:00,0.0
2012-08-30 22:00:00,0.0
2012-08-30 23:00:00,0.0
2012-08-31 00:00:00,0.0
2012-08-31 01:00:00,0.0
2012-08-31 02:00:00,0.0
2012-08-31 03:00:00,0.0
2012-08-31 04:00:00,-1.1486040438798073
2012-08-31 05:00:00,0.0
2012-08-31 06:00:00,0.0
2012-08-31 07:00:00,0.0
2012-08-31 08:00:00,0.0
2012-08-31 09:00:00,0.0
2012-08-31 10:00:00,0.0
2012-08-31 11:00:00,0.0
2012-08-31 12:00:00,0.0
2012-08-31 13:00:00,0.0
2012-08-31 14:00:00,1.2080751649618908
2012-08-31 15:00:00,0.0
2012-08-31 16:00:00,0.0
2012-08-31 17:00:00,0.0
2012-08-31 18:00:00,1.5893335291453856
2012-08-31 19:00:00,0.0
2012-08-31 20:00:00,0.0
2012-08-31 21:00:00,0.0
2012-08-31 22:00:00,0.0
2012-08-31 23:00:00,0.0
2012-09-01 00:00:00,0.0
2012-09-01 01:00:00,-1.0742313520929532
2012-09-01 02:00:00,0.0
2012-09-01 03:00:00,0.0
2012-09-01 04:00:00,-1.0654919053494927
2012-09-01 05:00:00,0.0
2012-09-01 06:00:00,0.0
2012-09-01 07:00:00,0.050229563154461934
2012-09-01 08:00:00,0.0
2012-09-01 09:00:00,0.0
2012-09-01 10:00:00,0.4106006496210701
2012-09-01 11:00:00,0.0
2012-09-01 12:00:00,0.0
2012-09-01 13:00:00,1.431586515425908
2012-09-01 14:00:00,0.0
2012-09-01 15:00:00,0.0
2012-09-01 16:00:00,0.0
2012-09-01 17:00:00,0.0
2012-09-01 18:00:00,0.0
2012-09-01 19:00:00,0.0
2012-09-01 20:00:00,1.3614524553096345
2012-09-01 21:00:00,0.0
2012-09-01 22:00:00,0.0
2012-09-01 23:00:00,0.0
2012-09-02 00:00:00,0.0
2012-09-02 01:00:00,0.0
2012-09-02 02:00:00,-1.2929360068480662
2012-09-02 03:00:00,0.0
2012-09-02 04:00:00,-1.2316287879426873
2012-09-02 05:00:00,0.0
2012-09-02 06:00:00,0.0
2012-09-02 07:00:00,0.0
2012-09-02 08:00:00,0.0
2012-09-02 09:00:00,0.0
2012-09-02 10:00:00,0.0
2012-09-02 11:00:00,0.0
2012-09-02 12:00:00,1.2343808996597065
2012-09-02 13:00:00,0.0
2012-09-02 14:00:00,0.0
2012-09-02 15:00:00,0.0
2012-09-02 16:00:00,0.0
2012-09-02 17:00:00,0.0
2012-09-02 18:00:00,0.0
2012-09-02 19:00:00,0.0
2012-09-02 20:00:00,0.0
2012-09-02 21:00:00,0.0
2012-09-02 22:00:00,0.6253288561079126
2012-09-02 23:00:00,-0.8206563048314327
2012-09-03 00:00:00,0.0
2012-09-03 01:00:00,0.0
2012-09-03 02:00:00,-1.244781655291596
2012-09-03 03:00:00,0.0
2012-09-03 04:00:00,0.0
2012-09-03 05:00:00,0.0
2012-09-03 06:00:00,-1.345416384542549
2012-09-03 07:00:00,0.0
2012-09-03 08:00:00,0.0
2012-09-03 09:00:00,0.0
2012-09-03 10:00:00,0.0
2012-09-03 11:00:00,0.379925191551529
2012-09-03 12:00:00,0.0
2012-09-03 13:00:00,0.0
2012-09-03 14:00:00,1.1773997068923419
2012-09-03 15:00:00,0.0
2012-09-03 16:00:00,0.0
2012-09-03 17:00:00,0.0
2012-09-03 18:00:00,0.0
2012-09-03 19:00:00,0.0
2012-09-03 20:00:00,0.0
2012-09-03 21:00:00,0.0
2012-09-03 22:00:00,0.0
2012-09-03 23:00:00,0.0
2012-09-04 00:00:00,-1.1179722830439764
2012-09-04 01:00:00,-1.0480130118625717
2012-09-04 02:00:00,0.0
2012-09-04 03:00:00,0.0
2012-09-04 04:00:00,0.0
2012-09-04 05:00:00,0.0
2012-09-04 06:00:00,0.0
2012-09-04 07:00:00,0.0
2012-09-04 08:00:00,0.0
2012-09-04 09:00:00,0.0
2012-09-04 10:00:00,0.0
2012-09-04 11:00:00,0.0
2012-09-04 12:00:00,0.0
2012-09-04 13:00:00,0.0
2012-09-04 14:00:00,0.0
2012-09-04 15:00:00,0.0
2012-09-04 16:00:00,0.0
2012-09-04 17:00:00,0.0
2012-09-04 18:00:00,0.0
2012-09-04 19:00:00,0.0
2012-09-04 20:00:00,0.0
2012-09-04 21:00:00,0.0
2012-09-04 22:00:00,0.0
2012-09-04 23:00:00,0.0
2012-09-05 00:00:00,0.0
2012-09-05 01:00:00,0.0
2012-09-05 02:00:00,0.0
2012-09-05 03:00:00,0.0
2012-09-05 04:00:00,0.0
2012-09-05 05:00:00,0.0
2012-09-05 06:00:00,0.0
2012-09-05 07:00:00,0.0
2012-09-05 08:00:00,0.0
2012-09-05 09:00:00,-0.003998703888719971
2012-09-05 10:00:00,0.35794548299172696
2012-09-05 11:00:00,0.4807347097373436
2012-09-05 12:00:00,0.6559606169437507
2012-09-05 13:00:00,0.0
2012-09-05 14:00:00,0.0
2012-09-05 15:00:00,0.0
2012-09-05 16:00:00,0.0
2012-09-05 17:00:00,1.3307769972400934
2012-09-05 18:00:00,0.0
2012-09-05 19:00:00,0.0
2012-09-05 20:00:00,0.0
2012-09-05 21:00:00,0.0
2012-09-05 22:00:00,0.669157181526362
2012-09-05 23:00:00,0.0
2012-09-06 00:00:00,0.0
2012-09-06 01:00:00,0.0
2012-09-06 02:00:00,0.0
2012-09-06 03:00:00,0.0
2012-09-06 04:00:00,0.0
2012-09-06 05:00:00,-1.2360422085481348
2012-09-06 06:00:00,0.0
2012-09-06 07:00:00,0.0
2012-09-06 08:00:00,0.0
2012-09-06 09:00:00,0.0
2012-09-06 10:00:00,0.0
2012-09-06 11:00:00,0.0
2012-09-06 12:00:00,0.0
2012-09-06 13:00:00,0.0
2012-09-06 14:00:00,0.0
2012-09-06 15:00:00,0.0
2012-09-06 16:00:00,0.0
2012-09-06 17:00:00,0.0
2012-09-06 18:00:00,0.0
2012-09-06 19:00:00,0.0
2012-09-06 20:00:00,0.0
2012-09-06 21:00:00,1.755863686842038
2012-09-06 22:00:00,0.0
2012-09-06 23:00:00,0.0
2012-09-07 00:00:00,-1.1223420064157068
2012-09-07 01:00:00,-1.0611658792114798
2012-09-07 02:00:00,0.0
2012-09-07 03:00:00,0.0
2012-09-07 04:00:00,-1.0961236661853235
2012-09-07 05:00:00,0.0
2012-09-07 06:00:00,0.0
2012-09-07 07:00:00,0.0
2012-09-07 08:00:00,-0.4227055973679335
2012-09-07 09:00:00,0.0
2012-09-07 10:00:00,0.3842949149232539
2012-09-07 11:00:00,0.0
2012-09-07 12:00:00,0.0
2012-09-07 13:00:00,0.0
2012-09-07 14:00:00,0.0
2012-09-07 15:00:00,0.0
2012-09-07 16:00:00,0.0
2012-09-07 17:00:00,0.0
2012-09-07 18:00:00,0.0
2012-09-07 19:00:00,0.0
2012-09-07 20:00:00,0.0
2012-09-07 21:00:00,0.0
2012-09-07 22:00:00,0.9539757508957672
2012-09-07 23:00:00,0.0
2012-09-08 00:00:00,0.0
2012-09-08 01:00:00,0.0
2012-09-08 02:00:00,0.0
2012-09-08 03:00:00,0.0
2012-09-08 04:00:00,0.0
2012-09-08 05:00:00,0.0
2012-09-08 06:00:00,0.0
2012-09-08 07:00:00,0.0
2012-09-08 08:00:00,-0.3833343897886425
2012-09-08 09:00:00,0.0
2012-09-08 10:00:00,0.0
2012-09-08 11:00:00,0.0
2012-09-08 12:00:00,0.0
2012-09-08 13:00:00,1.6244224078203702
2012-09-08 14:00:00,0.0
2012-09-08 15:00:00,1.5542883477041036
2012-09-08 16:00:00,0.0
2012-09-08 17:00:00,0.0
2012-09-08 18:00:00,0.0
2012-09-08 19:00:00,0.0
2012-09-08 20:00:00,0.0
2012-09-08 21:00:00,0.0
2012-09-08 22:00:00,0.0
2012-09-08 23:00:00,0.0
2012-09-09 00:00:00,0.0
2012-09-09 01:00:00,0.0
2012-09-09 02:00:00,0.0
2012-09-09 03:00:00,0.0
2012-09-09 04:00:00,-1.0042720809115484
2012-09-09 05:00:00,-1.0873842194418628
2012-09-09 06:00:00,0.0
2012-09-09 07:00:00,0.0
2012-09-09 08:00:00,0.0
2012-09-09 09:00:00,0.0
2012-09-09 10:00:00,0.0
2012-09-09 11:00:00,0.0
2012-09-09 12:00:00,0.0
2012-09-09 13:00:00,0.0
2012-09-09 14:00:00,0.0
2012-09-09 15:00:00,0.0
2012-09-09 16:00:00,0.0
2012-09-09 17:00:00,0.0
2012-09-09 18:00:00,0.0
2012-09-09 19:00:00,1.2562732137520807
2012-09-09 20:00:00,0.0
2012-09-09 21:00:00,0.6341120000850882
2012-09-09 22:00:00,0.0
2012-09-09 23:00:00,0.0
2012-09-10 00:00:00,0.0
2012-09-10 01:00:00,-1.1092765335342325
2012-09-10 02:00:00,0.0
2012-09-10 03:00:00,0.0
2012-09-10 04:00:00,0.0
2012-09-10 05:00:00,0.0
2012-09-10 06:00:00,0.0
2012-09-10 07:00:00,0.0
2012-09-10 08:00:00,0.0
2012-09-10 09:00:00,0.0
2012-09-10 10:00:00,0.0
2012-09-10 11:00:00,0.0
2012-09-10 12:00:00,0.0
2012-09-10 13:00:00,0.0
2012-09-10 14:00:00,0.0
2012-09-10 15:00:00,0.0
2012-09-10 16:00:00,1.0810473065456878
2012-09-10 17:00:00,0.0
2012-09-10 18:00:00,0.0
2012-09-10 19:00:00,0.0
2012-09-10 20:00:00,0.0
2012-09-10 21:00:00,1.5367657569834634
2012-09-10 22:00:00,0.0
2012-09-10 23:00:00,-0.5713635864742056
2012-09-11 00:00:00,0.0
2012-09-11 01:00:00,-0.9080944694997595
2012-09-11 02:00:00,0.0
2012-09-11 03:00:00,-1.1704089635047428
2012-09-11 04:00:00,0.0
2012-09-11 05:00:00,0.0
2012-09-11 06:00:00,0.0
2012-09-11 07:00:00,0.0
2012-09-11 08:00:00,0.0
2012-09-11 09:00:00,0.10681748081837054
2012-09-11 10:00:00,0.0
2012-09-11 11:00:00,0.0
2012-09-11 12:00:00,0.0
2012-09-11 13:00:00,1.0942001738945957
2012-09-11 14:00:00,0.0
2012-09-11 15:00:00,0.0
2012-09-11 16:00:00,0.0
2012-09-11 17:00:00,0.0
2012-09-11 18:00:00,0.0
2012-09-11 19:00:00,0.0
2012-09-11 20:00:00,1.4710014202389152
2012-09-11 21:00:00,0.0
2012-09-11 22:00:00,0.0
2012-09-11 23:00:00,0.0
2012-09-12 00:00:00,0.0
2012-09-12 01:00:00,0.0
2012-09-12 02:00:00,-1.1572997933895506
2012-09-12 03:00:00,0.0
2012-09-12 04:00:00,0.0
2012-09-12 05:00:00,0.0
2012-09-12 06:00:00,0.0
2012-09-12 07:00:00,0.0
2012-09-12 08:00:00,0.0
2012-09-12 09:00:00,0.0
2012-09-12 10:00:00,0.0
2012-09-12 11:00:00,0.0
2012-09-12 12:00:00,0.0
2012-09-12 13:00:00,0.0
2012-09-12 14:00:00,0.0
2012-09-12 15:00:00,1.08541702991742
2012-09-12 16:00:00,0.0
2012-09-12 17:00:00,0.0
2012-09-12 18:00:00,0.0
2012-09-12 19:00:00,0.0
2012-09-12 20:00:00,0.0
2012-09-12 21:00:00,0.0
2012-09-12 22:00:00,0.0
2012-09-12 23:00:00,-0.6835780826602461
2012-09-13 00:00:00,0.0
2012-09-13 01:00:00,0.0
2012-09-13 02:00:00,0.0
2012-09-13 03:00:00,0.0
2012-09-13 04:00:00,0.0
2012-09-13 05:00:00,0.0
2012-09-13 06:00:00,0.0
2012-09-13 07:00:00,0.0
2012-09-13 08:00:00,-0.4751859750624165
2012-09-13 09:00:00,0.17253812032919716
2012-09-13 10:00:00,0.0
2012-09-13 11:00:00,0.581500530689448
2012-09-13 12:00:00,0.0
2012-09-13 13:00:00,0.0
2012-09-13 14:00:00,0.0
2012-09-13 15:00:00,0.0
2012-09-13 16:00:00,0.0
2012-09-13 17:00:00,1.3132544065194454
2012-09-13 18:00:00,0.0
2012-09-13 19:00:00,0.0
2012-09-13 20:00:00,1.3132544065194454
2012-09-13 21:00:00,0.0
2012-09-13 22:00:00,0.5901962801992026
2012-09-13 23:00:00,0.0
2012-09-14 00:00:00,0.0
2012-09-14 01:00:00,0.0
2012-09-14 02:00:00,0.0
2012-09-14 03:00:00,-1.1704526607384595
2012-09-14 04:00:00,-1.1879315542253812
2012-09-14 05:00:00,0.0
2012-09-14 06:00:00,0.0
2012-09-14 07:00:00,0.0
2012-09-14 08:00:00,0.0
2012-09-14 09:00:00,0.0
2012-09-14 10:00:00,0.0
2012-09-14 11:00:00,0.0
2012-09-14 12:00:00,0.0
2012-09-14 13:00:00,0.0
2012-09-14 14:00:00,0.7085720863393836
2012-09-14 15:00:00,0.0
2012-09-14 16:00:00,0.0
2012-09-14 17:00:00,0.0
2012-09-14 18:00:00,0.0
2012-09-14 19:00:00,0.0
2012-09-14 20:00:00,1.2300548735217078
2012-09-14 21:00:00,0.0
2012-09-14 22:00:00,0.0
2012-09-14 23:00:00,0.371142047574346
2012-09-15 00:00:00,0.0
2012-09-15 01:00:00,0.0
2012-09-15 02:00:00,0.0
2012-09-15 03:00:00,-1.1878878569916655
2012-09-15 04:00:00,0.0
2012-09-15 05:00:00,0.0
2012-09-15 06:00:00,0.0
2012-09-15 07:00:00,-0.3206288594043088
2012-09-15 08:00:00,0.0
2012-09-15 09:00:00,0.0
2012-09-15 10:00:00,0.0
2012-09-15 11:00:00,0.0
2012-09-15 12:00:00,0.0
2012-09-15 13:00:00,0.0
2012-09-15 14:00:00,0.0
2012-09-15 15:00:00,0.0
2012-09-15 16:00:00,0.0
2012-09-15 17:00:00,0.0
2012-09-15 18:00:00,0.0
2012-09-15 19:00:00,1.4885240109595632
2012-09-15 20:00:00,0.0
2012-09-15 21:00:00,0.0
2012-09-15 22:00:00,0.0
2012-09-15 23:00:00,0.0
2012-09-16 00:00:00,0.0
2012-09-16 01:00:00,0.0
2012-09-16 02:00:00,0.0
2012-09-16 03:00:00,0.0
2012-09-16 04:00:00,0.0
2012-09-16 05:00:00,0.0
2012-09-16 06:00:00,-1.3235240704501805
2012-09-16 07:00:00,0.0
2012-09-16 08:00:00,0.0
2012-09-16 09:00:00,0.0
2012-09-16 10:00:00,0.0
2012-09-16 11:00:00,0.0
2012-09-16 12:00:00,1.3176241298911777
2012-09-16 13:00:00,0.0
2012-09-16 14:00:00,0.0
2012-09-16 15:00:00,0.0
2012-09-16 16:00:00,1.3614961525433533
2012-09-16 17:00:00,0.0
2012-09-16 18:00:00,0.0
2012-09-16 19:00:00,0.0
2012-09-16 20:00:00,0.9407791863131335
2012-09-16 21:00:00,0.0
2012-09-16 22:00:00,0.0
2012-09-16 23:00:00,0.0
2012-09-17 00:00:00,0.0
2012-09-17 01:00:00,0.0
2012-09-17 02:00:00,0.0
2012-09-17 03:00:00,0.0
2012-09-17 04:00:00,0.0
2012-09-17 05:00:00,0.0
2012-09-17 06:00:00,0.0
2012-09-17 07:00:00,0.0
2012-09-17 08:00:00,0.0
2012-09-17 09:00:00,-0.07404536953755732
2012-09-17 10:00:00,0.0
2012-09-17 11:00:00,0.0
2012-09-17 12:00:00,0.0
2012-09-17 13:00:00,0.0
2012-09-17 14:00:00,0.0
2012-09-17 15:00:00,0.0
2012-09-17 16:00:00,0.0
2012-09-17 17:00:00,0.0
2012-09-17 18:00:00,0.0
2012-09-17 19:00:00,0.0
2012-09-17 20:00:00,0.0
2012-09-17 21:00:00,0.0
2012-09-17 22:00:00,0.0
2012-09-17 23:00:00,0.0
2012-09-18 00:00:00,0.0
2012-09-18 01:00:00,0.0
2012-09-18 02:00:00,0.0
2012-09-18 03:00:00,0.0
2012-09-18 04:00:00,0.0
2012-09-18 05:00:00,0.0
2012-09-18 06:00:00,-1.2710436927556958
2012-09-18 07:00:00,-0.1819338395855828
2012-09-18 08:00:00,0.0
2012-09-18 09:00:00,0.0
2012-09-18 10:00:00,0.0
2012-09-18 11:00:00,0.8137513278969309
2012-09-18 12:00:00,0.0
2012-09-18 13:00:00,0.0
2012-09-18 14:00:00,0.0
2012-09-18 15:00:00,0.0
2012-09-18 16:00:00,0.0
2012-09-18 17:00:00,0.0
2012-09-18 18:00:00,0.0
2012-09-18 19:00:00,0.0
2012-09-18 20:00:00,0.0
2012-09-18 21:00:00,0.0
2012-09-18 22:00:00,0.0
2012-09-18 23:00:00,0.0
2012-09-19 00:00:00,0.0
2012-09-19 01:00:00,0.0
2012-09-19 02:00:00,0.0
2012-09-19 03:00:00,0.0
2012-09-19 04:00:00,0.0
2012-09-19 05:00:00,0.0
2012-09-19 06:00:00,0.0
2012-09-19 07:00:00,0.0
2012-09-19 08:00:00,0.0
2012-09-19 09:00:00,0.0
2012-09-19 10:00:00,0.0
2012-09-19 11:00:00,0.0
2012-09-19 12:00:00,0.0
2012-09-19 13:00:00,0.0
2012-09-19 14:00:00,0.0
2012-09-19 15:00:00,0.0
2012-09-19 16:00:00,0.0
2012-09-19 17:00:00,0.0
2012-09-19 18:00:00,0.0
2012-09-19 19:00:00,0.0
2012-09-19 20:00:00,0.0
2012-09-19 21:00:00,1.637531577935568
2012-09-19 22:00:00,0.0
2012-09-19 23:00:00,0.0
2012-09-20 00:00:00,0.0
2012-09-20 01:00:00,-0.706956102699003
2012-09-20 02:00:00,0.0
2012-09-20 03:00:00,-1.0130552248887255
2012-09-20 04:00:00,0.0
2012-09-20 05:00:00,0.0
2012-09-20 06:00:00,0.0
2012-09-20 07:00:00,0.0
2012-09-20 08:00:00,0.0
2012-09-20 09:00:00,0.0
2012-09-20 10:00:00,0.0
2012-09-20 11:00:00,0.0
2012-09-20 12:00:00,0.0
2012-09-20 13:00:00,1.0678507419630618
2012-09-20 14:00:00,0.0
2012-09-20 15:00:00,0.0
2012-09-20 16:00:00,0.0
2012-09-20 17:00:00,0.0
2012-09-20 18:00:00,0.0
2012-09-20 19:00:00,1.0897867532891532
2012-09-20 20:00:00,1.5411354803551958
2012-09-20 21:00:00,0.0
2012-09-20 22:00:00,0.0
2012-09-20 23:00:00,0.0
2012-09-21 00:00:00,0.0
2012-09-21 01:00:00,0.0
2012-09-21 02:00:00,0.0
2012-09-21 03:00:00,0.0
2012-09-21 04:00:00,0.0
2012-09-21 05:00:00,0.0
2012-09-21 06:00:00,-1.1180159802776937
2012-09-21 07:00:00,0.0
2012-09-21 08:00:00,0.0
2012-09-21 09:00:00,0.0
2012-09-21 10:00:00,0.49384387985254125
2012-09-21 11:00:00,0.5113664705731819
2012-09-21 12:00:00,0.7129418097111085
2012-09-21 13:00:00,0.0
2012-09-21 14:00:00,0.0
2012-09-21 15:00:00,0.0
2012-09-21 16:00:00,0.0
2012-09-21 17:00:00,0.0
2012-09-21 18:00:00,0.0
2012-09-21 19:00:00,0.0
2012-09-21 20:00:00,0.0
2012-09-21 21:00:00,0.0
2012-09-21 22:00:00,0.0
2012-09-21 23:00:00,0.0
2012-09-22 00:00:00,0.0
2012-09-22 01:00:00,0.0
2012-09-22 02:00:00,0.0
2012-09-22 03:00:00,0.0
2012-09-22 04:00:00,0.0
2012-09-22 05:00:00,0.0
2012-09-22 06:00:00,0.0
2012-09-22 07:00:00,0.0
2012-09-22 08:00:00,0.0
2012-09-22 09:00:00,0.0
2012-09-22 10:00:00,0.0
2012-09-22 11:00:00,0.0
2012-09-22 12:00:00,0.0
2012-09-22 13:00:00,1.2825789484498964
2012-09-22 14:00:00,0.0
2012-09-22 15:00:00,0.0
2012-09-22 16:00:00,1.1905525742412575
2012-09-22 17:00:00,0.0
2012-09-22 18:00:00,0.0
2012-09-22 19:00:00,0.0
2012-09-22 20:00:00,0.0
2012-09-22 21:00:00,0.0
2012-09-22 22:00:00,0.0
2012-09-22 23:00:00,0.0
2012-09-23 00:00:00,0.0
2012-09-23 01:00:00,-1.1354948737646149
2012-09-23 02:00:00,0.0
2012-09-23 03:00:00,0.0
2012-09-23 04:00:00,-1.0567524586060313
2012-09-23 05:00:00,0.0
2012-09-23 06:00:00,0.0
2012-09-23 07:00:00,-0.1920715978079986
2012-09-23 08:00:00,0.0
2012-09-23 09:00:00,0.19884385502701038
2012-09-23 10:00:00,1.0328492577554982
2012-09-23 11:00:00,0.0
2012-09-23 12:00:00,0.0
2012-09-23 13:00:00,0.0
2012-09-23 14:00:00,0.0
2012-09-23 15:00:00,0.0
2012-09-23 16:00:00,0.0
2012-09-23 17:00:00,0.0
2012-09-23 18:00:00,1.146811643290236
2012-09-23 19:00:00,0.0
2012-09-23 20:00:00,0.8750585468023108
2012-09-23 21:00:00,0.7479869911523975
2012-09-23 22:00:00,0.0
2012-09-23 23:00:00,-0.7929085614209436
2012-09-24 00:00:00,-1.187931554225382
2012-09-24 01:00:00,0.0
2012-09-24 02:00:00,0.0
2012-09-24 03:00:00,0.0
2012-09-24 04:00:00,-1.0436432884908404
2012-09-24 05:00:00,0.0
2012-09-24 06:00:00,0.0
2012-09-24 07:00:00,-0.32215826258441427
2012-09-24 08:00:00,0.0
2012-09-24 09:00:00,0.0
2012-09-24 10:00:00,0.0
2012-09-24 11:00:00,0.5683039661068293
2012-09-24 12:00:00,0.0
2012-09-24 13:00:00,0.0
2012-09-24 14:00:00,0.783032172593664
2012-09-24 15:00:00,0.0
2012-09-24 16:00:00,0.0
2012-09-24 17:00:00,0.0
2012-09-24 18:00:00,0.0
2012-09-24 19:00:00,0.0
2012-09-24 20:00:00,0.0
2012-09-24 21:00:00,0.0
2012-09-24 22:00:00,0.0
2012-09-24 23:00:00,0.0
2012-09-25 00:00:00,-1.0611658792114798
2012-09-25 01:00:00,0.0
2012-09-25 02:00:00,0.0
2012-09-25 03:00:00,0.0
2012-09-25 04:00:00,0.0
2012-09-25 05:00:00,0.0
2012-09-25 06:00:00,0.0
2012-09-25 07:00:00,-0.5174412000670515
2012-09-25 08:00:00,0.0
2012-09-25 09:00:00,0.233932733702007
2012-09-25 10:00:00,0.0
2012-09-25 11:00:00,0.0
2012-09-25 12:00:00,0.0
2012-09-25 13:00:00,0.0
2012-09-25 14:00:00,0.0
2012-09-25 15:00:00,0.0
2012-09-25 16:00:00,0.0
2012-09-25 17:00:00,0.0
2012-09-25 18:00:00,0.8575359560816698
2012-09-25 19:00:00,0.0
2012-09-25 20:00:00,0.0
2012-09-25 21:00:00,1.260642937123813
2012-09-25 22:00:00,0.0
2012-09-25 23:00:00,-0.8775064058976462
2012-09-26 00:00:00,0.0
2012-09-26 01:00:00,0.0
2012-09-26 02:00:00,0.0
2012-09-26 03:00:00,0.0
2012-09-26 04:00:00,-1.257934522640505
2012-09-26 05:00:00,0.0
2012-09-26 06:00:00,0.0
2012-09-26 07:00:00,0.0
2012-09-26 08:00:00,0.0
2012-09-26 09:00:00,-0.17904982216024057
2012-09-26 10:00:00,0.0
2012-09-26 11:00:00,0.0
2012-09-26 12:00:00,0.0
2012-09-26 13:00:00,0.0
2012-09-26 14:00:00,0.0
2012-09-26 15:00:00,0.0
2012-09-26 16:00:00,0.0
2012-09-26 17:00:00,0.0
2012-09-26 18:00:00,0.0
2012-09-26 19:00:00,0.0
2012-09-26 20:00:00,0.0
2012-09-26 21:00:00,1.037262678360949
2012-09-26 22:00:00,0.0
2012-09-26 23:00:00,0.0
2012-09-27 00:00:00,0.0
2012-09-27 01:00:00,-1.3191543470784486
2012-09-27 02:00:00,0.0
2012-09-27 03:00:00,0.0
2012-09-27 04:00:00,0.0
2012-09-27 05:00:00,0.0
2012-09-27 06:00:00,0.0
2012-09-27 07:00:00,-0.5014480125265182
2012-09-27 08:00:00,0.0
2012-09-27 09:00:00,0.0
2012-09-27 10:00:00,0.23091762457551146
2012-09-27 11:00:00,0.0
2012-09-27 12:00:00,0.0
2012-09-27 13:00:00,0.7304644004317418
2012-09-27 14:00:00,0.0
2012-09-27 15:00:00,0.6647000636872084
2012-09-27 16:00:00,0.6296985794796452
2012-09-27 17:00:00,0.6691571815263698
2012-09-27 18:00:00,0.0
2012-09-27 19:00:00,0.616545712130737
2012-09-27 20:00:00,0.0
2012-09-27 21:00:00,0.0
2012-09-27 22:00:00,0.1038897661593107
2012-09-27 23:00:00,0.0
2012-09-28 00:00:00,0.0
2012-09-28 01:00:00,-1.2578908254067878
2012-09-28 02:00:00,0.0
2012-09-28 03:00:00,0.0
2012-09-28 04:00:00,0.0
2012-09-28 05:00:00,0.0
2012-09-28 06:00:00,0.0
2012-09-28 07:00:00,0.0
2012-09-28 08:00:00,0.0
2012-09-28 09:00:00,0.0
2012-09-28 10:00:00,0.0
2012-09-28 11:00:00,0.0
2012-09-28 12:00:00,0.0
2012-09-28 13:00:00,0.0
2012-09-28 14:00:00,0.0
2012-09-28 15:00:00,0.0
2012-09-28 16:00:00,0.0
2012-09-28 17:00:00,0.0
2012-09-28 18:00:00,0.0
2012-09-28 19:00:00,0.0
2012-09-28 20:00:00,1.3439735618227047
2012-09-28 21:00:00,1.3614524553096354
2012-09-28 22:00:00,0.0
2012-09-28 23:00:00,0.11262921290276784
2012-09-29 00:00:00,0.0
2012-09-29 01:00:00,-1.3060014797295396
2012-09-29 02:00:00,0.0
2012-09-29 03:00:00,0.0
2012-09-29 04:00:00,0.0
2012-09-29 05:00:00,-1.4065925117467761
2012-09-29 06:00:00,-1.3803741715163929
2012-09-29 07:00:00,0.0
2012-09-29 08:00:00,-0.5714072837079237
2012-09-29 09:00:00,0.0
2012-09-29 10:00:00,0.0
2012-09-29 11:00:00,0.0
2012-09-29 12:00:00,0.0
2012-09-29 13:00:00,1.0109132464294144
2012-09-29 14:00:00,0.8706888234305781
2012-09-29 15:00:00,0.0
2012-09-29 16:00:00,0.0
2012-09-29 17:00:00,0.0
2012-09-29 18:00:00,0.0
2012-09-29 19:00:00,0.0
2012-09-29 20:00:00,1.177399706892341
2012-09-29 21:00:00,0.0
2012-09-29 22:00:00,0.0
2012-09-29 23:00:00,0.0
2012-09-30 00:00:00,0.0
2012-09-30 01:00:00,0.0
2012-09-30 02:00:00,0.0
2012-09-30 03:00:00,0.0
2012-09-30 04:00:00,0.0
2012-09-30 05:00:00,0.0
2012-09-30 06:00:00,0.0
2012-09-30 07:00:00,0.0
2012-09-30 08:00:00,-0.7156518522087477
2012-09-30 09:00:00,0.0
2012-09-30 10:00:00,0.0
2012-09-30 11:00:00,0.0
2012-09-30 12:00:00,0.6822663516415597
2012-09-30 13:00:00,0.0
2012-09-30 14:00:00,0.0
2012-09-30 15:00:00,0.0
2012-09-30 16:00:00,0.0
2012-09-30 17:00:00,0.0
2012-09-30 18:00:00,0.0
2012-09-30 19:00:00,1.037218981127231
2012-09-30 20:00:00,0.0
2012-09-30 21:00:00,0.0
2012-09-30 22:00:00,0.0
2012-09-30 23:00:00,-0.9299430863584116
2012-10-01 00:00:00,0.0
2012-10-01 01:00:00,0.0
2012-10-01 02:00:00,0.0
2012-10-01 03:00:00,0.0
2012-10-01 04:00:00,0.0
2012-10-01 05:00:00,0.0
2012-10-01 06:00:00,0.0
2012-10-01 07:00:00,0.0
2012-10-01 08:00:00,0.0
2012-10-01 09:00:00,0.0
2012-10-01 10:00:00,0.0
2012-10-01 11:00:00,0.0
2012-10-01 12:00:00,0.0
2012-10-01 13:00:00,0.0
2012-10-01 14:00:00,0.0
2012-10-01 15:00:00,0.7348341238034818
2012-10-01 16:00:00,0.0
2012-10-01 17:00:00,0.0
2012-10-01 18:00:00,0.7129418097111163
2012-10-01 19:00:00,0.0
2012-10-01 20:00:00,0.0
2012-10-01 21:00:00,0.0
2012-10-01 22:00:00,0.0
2012-10-01 23:00:00,-0.7856111233901528
2012-10-02 00:00:00,0.0
2012-10-02 01:00:00,-1.1791921074819207
2012-10-02 02:00:00,0.0
2012-10-02 03:00:00,0.0
2012-10-02 04:00:00,-0.9561614265887948
2012-10-02 05:00:00,0.0
2012-10-02 06:00:00,-1.4547031660695302
2012-10-02 07:00:00,0.0
2012-10-02 08:00:00,0.0
2012-10-02 09:00:00,0.0
2012-10-02 10:00:00,0.0
2012-10-02 11:00:00,0.0
2012-10-02 12:00:00,0.0
2012-10-02 13:00:00,0.0
2012-10-02 14:00:00,0.0
2012-10-02 15:00:00,0.0
2012-10-02 16:00:00,0.0
2012-10-02 17:00:00,0.0
2012-10-02 18:00:00,0.8575796533153955
2012-10-02 19:00:00,0.0
2012-10-02 20:00:00,0.0
2012-10-02 21:00:00,0.0
2012-10-02 22:00:00,0.0
2012-10-02 23:00:00,0.0
2012-10-03 00:00:00,0.0
2012-10-03 01:00:00,0.0
2012-10-03 02:00:00,-1.3847438948881232
2012-10-03 03:00:00,0.0
2012-10-03 04:00:00,0.0
2012-10-03 05:00:00,0.0
2012-10-03 06:00:00,0.0
2012-10-03 07:00:00,0.0
2012-10-03 08:00:00,0.0
2012-10-03 09:00:00,0.0
2012-10-03 10:00:00,0.0
2012-10-03 11:00:00,0.0
2012-10-03 12:00:00,0.0
2012-10-03 13:00:00,0.0
2012-10-03 14:00:00,0.0
2012-10-03 15:00:00,0.0
2012-10-03 16:00:00,0.0
2012-10-03 17:00:00,0.0
2012-10-03 18:00:00,1.0065435230576893
2012-10-03 19:00:00,0.0
2012-10-03 20:00:00,0.0
2012-10-03 21:00:00,0.0
2012-10-03 22:00:00,0.0
2012-10-03 23:00:00,-0.9911629107963568
2012-10-04 00:00:00,-1.4590291922075427
2012-10-04 01:00:00,0.0
2012-10-04 02:00:00,0.0
2012-10-04 03:00:00,-1.3278937938219109
2012-10-04 04:00:00,0.0
2012-10-04 05:00:00,0.0
2012-10-04 06:00:00,-1.3366332405653714
2012-10-04 07:00:00,0.0
2012-10-04 08:00:00,0.0
2012-10-04 09:00:00,0.0
2012-10-04 10:00:00,0.0
2012-10-04 11:00:00,0.0
2012-10-04 12:00:00,0.0
2012-10-04 13:00:00,0.0
2012-10-04 14:00:00,0.0
2012-10-04 15:00:00,0.0
2012-10-04 16:00:00,0.0
2012-10-04 17:00:00,0.0
2012-10-04 18:00:00,0.0
2012-10-04 19:00:00,0.0
2012-10-04 20:00:00,0.0
2012-10-04 21:00:00,0.0
2012-10-04 22:00:00,0.3317271427613317
2012-10-04 23:00:00,-0.09611247256479463
2012-10-05 00:00:00,0.0
2012-10-05 01:00:00,0.0
2012-10-05 02:00:00,-1.3628515807957535
2012-10-05 03:00:00,0.0
2012-10-05 04:00:00,-1.3016317563578093
2012-10-05 05:00:00,-1.4065925117467761
2012-10-05 06:00:00,0.0
2012-10-05 07:00:00,0.0
2012-10-05 08:00:00,0.0
2012-10-05 09:00:00,0.0
2012-10-05 10:00:00,0.0
2012-10-05 11:00:00,0.0
2012-10-05 12:00:00,0.0
2012-10-05 13:00:00,0.0
2012-10-05 14:00:00,0.0
2012-10-05 15:00:00,0.0
2012-10-05 16:00:00,0.0
2012-10-05 17:00:00,0.0
2012-10-05 18:00:00,0.0
2012-10-05 19:00:00,1.4184773453107111
2012-10-05 20:00:00,0.0
2012-10-05 21:00:00,0.0
2012-10-05 22:00:00,0.3579891802254377
2012-10-05 23:00:00,0.0
2012-10-06 00:00:00,0.0
2012-10-06 01:00:00,0.0
2012-10-06 02:00:00,0.0
2012-10-06 03:00:00,-1.214193591689482
2012-10-06 04:00:00,0.0
2012-10-06 05:00:00,0.0
2012-10-06 06:00:00,0.0
2012-10-06 07:00:00,0.0
2012-10-06 08:00:00,0.0
2012-10-06 09:00:00,0.0
2012-10-06 10:00:00,0.0
2012-10-06 11:00:00,0.7392475444089248
2012-10-06 12:00:00,0.0
2012-10-06 13:00:00,0.0
2012-10-06 14:00:00,0.9583454742674999
2012-10-06 15:00:00,0.0
2012-10-06 16:00:00,1.1248319347304274
2012-10-06 17:00:00,1.1510939721945253
2012-10-06 18:00:00,0.0
2012-10-06 19:00:00,0.0
2012-10-06 20:00:00,1.6200089872149346
2012-10-06 21:00:00,0.0
2012-10-06 22:00:00,0.3711857448080615
2012-10-06 23:00:00,0.0
2012-10-07 00:00:00,0.0
2012-10-07 01:00:00,0.0
2012-10-07 02:00:00,0.0
2012-10-07 03:00:00,0.0
2012-10-07 04:00:00,-1.2316724851764045
2012-10-07 05:00:00,0.0
2012-10-07 06:00:00,0.0
2012-10-07 07:00:00,0.0
2012-10-07 08:00:00,0.0
2012-10-07 09:00:00,-0.03463046472454779
2012-10-07 10:00:00,0.0
2012-10-07 11:00:00,0.0
2012-10-07 12:00:00,0.7786624492219386
2012-10-07 13:00:00,0.0
2012-10-07 14:00:00,0.0
2012-10-07 15:00:00,1.4359999360313591
2012-10-07 16:00:00,0.0
2012-10-07 17:00:00,0.0
2012-10-07 18:00:00,1.243120346403172
2012-10-07 19:00:00,0.0
2012-10-07 20:00:00,0.0
2012-10-07 21:00:00,0.0
2012-10-07 22:00:00,0.24407049192442326
2012-10-07 23:00:00,0.0
2012-10-08 00:00:00,0.0
2012-10-08 01:00:00,0.0
2012-10-08 02:00:00,0.0
2012-10-08 03:00:00,0.0
2012-10-08 04:00:00,0.0
2012-10-08 05:00:00,0.0
2012-10-08 06:00:00,0.0
2012-10-08 07:00:00,-0.4576633843417781
2012-10-08 08:00:00,0.0
2012-10-08 09:00:00,-0.05652277881692366
2012-10-08 10:00:00,0.0
2012-10-08 11:00:00,0.0
2012-10-08 12:00:00,0.0
2012-10-08 13:00:00,0.0
2012-10-08 14:00:00,1.0109132464294144
2012-10-08 15:00:00,0.0
2012-10-08 16:00:00,0.0
2012-10-08 17:00:00,0.0
2012-10-08 18:00:00,0.9846075117315907
2012-10-08 19:00:00,0.0
2012-10-08 20:00:00,0.0
2012-10-08 21:00:00,0.0
2012-10-08 22:00:00,0.3273137221558887
2012-10-08 23:00:00,0.0
2012-10-09 00:00:00,-1.0392735651191085
2012-10-09 01:00:00,0.0
2012-10-09 02:00:00,0.0
2012-10-09 03:00:00,-1.214106197222047
2012-10-09 04:00:00,0.0
2012-10-09 05:00:00,0.0
2012-10-09 06:00:00,0.0
2012-10-09 07:00:00,0.0
2012-10-09 08:00:00,0.0
2012-10-09 09:00:00,0.0
2012-10-09 10:00:00,0.0
2012-10-09 11:00:00,0.0
2012-10-09 12:00:00,0.0
2012-10-09 13:00:00,0.0
2012-10-09 14:00:00,0.0
2012-10-09 15:00:00,0.0
2012-10-09 16:00:00,0.0
2012-10-09 17:00:00,1.2694260811009885
2012-10-09 18:00:00,0.0
2012-10-09 19:00:00,1.2343808996597143
2012-10-09 20:00:00,0.0
2012-10-09 21:00:00,0.0
2012-10-09 22:00:00,0.0
2012-10-09 23:00:00,-0.7054703967526155
2012-10-10 00:00:00,0.0
2012-10-10 01:00:00,0.0
2012-10-10 02:00:00,-1.262260548778518
2012-10-10 03:00:00,0.0
2012-10-10 04:00:00,0.0
2012-10-10 05:00:00,0.0
2012-10-10 06:00:00,0.0
2012-10-10 07:00:00,0.0
2012-10-10 08:00:00,0.0
2012-10-10 09:00:00,0.0
2012-10-10 10:00:00,0.0
2012-10-10 11:00:00,0.0
2012-10-10 12:00:00,0.0
2012-10-10 13:00:00,0.0
2012-10-10 14:00:00,0.0
2012-10-10 15:00:00,0.0
2012-10-10 16:00:00,0.0
2012-10-10 17:00:00,0.0
2012-10-10 18:00:00,0.0
2012-10-10 19:00:00,0.0
2012-10-10 20:00:00,0.0
2012-10-10 21:00:00,0.0
2012-10-10 22:00:00,0.0
2012-10-10 23:00:00,-0.7025863793272729
2012-10-11 00:00:00,0.0
2012-10-11 01:00:00,0.0
2012-10-11 02:00:00,0.0
2012-10-11 03:00:00,-1.2054541449460212
2012-10-11 04:00:00,0.0
2012-10-11 05:00:00,-1.3147846237067182
2012-10-11 06:00:00,0.0
2012-10-11 07:00:00,0.0
2012-10-11 08:00:00,0.0
2012-10-11 09:00:00,0.0
2012-10-11 10:00:00,0.0
2012-10-11 11:00:00,0.0
2012-10-11 12:00:00,0.0
2012-10-11 13:00:00,0.8663191000588532
2012-10-11 14:00:00,0.6209591327361799
2012-10-11 15:00:00,0.0
2012-10-11 16:00:00,0.0
2012-10-11 17:00:00,0.8531662327099375
2012-10-11 18:00:00,0.6910057983850172
2012-10-11 19:00:00,0.0
2012-10-11 20:00:00,0.0
2012-10-11 21:00:00,0.0
2012-10-11 22:00:00,0.0
2012-10-11 23:00:00,0.0
2012-10-12 00:00:00,0.0
2012-10-12 01:00:00,0.0
2012-10-12 02:00:00,-1.3147409264730012
2012-10-12 03:00:00,0.0
2012-10-12 04:00:00,0.0
2012-10-12 05:00:00,0.0
2012-10-12 06:00:00,0.0
2012-10-12 07:00:00,0.0
2012-10-12 08:00:00,-0.5757333098459357
2012-10-12 09:00:00,0.0
2012-10-12 10:00:00,0.24848391252986796
2012-10-12 11:00:00,0.39307805890042696
2012-10-12 12:00:00,0.0
2012-10-12 13:00:00,0.0
2012-10-12 14:00:00,0.0
2012-10-12 15:00:00,0.7918153165708475
2012-10-12 16:00:00,0.0
2012-10-12 17:00:00,0.0
2012-10-12 18:00:00,0.0
2012-10-12 19:00:00,0.8487965093382122
2012-10-12 20:00:00,1.0810473065456878
2012-10-12 21:00:00,0.0
2012-10-12 22:00:00,0.0
2012-10-12 23:00:00,0.0
2012-10-13 00:00:00,-0.9693142939377037
2012-10-13 01:00:00,0.0
2012-10-13 02:00:00,-1.3890699210261361
2012-10-13 03:00:00,0.0
2012-10-13 04:00:00,0.0
2012-10-13 05:00:00,-1.428441128605429
2012-10-13 06:00:00,0.0
2012-10-13 07:00:00,-0.03904388532999465
2012-10-13 08:00:00,-0.6019953473100378
2012-10-13 09:00:00,0.0
2012-10-13 10:00:00,0.2265915984375055
2012-10-13 11:00:00,0.0
2012-10-13 12:00:00,0.0
2012-10-13 13:00:00,0.0
2012-10-13 14:00:00,0.0
2012-10-13 15:00:00,0.0
2012-10-13 16:00:00,0.0
2012-10-13 17:00:00,0.0
2012-10-13 18:00:00,0.0
2012-10-13 19:00:00,0.0
2012-10-13 20:00:00,0.0
2012-10-13 21:00:00,0.8224907746403959
2012-10-13 22:00:00,0.0
2012-10-13 23:00:00,0.0
2012-10-14 00:00:00,0.0
2012-10-14 01:00:00,0.0
2012-10-14 02:00:00,0.0
2012-10-14 03:00:00,0.0
2012-10-14 04:00:00,0.0
2012-10-14 05:00:00,-1.1792358047156382
2012-10-14 06:00:00,0.0
2012-10-14 07:00:00,0.0
2012-10-14 08:00:00,0.0
2012-10-14 09:00:00,0.0
2012-10-14 10:00:00,0.0
2012-10-14 11:00:00,0.0
2012-10-14 12:00:00,0.0
2012-10-14 13:00:00,0.0
2012-10-14 14:00:00,0.9188868722207676
2012-10-14 15:00:00,0.0
2012-10-14 16:00:00,0.0
2012-10-14 17:00:00,0.0
2012-10-14 18:00:00,1.0021737996859494
2012-10-14 19:00:00,0.0
2012-10-14 20:00:00,0.0
2012-10-14 21:00:00,0.0
2012-10-14 22:00:00,0.0
2012-10-14 23:00:00,0.0
2012-10-15 00:00:00,0.0
2012-10-15 01:00:00,0.0
2012-10-15 02:00:00,-1.4590291922075418
2012-10-15 03:00:00,0.0
2012-10-15 04:00:00,-1.3672650014012004
2012-10-15 05:00:00,-1.4634426128129894
2012-10-15 06:00:00,0.0
2012-10-15 07:00:00,0.0
2012-10-15 08:00:00,-0.41396615062447245
2012-10-15 09:00:00,0.0
2012-10-15 10:00:00,0.0
2012-10-15 11:00:00,0.0
2012-10-15 12:00:00,0.0
2012-10-15 13:00:00,0.0
2012-10-15 14:00:00,0.0
2012-10-15 15:00:00,0.0
2012-10-15 16:00:00,0.0
2012-10-15 17:00:00,0.0
2012-10-15 18:00:00,0.0
2012-10-15 19:00:00,0.0
2012-10-15 20:00:00,1.199292020984715
2012-10-15 21:00:00,0.0
2012-10-15 22:00:00,0.0
2012-10-15 23:00:00,0.0
2012-10-16 00:00:00,0.0
2012-10-16 01:00:00,0.0
2012-10-16 02:00:00,0.0
2012-10-16 03:00:00,0.0
2012-10-16 04:00:00,0.0
2012-10-16 05:00:00,0.0
2012-10-16 06:00:00,-1.01738125102674
2012-10-16 07:00:00,-0.27531482803946494
2012-10-16 08:00:00,0.0
2012-10-16 09:00:00,0.0
2012-10-16 10:00:00,0.0
2012-10-16 11:00:00,0.0
2012-10-16 12:00:00,0.0
2012-10-16 13:00:00,0.0
2012-10-16 14:00:00,0.6866797722470104
2012-10-16 15:00:00,0.0
2012-10-16 16:00:00,0.5464553492481742
2012-10-16 17:00:00,0.0
2012-10-16 18:00:00,0.8487965093382122
2012-10-16 19:00:00,0.0
2012-10-16 20:00:00,0.0
2012-10-16 21:00:00,0.0
2012-10-16 22:00:00,0.0
2012-10-16 23:00:00,0.0
2012-10-17 00:00:00,0.0
2012-10-17 01:00:00,0.0
2012-10-17 02:00:00,0.0
2012-10-17 03:00:00,0.0
2012-10-17 04:00:00,-1.284196560104604
2012-10-17 05:00:00,-1.3847438948881232
2012-10-17 06:00:00,-1.135451176530899
2012-10-17 07:00:00,0.0
2012-10-17 08:00:00,-0.6719983157251592
2012-10-17 09:00:00,0.05315727781352048
2012-10-17 10:00:00,0.0
2012-10-17 11:00:00,0.0
2012-10-17 12:00:00,0.0
2012-10-17 13:00:00,0.0
2012-10-17 14:00:00,0.0
2012-10-17 15:00:00,0.0
2012-10-17 16:00:00,0.0
2012-10-17 17:00:00,0.0
2012-10-17 18:00:00,0.0
2012-10-17 19:00:00,0.0
2012-10-17 20:00:00,0.0
2012-10-17 21:00:00,0.0
2012-10-17 22:00:00,0.03231369733036437
2012-10-17 23:00:00,0.0
2012-10-18 00:00:00,-1.4240277079999817
2012-10-18 01:00:00,-1.2797831394991572
2012-10-18 02:00:00,0.0
2012-10-18 03:00:00,0.0
2012-10-18 04:00:00,0.0
2012-10-18 05:00:00,0.0
2012-10-18 06:00:00,0.0
2012-10-18 07:00:00,0.0
2012-10-18 08:00:00,0.0
2012-10-18 09:00:00,0.0
2012-10-18 10:00:00,0.0
2012-10-18 11:00:00,0.0
2012-10-18 12:00:00,0.0
2012-10-18 13:00:00,0.0
2012-10-18 14:00:00,0.0
2012-10-18 15:00:00,0.0
2012-10-18 16:00:00,0.0
2012-10-18 17:00:00,0.0
2012-10-18 18:00:00,0.6165457121307295
2012-10-18 19:00:00,0.0
2012-10-18 20:00:00,0.0
2012-10-18 21:00:00,0.47632128913189764
2012-10-18 22:00:00,0.06298915539991286
2012-10-18 23:00:00,0.0
2012-10-19 00:00:00,0.0
2012-10-19 01:00:00,0.0
2012-10-19 02:00:00,0.0
2012-10-19 03:00:00,0.0
2012-10-19 04:00:00,0.0
2012-10-19 05:00:00,0.0
2012-10-19 06:00:00,-1.4284848258391465
2012-10-19 07:00:00,0.0
2012-10-19 08:00:00,0.0
2012-10-19 09:00:00,0.0
2012-10-19 10:00:00,0.0
2012-10-19 11:00:00,0.0
2012-10-19 12:00:00,0.0
2012-10-19 13:00:00,0.0
2012-10-19 14:00:00,0.5288453640601126
2012-10-19 15:00:00,0.0
2012-10-19 16:00:00,0.0
2012-10-19 17:00:00,0.0
2012-10-19 18:00:00,0.0
2012-10-19 19:00:00,0.0
2012-10-19 20:00:00,1.151137669428251
2012-10-19 21:00:00,0.0
2012-10-19 22:00:00,0.0
2012-10-19 23:00:00,0.0
2012-10-20 00:00:00,0.0
2012-10-20 01:00:00,0.0
2012-10-20 02:00:00,-1.5290321606226656
2012-10-20 03:00:00,0.0
2012-10-20 04:00:00,0.0
2012-10-20 05:00:00,0.0
2012-10-20 06:00:00,0.0
2012-10-20 07:00:00,-0.3002659484920449
2012-10-20 08:00:00,0.0
2012-10-20 09:00:00,0.0
2012-10-20 10:00:00,0.0
2012-10-20 11:00:00,0.0
2012-10-20 12:00:00,0.0
2012-10-20 13:00:00,0.0
2012-10-20 14:00:00,0.0
2012-10-20 15:00:00,0.0
2012-10-20 16:00:00,0.5420419286427307
2012-10-20 17:00:00,0.0
2012-10-20 18:00:00,1.1160487907532517
2012-10-20 19:00:00,1.0898304505228713
2012-10-20 20:00:00,0.0
2012-10-20 21:00:00,0.0
2012-10-20 22:00:00,0.0
2012-10-20 23:00:00,0.0
2012-10-21 00:00:00,-1.056752458606032
2012-10-21 01:00:00,-1.3847001976544067
2012-10-21 02:00:00,0.0
2012-10-21 03:00:00,0.0
2012-10-21 04:00:00,0.0
2012-10-21 05:00:00,0.0
2012-10-21 06:00:00,0.0
2012-10-21 07:00:00,-0.3757747683555502
2012-10-21 08:00:00,0.0
2012-10-21 09:00:00,0.0
2012-10-21 10:00:00,0.0
2012-10-21 11:00:00,0.0
2012-10-21 12:00:00,0.0
2012-10-21 13:00:00,0.0
2012-10-21 14:00:00,0.6033928447818285
2012-10-21 15:00:00,0.0
2012-10-21 16:00:00,0.0
2012-10-21 17:00:00,0.0
2012-10-21 18:00:00,0.0
2012-10-21 19:00:00,0.0
2012-10-21 20:00:00,0.0
2012-10-21 21:00:00,0.40618722901562715
2012-10-21 22:00:00,0.0
2012-10-21 23:00:00,0.0
2012-10-22 00:00:00,-1.1792358047156373
2012-10-22 01:00:00,0.0
2012-10-22 02:00:00,0.0
2012-10-22 03:00:00,0.0
2012-10-22 04:00:00,0.0
2012-10-22 05:00:00,0.0
2012-10-22 06:00:00,-1.122342006415706
2012-10-22 07:00:00,0.0
2012-10-22 08:00:00,0.0
2012-10-22 09:00:00,0.0
2012-10-22 10:00:00,0.0
2012-10-22 11:00:00,0.0
2012-10-22 12:00:00,0.0
2012-10-22 13:00:00,0.0
2012-10-22 14:00:00,0.0
2012-10-22 15:00:00,0.0
2012-10-22 16:00:00,0.0
2012-10-22 17:00:00,0.0
2012-10-22 18:00:00,0.0
2012-10-22 19:00:00,0.0
2012-10-22 20:00:00,1.164246839543433
2012-10-22 21:00:00,0.0
2012-10-22 22:00:00,0.0
2012-10-22 23:00:00,0.0
2012-10-23 00:00:00,0.0
2012-10-23 01:00:00,0.0
2012-10-23 02:00:00,0.0
2012-10-23 03:00:00,-1.2885662834763352
2012-10-23 04:00:00,0.0
2012-10-23 05:00:00,0.0
2012-10-23 06:00:00,0.0
2012-10-23 07:00:00,0.0
2012-10-23 08:00:00,0.0
2012-10-23 09:00:00,0.0
2012-10-23 10:00:00,0.3974477822721622
2012-10-23 11:00:00,0.4895178537145193
2012-10-23 12:00:00,0.0
2012-10-23 13:00:00,0.0
2012-10-23 14:00:00,0.0
2012-10-23 15:00:00,0.0
2012-10-23 16:00:00,0.0
2012-10-23 17:00:00,0.0
2012-10-23 18:00:00,0.8224470774066779
2012-10-23 19:00:00,0.0
2012-10-23 20:00:00,0.0
2012-10-23 21:00:00,0.6428077495948351
2012-10-23 22:00:00,0.0
2012-10-23 23:00:00,-0.8906155760128369
2012-10-24 00:00:00,0.0
2012-10-24 01:00:00,0.0
2012-10-24 02:00:00,0.0
2012-10-24 03:00:00,0.0
2012-10-24 04:00:00,0.0
2012-10-24 05:00:00,0.0
2012-10-24 06:00:00,0.0
2012-10-24 07:00:00,0.0
2012-10-24 08:00:00,0.0
2012-10-24 09:00:00,0.0442430421351863
2012-10-24 10:00:00,0.0
2012-10-24 11:00:00,0.0
2012-10-24 12:00:00,0.0
2012-10-24 13:00:00,0.0
2012-10-24 14:00:00,0.5639779399688147
2012-10-24 15:00:00,0.0
2012-10-24 16:00:00,0.0
2012-10-24 17:00:00,0.0
2012-10-24 18:00:00,0.0
2012-10-24 19:00:00,0.0
2012-10-24 20:00:00,0.0
2012-10-24 21:00:00,0.0
2012-10-24 22:00:00,0.0
2012-10-24 23:00:00,-0.7856111233901536
2012-10-25 00:00:00,-1.0567524586060313
2012-10-25 01:00:00,0.0
2012-10-25 02:00:00,0.0
2012-10-25 03:00:00,0.0
2012-10-25 04:00:00,0.0
2012-10-25 05:00:00,0.0
2012-10-25 06:00:00,0.0
2012-10-25 07:00:00,0.0
2012-10-25 08:00:00,0.0
2012-10-25 09:00:00,0.0
2012-10-25 10:00:00,0.31411715757327013
2012-10-25 11:00:00,0.0
2012-10-25 12:00:00,0.0
2012-10-25 13:00:00,0.0
2012-10-25 14:00:00,0.0
2012-10-25 15:00:00,0.0
2012-10-25 16:00:00,0.0
2012-10-25 17:00:00,0.7260509798262984
2012-10-25 18:00:00,0.0
2012-10-25 19:00:00,0.9276700161979432
2012-10-25 20:00:00,0.0
2012-10-25 21:00:00,0.0
2012-10-25 22:00:00,0.08199745206694088
2012-10-25 23:00:00,0.0
2012-10-26 00:00:00,0.0
2012-10-26 01:00:00,0.0
2012-10-26 02:00:00,-1.1616695167612814
2012-10-26 03:00:00,0.0
2012-10-26 04:00:00,0.0
2012-10-26 05:00:00,0.0
2012-10-26 06:00:00,0.0
2012-10-26 07:00:00,0.0
2012-10-26 08:00:00,-0.5232966293851694
2012-10-26 09:00:00,0.0
2012-10-26 10:00:00,0.0
2012-10-26 11:00:00,0.0
2012-10-26 12:00:00,0.6910494956187431
2012-10-26 13:00:00,0.0
2012-10-26 14:00:00,0.0
2012-10-26 15:00:00,0.0
2012-10-26 16:00:00,0.0
2012-10-26 17:00:00,0.5990231214100885
2012-10-26 18:00:00,0.6954192189904753
2012-10-26 19:00:00,0.0
2012-10-26 20:00:00,0.0
2012-10-26 21:00:00,0.8093379072914803
2012-10-26 22:00:00,0.0
2012-10-26 23:00:00,0.0
2012-10-27 00:00:00,0.0
2012-10-27 01:00:00,0.0
2012-10-27 02:00:00,-1.4021790911413294
2012-10-27 03:00:00,0.0
2012-10-27 04:00:00,0.0
2012-10-27 05:00:00,0.0
2012-10-27 06:00:00,0.0
2012-10-27 07:00:00,0.0
2012-10-27 08:00:00,0.0
2012-10-27 09:00:00,0.0
2012-10-27 10:00:00,0.0
2012-10-27 11:00:00,0.0
2012-10-27 12:00:00,0.0
2012-10-27 13:00:00,0.6122196859927149
2012-10-27 14:00:00,0.0
2012-10-27 15:00:00,0.0
2012-10-27 16:00:00,0.5551947959916391
2012-10-27 17:00:00,0.6209154355024618
2012-10-27 18:00:00,0.0
2012-10-27 19:00:00,0.0
2012-10-27 20:00:00,0.0
2012-10-27 21:00:00,0.0
2012-10-27 22:00:00,0.0
2012-10-27 23:00:00,0.0
2012-10-28 00:00:00,0.0
2012-10-28 01:00:00,-0.9764369430336242
2012-10-28 02:00:00,0.0
2012-10-28 03:00:00,0.0
2012-10-28 04:00:00,0.0
2012-10-28 05:00:00,0.0
2012-10-28 06:00:00,0.0
2012-10-28 07:00:00,0.0
2012-10-28 08:00:00,0.0
2012-10-28 09:00:00,0.0
2012-10-28 10:00:00,0.0
2012-10-28 11:00:00,0.0
2012-10-28 12:00:00,0.7742490286164884
2012-10-28 13:00:00,0.6691134842926513
2012-10-28 14:00:00,0.7742927258502064
2012-10-28 15:00:00,0.0
2012-10-28 16:00:00,0.0
2012-10-28 17:00:00,0.0
2012-10-28 18:00:00,0.0
2012-10-28 19:00:00,0.0
2012-10-28 20:00:00,0.0
2012-10-28 21:00:00,0.0
2012-10-28 22:00:00,0.0
2012-10-28 23:00:00,0.0
2012-10-29 00:00:00,0.0
2012-10-29 01:00:00,0.0
2012-10-29 02:00:00,0.0
2012-10-29 03:00:00,0.0
2012-10-29 04:00:00,0.0
2012-10-29 05:00:00,-1.537771607366127
2012-10-29 06:00:00,0.0
2012-10-29 07:00:00,0.0
2012-10-29 08:00:00,0.0
2012-10-29 09:00:00,0.0
2012-10-29 10:00:00,0.0
2012-10-29 11:00:00,0.0
2012-10-29 12:00:00,0.0
2012-10-29 13:00:00,0.0
2012-10-29 14:00:00,0.0
2012-10-29 15:00:00,0.0
2012-10-29 16:00:00,0.0
2012-10-29 17:00:00,0.0
2012-10-29 18:00:00,0.6954192189904753
2012-10-29 19:00:00,0.8137076306632129
2012-10-29 20:00:00,0.8400133653610291
2012-10-29 21:00:00,0.0
2012-10-29 22:00:00,0.0
2012-10-29 23:00:00,0.0
2012-10-30 00:00:00,0.0
2012-10-30 01:00:00,0.0
2012-10-30 02:00:00,0.0
2012-10-30 03:00:00,0.0
2012-10-30 04:00:00,0.0
2012-10-30 05:00:00,-1.3672213041674839
2012-10-30 06:00:00,0.0
2012-10-30 07:00:00,0.0
2012-10-30 08:00:00,0.0
2012-10-30 09:00:00,0.0
2012-10-30 10:00:00,0.0
2012-10-30 11:00:00,0.2090253104831473
2012-10-30 12:00:00,0.0
2012-10-30 13:00:00,0.0
2012-10-30 14:00:00,0.0
2012-10-30 15:00:00,0.34051028673850736
2012-10-30 16:00:00,0.0
2012-10-30 17:00:00,0.0
2012-10-30 18:00:00,0.0
2012-10-30 19:00:00,0.0
2012-10-30 20:00:00,0.0
2012-10-30 21:00:00,0.0
2012-10-30 22:00:00,0.0
2012-10-30 23:00:00,0.0
2012-10-31 00:00:00,0.0
2012-10-31 01:00:00,0.0
2012-10-31 02:00:00,0.0
2012-10-31 03:00:00,-1.2273027618046735
2012-10-31 04:00:00,-1.2448253525253135
2012-10-31 05:00:00,0.0
2012-10-31 06:00:00,0.0
2012-10-31 07:00:00,-0.698172958721826
2012-10-31 08:00:00,0.0
2012-10-31 09:00:00,0.0
2012-10-31 10:00:00,0.0
2012-10-31 11:00:00,0.0
2012-10-31 12:00:00,0.30542140806351503
2012-10-31 13:00:00,0.0
2012-10-31 14:00:00,0.0
2012-10-31 15:00:00,0.28352909397114956
2012-10-31 16:00:00,0.0
2012-10-31 17:00:00,0.0
2012-10-31 18:00:00,0.0
2012-10-31 19:00:00,0.8926248347566699
2012-10-31 20:00:00,0.0
2012-10-31 21:00:00,0.0
2012-10-31 22:00:00,0.0
2012-10-31 23:00:00,0.0
2012-11-01 00:00:00,0.0
2012-11-01 01:00:00,0.0
2012-11-01 02:00:00,0.0
2012-11-01 03:00:00,0.0
2012-11-01 04:00:00,0.0
2012-11-01 05:00:00,0.0
2012-11-01 06:00:00,0.0
2012-11-01 07:00:00,-0.3570723523245417
2012-11-01 08:00:00,0.0
2012-11-01 09:00:00,0.0
2012-11-01 10:00:00,0.0
2012-11-01 11:00:00,0.0
2012-11-01 12:00:00,0.0
2012-11-01 13:00:00,0.0
2012-11-01 14:00:00,0.0
2012-11-01 15:00:00,0.0
2012-11-01 16:00:00,0.0
2012-11-01 17:00:00,0.6603303403154761
2012-11-01 18:00:00,0.783032172593664
2012-11-01 19:00:00,0.0
2012-11-01 20:00:00,0.4938001826188232
2012-11-01 21:00:00,0.0
2012-11-01 22:00:00,0.0
2012-11-01 23:00:00,0.0
2012-11-02 00:00:00,-1.3322198199599236
2012-11-02 01:00:00,0.0
2012-11-02 02:00:00,-1.3278500965881919
2012-11-02 03:00:00,0.0
2012-11-02 04:00:00,0.0
2012-11-02 05:00:00,0.0
2012-11-02 06:00:00,0.0
2012-11-02 07:00:00,-0.22008152462079045
2012-11-02 08:00:00,0.0
2012-11-02 09:00:00,0.0
2012-11-02 10:00:00,0.22659159843750767
2012-11-02 11:00:00,0.0
2012-11-02 12:00:00,0.0
2012-11-02 13:00:00,0.0
2012-11-02 14:00:00,0.0
2012-11-02 15:00:00,0.0
2012-11-02 16:00:00,0.0
2012-11-02 17:00:00,0.581500530689448
2012-11-02 18:00:00,0.0
2012-11-02 19:00:00,0.0
2012-11-02 20:00:00,0.9057340048718596
2012-11-02 21:00:00,0.0
2012-11-02 22:00:00,0.0
2012-11-02 23:00:00,-0.0027751813446318403
2012-11-03 00:00:00,0.0
2012-11-03 01:00:00,0.0
2012-11-03 02:00:00,0.0
2012-11-03 03:00:00,0.0
2012-11-03 04:00:00,0.0
2012-11-03 05:00:00,-1.4809652035336296
2012-11-03 06:00:00,0.0
2012-11-03 07:00:00,0.0
2012-11-03 08:00:00,0.0
2012-11-03 09:00:00,0.0
2012-11-03 10:00:00,0.0
2012-11-03 11:00:00,0.0
2012-11-03 12:00:00,0.7742927258502064
2012-11-03 13:00:00,0.0
2012-11-03 14:00:00,0.7392912416426433
2012-11-03 15:00:00,0.0
2012-11-03 16:00:00,0.0
2012-11-03 17:00:00,0.6822663516415597
2012-11-03 18:00:00,0.0
2012-11-03 19:00:00,0.0
2012-11-03 20:00:00,0.0
2012-11-03 21:00:00,0.0
2012-11-03 22:00:00,0.0
2012-11-03 23:00:00,0.0
2012-11-04 00:00:00,0.0
2012-11-04 01:00:00,0.0
2012-11-04 02:00:00,0.0
2012-11-04 03:00:00,0.0
2012-11-04 04:00:00,0.0
2012-11-04 05:00:00,0.0
2012-11-04 06:00:00,0.0
2012-11-04 07:00:00,-0.3379329639563638
2012-11-04 08:00:00,0.0
2012-11-04 09:00:00,0.0
2012-11-04 10:00:00,0.0
2012-11-04 11:00:00,0.0
2012-11-04 12:00:00,0.6341120000850882
2012-11-04 13:00:00,0.0
2012-11-04 14:00:00,0.0
2012-11-04 15:00:00,0.0
2012-11-04 16:00:00,0.0
2012-11-04 17:00:00,0.0
2012-11-04 18:00:00,0.0
2012-11-04 19:00:00,0.0
2012-11-04 20:00:00,0.0
2012-11-04 21:00:00,0.0
2012-11-04 22:00:00,0.0
2012-11-04 23:00:00,0.0
2012-11-05 00:00:00,0.0
2012-11-05 01:00:00,0.0
2012-11-05 02:00:00,0.0
2012-11-05 03:00:00,0.0
2012-11-05 04:00:00,0.0
2012-11-05 05:00:00,0.0
2012-11-05 06:00:00,-1.5596202242247792
2012-11-05 07:00:00,0.0
2012-11-05 08:00:00,0.0
2012-11-05 09:00:00,-0.32936830614777024
2012-11-05 10:00:00,0.0
2012-11-05 11:00:00,0.21339503385487435
2012-11-05 12:00:00,0.0
2012-11-05 13:00:00,0.0
2012-11-05 14:00:00,0.3843386121569642
2012-11-05 15:00:00,0.0
2012-11-05 16:00:00,0.0
2012-11-05 17:00:00,0.0
2012-11-05 18:00:00,0.0
2012-11-05 19:00:00,0.0
2012-11-05 20:00:00,0.0
2012-11-05 21:00:00,0.0
2012-11-05 22:00:00,0.0
2012-11-05 23:00:00,0.0
2012-11-06 00:00:00,0.0
2012-11-06 01:00:00,-1.5115532671357437
2012-11-06 02:00:00,0.0
2012-11-06 03:00:00,0.0
2012-11-06 04:00:00,-1.498400399786834
2012-11-06 05:00:00,-1.3322635171936401
2012-11-06 06:00:00,0.0
2012-11-06 07:00:00,0.0
2012-11-06 08:00:00,-0.41239305021065015
2012-11-06 09:00:00,-0.30026594849204447
2012-11-06 10:00:00,0.0
2012-11-06 11:00:00,0.0
2012-11-06 12:00:00,0.0
2012-11-06 13:00:00,0.2615930826450582
2012-11-06 14:00:00,0.0
2012-11-06 15:00:00,0.0
2012-11-06 16:00:00,0.3886646382949866
2012-11-06 17:00:00,0.0
2012-11-06 18:00:00,0.0
2012-11-06 19:00:00,0.0
2012-11-06 20:00:00,0.0
2012-11-06 21:00:00,0.0
2012-11-06 22:00:00,0.0
2012-11-06 23:00:00,0.0
2012-11-07 00:00:00,0.0
2012-11-07 01:00:00,0.0
2012-11-07 02:00:00,0.0
2012-11-07 03:00:00,0.0
2012-11-07 04:00:00,0.0
2012-11-07 05:00:00,0.0
2012-11-07 06:00:00,-1.4721820595564514
2012-11-07 07:00:00,0.0
2012-11-07 08:00:00,0.0
2012-11-07 09:00:00,0.0
2012-11-07 10:00:00,0.0
2012-11-07 11:00:00,0.0
2012-11-07 12:00:00,0.0
2012-11-07 13:00:00,0.0
2012-11-07 14:00:00,0.20461188987769696
2012-11-07 15:00:00,0.0
2012-11-07 16:00:00,0.0
2012-11-07 17:00:00,0.0
2012-11-07 18:00:00,0.0
2012-11-07 19:00:00,0.0
2012-11-07 20:00:00,0.9013205842664089
2012-11-07 21:00:00,0.0
2012-11-07 22:00:00,0.0
2012-11-07 23:00:00,0.0
2012-11-08 00:00:00,0.0
2012-11-08 01:00:00,0.0
2012-11-08 02:00:00,0.0
2012-11-08 03:00:00,0.0
2012-11-08 04:00:00,-1.4503771399315153
2012-11-08 05:00:00,0.0
2012-11-08 06:00:00,0.0
2012-11-08 07:00:00,0.0
2012-11-08 08:00:00,-0.48829514517760897
2012-11-08 09:00:00,0.0
2012-11-08 10:00:00,0.0
2012-11-08 11:00:00,0.0
2012-11-08 12:00:00,0.0
2012-11-08 13:00:00,0.0
2012-11-08 14:00:00,0.0
2012-11-08 15:00:00,0.4894304592470905
2012-11-08 16:00:00,0.0
2012-11-08 17:00:00,0.0
2012-11-08 18:00:00,0.0
2012-11-08 19:00:00,0.0
2012-11-08 20:00:00,1.015239272567421
2012-11-08 21:00:00,0.0
2012-11-08 22:00:00,0.0
2012-11-08 23:00:00,-1.02175097439847
2012-11-09 00:00:00,0.0
2012-11-09 01:00:00,0.0
2012-11-09 02:00:00,0.0
2012-11-09 03:00:00,0.0
2012-11-09 04:00:00,0.0
2012-11-09 05:00:00,0.0
2012-11-09 06:00:00,0.0
2012-11-09 07:00:00,0.0
2012-11-09 08:00:00,0.0
2012-11-09 09:00:00,0.0
2012-11-09 10:00:00,0.0
2012-11-09 11:00:00,0.27911567336570703
2012-11-09 12:00:00,0.40618722901562715
2012-11-09 13:00:00,0.0
2012-11-09 14:00:00,0.0
2012-11-09 15:00:00,0.0
2012-11-09 16:00:00,0.32294399878416125
2012-11-09 17:00:00,0.5420419286427307
2012-11-09 18:00:00,0.5989794241763783
2012-11-09 19:00:00,0.0
2012-11-09 20:00:00,0.7567701351295654
2012-11-09 21:00:00,0.0
2012-11-09 22:00:00,0.0
2012-11-09 23:00:00,0.0
2012-11-10 00:00:00,-1.03927356511911
2012-11-10 01:00:00,0.0
2012-11-10 02:00:00,0.0
2012-11-10 03:00:00,0.0
2012-11-10 04:00:00,0.0
2012-11-10 05:00:00,0.0
2012-11-10 06:00:00,0.0
2012-11-10 07:00:00,0.0
2012-11-10 08:00:00,0.0
2012-11-10 09:00:00,0.0
2012-11-10 10:00:00,0.11699893627450529
2012-11-10 11:00:00,0.0
2012-11-10 12:00:00,0.0
2012-11-10 13:00:00,0.0
2012-11-10 14:00:00,0.5945660035709275
2012-11-10 15:00:00,0.0
2012-11-10 16:00:00,0.0
2012-11-10 17:00:00,0.0
2012-11-10 18:00:00,1.151093972194533
2012-11-10 19:00:00,0.0
2012-11-10 20:00:00,0.0
2012-11-10 21:00:00,0.0
2012-11-10 22:00:00,0.0
2012-11-10 23:00:00,0.0
2012-11-11 00:00:00,0.0
2012-11-11 01:00:00,0.0
2012-11-11 02:00:00,0.0
2012-11-11 03:00:00,0.0
2012-11-11 04:00:00,0.0
2012-11-11 05:00:00,0.0
2012-11-11 06:00:00,0.0
2012-11-11 07:00:00,-0.3423900817955257
2012-11-11 08:00:00,0.0
2012-11-11 09:00:00,0.0
2012-11-11 10:00:00,0.0
2012-11-11 11:00:00,0.0
2012-11-11 12:00:00,0.0
2012-11-11 13:00:00,0.4237535169699785
2012-11-11 14:00:00,0.0
2012-11-11 15:00:00,0.0
2012-11-11 16:00:00,0.0
2012-11-11 17:00:00,0.0
2012-11-11 18:00:00,0.9232565955924924
2012-11-11 19:00:00,0.0
2012-11-11 20:00:00,0.0
2012-11-11 21:00:00,0.0
2012-11-11 22:00:00,-0.10489561654197418
2012-11-11 23:00:00,-1.1704526607384602
2012-11-12 00:00:00,0.0
2012-11-12 01:00:00,-1.5902082878268926
2012-11-12 02:00:00,-1.4984003997868347
2012-11-12 03:00:00,0.0
2012-11-12 04:00:00,-1.5989914318040712
2012-11-12 05:00:00,0.0
2012-11-12 06:00:00,0.0
2012-11-12 07:00:00,0.0
2012-11-12 08:00:00,0.0
2012-11-12 09:00:00,0.0
2012-11-12 10:00:00,0.0
2012-11-12 11:00:00,0.0
2012-11-12 12:00:00,0.0
2012-11-12 13:00:00,0.0
2012-11-12 14:00:00,0.0
2012-11-12 15:00:00,0.0
2012-11-12 16:00:00,0.0
2012-11-12 17:00:00,0.5639342427351044
2012-11-12 18:00:00,0.7042023629676509
2012-11-12 19:00:00,0.0
2012-11-12 20:00:00,0.0
2012-11-12 21:00:00,0.0
2012-11-12 22:00:00,0.0
2012-11-12 23:00:00,0.0
2012-11-13 00:00:00,0.0
2012-11-13 01:00:00,-1.542185027971573
2012-11-13 02:00:00,0.0
2012-11-13 03:00:00,0.0
2012-11-13 04:00:00,0.0
2012-11-13 05:00:00,0.0
2012-11-13 06:00:00,-1.34978610791428
2012-11-13 07:00:00,0.0
2012-11-13 08:00:00,0.0
2012-11-13 09:00:00,-0.3527463261865297
2012-11-13 10:00:00,0.0
2012-11-13 11:00:00,0.0
2012-11-13 12:00:00,0.0
2012-11-13 13:00:00,0.49384387985254125
2012-11-13 14:00:00,0.0
2012-11-13 15:00:00,0.0
2012-11-13 16:00:00,0.0
2012-11-13 17:00:00,0.4324929637134434
2012-11-13 18:00:00,0.0
2012-11-13 19:00:00,0.0
2012-11-13 20:00:00,0.8706888234305854
2012-11-13 21:00:00,0.0
2012-11-13 22:00:00,0.0
2012-11-13 23:00:00,0.0
2012-11-14 00:00:00,0.0
2012-11-14 01:00:00,0.0
2012-11-14 02:00:00,-1.008685501516996
2012-11-14 03:00:00,0.0
2012-11-14 04:00:00,0.0
2012-11-14 05:00:00,-1.3759607509109455
2012-11-14 06:00:00,-1.3453726873088325
2012-11-14 07:00:00,0.0
2012-11-14 08:00:00,0.0
2012-11-14 09:00:00,0.0
2012-11-14 10:00:00,0.1111872041900937
2012-11-14 11:00:00,0.0
2012-11-14 12:00:00,0.4500592516677947
2012-11-14 13:00:00,0.0
2012-11-14 14:00:00,0.0
2012-11-14 15:00:00,0.0
2012-11-14 16:00:00,0.0
2012-11-14 17:00:00,0.0
2012-11-14 18:00:00,0.0
2012-11-14 19:00:00,0.0
2012-11-14 20:00:00,0.0
2012-11-14 21:00:00,0.0
2012-11-14 22:00:00,0.0
2012-11-14 23:00:00,-0.8905281815454029
2012-11-15 00:00:00,-1.1529300700178193
2012-11-15 01:00:00,0.0
2012-11-15 02:00:00,0.0
2012-11-15 03:00:00,0.0
2012-11-15 04:00:00,0.0
2012-11-15 05:00:00,0.0
2012-11-15 06:00:00,0.0
2012-11-15 07:00:00,-0.6107784912872156
2012-11-15 08:00:00,0.0
2012-11-15 09:00:00,0.0
2012-11-15 10:00:00,0.0
2012-11-15 11:00:00,0.0
2012-11-15 12:00:00,0.0
2012-11-15 13:00:00,0.0
2012-11-15 14:00:00,0.0
2012-11-15 15:00:00,0.0
2012-11-15 16:00:00,0.0
2012-11-15 17:00:00,0.0
2012-11-15 18:00:00,0.0
2012-11-15 19:00:00,0.0
2012-11-15 20:00:00,0.9364531601751188
2012-11-15 21:00:00,0.0
2012-11-15 22:00:00,0.0
2012-11-15 23:00:00,0.0
2012-11-16 00:00:00,0.0
2012-11-16 01:00:00,0.0
2012-11-16 02:00:00,-1.2928486123806306
2012-11-16 03:00:00,0.0
2012-11-16 04:00:00,0.0
2012-11-16 05:00:00,0.0
2012-11-16 06:00:00,0.0
2012-11-16 07:00:00,0.0
2012-11-16 08:00:00,0.0
2012-11-16 09:00:00,-0.3250422800097565
2012-11-16 10:00:00,0.0
2012-11-16 11:00:00,0.0
2012-11-16 12:00:00,0.0
2012-11-16 13:00:00,0.0
2012-11-16 14:00:00,0.5332587846655551
2012-11-16 15:00:00,0.0
2012-11-16 16:00:00,0.0
2012-11-16 17:00:00,0.0
2012-11-16 18:00:00,0.0
2012-11-16 19:00:00,0.0
2012-11-16 20:00:00,0.0
2012-11-16 21:00:00,0.8531662327099526
2012-11-16 22:00:00,0.01623311532239619
2012-11-16 23:00:00,0.0
2012-11-17 00:00:00,-0.9736840173094349
2012-11-17 01:00:00,-1.5115095699020265
2012-11-17 02:00:00,0.0
2012-11-17 03:00:00,0.0
2012-11-17 04:00:00,0.0
2012-11-17 05:00:00,0.0
2012-11-17 06:00:00,-1.4940306764151046
2012-11-17 07:00:00,0.0
2012-11-17 08:00:00,-0.3920738365321035
2012-11-17 09:00:00,0.0
2012-11-17 10:00:00,0.3054214080635215
2012-11-17 11:00:00,0.0
2012-11-17 12:00:00,0.0
2012-11-17 13:00:00,0.0
2012-11-17 14:00:00,0.0
2012-11-17 15:00:00,0.0
2012-11-17 16:00:00,0.0
2012-11-17 17:00:00,0.0
2012-11-17 18:00:00,0.0
2012-11-17 19:00:00,0.0
2012-11-17 20:00:00,0.0
2012-11-17 21:00:00,0.0
2012-11-17 22:00:00,0.0
2012-11-17 23:00:00,0.0
2012-11-18 00:00:00,-0.9998586603060993
2012-11-18 01:00:00,-1.3978530650033156
2012-11-18 02:00:00,0.0
2012-11-18 03:00:00,0.0
2012-11-18 04:00:00,0.0
2012-11-18 05:00:00,0.0
2012-11-18 06:00:00,0.0
2012-11-18 07:00:00,-0.3555429491444362
2012-11-18 08:00:00,0.0
2012-11-18 09:00:00,0.0
2012-11-18 10:00:00,0.0
2012-11-18 11:00:00,0.0
2012-11-18 12:00:00,0.5464116520144634
2012-11-18 13:00:00,0.0
2012-11-18 14:00:00,0.6823100488752777
2012-11-18 15:00:00,0.0
2012-11-18 16:00:00,0.0
2012-11-18 17:00:00,0.7699666997121922
2012-11-18 18:00:00,0.0
2012-11-18 19:00:00,0.0
2012-11-18 20:00:00,0.0
2012-11-18 21:00:00,0.0
2012-11-18 22:00:00,-0.06993782956812958
2012-11-18 23:00:00,0.0
2012-11-19 00:00:00,0.0
2012-11-19 01:00:00,-1.4940306764151037
2012-11-19 02:00:00,0.0
2012-11-19 03:00:00,0.0
2012-11-19 04:00:00,-1.4809215062999121
2012-11-19 05:00:00,-1.550924474715035
2012-11-19 06:00:00,0.0
2012-11-19 07:00:00,0.0
2012-11-19 08:00:00,0.0
2012-11-19 09:00:00,0.0
2012-11-19 10:00:00,0.0
2012-11-19 11:00:00,0.0
2012-11-19 12:00:00,0.0
2012-11-19 13:00:00,0.0
2012-11-19 14:00:00,0.0
2012-11-19 15:00:00,0.0
2012-11-19 16:00:00,0.0
2012-11-19 17:00:00,0.0
2012-11-19 18:00:00,0.0
2012-11-19 19:00:00,0.0
2012-11-19 20:00:00,0.0
2012-11-19 21:00:00,0.0
2012-11-19 22:00:00,0.0
2012-11-19 23:00:00,0.0
2012-11-20 00:00:00,0.0
2012-11-20 01:00:00,0.0
2012-11-20 02:00:00,0.0
2012-11-20 03:00:00,0.0
2012-11-20 04:00:00,-1.4721383623227342
2012-11-20 05:00:00,0.0
2012-11-20 06:00:00,0.0
2012-11-20 07:00:00,0.0
2012-11-20 08:00:00,0.0
2012-11-20 09:00:00,0.0
2012-11-20 10:00:00,0.0
2012-11-20 11:00:00,0.0
2012-11-20 12:00:00,0.49821360322427394
2012-11-20 13:00:00,0.0
2012-11-20 14:00:00,0.0
2012-11-20 15:00:00,0.0
2012-11-20 16:00:00,0.0
2012-11-20 17:00:00,0.0
2012-11-20 18:00:00,0.8312302213838535
2012-11-20 19:00:00,0.0
2012-11-20 20:00:00,0.0
2012-11-20 21:00:00,0.0
2012-11-20 22:00:00,-0.026109504149672322
2012-11-20 23:00:00,0.0
2012-11-21 00:00:00,-1.1486040438798073
2012-11-21 01:00:00,0.0
2012-11-21 02:00:00,0.0
2012-11-21 03:00:00,0.0
2012-11-21 04:00:00,-1.236085905781852
2012-11-21 05:00:00,0.0
2012-11-21 06:00:00,-1.0786447726984016
2012-11-21 07:00:00,0.0
2012-11-21 08:00:00,-0.4663591338515215
2012-11-21 09:00:00,0.0
2012-11-21 10:00:00,0.06875719025059684
2012-11-21 11:00:00,0.0
2012-11-21 12:00:00,0.08064283782170245
2012-11-21 13:00:00,0.0
2012-11-21 14:00:00,0.0
2012-11-21 15:00:00,0.0
2012-11-21 16:00:00,0.0
2012-11-21 17:00:00,0.0
2012-11-21 18:00:00,0.0
2012-11-21 19:00:00,0.0
2012-11-21 20:00:00,0.0
2012-11-21 21:00:00,0.0
2012-11-21 22:00:00,0.0
2012-11-21 23:00:00,-0.9649445705659734
2012-11-22 00:00:00,0.0
2012-11-22 01:00:00,0.0
2012-11-22 02:00:00,0.0
2012-11-22 03:00:00,0.0
2012-11-22 04:00:00,0.0
2012-11-22 05:00:00,0.0
2012-11-22 06:00:00,0.0
2012-11-22 07:00:00,-0.5932559005665758
2012-11-22 08:00:00,-0.6413665548893293
2012-11-22 09:00:00,0.0
2012-11-22 10:00:00,0.42370981973626776
2012-11-22 11:00:00,0.7260946770600168
2012-11-22 12:00:00,0.0
2012-11-22 13:00:00,0.0
2012-11-22 14:00:00,0.0
2012-11-22 15:00:00,0.0
2012-11-22 16:00:00,0.0
2012-11-22 17:00:00,0.4018175056438949
2012-11-22 18:00:00,0.0
2012-11-22 19:00:00,0.0
2012-11-22 20:00:00,0.0
2012-11-22 21:00:00,0.0
2012-11-22 22:00:00,0.0
2012-11-22 23:00:00,-1.157343490623268
2012-11-23 00:00:00,-1.4852475324379268
2012-11-23 01:00:00,0.0
2012-11-23 02:00:00,0.0
2012-11-23 03:00:00,0.0
2012-11-23 04:00:00,-1.5596202242247792
2012-11-23 05:00:00,-1.5989914318040712
2012-11-23 06:00:00,0.0
2012-11-23 07:00:00,-0.5523989870408961
2012-11-23 08:00:00,-0.6894335119783641
2012-11-23 09:00:00,0.0
2012-11-23 10:00:00,0.0
2012-11-23 11:00:00,0.0
2012-11-23 12:00:00,0.0
2012-11-23 13:00:00,0.0
2012-11-23 14:00:00,0.3799251915515212
2012-11-23 15:00:00,0.0
2012-11-23 16:00:00,0.0
2012-11-23 17:00:00,0.0
2012-11-23 18:00:00,0.0
2012-11-23 19:00:00,0.0
2012-11-23 20:00:00,0.0
2012-11-23 21:00:00,0.5025833265959949
2012-11-23 22:00:00,0.0
2012-11-23 23:00:00,0.0
2012-11-24 00:00:00,0.0
2012-11-24 01:00:00,0.0
2012-11-24 02:00:00,0.0
2012-11-24 03:00:00,0.0
2012-11-24 04:00:00,0.0
2012-11-24 05:00:00,0.0
2012-11-24 06:00:00,0.0
2012-11-24 07:00:00,0.0
2012-11-24 08:00:00,0.0
2012-11-24 09:00:00,0.0
2012-11-24 10:00:00,0.3842949149232539
2012-11-24 11:00:00,0.5814568334557451
2012-11-24 12:00:00,0.0
2012-11-24 13:00:00,0.0
2012-11-24 14:00:00,0.0
2012-11-24 15:00:00,0.0
2012-11-24 16:00:00,0.0
2012-11-24 17:00:00,0.0
2012-11-24 18:00:00,0.0
2012-11-24 19:00:00,0.0
2012-11-24 20:00:00,0.0
2012-11-24 21:00:00,0.0
2012-11-24 22:00:00,0.0
2012-11-24 23:00:00,0.0
2012-11-25 00:00:00,-1.0261206977702004
2012-11-25 01:00:00,0.0
2012-11-25 02:00:00,0.0
2012-11-25 03:00:00,0.0
2012-11-25 04:00:00,0.0
2012-11-25 05:00:00,0.0
2012-11-25 06:00:00,0.0
2012-11-25 07:00:00,-0.1778262996161572
2012-11-25 08:00:00,0.0
2012-11-25 09:00:00,0.0
2012-11-25 10:00:00,0.0
2012-11-25 11:00:00,0.0
2012-11-25 12:00:00,0.0
2012-11-25 13:00:00,0.0
2012-11-25 14:00:00,0.0
2012-11-25 15:00:00,0.5727173867122797
2012-11-25 16:00:00,0.0
2012-11-25 17:00:00,1.0766338859402376
2012-11-25 18:00:00,0.0
2012-11-25 19:00:00,1.2387506230314387
2012-11-25 20:00:00,0.0
2012-11-25 21:00:00,0.0
2012-11-25 22:00:00,0.0
2012-11-25 23:00:00,0.0
2012-11-26 00:00:00,0.0
2012-11-26 01:00:00,0.0
2012-11-26 02:00:00,0.0
2012-11-26 03:00:00,0.0
2012-11-26 04:00:00,0.0
2012-11-26 05:00:00,0.0
2012-11-26 06:00:00,0.0
2012-11-26 07:00:00,0.0
2012-11-26 08:00:00,-0.728804719557656
2012-11-26 09:00:00,0.0
2012-11-26 10:00:00,0.0
2012-11-26 11:00:00,0.2747459499939717
2012-11-26 12:00:00,0.0
2012-11-26 13:00:00,0.0
2012-11-26 14:00:00,0.0
2012-11-26 15:00:00,0.0
2012-11-26 16:00:00,0.0
2012-11-26 17:00:00,0.0
2012-11-26 18:00:00,0.0
2012-11-26 19:00:00,0.0
2012-11-26 20:00:00,0.0
2012-11-26 21:00:00,0.0
2012-11-26 22:00:00,0.0
2012-11-26 23:00:00,0.0
2012-11-27 00:00:00,0.0
2012-11-27 01:00:00,0.0
2012-11-27 02:00:00,-1.3934833416315844
2012-11-27 03:00:00,0.0
2012-11-27 04:00:00,0.0
2012-11-27 05:00:00,0.0
2012-11-27 06:00:00,-1.5771428149454185
2012-11-27 07:00:00,0.0
2012-11-27 08:00:00,-0.5757333098459366
2012-11-27 09:00:00,0.0
2012-11-27 10:00:00,0.0
2012-11-27 11:00:00,0.0
2012-11-27 12:00:00,0.5464116520144634
2012-11-27 13:00:00,0.0
2012-11-27 14:00:00,0.9977603790805064
2012-11-27 15:00:00,0.0
2012-11-27 16:00:00,0.0
2012-11-27 17:00:00,0.0
2012-11-27 18:00:00,0.0
2012-11-27 19:00:00,1.4228470686824435
2012-11-27 20:00:00,0.0
2012-11-27 21:00:00,0.0
2012-11-27 22:00:00,0.0
2012-11-27 23:00:00,0.0
2012-11-28 00:00:00,0.0
2012-11-28 01:00:00,0.0
2012-11-28 02:00:00,0.0
2012-11-28 03:00:00,0.0
2012-11-28 04:00:00,-1.5159229905074738
2012-11-28 05:00:00,0.0
2012-11-28 06:00:00,-1.59025198506061
2012-11-28 07:00:00,0.0
2012-11-28 08:00:00,0.0
2012-11-28 09:00:00,0.0
2012-11-28 10:00:00,0.0
2012-11-28 11:00:00,0.0
2012-11-28 12:00:00,0.0
2012-11-28 13:00:00,0.7787061464556498
2012-11-28 14:00:00,0.0
2012-11-28 15:00:00,0.0
2012-11-28 16:00:00,0.0
2012-11-28 17:00:00,0.0
2012-11-28 18:00:00,0.9802814855935834
2012-11-28 19:00:00,0.0
2012-11-28 20:00:00,0.0
2012-11-28 21:00:00,0.8750585468023117
2012-11-28 22:00:00,0.0
2012-11-28 23:00:00,0.0
2012-11-29 00:00:00,-1.4852912296716432
2012-11-29 01:00:00,0.0
2012-11-29 02:00:00,0.0
2012-11-29 03:00:00,-1.44155029872062
2012-11-29 04:00:00,0.0
2012-11-29 05:00:00,0.0
2012-11-29 06:00:00,0.0
2012-11-29 07:00:00,0.0
2012-11-29 08:00:00,0.0
2012-11-29 09:00:00,0.0
2012-11-29 10:00:00,0.2834853967374354
2012-11-29 11:00:00,0.0
2012-11-29 12:00:00,0.0
2012-11-29 13:00:00,0.0
2012-11-29 14:00:00,0.0
2012-11-29 15:00:00,0.0
2012-11-29 16:00:00,0.0
2012-11-29 17:00:00,0.0
2012-11-29 18:00:00,1.072264162568512
2012-11-29 19:00:00,1.2869923690553398
2012-11-29 20:00:00,0.0
2012-11-29 21:00:00,0.0
2012-11-29 22:00:00,-0.19093546973134704
2012-11-29 23:00:00,0.0
2012-11-30 00:00:00,0.0
2012-11-30 01:00:00,-1.5246624372509345
2012-11-30 02:00:00,0.0
2012-11-30 03:00:00,0.0
2012-11-30 04:00:00,0.0
2012-11-30 05:00:00,0.0
2012-11-30 06:00:00,0.0
2012-11-30 07:00:00,0.0
2012-11-30 08:00:00,0.0
2012-11-30 09:00:00,0.0
2012-11-30 10:00:00,0.0
2012-11-30 11:00:00,0.0
2012-11-30 12:00:00,0.0
2012-11-30 13:00:00,0.0
2012-11-30 14:00:00,0.0
2012-11-30 15:00:00,0.0
2012-11-30 16:00:00,0.0
2012-11-30 17:00:00,0.550781375386181
2012-11-30 18:00:00,0.0
2012-11-30 19:00:00,0.0
2012-11-30 20:00:00,0.0
2012-11-30 21:00:00,0.0
2012-11-30 22:00:00,0.0
2012-11-30 23:00:00,0.0
2012-12-01 00:00:00,0.0
2012-12-01 01:00:00,0.0
2012-12-01 02:00:00,0.0
2012-12-01 03:00:00,0.0
2012-12-01 04:00:00,0.0
2012-12-01 05:00:00,0.0
2012-12-01 06:00:00,0.0
2012-12-01 07:00:00,0.0
2012-12-01 08:00:00,0.0
2012-12-01 09:00:00,0.0
2012-12-01 10:00:00,0.822534471874114
2012-12-01 11:00:00,0.0
2012-12-01 12:00:00,0.0
2012-12-01 13:00:00,1.037218981127231
2012-12-01 14:00:00,0.6515908935720185
2012-12-01 15:00:00,0.0
2012-12-01 16:00:00,0.0
2012-12-01 17:00:00,0.0
2012-12-01 18:00:00,0.0
2012-12-01 19:00:00,0.0
2012-12-01 20:00:00,0.0
2012-12-01 21:00:00,0.0
2012-12-01 22:00:00,0.0
2012-12-01 23:00:00,0.0
2012-12-02 00:00:00,0.0
2012-12-02 01:00:00,0.0
2012-12-02 02:00:00,0.0
2012-12-02 03:00:00,0.0
2012-12-02 04:00:00,-1.5771428149454183
2012-12-02 05:00:00,0.0
2012-12-02 06:00:00,0.0
2012-12-02 07:00:00,0.0
2012-12-02 08:00:00,0.0
2012-12-02 09:00:00,0.0
2012-12-02 10:00:00,0.0
2012-12-02 11:00:00,0.0
2012-12-02 12:00:00,1.0240661137783154
2012-12-02 13:00:00,0.0
2012-12-02 14:00:00,0.0
2012-12-02 15:00:00,0.0
2012-12-02 16:00:00,0.0
2012-12-02 17:00:00,0.0
2012-12-02 18:00:00,1.17744340412606
2012-12-02 19:00:00,1.1379848020793353
2012-12-02 20:00:00,0.0
2012-12-02 21:00:00,0.0
2012-12-02 22:00:00,0.0
2012-12-02 23:00:00,0.0
2012-12-03 00:00:00,0.0
2012-12-03 01:00:00,0.0
2012-12-03 02:00:00,0.0
2012-12-03 03:00:00,0.0
2012-12-03 04:00:00,0.0
2012-12-03 05:00:00,0.0
2012-12-03 06:00:00,0.0
2012-12-03 07:00:00,0.0
2012-12-03 08:00:00,-0.6107347940534975
2012-12-03 09:00:00,0.0
2012-12-03 10:00:00,0.489386762013388
2012-12-03 11:00:00,0.0
2012-12-03 12:00:00,0.0
2012-12-03 13:00:00,0.0
2012-12-03 14:00:00,0.0
2012-12-03 15:00:00,0.9101474254773027
2012-12-03 16:00:00,0.0
2012-12-03 17:00:00,1.0591549924533146
2012-12-03 18:00:00,0.0
2012-12-03 19:00:00,0.0
2012-12-03 20:00:00,0.0
2012-12-03 21:00:00,0.0
2012-12-03 22:00:00,0.0
2012-12-03 23:00:00,-0.693803235350095
2012-12-04 00:00:00,0.0
2012-12-04 01:00:00,0.0
2012-12-04 02:00:00,0.0
2012-12-04 03:00:00,-1.0873842194418621
2012-12-04 04:00:00,-1.1879752514590995
2012-12-04 05:00:00,0.0
2012-12-04 06:00:00,0.0
2012-12-04 07:00:00,0.0
2012-12-04 08:00:00,0.0
2012-12-04 09:00:00,0.0
2012-12-04 10:00:00,0.4587986984112601
2012-12-04 11:00:00,0.0
2012-12-04 12:00:00,0.0
2012-12-04 13:00:00,0.0
2012-12-04 14:00:00,0.0
2012-12-04 15:00:00,0.0
2012-12-04 16:00:00,0.0
2012-12-04 17:00:00,0.0
2012-12-04 18:00:00,0.0
2012-12-04 19:00:00,0.9670849210109574
2012-12-04 20:00:00,0.0
2012-12-04 21:00:00,0.0
2012-12-04 22:00:00,-0.17341287901070862
2012-12-04 23:00:00,-1.1529300700178202
2012-12-05 00:00:00,0.0
2012-12-05 01:00:00,-1.5378153045998435
2012-12-05 02:00:00,0.0
2012-12-05 03:00:00,0.0
2012-12-05 04:00:00,0.0
2012-12-05 05:00:00,0.0
2012-12-05 06:00:00,0.0
2012-12-05 07:00:00,-0.6792083592885156
2012-12-05 08:00:00,0.0
2012-12-05 09:00:00,-0.2375167208739949
2012-12-05 10:00:00,0.0
2012-12-05 11:00:00,0.0
2012-12-05 12:00:00,0.6340683028513784
2012-12-05 13:00:00,0.0
2012-12-05 14:00:00,0.0
2012-12-05 15:00:00,0.0
2012-12-05 16:00:00,0.0
2012-12-05 17:00:00,0.0
2012-12-05 18:00:00,0.0
2012-12-05 19:00:00,0.0
2012-12-05 20:00:00,0.0
2012-12-05 21:00:00,0.0
2012-12-05 22:00:00,0.0
2012-12-05 23:00:00,0.0
2012-12-06 00:00:00,0.0
2012-12-06 01:00:00,-1.5421413307378564
2012-12-06 02:00:00,0.0
2012-12-06 03:00:00,-1.4546594688358123
2012-12-06 04:00:00,0.0
2012-12-06 05:00:00,0.0
2012-12-06 06:00:00,-1.5727293943399707
2012-12-06 07:00:00,-0.1995001275399393
2012-12-06 08:00:00,0.0
2012-12-06 09:00:00,0.0
2012-12-06 10:00:00,0.0
2012-12-06 11:00:00,0.38433861215697196
2012-12-06 12:00:00,0.0
2012-12-06 13:00:00,0.0
2012-12-06 14:00:00,0.0
2012-12-06 15:00:00,0.0
2012-12-06 16:00:00,0.0
2012-12-06 17:00:00,0.5508250726199064
2012-12-06 18:00:00,0.0
2012-12-06 19:00:00,0.0
2012-12-06 20:00:00,0.0
2012-12-06 21:00:00,0.0
2012-12-06 22:00:00,0.0
2012-12-06 23:00:00,0.0
2012-12-07 00:00:00,0.0
2012-12-07 01:00:00,0.0
2012-12-07 02:00:00,0.0
2012-12-07 03:00:00,0.0
2012-12-07 04:00:00,-1.441593995954338
2012-12-07 05:00:00,0.0
2012-12-07 06:00:00,0.0
2012-12-07 07:00:00,0.0
2012-12-07 08:00:00,0.0
2012-12-07 09:00:00,-0.046516112295653826
2012-12-07 10:00:00,0.0
2012-12-07 11:00:00,0.0
2012-12-07 12:00:00,0.5595645193633718
2012-12-07 13:00:00,0.0
2012-12-07 14:00:00,0.7041586657339329
2012-12-07 15:00:00,0.7260946770600243
2012-12-07 16:00:00,0.7787061464556498
2012-12-07 17:00:00,0.0
2012-12-07 18:00:00,0.0
2012-12-07 19:00:00,0.0
2012-12-07 20:00:00,0.0
2012-12-07 21:00:00,0.7041586657339338
2012-12-07 22:00:00,0.14763069711033527
2012-12-07 23:00:00,0.0
2012-12-08 00:00:00,-0.9343128097301419
2012-12-08 01:00:00,0.0
2012-12-08 02:00:00,-1.4371805753488907
2012-12-08 03:00:00,0.0
2012-12-08 04:00:00,-1.5202927138792042
2012-12-08 05:00:00,0.0
2012-12-08 06:00:00,-1.5027701231585648
2012-12-08 07:00:00,-0.2374293264065566
2012-12-08 08:00:00,0.0
2012-12-08 09:00:00,0.0
2012-12-08 10:00:00,0.0
2012-12-08 11:00:00,0.0
2012-12-08 12:00:00,0.0
2012-12-08 13:00:00,0.0
2012-12-08 14:00:00,0.0
2012-12-08 15:00:00,0.40623092624933743
2012-12-08 16:00:00,0.0
2012-12-08 17:00:00,0.9670849210109574
2012-12-08 18:00:00,0.0
2012-12-08 19:00:00,0.0
2012-12-08 20:00:00,0.0
2012-12-08 21:00:00,0.0
2012-12-08 22:00:00,0.0
2012-12-08 23:00:00,0.0
2012-12-09 00:00:00,0.0
2012-12-09 01:00:00,0.0
2012-12-09 02:00:00,0.0
2012-12-09 03:00:00,0.0
2012-12-09 04:00:00,0.0
2012-12-09 05:00:00,0.0
2012-12-09 06:00:00,0.0
2012-12-09 07:00:00,0.0
2012-12-09 08:00:00,0.0
2012-12-09 09:00:00,0.0
2012-12-09 10:00:00,0.0
2012-12-09 11:00:00,1.0240661137783154
2012-12-09 12:00:00,0.0
2012-12-09 13:00:00,0.0
2012-12-09 14:00:00,0.0
2012-12-09 15:00:00,0.0
2012-12-09 16:00:00,0.0
2012-12-09 17:00:00,0.0
2012-12-09 18:00:00,0.0
2012-12-09 19:00:00,0.0
2012-12-09 20:00:00,0.0
2012-12-09 21:00:00,0.0
2012-12-09 22:00:00,0.0
2012-12-09 23:00:00,-0.9780537406811644
2012-12-10 00:00:00,0.0
2012-12-10 01:00:00,0.0
2012-12-10 02:00:00,-1.4678560334184378
2012-12-10 03:00:00,-1.4503334426977987
2012-12-10 04:00:00,0.0
2012-12-10 05:00:00,0.0
2012-12-10 06:00:00,0.0
2012-12-10 07:00:00,-0.5349200935539735
2012-12-10 08:00:00,0.0
2012-12-10 09:00:00,0.0
2012-12-10 10:00:00,0.0
2012-12-10 11:00:00,0.0
2012-12-10 12:00:00,0.0
2012-12-10 13:00:00,0.0
2012-12-10 14:00:00,0.0
2012-12-10 15:00:00,0.0
2012-12-10 16:00:00,0.0
2012-12-10 17:00:00,0.0
2012-12-10 18:00:00,0.9101037282435845
2012-12-10 19:00:00,1.0021301024522313
2012-12-10 20:00:00,0.0
2012-12-10 21:00:00,0.0
2012-12-10 22:00:00,0.0
2012-12-10 23:00:00,0.0
2012-12-11 00:00:00,0.0
2012-12-11 01:00:00,0.0
2012-12-11 02:00:00,0.0
2012-12-11 03:00:00,0.0
2012-12-11 04:00:00,-1.5290321606226656
2012-12-11 05:00:00,0.0
2012-12-11 06:00:00,0.0
2012-12-11 07:00:00,0.0
2012-12-11 08:00:00,0.0
2012-12-11 09:00:00,0.0
2012-12-11 10:00:00,0.0
2012-12-11 11:00:00,0.0
2012-12-11 12:00:00,0.0
2012-12-11 13:00:00,0.0
2012-12-11 14:00:00,0.7611398585013058
2012-12-11 15:00:00,0.0
2012-12-11 16:00:00,0.0
2012-12-11 17:00:00,0.0
2012-12-11 18:00:00,1.0591112952195965
2012-12-11 19:00:00,0.0
2012-12-11 20:00:00,0.0
2012-12-11 21:00:00,0.5406873143974902
2012-12-11 22:00:00,-0.2696778848899313
2012-12-11 23:00:00,0.0
2012-12-12 00:00:00,0.0
2012-12-12 01:00:00,-1.5683596709682404
2012-12-12 02:00:00,0.0
2012-12-12 03:00:00,0.0
2012-12-12 04:00:00,0.0
2012-12-12 05:00:00,0.0
2012-12-12 06:00:00,0.0
2012-12-12 07:00:00,-0.3877478103940902
2012-12-12 08:00:00,0.0
2012-12-12 09:00:00,0.0
2012-12-12 10:00:00,0.40618722901562715
2012-12-12 11:00:00,0.6077625681535612
2012-12-12 12:00:00,0.0
2012-12-12 13:00:00,0.0
2012-12-12 14:00:00,0.0
2012-12-12 15:00:00,0.0
2012-12-12 16:00:00,0.0
2012-12-12 17:00:00,0.0
2012-12-12 18:00:00,0.0
2012-12-12 19:00:00,0.0
2012-12-12 20:00:00,0.0
2012-12-12 21:00:00,0.49821360322427477
2012-12-12 22:00:00,0.0
2012-12-12 23:00:00,0.0
2012-12-13 00:00:00,0.0
2012-12-13 01:00:00,0.0
2012-12-13 02:00:00,-1.4284411286054282
2012-12-13 03:00:00,0.0
2012-12-13 04:00:00,0.0
2012-12-13 05:00:00,0.0
2012-12-13 06:00:00,0.0
2012-12-13 07:00:00,0.0
2012-12-13 08:00:00,0.0
2012-12-13 09:00:00,0.0
2012-12-13 10:00:00,0.0
2012-12-13 11:00:00,0.0
2012-12-13 12:00:00,0.0
2012-12-13 13:00:00,0.0
2012-12-13 14:00:00,0.0
2012-12-13 15:00:00,0.5639779399688147
2012-12-13 16:00:00,0.0
2012-12-13 17:00:00,0.0
2012-12-13 18:00:00,0.0
2012-12-13 19:00:00,1.085373332683702
2012-12-13 20:00:00,1.0021737996859494
2012-12-13 21:00:00,0.0
2012-12-13 22:00:00,0.0
2012-12-13 23:00:00,0.0
2012-12-14 00:00:00,0.0
2012-12-14 01:00:00,-1.3453289900751153
2012-12-14 02:00:00,0.0
2012-12-14 03:00:00,0.0
2012-12-14 04:00:00,0.0
2012-12-14 05:00:00,-1.4284411286054282
2012-12-14 06:00:00,0.0
2012-12-14 07:00:00,0.0
2012-12-14 08:00:00,0.0
2012-12-14 09:00:00,0.0
2012-12-14 10:00:00,0.0
2012-12-14 11:00:00,0.0
2012-12-14 12:00:00,0.0
2012-12-14 13:00:00,0.0
2012-12-14 14:00:00,0.0
2012-12-14 15:00:00,0.0
2012-12-14 16:00:00,0.0
2012-12-14 17:00:00,0.0
2012-12-14 18:00:00,0.0
2012-12-14 19:00:00,0.0
2012-12-14 20:00:00,1.0504155457098647
2012-12-14 21:00:00,0.48510443310907975
2012-12-14 22:00:00,0.0
2012-12-14 23:00:00,0.05564802013540615
2012-12-15 00:00:00,0.0
2012-12-15 01:00:00,0.0
2012-12-15 02:00:00,0.0
2012-12-15 03:00:00,0.0
2012-12-15 04:00:00,-1.3541121340522924
2012-12-15 05:00:00,0.0
2012-12-15 06:00:00,-1.31037120310127
2012-12-15 07:00:00,0.0
2012-12-15 08:00:00,-0.6151482146589461
2012-12-15 09:00:00,-0.2009858334863276
2012-12-15 10:00:00,0.0
2012-12-15 11:00:00,0.0
2012-12-15 12:00:00,0.6691134842926517
2012-12-15 13:00:00,0.0
2012-12-15 14:00:00,0.7392038471752145
2012-12-15 15:00:00,0.0
2012-12-15 16:00:00,0.0
2012-12-15 17:00:00,0.0
2012-12-15 18:00:00,0.0
2012-12-15 19:00:00,0.0
2012-12-15 20:00:00,1.2168583089390732
2012-12-15 21:00:00,0.0
2012-12-15 22:00:00,0.0
2012-12-15 23:00:00,0.0
2012-12-16 00:00:00,0.0
2012-12-16 01:00:00,0.0
2012-12-16 02:00:00,-1.3234803732164615
2012-12-16 03:00:00,-1.310414900334988
2012-12-16 04:00:00,0.0
2012-12-16 05:00:00,0.0
2012-12-16 06:00:00,0.0
2012-12-16 07:00:00,0.0
2012-12-16 08:00:00,-0.40522670388101184
2012-12-16 09:00:00,0.0
2012-12-16 10:00:00,0.0
2012-12-16 11:00:00,0.0
2012-12-16 12:00:00,0.0
2012-12-16 13:00:00,0.0
2012-12-16 14:00:00,0.0
2012-12-16 15:00:00,0.0
2012-12-16 16:00:00,0.0
2012-12-16 17:00:00,0.0
2012-12-16 18:00:00,0.0
2012-12-16 19:00:00,0.0
2012-12-16 20:00:00,0.0
2012-12-16 21:00:00,0.0
2012-12-16 22:00:00,0.0
2012-12-16 23:00:00,0.0
2012-12-17 00:00:00,0.0
2012-12-17 01:00:00,-1.4284848258391465
2012-12-17 02:00:00,-1.4240714052336982
2012-12-17 03:00:00,-1.3803304742826763
2012-12-17 04:00:00,0.0
2012-12-17 05:00:00,0.0
2012-12-17 06:00:00,-1.349742410680562
2012-12-17 07:00:00,-0.540775522872092
2012-12-17 08:00:00,0.0
2012-12-17 09:00:00,0.0
2012-12-17 10:00:00,0.0
2012-12-17 11:00:00,0.0
2012-12-17 12:00:00,0.0
2012-12-17 13:00:00,0.0
2012-12-17 14:00:00,0.0
2012-12-17 15:00:00,0.0
2012-12-17 16:00:00,0.0
2012-12-17 17:00:00,0.0
2012-12-17 18:00:00,1.0591112952195965
2012-12-17 19:00:00,0.0
2012-12-17 20:00:00,0.0
2012-12-17 21:00:00,0.0
2012-12-17 22:00:00,0.0
2012-12-17 23:00:00,0.0
2012-12-18 00:00:00,0.0
2012-12-18 01:00:00,0.0
2012-12-18 02:00:00,-1.4502897454640822
2012-12-18 03:00:00,0.0
2012-12-18 04:00:00,0.0
2012-12-18 05:00:00,0.0
2012-12-18 06:00:00,0.0
2012-12-18 07:00:00,0.0
2012-12-18 08:00:00,0.0
2012-12-18 09:00:00,0.0
2012-12-18 10:00:00,0.0
2012-12-18 11:00:00,0.6779403255035454
2012-12-18 12:00:00,0.0
2012-12-18 13:00:00,0.0
2012-12-18 14:00:00,0.0
2012-12-18 15:00:00,0.0
2012-12-18 16:00:00,0.0
2012-12-18 17:00:00,0.0
2012-12-18 18:00:00,0.0
2012-12-18 19:00:00,0.0
2012-12-18 20:00:00,0.0
2012-12-18 21:00:00,0.0
2012-12-18 22:00:00,0.0
2012-12-18 23:00:00,0.0
2012-12-19 00:00:00,-1.0742313520929538
2012-12-19 01:00:00,0.0
2012-12-19 02:00:00,-1.3584818574240234
2012-12-19 03:00:00,0.0
2012-12-19 04:00:00,0.0
2012-12-19 05:00:00,0.0
2012-12-19 06:00:00,0.0
2012-12-19 07:00:00,0.0
2012-12-19 08:00:00,-0.6456925810273422
2012-12-19 09:00:00,0.0
2012-12-19 10:00:00,0.2703762266222339
2012-12-19 11:00:00,0.42807954310800045
2012-12-19 12:00:00,0.0
2012-12-19 13:00:00,0.0
2012-12-19 14:00:00,0.0
2012-12-19 15:00:00,0.0
2012-12-19 16:00:00,0.0
2012-12-19 17:00:00,0.0
2012-12-19 18:00:00,0.9495623302903242
2012-12-19 19:00:00,0.0
2012-12-19 20:00:00,0.0
2012-12-19 21:00:00,0.0
2012-12-19 22:00:00,0.0
2012-12-19 23:00:00,0.0
2012-12-20 00:00:00,0.0
2012-12-20 01:00:00,-1.2797831394991572
2012-12-20 02:00:00,0.0
2012-12-20 03:00:00,0.0
2012-12-20 04:00:00,0.0
2012-12-20 05:00:00,0.0
2012-12-20 06:00:00,0.0
2012-12-20 07:00:00,0.0
2012-12-20 08:00:00,-0.4402281880885736
2012-12-20 09:00:00,0.05424970865645225
2012-12-20 10:00:00,0.0
2012-12-20 11:00:00,0.0
2012-12-20 12:00:00,0.8093379072914876
2012-12-20 13:00:00,0.0
2012-12-20 14:00:00,0.0
2012-12-20 15:00:00,0.0
2012-12-20 16:00:00,0.0
2012-12-20 17:00:00,0.0
2012-12-20 18:00:00,0.0
2012-12-20 19:00:00,1.2300111762879822
2012-12-20 20:00:00,0.0
2012-12-20 21:00:00,0.0
2012-12-20 22:00:00,0.0
2012-12-20 23:00:00,0.0
2012-12-21 00:00:00,0.0
2012-12-21 01:00:00,-1.3016317563578093
2012-12-21 02:00:00,0.0
2012-12-21 03:00:00,0.0
2012-12-21 04:00:00,0.0
2012-12-21 05:00:00,0.0
2012-12-21 06:00:00,0.0
2012-12-21 07:00:00,0.0
2012-12-21 08:00:00,0.0
2012-12-21 09:00:00,0.0
2012-12-21 10:00:00,0.0
2012-12-21 11:00:00,0.0
2012-12-21 12:00:00,0.0
2012-12-21 13:00:00,0.0
2012-12-21 14:00:00,0.0
2012-12-21 15:00:00,0.0
2012-12-21 16:00:00,0.6691134842926517
2012-12-21 17:00:00,0.0
2012-12-21 18:00:00,0.0
2012-12-21 19:00:00,0.0
2012-12-21 20:00:00,0.0
2012-12-21 21:00:00,0.0
2012-12-21 22:00:00,0.0
2012-12-21 23:00:00,0.0
2012-12-22 00:00:00,-0.790024543995601
2012-12-22 01:00:00,0.0
2012-12-22 02:00:00,0.0
2012-12-22 03:00:00,-1.2535211020350567
2012-12-22 04:00:00,0.0
2012-12-22 05:00:00,0.0
2012-12-22 06:00:00,0.0
2012-12-22 07:00:00,0.0
2012-12-22 08:00:00,0.0
2012-12-22 09:00:00,0.0
2012-12-22 10:00:00,0.0
2012-12-22 11:00:00,0.0
2012-12-22 12:00:00,0.0
2012-12-22 13:00:00,0.0
2012-12-22 14:00:00,0.0
2012-12-22 15:00:00,0.0
2012-12-22 16:00:00,0.0
2012-12-22 17:00:00,0.9364094629414086
2012-12-22 18:00:00,0.0
2012-12-22 19:00:00,0.0
2012-12-22 20:00:00,1.2519034903803476
2012-12-22 21:00:00,0.0
2012-12-22 22:00:00,0.0
2012-12-22 23:00:00,0.0
2012-12-23 00:00:00,0.0
2012-12-23 01:00:00,0.0
2012-12-23 02:00:00,0.0
2012-12-23 03:00:00,0.0
2012-12-23 04:00:00,-1.3890699210261377
2012-12-23 05:00:00,-1.4503334426977994
2012-12-23 06:00:00,0.0
2012-12-23 07:00:00,0.0
2012-12-23 08:00:00,0.0
2012-12-23 09:00:00,0.0
2012-12-23 10:00:00,0.0
2012-12-23 11:00:00,0.0
2012-12-23 12:00:00,0.7918153165708475
2012-12-23 13:00:00,0.0
2012-12-23 14:00:00,0.0
2012-12-23 15:00:00,0.0
2012-12-23 16:00:00,0.0
2012-12-23 17:00:00,0.0
2012-12-23 18:00:00,0.0
2012-12-23 19:00:00,0.0
2012-12-23 20:00:00,0.0
2012-12-23 21:00:00,0.12136865964623321
2012-12-23 22:00:00,0.0
2012-12-23 23:00:00,0.0
2012-12-24 00:00:00,0.0
2012-12-24 01:00:00,-1.389069921026137
2012-12-24 02:00:00,0.0
2012-12-24 03:00:00,0.0
2012-12-24 04:00:00,-1.3847001976544067
2012-12-24 05:00:00,0.0
2012-12-24 06:00:00,0.0
2012-12-24 07:00:00,0.0
2012-12-24 08:00:00,0.0
2012-12-24 09:00:00,0.0
2012-12-24 10:00:00,0.5069530499677388
2012-12-24 11:00:00,0.0
2012-12-24 12:00:00,0.0
2012-12-24 13:00:00,0.0
2012-12-24 14:00:00,0.0
2012-12-24 15:00:00,0.0
2012-12-24 16:00:00,0.0
2012-12-24 17:00:00,0.0
2012-12-24 18:00:00,0.0
2012-12-24 19:00:00,0.0
2012-12-24 20:00:00,0.0
2012-12-24 21:00:00,0.0
2012-12-24 22:00:00,0.0
2012-12-24 23:00:00,0.0
2012-12-25 00:00:00,0.0
2012-12-25 01:00:00,0.0
2012-12-25 02:00:00,0.0
2012-12-25 03:00:00,-1.3278937938219093
2012-12-25 04:00:00,0.0
2012-12-25 05:00:00,0.0
2012-12-25 06:00:00,0.0
2012-12-25 07:00:00,0.0
2012-12-25 08:00:00,-1.3978967622370322
2012-12-25 09:00:00,-1.3934396443978678
2012-12-25 10:00:00,0.0
2012-12-25 11:00:00,0.0
2012-12-25 12:00:00,0.0
2012-12-25 13:00:00,0.0
2012-12-25 14:00:00,0.0
2012-12-25 15:00:00,0.0
2012-12-25 16:00:00,0.0
2012-12-25 17:00:00,0.0
2012-12-25 18:00:00,-1.2098238683177516
2012-12-25 19:00:00,0.0
2012-12-25 20:00:00,0.0
2012-12-25 21:00:00,0.0
2012-12-25 22:00:00,0.0
2012-12-25 23:00:00,-1.3410029639371015
2012-12-26 00:00:00,0.0
2012-12-26 01:00:00,0.0
2012-12-26 02:00:00,-1.4197016818619685
2012-12-26 03:00:00,0.0
2012-12-26 04:00:00,0.0
2012-12-26 05:00:00,0.0
2012-12-26 06:00:00,0.0
2012-12-26 07:00:00,0.0
2012-12-26 08:00:00,0.0
2012-12-26 09:00:00,0.0
2012-12-26 10:00:00,0.0
2012-12-26 11:00:00,0.0
2012-12-26 12:00:00,0.0
2012-12-26 13:00:00,0.0
2012-12-26 14:00:00,0.0
2012-12-26 15:00:00,0.0
2012-12-26 16:00:00,0.0
2012-12-26 17:00:00,0.0
2012-12-26 18:00:00,0.9802377883598659
2012-12-26 19:00:00,0.0
2012-12-26 20:00:00,0.0
2012-12-26 21:00:00,0.0
2012-12-26 22:00:00,0.21343873108858505
2012-12-26 23:00:00,0.0
2012-12-27 00:00:00,0.0
2012-12-27 01:00:00,0.0
2012-12-27 02:00:00,-1.4328108519771587
2012-12-27 03:00:00,-1.3978093677695982
2012-12-27 04:00:00,0.0
2012-12-27 05:00:00,0.0
2012-12-27 06:00:00,-1.109232836300515
2012-12-27 07:00:00,0.0
2012-12-27 08:00:00,0.0
2012-12-27 09:00:00,0.0
2012-12-27 10:00:00,0.0
2012-12-27 11:00:00,0.6165457121307295
2012-12-27 12:00:00,0.0
2012-12-27 13:00:00,0.0
2012-12-27 14:00:00,0.5026270238297169
2012-12-27 15:00:00,0.0
2012-12-27 16:00:00,0.0
2012-12-27 17:00:00,0.0
2012-12-27 18:00:00,0.0
2012-12-27 19:00:00,0.0
2012-12-27 20:00:00,0.9978040763142245
2012-12-27 21:00:00,0.0
2012-12-27 22:00:00,-0.04358839763659441
2012-12-27 23:00:00,0.0
2012-12-28 00:00:00,-0.6063650706817675
2012-12-28 01:00:00,0.0
2012-12-28 02:00:00,-0.9255733629866819
2012-12-28 03:00:00,-0.9168339162432209
2012-12-28 04:00:00,0.0
2012-12-28 05:00:00,0.0
2012-12-28 06:00:00,0.0
2012-12-28 07:00:00,0.0
2012-12-28 08:00:00,0.0
2012-12-28 09:00:00,0.0
2012-12-28 10:00:00,0.0
2012-12-28 11:00:00,0.0
2012-12-28 12:00:00,0.5639779399688147
2012-12-28 13:00:00,0.0
2012-12-28 14:00:00,0.0
2012-12-28 15:00:00,0.0
2012-12-28 16:00:00,0.0
2012-12-28 17:00:00,0.0
2012-12-28 18:00:00,0.0
2012-12-28 19:00:00,0.9013642815001344
2012-12-28 20:00:00,0.0
2012-12-28 21:00:00,0.0
2012-12-28 22:00:00,0.0
2012-12-28 23:00:00,0.0
2012-12-29 00:00:00,0.0
2012-12-29 01:00:00,-1.3978530650033147
2012-12-29 02:00:00,-1.3191106498447311
2012-12-29 03:00:00,-1.292892309614348
2012-12-29 04:00:00,0.0
2012-12-29 05:00:00,0.0
2012-12-29 06:00:00,0.0
2012-12-29 07:00:00,0.0
2012-12-29 08:00:00,0.0
2012-12-29 09:00:00,0.0
2012-12-29 10:00:00,0.0
2012-12-29 11:00:00,0.0
2012-12-29 12:00:00,0.0
2012-12-29 13:00:00,0.0
2012-12-29 14:00:00,0.0
2012-12-29 15:00:00,0.0
2012-12-29 16:00:00,0.6953755217567499
2012-12-29 17:00:00,0.0
2012-12-29 18:00:00,0.0
2012-12-29 19:00:00,0.0
2012-12-29 20:00:00,0.0
2012-12-29 21:00:00,0.0
2012-12-29 22:00:00,0.0
2012-12-29 23:00:00,0.0
2012-12-30 00:00:00,0.0
2012-12-30 01:00:00,0.0
2012-12-30 02:00:00,0.0
2012-12-30 03:00:00,0.0
2012-12-30 04:00:00,0.0
2012-12-30 05:00:00,0.0
2012-12-30 06:00:00,0.0
2012-12-30 07:00:00,-0.043457305935441504
2012-12-30 08:00:00,0.0
2012-12-30 09:00:00,0.0
2012-12-30 10:00:00,0.0
2012-12-30 11:00:00,0.0
2012-12-30 12:00:00,0.0
2012-12-30 13:00:00,0.0
2012-12-30 14:00:00,0.0
2012-12-30 15:00:00,0.0
2012-12-30 16:00:00,0.0
2012-12-30 17:00:00,0.7830758698273821
2012-12-30 18:00:00,0.0
2012-12-30 19:00:00,0.0
2012-12-30 20:00:00,0.0
2012-12-30 21:00:00,0.0
2012-12-30 22:00:00,0.0
2012-12-30 23:00:00,0.0
2012-12-31 00:00:00,-1.0960362717178895
2012-12-31 01:00:00,0.0
2012-12-31 02:00:00,0.0
2012-12-31 03:00:00,0.0
2012-12-31 04:00:00,0.0
2012-12-31 05:00:00,0.0
2012-12-31 06:00:00,0.0
2012-12-31 07:00:00,0.0
2012-12-31 08:00:00,0.0
2012-12-31 09:00:00,0.1739801290418596
2012-12-31 10:00:00,0.7917716193371216
2012-12-31 11:00:00,0.0
2012-12-31 12:00:00,0.0
2012-12-31 13:00:00,0.0
2012-12-31 14:00:00,0.0
2012-12-31 15:00:00,0.0
2012-12-31 16:00:00,0.0
2012-12-31 17:00:00,0.0
2012-12-31 18:00:00,0.0
2012-12-31 19:00:00,0.0
2012-12-31 20:00:00,0.0
2012-12-31 21:00:00,0.0
2012-12-31 22:00:00,-0.9474656770790508
2012-12-31 23:00:00,0.0
2013-01-01 00:00:00,0.0
2013-01-01 01:00:00,0.0
2013-01-01 02:00:00,0.0
2013-01-01 03:00:00,0.0
2013-01-01 04:00:00,0.0
2013-01-01 05:00:00,0.0
2013-01-01 06:00:00,0.0
2013-01-01 07:00:00,0.0
2013-01-01 08:00:00,0.0
2013-01-01 09:00:00,-1.174778686876474
2013-01-01 10:00:00,0.0
2013-01-01 11:00:00,0.0
2013-01-01 12:00:00,0.0
2013-01-01 13:00:00,0.0
2013-01-01 14:00:00,0.0
2013-01-01 15:00:00,0.0
2013-01-01 16:00:00,0.0
2013-01-01 17:00:00,0.0
2013-01-01 18:00:00,0.0
2013-01-01 19:00:00,-0.9605748471942441
2013-01-01 20:00:00,0.0
2013-01-01 21:00:00,0.0
2013-01-01 22:00:00,0.0
2013-01-01 23:00:00,0.0
2013-01-02 00:00:00,0.0
2013-01-02 01:00:00,-1.4502897454640822
2013-01-02 02:00:00,0.0
2013-01-02 03:00:00,0.0
2013-01-02 04:00:00,-1.3497424106805629
2013-01-02 05:00:00,0.0
2013-01-02 06:00:00,0.0
2013-01-02 07:00:00,0.0
2013-01-02 08:00:00,-0.8424612244563676
2013-01-02 09:00:00,0.0
2013-01-02 10:00:00,0.0
2013-01-02 11:00:00,0.0
2013-01-02 12:00:00,0.0
2013-01-02 13:00:00,0.0
2013-01-02 14:00:00,0.0
2013-01-02 15:00:00,0.0
2013-01-02 16:00:00,0.0
2013-01-02 17:00:00,0.0
2013-01-02 18:00:00,0.9495186330565984
2013-01-02 19:00:00,0.0
2013-01-02 20:00:00,0.0
2013-01-02 21:00:00,0.0
2013-01-02 22:00:00,0.0
2013-01-02 23:00:00,0.0
2013-01-03 00:00:00,0.0
2013-01-03 01:00:00,0.0
2013-01-03 02:00:00,0.0
2013-01-03 03:00:00,-1.424071405233699
2013-01-03 04:00:00,-1.4197016818619679
2013-01-03 05:00:00,0.0
2013-01-03 06:00:00,0.0
2013-01-03 07:00:00,0.0
2013-01-03 08:00:00,0.0
2013-01-03 09:00:00,0.0
2013-01-03 10:00:00,0.5376722052709985
2013-01-03 11:00:00,0.0
2013-01-03 12:00:00,0.0
2013-01-03 13:00:00,0.6603303403154761
2013-01-03 14:00:00,0.0
2013-01-03 15:00:00,0.0
2013-01-03 16:00:00,0.4674944479210143
2013-01-03 17:00:00,0.0
2013-01-03 18:00:00,0.0
2013-01-03 19:00:00,0.0
2013-01-03 20:00:00,0.0
2013-01-03 21:00:00,0.0
2013-01-03 22:00:00,0.0
2013-01-03 23:00:00,0.0
2013-01-04 00:00:00,0.0
2013-01-04 01:00:00,-1.5508807774813176
2013-01-04 02:00:00,0.0
2013-01-04 03:00:00,-1.4940743736488211
2013-01-04 04:00:00,0.0
2013-01-04 05:00:00,0.0
2013-01-04 06:00:00,0.0
2013-01-04 07:00:00,0.0
2013-01-04 08:00:00,0.0
2013-01-04 09:00:00,0.0
2013-01-04 10:00:00,0.0
2013-01-04 11:00:00,0.0
2013-01-04 12:00:00,0.5026270238297169
2013-01-04 13:00:00,0.4018612028776052
2013-01-04 14:00:00,0.0
2013-01-04 15:00:00,0.3185742754124234
2013-01-04 16:00:00,0.0
2013-01-04 17:00:00,0.0
2013-01-04 18:00:00,0.0
2013-01-04 19:00:00,0.0
2013-01-04 20:00:00,0.0
2013-01-04 21:00:00,0.2864131113964961
2013-01-04 22:00:00,0.0
2013-01-04 23:00:00,0.0
2013-01-05 00:00:00,0.0
2013-01-05 01:00:00,0.0
2013-01-05 02:00:00,0.0
2013-01-05 03:00:00,0.0
2013-01-05 04:00:00,0.0
2013-01-05 05:00:00,0.0
2013-01-05 06:00:00,0.0
2013-01-05 07:00:00,0.0
2013-01-05 08:00:00,0.0
2013-01-05 09:00:00,0.0
2013-01-05 10:00:00,0.0
2013-01-05 11:00:00,0.7129855069448267
2013-01-05 12:00:00,0.0
2013-01-05 13:00:00,0.6735269048981021
2013-01-05 14:00:00,0.0
2013-01-05 15:00:00,0.4894304592470905
2013-01-05 16:00:00,0.0
2013-01-05 17:00:00,0.0
2013-01-05 18:00:00,0.0
2013-01-05 19:00:00,1.365865875915078
2013-01-05 20:00:00,0.0
2013-01-05 21:00:00,0.0
2013-01-05 22:00:00,0.0
2013-01-05 23:00:00,0.0
2013-01-06 00:00:00,0.0
2013-01-06 01:00:00,-1.4678123361847213
2013-01-06 02:00:00,-1.459072889441259
2013-01-06 03:00:00,0.0
2013-01-06 04:00:00,0.0
2013-01-06 05:00:00,0.0
2013-01-06 06:00:00,0.0
2013-01-06 07:00:00,0.0
2013-01-06 08:00:00,0.0
2013-01-06 09:00:00,0.0
2013-01-06 10:00:00,0.0
2013-01-06 11:00:00,0.0
2013-01-06 12:00:00,0.0
2013-01-06 13:00:00,0.721724953688292
2013-01-06 14:00:00,0.0
2013-01-06 15:00:00,0.0
2013-01-06 16:00:00,0.0
2013-01-06 17:00:00,0.0
2013-01-06 18:00:00,0.0
2013-01-06 19:00:00,0.0
2013-01-06 20:00:00,0.0
2013-01-06 21:00:00,0.0
2013-01-06 22:00:00,0.0
2013-01-06 23:00:00,-0.9693142939377045
2013-01-07 00:00:00,-1.4809215062999121
2013-01-07 01:00:00,0.0
2013-01-07 02:00:00,0.0
2013-01-07 03:00:00,-1.4546594688358125
2013-01-07 04:00:00,-1.4415939959543371
2013-01-07 05:00:00,0.0
2013-01-07 06:00:00,0.0
2013-01-07 07:00:00,0.0
2013-01-07 08:00:00,0.0
2013-01-07 09:00:00,0.0
2013-01-07 10:00:00,0.0
2013-01-07 11:00:00,0.0
2013-01-07 12:00:00,0.0
2013-01-07 13:00:00,0.5201059173166472
2013-01-07 14:00:00,0.0
2013-01-07 15:00:00,0.45879869841125964
2013-01-07 16:00:00,0.4850607358753656
2013-01-07 17:00:00,0.765509581873023
2013-01-07 18:00:00,0.0
2013-01-07 19:00:00,0.0
2013-01-07 20:00:00,0.0
2013-01-07 21:00:00,0.9232565955924928
2013-01-07 22:00:00,0.01623311532239619
2013-01-07 23:00:00,0.0
2013-01-08 00:00:00,-1.1923012775971122
2013-01-08 01:00:00,0.0
2013-01-08 02:00:00,0.0
2013-01-08 03:00:00,-1.187931554225382
2013-01-08 04:00:00,-1.244781655291596
2013-01-08 05:00:00,-1.354112134052293
2013-01-08 06:00:00,0.0
2013-01-08 07:00:00,0.0
2013-01-08 08:00:00,-0.842504921690084
2013-01-08 09:00:00,0.0
2013-01-08 10:00:00,0.0
2013-01-08 11:00:00,0.06880088748431405
2013-01-08 12:00:00,0.0
2013-01-08 13:00:00,0.0
2013-01-08 14:00:00,0.0
2013-01-08 15:00:00,0.0
2013-01-08 16:00:00,0.0
2013-01-08 17:00:00,0.0
2013-01-08 18:00:00,1.1861828508695254
2013-01-08 19:00:00,0.0
2013-01-08 20:00:00,0.0
2013-01-08 21:00:00,0.0
2013-01-08 22:00:00,0.0
2013-01-08 23:00:00,0.0
2013-01-09 00:00:00,0.0
2013-01-09 01:00:00,-1.511553267135743
2013-01-09 02:00:00,0.0
2013-01-09 03:00:00,0.0
2013-01-09 04:00:00,-1.4065925117467761
2013-01-09 05:00:00,-1.5771428149454185
2013-01-09 06:00:00,0.0
2013-01-09 07:00:00,0.0
2013-01-09 08:00:00,-1.0480130118625701
2013-01-09 09:00:00,0.0
2013-01-09 10:00:00,0.0
2013-01-09 11:00:00,0.0
2013-01-09 12:00:00,0.0
2013-01-09 13:00:00,0.0
2013-01-09 14:00:00,0.0
2013-01-09 15:00:00,0.0
2013-01-09 16:00:00,0.0
2013-01-09 17:00:00,0.8531662327099448
2013-01-09 18:00:00,0.0
2013-01-09 19:00:00,0.0
2013-01-09 20:00:00,0.0
2013-01-09 21:00:00,0.0
2013-01-09 22:00:00,0.0
2013-01-09 23:00:00,0.0
2013-01-10 00:00:00,0.0
2013-01-10 01:00:00,0.0
2013-01-10 02:00:00,0.0
2013-01-10 03:00:00,0.0
2013-01-10 04:00:00,0.0
2013-01-10 05:00:00,-1.4415939959543371
2013-01-10 06:00:00,0.0
2013-01-10 07:00:00,0.0
2013-01-10 08:00:00,0.0
2013-01-10 09:00:00,0.0
2013-01-10 10:00:00,0.296638264086345
2013-01-10 11:00:00,0.0
2013-01-10 12:00:00,0.0
2013-01-10 13:00:00,0.4193837935982458
2013-01-10 14:00:00,0.0
2013-01-10 15:00:00,0.0
2013-01-10 16:00:00,0.0
2013-01-10 17:00:00,0.0
2013-01-10 18:00:00,0.6997889423621929
2013-01-10 19:00:00,0.0
2013-01-10 20:00:00,0.0
2013-01-10 21:00:00,0.6515908935720094
2013-01-10 22:00:00,0.0
2013-01-10 23:00:00,0.0
2013-01-11 00:00:00,0.0
2013-01-11 01:00:00,0.0
2013-01-11 02:00:00,-1.50722724099773
2013-01-11 03:00:00,0.0
2013-01-11 04:00:00,0.0
2013-01-11 05:00:00,-1.5509244747150357
2013-01-11 06:00:00,0.0
2013-01-11 07:00:00,0.0
2013-01-11 08:00:00,0.0
2013-01-11 09:00:00,0.0
2013-01-11 10:00:00,0.0
2013-01-11 11:00:00,0.0
2013-01-11 12:00:00,0.0
2013-01-11 13:00:00,0.0
2013-01-11 14:00:00,0.0
2013-01-11 15:00:00,0.0
2013-01-11 16:00:00,0.5113664705731744
2013-01-11 17:00:00,0.7260946770600168
2013-01-11 18:00:00,0.0
2013-01-11 19:00:00,0.0
2013-01-11 20:00:00,0.6340683028513775
2013-01-11 21:00:00,0.0
2013-01-11 22:00:00,0.0
2013-01-11 23:00:00,0.0
2013-01-12 00:00:00,-1.0961236661853235
2013-01-12 01:00:00,0.0
2013-01-12 02:00:00,0.0
2013-01-12 03:00:00,-1.362807883562037
2013-01-12 04:00:00,0.0
2013-01-12 05:00:00,0.0
2013-01-12 06:00:00,0.0
2013-01-12 07:00:00,0.0
2013-01-12 08:00:00,-0.7112821288370176
2013-01-12 09:00:00,0.0
2013-01-12 10:00:00,0.0
2013-01-12 11:00:00,0.0
2013-01-12 12:00:00,0.0
2013-01-12 13:00:00,0.0
2013-01-12 14:00:00,0.4236661225025501
2013-01-12 15:00:00,0.0
2013-01-12 16:00:00,0.0
2013-01-12 17:00:00,0.8224907746403886
2013-01-12 18:00:00,0.0
2013-01-12 19:00:00,0.0
2013-01-12 20:00:00,0.0
2013-01-12 21:00:00,0.0
2013-01-12 22:00:00,0.0
2013-01-12 23:00:00,0.0
2013-01-13 00:00:00,0.0
2013-01-13 01:00:00,0.0
2013-01-13 02:00:00,0.0
2013-01-13 03:00:00,0.0
2013-01-13 04:00:00,-1.4721383623227335
2013-01-13 05:00:00,0.0
2013-01-13 06:00:00,-1.5989914318040712
2013-01-13 07:00:00,0.0
2013-01-13 08:00:00,0.0
2013-01-13 09:00:00,0.0
2013-01-13 10:00:00,0.28789881734288614
2013-01-13 11:00:00,0.0
2013-01-13 12:00:00,0.0
2013-01-13 13:00:00,0.0
2013-01-13 14:00:00,0.0
2013-01-13 15:00:00,0.0
2013-01-13 16:00:00,0.0
2013-01-13 17:00:00,0.0
2013-01-13 18:00:00,0.0
2013-01-13 19:00:00,0.91014742547731
2013-01-13 20:00:00,0.0
2013-01-13 21:00:00,0.027987671192351914
2013-01-13 22:00:00,0.0
2013-01-13 23:00:00,0.0
2013-01-14 00:00:00,0.0
2013-01-14 01:00:00,0.0
2013-01-14 02:00:00,-1.5858822616888788
2013-01-14 03:00:00,0.0
2013-01-14 04:00:00,0.0
2013-01-14 05:00:00,0.0
2013-01-14 06:00:00,0.0
2013-01-14 07:00:00,0.0
2013-01-14 08:00:00,0.0
2013-01-14 09:00:00,0.0
2013-01-14 10:00:00,0.0
2013-01-14 11:00:00,0.0
2013-01-14 12:00:00,0.0
2013-01-14 13:00:00,0.5683476633405474
2013-01-14 14:00:00,0.0
2013-01-14 15:00:00,0.0
2013-01-14 16:00:00,0.16961040567013733
2013-01-14 17:00:00,0.0
2013-01-14 18:00:00,0.0
2013-01-14 19:00:00,0.0
2013-01-14 20:00:00,0.0
2013-01-14 21:00:00,0.0
2013-01-14 22:00:00,0.0
2013-01-14 23:00:00,0.0
2013-01-15 00:00:00,0.0
2013-01-15 01:00:00,0.0
2013-01-15 02:00:00,0.0
2013-01-15 03:00:00,-1.4853349269053597
2013-01-15 04:00:00,0.0
2013-01-15 05:00:00,0.0
2013-01-15 06:00:00,0.0
2013-01-15 07:00:00,0.0
2013-01-15 08:00:00,-1.0830144960701324
2013-01-15 09:00:00,0.0
2013-01-15 10:00:00,0.0
2013-01-15 11:00:00,0.0
2013-01-15 12:00:00,0.2572233592733303
2013-01-15 13:00:00,0.0
2013-01-15 14:00:00,0.0
2013-01-15 15:00:00,0.0
2013-01-15 16:00:00,0.3623152063634518
2013-01-15 17:00:00,0.0
2013-01-15 18:00:00,0.0
2013-01-15 19:00:00,0.0
2013-01-15 20:00:00,0.0
2013-01-15 21:00:00,0.0
2013-01-15 22:00:00,0.0
2013-01-15 23:00:00,0.0
2013-01-16 00:00:00,-1.4503334426977987
2013-01-16 01:00:00,0.0
2013-01-16 02:00:00,0.0
2013-01-16 03:00:00,0.0
2013-01-16 04:00:00,0.0
2013-01-16 05:00:00,-1.4109622351185065
2013-01-16 06:00:00,0.0
2013-01-16 07:00:00,0.0
2013-01-16 08:00:00,0.0
2013-01-16 09:00:00,0.0
2013-01-16 10:00:00,0.0
2013-01-16 11:00:00,0.40177380841018423
2013-01-16 12:00:00,0.0
2013-01-16 13:00:00,0.0
2013-01-16 14:00:00,0.48947415648080855
2013-01-16 15:00:00,0.0
2013-01-16 16:00:00,0.0
2013-01-16 17:00:00,0.0
2013-01-16 18:00:00,0.0
2013-01-16 19:00:00,0.0
2013-01-16 20:00:00,0.0
2013-01-16 21:00:00,0.0
2013-01-16 22:00:00,0.0
2013-01-16 23:00:00,0.0
2013-01-17 00:00:00,0.0
2013-01-17 01:00:00,0.0
2013-01-17 02:00:00,0.0
2013-01-17 03:00:00,0.0
2013-01-17 04:00:00,0.0
2013-01-17 05:00:00,0.0
2013-01-17 06:00:00,0.0
2013-01-17 07:00:00,0.0
2013-01-17 08:00:00,-0.584472756589398
2013-01-17 09:00:00,0.0
2013-01-17 10:00:00,0.0
2013-01-17 11:00:00,0.0
2013-01-17 12:00:00,0.0
2013-01-17 13:00:00,0.0
2013-01-17 14:00:00,0.0
2013-01-17 15:00:00,0.0
2013-01-17 16:00:00,0.0
2013-01-17 17:00:00,0.0
2013-01-17 18:00:00,0.0
2013-01-17 19:00:00,0.0
2013-01-17 20:00:00,0.0
2013-01-17 21:00:00,0.46758184238843703
2013-01-17 22:00:00,0.0
2013-01-17 23:00:00,0.0
2013-01-18 00:00:00,0.0
2013-01-18 01:00:00,0.0
2013-01-18 02:00:00,0.0
2013-01-18 03:00:00,0.0
2013-01-18 04:00:00,-1.3978530650033147
2013-01-18 05:00:00,0.0
2013-01-18 06:00:00,0.0
2013-01-18 07:00:00,0.0
2013-01-18 08:00:00,0.0
2013-01-18 09:00:00,0.0
2013-01-18 10:00:00,0.0
2013-01-18 11:00:00,0.44123241045690836
2013-01-18 12:00:00,0.0
2013-01-18 13:00:00,0.0
2013-01-18 14:00:00,0.0
2013-01-18 15:00:00,0.0
2013-01-18 16:00:00,0.8005984605480226
2013-01-18 17:00:00,0.0
2013-01-18 18:00:00,1.1116790673815187
2013-01-18 19:00:00,1.4140639247052678
2013-01-18 20:00:00,0.0
2013-01-18 21:00:00,0.0
2013-01-18 22:00:00,0.0
2013-01-18 23:00:00,0.0
2013-01-19 00:00:00,0.0
2013-01-19 01:00:00,0.0
2013-01-19 02:00:00,0.0
2013-01-19 03:00:00,-1.4240277079999817
2013-01-19 04:00:00,0.0
2013-01-19 05:00:00,-1.454746863303246
2013-01-19 06:00:00,-1.410918537884789
2013-01-19 07:00:00,-0.5058177358982491
2013-01-19 08:00:00,0.0
2013-01-19 09:00:00,0.0
2013-01-19 10:00:00,0.2528099386678873
2013-01-19 11:00:00,0.0
2013-01-19 12:00:00,0.0
2013-01-19 13:00:00,0.0
2013-01-19 14:00:00,0.5727610839459903
2013-01-19 15:00:00,0.2747459499939717
2013-01-19 16:00:00,0.0
2013-01-19 17:00:00,0.5113664705731823
2013-01-19 18:00:00,0.0
2013-01-19 19:00:00,0.0
2013-01-19 20:00:00,1.0897867532891454
2013-01-19 21:00:00,0.0
2013-01-19 22:00:00,0.0
2013-01-19 23:00:00,0.0
2013-01-20 00:00:00,0.0
2013-01-20 01:00:00,0.0
2013-01-20 02:00:00,0.0
2013-01-20 03:00:00,0.0
2013-01-20 04:00:00,0.0
2013-01-20 05:00:00,0.0
2013-01-20 06:00:00,0.0
2013-01-20 07:00:00,0.0
2013-01-20 08:00:00,0.0
2013-01-20 09:00:00,0.0
2013-01-20 10:00:00,0.37988149431781093
2013-01-20 11:00:00,0.6428514468285531
2013-01-20 12:00:00,0.0
2013-01-20 13:00:00,0.0
2013-01-20 14:00:00,0.8487965093382048
2013-01-20 15:00:00,0.0
2013-01-20 16:00:00,0.0
2013-01-20 17:00:00,0.4938001826188305
2013-01-20 18:00:00,0.0
2013-01-20 19:00:00,0.0
2013-01-20 20:00:00,0.0
2013-01-20 21:00:00,0.0
2013-01-20 22:00:00,-0.138455092036864
2013-01-20 23:00:00,0.0
2013-01-21 00:00:00,-1.4678123361847213
2013-01-21 01:00:00,-1.4503334426977987
2013-01-21 02:00:00,0.0
2013-01-21 03:00:00,0.0
2013-01-21 04:00:00,-1.3890699210261377
2013-01-21 05:00:00,0.0
2013-01-21 06:00:00,-1.3891136182598542
2013-01-21 07:00:00,0.0
2013-01-21 08:00:00,0.0
2013-01-21 09:00:00,0.0
2013-01-21 10:00:00,0.0
2013-01-21 11:00:00,0.0
2013-01-21 12:00:00,0.0
2013-01-21 13:00:00,0.0
2013-01-21 14:00:00,0.0
2013-01-21 15:00:00,0.0
2013-01-21 16:00:00,0.0
2013-01-21 17:00:00,0.0
2013-01-21 18:00:00,0.0
2013-01-21 19:00:00,0.0
2013-01-21 20:00:00,0.0
2013-01-21 21:00:00,0.172625514796632
2013-01-21 22:00:00,0.0
2013-01-21 23:00:00,0.0
2013-01-22 00:00:00,0.0
2013-01-22 01:00:00,0.0
2013-01-22 02:00:00,0.0
2013-01-22 03:00:00,0.0
2013-01-22 04:00:00,0.0
2013-01-22 05:00:00,-1.4633989155792722
2013-01-22 06:00:00,0.0
2013-01-22 07:00:00,0.0
2013-01-22 08:00:00,0.0
2013-01-22 09:00:00,0.0
2013-01-22 10:00:00,0.0
2013-01-22 11:00:00,0.0
2013-01-22 12:00:00,0.0
2013-01-22 13:00:00,0.0
2013-01-22 14:00:00,0.0
2013-01-22 15:00:00,0.0
2013-01-22 16:00:00,0.0
2013-01-22 17:00:00,0.3579891802254407
2013-01-22 18:00:00,0.0
2013-01-22 19:00:00,0.0
2013-01-22 20:00:00,0.0
2013-01-22 21:00:00,0.0
2013-01-22 22:00:00,0.0
2013-01-22 23:00:00,0.0
2013-01-23 00:00:00,0.0
2013-01-23 01:00:00,0.0
2013-01-23 02:00:00,0.0
2013-01-23 03:00:00,0.0
2013-01-23 04:00:00,0.0
2013-01-23 05:00:00,0.0
2013-01-23 06:00:00,0.0
2013-01-23 07:00:00,0.0
2013-01-23 08:00:00,0.0
2013-01-23 09:00:00,0.0
2013-01-23 10:00:00,0.0
2013-01-23 11:00:00,0.0
2013-01-23 12:00:00,0.0
2013-01-23 13:00:00,0.3448800101102396
2013-01-23 14:00:00,0.0
2013-01-23 15:00:00,0.40618722901562804
2013-01-23 16:00:00,0.0
2013-01-23 17:00:00,0.0
2013-01-23 18:00:00,0.0
2013-01-23 19:00:00,0.0
2013-01-23 20:00:00,0.0
2013-01-23 21:00:00,0.0
2013-01-23 22:00:00,0.0
2013-01-23 23:00:00,0.0
2013-01-24 00:00:00,-1.4984440970205521
2013-01-24 01:00:00,0.0
2013-01-24 02:00:00,0.0
2013-01-24 03:00:00,0.0
2013-01-24 04:00:00,0.0
2013-01-24 05:00:00,-1.4678123361847206
2013-01-24 06:00:00,-1.5596639214584964
2013-01-24 07:00:00,0.0
2013-01-24 08:00:00,0.0
2013-01-24 09:00:00,0.0
2013-01-24 10:00:00,0.0
2013-01-24 11:00:00,0.3579891802254377
2013-01-24 12:00:00,0.0
2013-01-24 13:00:00,0.0
2013-01-24 14:00:00,0.0
2013-01-24 15:00:00,0.0
2013-01-24 16:00:00,0.34051028673850736
2013-01-24 17:00:00,0.0
2013-01-24 18:00:00,0.0
2013-01-24 19:00:00,0.0
2013-01-24 20:00:00,0.0
2013-01-24 21:00:00,0.0
2013-01-24 22:00:00,0.0
2013-01-24 23:00:00,0.0
2013-01-25 00:00:00,0.0
2013-01-25 01:00:00,-1.157343490623268
2013-01-25 02:00:00,0.0
2013-01-25 03:00:00,0.0
2013-01-25 04:00:00,0.0
2013-01-25 05:00:00,0.0
2013-01-25 06:00:00,0.0
2013-01-25 07:00:00,0.0
2013-01-25 08:00:00,0.0
2013-01-25 09:00:00,0.0
2013-01-25 10:00:00,0.0
2013-01-25 11:00:00,0.0
2013-01-25 12:00:00,0.0
2013-01-25 13:00:00,0.0
2013-01-25 14:00:00,0.0
2013-01-25 15:00:00,0.0
2013-01-25 16:00:00,0.42370981973626776
2013-01-25 17:00:00,0.0
2013-01-25 18:00:00,0.0
2013-01-25 19:00:00,0.0
2013-01-25 20:00:00,0.0
2013-01-25 21:00:00,0.0
2013-01-25 22:00:00,0.0
2013-01-25 23:00:00,0.0
2013-01-26 00:00:00,0.0
2013-01-26 01:00:00,0.0
2013-01-26 02:00:00,0.0
2013-01-26 03:00:00,0.0
2013-01-26 04:00:00,0.0
2013-01-26 05:00:00,0.0
2013-01-26 06:00:00,0.0
2013-01-26 07:00:00,0.0
2013-01-26 08:00:00,0.0
2013-01-26 09:00:00,0.0
2013-01-26 10:00:00,0.0
2013-01-26 11:00:00,0.0
2013-01-26 12:00:00,0.0
2013-01-26 13:00:00,0.0
2013-01-26 14:00:00,0.5464116520144561
2013-01-26 15:00:00,0.0
2013-01-26 16:00:00,0.0
2013-01-26 17:00:00,0.0
2013-01-26 18:00:00,0.0
2013-01-26 19:00:00,1.1204185141249763
2013-01-26 20:00:00,0.0
2013-01-26 21:00:00,0.0
2013-01-26 22:00:00,0.04983628805100366
2013-01-26 23:00:00,0.0
2013-01-27 00:00:00,0.0
2013-01-27 01:00:00,0.0
2013-01-27 02:00:00,-1.41528826125652
2013-01-27 03:00:00,0.0
2013-01-27 04:00:00,-1.2973057302197966
2013-01-27 05:00:00,0.0
2013-01-27 06:00:00,0.0
2013-01-27 07:00:00,-0.5479418692017312
2013-01-27 08:00:00,0.0
2013-01-27 09:00:00,0.0
2013-01-27 10:00:00,0.5946097008046534
2013-01-27 11:00:00,0.0
2013-01-27 12:00:00,0.0
2013-01-27 13:00:00,0.0
2013-01-27 14:00:00,0.0
2013-01-27 15:00:00,0.0
2013-01-27 16:00:00,0.0
2013-01-27 17:00:00,0.0
2013-01-27 18:00:00,0.0
2013-01-27 19:00:00,0.0
2013-01-27 20:00:00,0.0
2013-01-27 21:00:00,0.08632347820495334
2013-01-27 22:00:00,0.0
2013-01-27 23:00:00,0.0
2013-01-28 00:00:00,0.0
2013-01-28 01:00:00,0.0
2013-01-28 02:00:00,-1.5552941980867654
2013-01-28 03:00:00,0.0
2013-01-28 04:00:00,0.0
2013-01-28 05:00:00,0.0
2013-01-28 06:00:00,-1.5071835437640126
2013-01-28 07:00:00,-0.5217672262050643
2013-01-28 08:00:00,0.0
2013-01-28 09:00:00,0.0
2013-01-28 10:00:00,0.0
2013-01-28 11:00:00,0.0
2013-01-28 12:00:00,0.37551177094607824
2013-01-28 13:00:00,0.0
2013-01-28 14:00:00,0.0
2013-01-28 15:00:00,0.0
2013-01-28 16:00:00,0.0
2013-01-28 17:00:00,0.0
2013-01-28 18:00:00,0.0
2013-01-28 19:00:00,0.0
2013-01-28 20:00:00,0.0
2013-01-28 21:00:00,0.0
2013-01-28 22:00:00,0.0
2013-01-28 23:00:00,0.0
2013-01-29 00:00:00,0.0
2013-01-29 01:00:00,-1.4109622351185072
2013-01-29 02:00:00,0.0
2013-01-29 03:00:00,0.0
2013-01-29 04:00:00,0.0
2013-01-29 05:00:00,0.0
2013-01-29 06:00:00,0.0
2013-01-29 07:00:00,0.0
2013-01-29 08:00:00,0.0
2013-01-29 09:00:00,0.0
2013-01-29 10:00:00,0.0
2013-01-29 11:00:00,0.0
2013-01-29 12:00:00,0.0
2013-01-29 13:00:00,0.0
2013-01-29 14:00:00,0.0
2013-01-29 15:00:00,0.0
2013-01-29 16:00:00,0.23533104518096526
2013-01-29 17:00:00,0.3229003015504458
2013-01-29 18:00:00,0.0
2013-01-29 19:00:00,0.9013642815001269
2013-01-29 20:00:00,0.0
2013-01-29 21:00:00,0.0
2013-01-29 22:00:00,0.0
2013-01-29 23:00:00,0.0
2013-01-30 00:00:00,0.0
2013-01-30 01:00:00,-1.2666302721502483
2013-01-30 02:00:00,-1.2929360068480662
2013-01-30 03:00:00,-1.2535211020350567
2013-01-30 04:00:00,0.0
2013-01-30 05:00:00,0.0
2013-01-30 06:00:00,0.0
2013-01-30 07:00:00,0.0
2013-01-30 08:00:00,0.0
2013-01-30 09:00:00,0.0
2013-01-30 10:00:00,0.0
2013-01-30 11:00:00,0.0
2013-01-30 12:00:00,0.0
2013-01-30 13:00:00,0.0
2013-01-30 14:00:00,0.0
2013-01-30 15:00:00,0.0
2013-01-30 16:00:00,0.0
2013-01-30 17:00:00,0.0
2013-01-30 18:00:00,0.0
2013-01-30 19:00:00,0.0
2013-01-30 20:00:00,1.0328929549892236
2013-01-30 21:00:00,0.0
2013-01-30 22:00:00,0.0
2013-01-30 23:00:00,0.0
2013-01-31 00:00:00,-1.4284411286054282
2013-01-31 01:00:00,0.0
2013-01-31 02:00:00,0.0
2013-01-31 03:00:00,0.0
2013-01-31 04:00:00,-1.3715910275392151
2013-01-31 05:00:00,-1.4328545492108775
2013-01-31 06:00:00,0.0
2013-01-31 07:00:00,0.0
2013-01-31 08:00:00,0.0
2013-01-31 09:00:00,0.0
2013-01-31 10:00:00,0.0
2013-01-31 11:00:00,0.0
2013-01-31 12:00:00,0.4938875770862519
2013-01-31 13:00:00,0.0
2013-01-31 14:00:00,0.0
2013-01-31 15:00:00,0.0
2013-01-31 16:00:00,0.35366315408742305
2013-01-31 17:00:00,0.0
2013-01-31 18:00:00,0.0
2013-01-31 19:00:00,0.0
2013-01-31 20:00:00,0.0
2013-01-31 21:00:00,0.0
2013-01-31 22:00:00,0.0
2013-01-31 23:00:00,0.0
2013-02-01 00:00:00,0.0
2013-02-01 01:00:00,0.0
2013-02-01 02:00:00,0.0
2013-02-01 03:00:00,0.0
2013-02-01 04:00:00,0.0
2013-02-01 05:00:00,0.0
2013-02-01 06:00:00,-1.3060014797295405
2013-02-01 07:00:00,0.0
2013-02-01 08:00:00,0.0
2013-02-01 09:00:00,0.0
2013-02-01 10:00:00,0.0
2013-02-01 11:00:00,0.0
2013-02-01 12:00:00,0.0
2013-02-01 13:00:00,0.0
2013-02-01 14:00:00,0.0
2013-02-01 15:00:00,0.0
2013-02-01 16:00:00,0.0
2013-02-01 17:00:00,0.0
2013-02-01 18:00:00,0.0
2013-02-01 19:00:00,0.0
2013-02-01 20:00:00,0.0
2013-02-01 21:00:00,0.0
2013-02-01 22:00:00,0.0
2013-02-01 23:00:00,-0.04804551547575933
2013-02-02 00:00:00,0.0
2013-02-02 01:00:00,0.0
2013-02-02 02:00:00,0.0
2013-02-02 03:00:00,0.0
2013-02-02 04:00:00,-1.3016317563578093
2013-02-02 05:00:00,0.0
2013-02-02 06:00:00,-1.2797831394991572
2013-02-02 07:00:00,0.0
2013-02-02 08:00:00,0.0
2013-02-02 09:00:00,0.0
2013-02-02 10:00:00,0.0
2013-02-02 11:00:00,0.0
2013-02-02 12:00:00,0.0
2013-02-02 13:00:00,0.0
2013-02-02 14:00:00,0.6033928447818212
2013-02-02 15:00:00,0.0
2013-02-02 16:00:00,0.0
2013-02-02 17:00:00,0.7611398585012907
2013-02-02 18:00:00,0.0
2013-02-02 19:00:00,0.0
2013-02-02 20:00:00,0.0
2013-02-02 21:00:00,0.0
2013-02-02 22:00:00,0.0
2013-02-02 23:00:00,0.0
2013-02-03 00:00:00,0.0
2013-02-03 01:00:00,0.0
2013-02-03 02:00:00,0.0
2013-02-03 03:00:00,0.0
2013-02-03 04:00:00,0.0
2013-02-03 05:00:00,0.0
2013-02-03 06:00:00,0.0
2013-02-03 07:00:00,0.0
2013-02-03 08:00:00,0.0
2013-02-03 09:00:00,0.0
2013-02-03 10:00:00,0.0
2013-02-03 11:00:00,0.0
2013-02-03 12:00:00,0.0
2013-02-03 13:00:00,0.0
2013-02-03 14:00:00,0.0
2013-02-03 15:00:00,0.0
2013-02-03 16:00:00,0.0
2013-02-03 17:00:00,0.0
2013-02-03 18:00:00,0.0
2013-02-03 19:00:00,0.7479869911523824
2013-02-03 20:00:00,0.0
2013-02-03 21:00:00,0.029385982671302355
2013-02-03 22:00:00,-0.2026026311338688
2013-02-03 23:00:00,-0.9168776134769374
2013-02-04 00:00:00,0.0
2013-02-04 01:00:00,0.0
2013-02-04 02:00:00,0.0
2013-02-04 03:00:00,0.0
2013-02-04 04:00:00,0.0
2013-02-04 05:00:00,-1.511553267135743
2013-02-04 06:00:00,0.0
2013-02-04 07:00:00,-0.4795993956678651
2013-02-04 08:00:00,0.0
2013-02-04 09:00:00,0.0
2013-02-04 10:00:00,0.3667286269689026
2013-02-04 11:00:00,0.36677232420261635
2013-02-04 12:00:00,0.5201496145503575
2013-02-04 13:00:00,0.4851044331090763
2013-02-04 14:00:00,0.0
2013-02-04 15:00:00,0.0
2013-02-04 16:00:00,0.0
2013-02-04 17:00:00,0.0
2013-02-04 18:00:00,0.0
2013-02-04 19:00:00,0.0
2013-02-04 20:00:00,0.0
2013-02-04 21:00:00,0.0
2013-02-04 22:00:00,0.0
2013-02-04 23:00:00,0.0
2013-02-05 00:00:00,0.0
2013-02-05 01:00:00,0.0
2013-02-05 02:00:00,0.0
2013-02-05 03:00:00,0.0
2013-02-05 04:00:00,0.0
2013-02-05 05:00:00,0.0
2013-02-05 06:00:00,0.0
2013-02-05 07:00:00,-0.6222271665211496
2013-02-05 08:00:00,0.0
2013-02-05 09:00:00,0.0
2013-02-05 10:00:00,0.16515328783097066
2013-02-05 11:00:00,0.0
2013-02-05 12:00:00,0.0
2013-02-05 13:00:00,0.0
2013-02-05 14:00:00,0.0
2013-02-05 15:00:00,0.0
2013-02-05 16:00:00,0.0
2013-02-05 17:00:00,0.0
2013-02-05 18:00:00,0.0
2013-02-05 19:00:00,0.0
2013-02-05 20:00:00,0.0
2013-02-05 21:00:00,0.0
2013-02-05 22:00:00,0.0
2013-02-05 23:00:00,0.0
2013-02-06 00:00:00,-1.502770123158565
2013-02-06 01:00:00,0.0
2013-02-06 02:00:00,0.0
2013-02-06 03:00:00,0.0
2013-02-06 04:00:00,0.0
2013-02-06 05:00:00,0.0
2013-02-06 06:00:00,0.0
2013-02-06 07:00:00,0.0
2013-02-06 08:00:00,0.0
2013-02-06 09:00:00,0.0
2013-02-06 10:00:00,0.0
2013-02-06 11:00:00,0.0
2013-02-06 12:00:00,0.0
2013-02-06 13:00:00,0.0
2013-02-06 14:00:00,0.0
2013-02-06 15:00:00,0.2703762266222339
2013-02-06 16:00:00,0.22654790120377966
2013-02-06 17:00:00,0.2747459499939709
2013-02-06 18:00:00,0.4982573004579842
2013-02-06 19:00:00,0.0
2013-02-06 20:00:00,0.0
2013-02-06 21:00:00,0.0
2013-02-06 22:00:00,0.0
2013-02-06 23:00:00,-0.9386825331018731
2013-02-07 00:00:00,0.0
2013-02-07 01:00:00,0.0
2013-02-07 02:00:00,0.0
2013-02-07 03:00:00,-1.5115969643694602
2013-02-07 04:00:00,0.0
2013-02-07 05:00:00,0.0
2013-02-07 06:00:00,0.0
2013-02-07 07:00:00,0.0
2013-02-07 08:00:00,0.0
2013-02-07 09:00:00,0.0
2013-02-07 10:00:00,0.0
2013-02-07 11:00:00,0.3930780589004356
2013-02-07 12:00:00,0.34046658950479664
2013-02-07 13:00:00,0.0
2013-02-07 14:00:00,0.0
2013-02-07 15:00:00,0.0
2013-02-07 16:00:00,0.3579891802254377
2013-02-07 17:00:00,0.0
2013-02-07 18:00:00,0.0
2013-02-07 19:00:00,0.0
2013-02-07 20:00:00,0.0
2013-02-07 21:00:00,0.0
2013-02-07 22:00:00,0.0
2013-02-07 23:00:00,0.0
2013-02-08 00:00:00,0.0
2013-02-08 01:00:00,0.0
2013-02-08 02:00:00,0.0
2013-02-08 03:00:00,0.0
2013-02-08 04:00:00,0.0
2013-02-08 05:00:00,0.0
2013-02-08 06:00:00,0.0
2013-02-08 07:00:00,0.0
2013-02-08 08:00:00,0.0
2013-02-08 09:00:00,0.0
2013-02-08 10:00:00,0.0
2013-02-08 11:00:00,0.0
2013-02-08 12:00:00,0.0
2013-02-08 13:00:00,0.0
2013-02-08 14:00:00,0.0
2013-02-08 15:00:00,0.0
2013-02-08 16:00:00,0.0
2013-02-08 17:00:00,0.0
2013-02-08 18:00:00,0.7655532791067489
2013-02-08 19:00:00,0.0
2013-02-08 20:00:00,1.0459584278706886
2013-02-08 21:00:00,0.0
2013-02-08 22:00:00,0.0
2013-02-08 23:00:00,0.0
2013-02-09 00:00:00,-1.292892309614349
2013-02-09 01:00:00,-1.4852912296716425
2013-02-09 02:00:00,0.0
2013-02-09 03:00:00,0.0
2013-02-09 04:00:00,0.0
2013-02-09 05:00:00,0.0
2013-02-09 06:00:00,-1.3759607509109462
2013-02-09 07:00:00,0.0
2013-02-09 08:00:00,-0.7112821288370176
2013-02-09 09:00:00,-0.43869878490846725
2013-02-09 10:00:00,0.0
2013-02-09 11:00:00,0.0
2013-02-09 12:00:00,0.0
2013-02-09 13:00:00,0.0
2013-02-09 14:00:00,0.0
2013-02-09 15:00:00,0.0
2013-02-09 16:00:00,0.0
2013-02-09 17:00:00,0.0
2013-02-09 18:00:00,0.0
2013-02-09 19:00:00,0.0
2013-02-09 20:00:00,0.0
2013-02-09 21:00:00,0.0
2013-02-09 22:00:00,0.1827632730190452
2013-02-09 23:00:00,0.0
2013-02-10 00:00:00,0.0
2013-02-10 01:00:00,-1.4852912296716432
2013-02-10 02:00:00,0.0
2013-02-10 03:00:00,0.0
2013-02-10 04:00:00,0.0
2013-02-10 05:00:00,-1.43281085197716
2013-02-10 06:00:00,0.0
2013-02-10 07:00:00,0.0
2013-02-10 08:00:00,0.0
2013-02-10 09:00:00,0.0
2013-02-10 10:00:00,0.0
2013-02-10 11:00:00,0.6296985794796452
2013-02-10 12:00:00,0.927670016197951
2013-02-10 13:00:00,0.0
2013-02-10 14:00:00,0.0
2013-02-10 15:00:00,0.0
2013-02-10 16:00:00,0.0
2013-02-10 17:00:00,0.0
2013-02-10 18:00:00,1.1861828508695254
2013-02-10 19:00:00,0.0
2013-02-10 20:00:00,0.0
2013-02-10 21:00:00,0.0
2013-02-10 22:00:00,0.0
2013-02-10 23:00:00,0.0
2013-02-11 00:00:00,0.0
2013-02-11 01:00:00,0.0
2013-02-11 02:00:00,0.0
2013-02-11 03:00:00,0.0
2013-02-11 04:00:00,0.0
2013-02-11 05:00:00,0.0
2013-02-11 06:00:00,0.0
2013-02-11 07:00:00,0.0
2013-02-11 08:00:00,-0.6413665548893293
2013-02-11 09:00:00,0.0
2013-02-11 10:00:00,0.0
2013-02-11 11:00:00,0.0
2013-02-11 12:00:00,0.7918153165708396
2013-02-11 13:00:00,0.9013205842664089
2013-02-11 14:00:00,0.0
2013-02-11 15:00:00,0.0
2013-02-11 16:00:00,0.0
2013-02-11 17:00:00,0.7480306883861082
2013-02-11 18:00:00,0.0
2013-02-11 19:00:00,0.0
2013-02-11 20:00:00,0.0
2013-02-11 21:00:00,0.5464116520144565
2013-02-11 22:00:00,0.0
2013-02-11 23:00:00,0.0
2013-02-12 00:00:00,0.0
2013-02-12 01:00:00,-1.5202927138792042
2013-02-12 02:00:00,0.0
2013-02-12 03:00:00,0.0
2013-02-12 04:00:00,0.0
2013-02-12 05:00:00,0.0
2013-02-12 06:00:00,0.0
2013-02-12 07:00:00,0.0
2013-02-12 08:00:00,0.0
2013-02-12 09:00:00,0.0
2013-02-12 10:00:00,0.0
2013-02-12 11:00:00,0.0
2013-02-12 12:00:00,0.0
2013-02-12 13:00:00,0.0
2013-02-12 14:00:00,0.5113664705731819
2013-02-12 15:00:00,0.0
2013-02-12 16:00:00,0.0
2013-02-12 17:00:00,0.0
2013-02-12 18:00:00,0.0
2013-02-12 19:00:00,0.0
2013-02-12 20:00:00,0.3624026008308858
2013-02-12 21:00:00,0.0
2013-02-12 22:00:00,0.0
2013-02-12 23:00:00,0.0
2013-02-13 00:00:00,0.0
2013-02-13 01:00:00,0.0
2013-02-13 02:00:00,0.0
2013-02-13 03:00:00,0.0
2013-02-13 04:00:00,0.0
2013-02-13 05:00:00,0.0
2013-02-13 06:00:00,0.0
2013-02-13 07:00:00,0.0
2013-02-13 08:00:00,0.0
2013-02-13 09:00:00,-0.17463640155478938
2013-02-13 10:00:00,0.0
2013-02-13 11:00:00,0.0
2013-02-13 12:00:00,0.0
2013-02-13 13:00:00,0.0
2013-02-13 14:00:00,0.0
2013-02-13 15:00:00,0.0
2013-02-13 16:00:00,0.0
2013-02-13 17:00:00,0.0
2013-02-13 18:00:00,0.0
2013-02-13 19:00:00,0.0
2013-02-13 20:00:00,0.0
2013-02-13 21:00:00,0.0
2013-02-13 22:00:00,0.0
2013-02-13 23:00:00,0.0
2013-02-14 00:00:00,0.0
2013-02-14 01:00:00,0.0
2013-02-14 02:00:00,0.0
2013-02-14 03:00:00,0.0
2013-02-14 04:00:00,0.0
2013-02-14 05:00:00,0.0
2013-02-14 06:00:00,0.0
2013-02-14 07:00:00,0.0
2013-02-14 08:00:00,0.0
2013-02-14 09:00:00,0.0
2013-02-14 10:00:00,0.0
2013-02-14 11:00:00,0.0
2013-02-14 12:00:00,0.0
2013-02-14 13:00:00,0.664743760920919
2013-02-14 14:00:00,0.5901962801992026
2013-02-14 15:00:00,0.4544289750395274
2013-02-14 16:00:00,0.0
2013-02-14 17:00:00,0.0
2013-02-14 18:00:00,0.0
2013-02-14 19:00:00,0.0
2013-02-14 20:00:00,0.0
2013-02-14 21:00:00,0.0
2013-02-14 22:00:00,0.0
2013-02-14 23:00:00,0.0
2013-02-15 00:00:00,0.0
2013-02-15 01:00:00,-1.5333581867606791
2013-02-15 02:00:00,0.0
2013-02-15 03:00:00,-1.4678123361847206
2013-02-15 04:00:00,0.0
2013-02-15 05:00:00,0.0
2013-02-15 06:00:00,0.0
2013-02-15 07:00:00,0.0
2013-02-15 08:00:00,0.0
2013-02-15 09:00:00,0.0
2013-02-15 10:00:00,0.0
2013-02-15 11:00:00,0.0
2013-02-15 12:00:00,0.0
2013-02-15 13:00:00,0.0
2013-02-15 14:00:00,0.0
2013-02-15 15:00:00,0.47632128913190064
2013-02-15 16:00:00,0.0
2013-02-15 17:00:00,0.0
2013-02-15 18:00:00,0.8662754028251273
2013-02-15 19:00:00,0.0
2013-02-15 20:00:00,0.8619056794534024
2013-02-15 21:00:00,0.0
2013-02-15 22:00:00,0.0
2013-02-15 23:00:00,0.0
2013-02-16 00:00:00,0.0
2013-02-16 01:00:00,0.0
2013-02-16 02:00:00,0.0
2013-02-16 03:00:00,0.0
2013-02-16 04:00:00,0.0
2013-02-16 05:00:00,0.0
2013-02-16 06:00:00,-1.472225756790168
2013-02-16 07:00:00,0.0
2013-02-16 08:00:00,0.0
2013-02-16 09:00:00,0.0
2013-02-16 10:00:00,0.0
2013-02-16 11:00:00,0.0
2013-02-16 12:00:00,0.0
2013-02-16 13:00:00,0.0
2013-02-16 14:00:00,0.7217249536882843
2013-02-16 15:00:00,0.6910494956187431
2013-02-16 16:00:00,0.0
2013-02-16 17:00:00,0.0
2013-02-16 18:00:00,0.8751022440360362
2013-02-16 19:00:00,0.0
2013-02-16 20:00:00,1.0153266670348577
2013-02-16 21:00:00,0.647221170200278
2013-02-16 22:00:00,0.0
2013-02-16 23:00:00,0.0
2013-02-17 00:00:00,0.0
2013-02-17 01:00:00,0.0
2013-02-17 02:00:00,0.0
2013-02-17 03:00:00,0.0
2013-02-17 04:00:00,0.0
2013-02-17 05:00:00,0.0
2013-02-17 06:00:00,0.0
2013-02-17 07:00:00,-0.42550222032584084
2013-02-17 08:00:00,0.0
2013-02-17 09:00:00,0.0
2013-02-17 10:00:00,0.0
2013-02-17 11:00:00,0.5990231214100963
2013-02-17 12:00:00,0.0
2013-02-17 13:00:00,0.0
2013-02-17 14:00:00,0.40618722901562715
2013-02-17 15:00:00,0.5376722052709985
2013-02-17 16:00:00,0.0
2013-02-17 17:00:00,0.7786624492219313
2013-02-17 18:00:00,0.0
2013-02-17 19:00:00,0.0
2013-02-17 20:00:00,0.3185305781787153
2013-02-17 21:00:00,0.0
2013-02-17 22:00:00,0.0
2013-02-17 23:00:00,0.0
2013-02-18 00:00:00,0.0
2013-02-18 01:00:00,0.0
2013-02-18 02:00:00,0.0
2013-02-18 03:00:00,0.0
2013-02-18 04:00:00,-1.428441128605429
2013-02-18 05:00:00,-1.4896609530433733
2013-02-18 06:00:00,0.0
2013-02-18 07:00:00,0.0
2013-02-18 08:00:00,0.0
2013-02-18 09:00:00,0.0
2013-02-18 10:00:00,0.0
2013-02-18 11:00:00,0.0
2013-02-18 12:00:00,0.0
2013-02-18 13:00:00,0.0
2013-02-18 14:00:00,0.0
2013-02-18 15:00:00,0.0
2013-02-18 16:00:00,0.0
2013-02-18 17:00:00,0.0
2013-02-18 18:00:00,0.0
2013-02-18 19:00:00,0.0
2013-02-18 20:00:00,0.9802377883598654
2013-02-18 21:00:00,0.549339366673512
2013-02-18 22:00:00,0.0
2013-02-18 23:00:00,0.0
2013-02-19 00:00:00,0.0
2013-02-19 01:00:00,0.0
2013-02-19 02:00:00,0.0
2013-02-19 03:00:00,-1.1617132139949988
2013-02-19 04:00:00,0.0
2013-02-19 05:00:00,0.0
2013-02-19 06:00:00,0.0
2013-02-19 07:00:00,0.0
2013-02-19 08:00:00,0.0
2013-02-19 09:00:00,0.0
2013-02-19 10:00:00,0.0
2013-02-19 11:00:00,0.0
2013-02-19 12:00:00,0.0
2013-02-19 13:00:00,0.0
2013-02-19 14:00:00,0.0
2013-02-19 15:00:00,0.0
2013-02-19 16:00:00,0.20898161324942705
2013-02-19 17:00:00,0.42812324034171073
2013-02-19 18:00:00,0.0
2013-02-19 19:00:00,0.8444267859664799
2013-02-19 20:00:00,0.0
2013-02-19 21:00:00,0.0
2013-02-19 22:00:00,0.0
2013-02-19 23:00:00,0.0
2013-02-20 00:00:00,0.0
2013-02-20 01:00:00,0.0
2013-02-20 02:00:00,0.0
2013-02-20 03:00:00,-1.3278937938219109
2013-02-20 04:00:00,0.0
2013-02-20 05:00:00,0.0
2013-02-20 06:00:00,0.0
2013-02-20 07:00:00,0.0
2013-02-20 08:00:00,0.0
2013-02-20 09:00:00,0.0
2013-02-20 10:00:00,0.0
2013-02-20 11:00:00,0.0
2013-02-20 12:00:00,0.0
2013-02-20 13:00:00,0.3974477822721618
2013-02-20 14:00:00,0.45879869841125964
2013-02-20 15:00:00,0.0
2013-02-20 16:00:00,0.0
2013-02-20 17:00:00,0.0
2013-02-20 18:00:00,0.8575359560816623
2013-02-20 19:00:00,0.0
2013-02-20 20:00:00,1.0196963904065977
2013-02-20 21:00:00,0.7479869911523793
2013-02-20 22:00:00,0.0
2013-02-20 23:00:00,0.0
2013-02-21 00:00:00,0.0
2013-02-21 01:00:00,0.0
2013-02-21 02:00:00,0.0
2013-02-21 03:00:00,0.0
2013-02-21 04:00:00,0.0
2013-02-21 05:00:00,-1.4503334426977985
2013-02-21 06:00:00,0.0
2013-02-21 07:00:00,0.0
2013-02-21 08:00:00,-0.7944379646010487
2013-02-21 09:00:00,-0.2271604764829935
2013-02-21 10:00:00,0.0
2013-02-21 11:00:00,0.0
2013-02-21 12:00:00,0.0
2013-02-21 13:00:00,0.0
2013-02-21 14:00:00,0.0
2013-02-21 15:00:00,0.0
2013-02-21 16:00:00,0.4106006496210701
2013-02-21 17:00:00,0.0
2013-02-21 18:00:00,0.9013642815001348
2013-02-21 19:00:00,1.0459147306369696
2013-02-21 20:00:00,0.0
2013-02-21 21:00:00,0.6603303403154683
2013-02-21 22:00:00,0.0
2013-02-21 23:00:00,-0.7447979070981898
2013-02-22 00:00:00,0.0
2013-02-22 01:00:00,0.0
2013-02-22 02:00:00,0.0
2013-02-22 03:00:00,-1.419701681861967
2013-02-22 04:00:00,0.0
2013-02-22 05:00:00,0.0
2013-02-22 06:00:00,0.0
2013-02-22 07:00:00,0.0
2013-02-22 08:00:00,0.0
2013-02-22 09:00:00,0.0
2013-02-22 10:00:00,0.0
2013-02-22 11:00:00,0.0
2013-02-22 12:00:00,0.6691134842926595
2013-02-22 13:00:00,0.0
2013-02-22 14:00:00,0.0
2013-02-22 15:00:00,0.0
2013-02-22 16:00:00,0.0
2013-02-22 17:00:00,0.0
2013-02-22 18:00:00,0.7173115330828412
2013-02-22 19:00:00,0.0
2013-02-22 20:00:00,0.0
2013-02-22 21:00:00,0.0
2013-02-22 22:00:00,0.0
2013-02-22 23:00:00,0.0
2013-02-23 00:00:00,0.0
2013-02-23 01:00:00,0.0
2013-02-23 02:00:00,0.0
2013-02-23 03:00:00,0.0
2013-02-23 04:00:00,0.0
2013-02-23 05:00:00,0.0
2013-02-23 06:00:00,0.0
2013-02-23 07:00:00,-0.29864915084450716
2013-02-23 08:00:00,0.0
2013-02-23 09:00:00,0.0
2013-02-23 10:00:00,0.0
2013-02-23 11:00:00,0.0
2013-02-23 12:00:00,0.0
2013-02-23 13:00:00,0.5200622200829291
2013-02-23 14:00:00,0.3492497334819805
2013-02-23 15:00:00,0.0
2013-02-23 16:00:00,0.0
2013-02-23 17:00:00,0.0
2013-02-23 18:00:00,0.0
2013-02-23 19:00:00,0.0
2013-02-23 20:00:00,0.0
2013-02-23 21:00:00,0.0
2013-02-23 22:00:00,0.0
2013-02-23 23:00:00,0.0
2013-02-24 00:00:00,0.0
2013-02-24 01:00:00,-1.520249016645487
2013-02-24 02:00:00,-1.550924474715035
2013-02-24 03:00:00,-1.4765517829281818
2013-02-24 04:00:00,0.0
2013-02-24 05:00:00,0.0
2013-02-24 06:00:00,-1.4153319584902375
2013-02-24 07:00:00,0.0
2013-02-24 08:00:00,0.0
2013-02-24 09:00:00,-0.3906318278194315
2013-02-24 10:00:00,0.0016819364945365473
2013-02-24 11:00:00,0.0
2013-02-24 12:00:00,0.0
2013-02-24 13:00:00,0.0
2013-02-24 14:00:00,0.0
2013-02-24 15:00:00,0.0
2013-02-24 16:00:00,0.0
2013-02-24 17:00:00,0.0
2013-02-24 18:00:00,0.7392475444089326
2013-02-24 19:00:00,0.0
2013-02-24 20:00:00,0.0
2013-02-24 21:00:00,0.0
2013-02-24 22:00:00,0.0
2013-02-24 23:00:00,0.0
2013-02-25 00:00:00,0.0
2013-02-25 01:00:00,0.0
2013-02-25 02:00:00,0.0
2013-02-25 03:00:00,-1.4240277079999817
2013-02-25 04:00:00,0.0
2013-02-25 05:00:00,0.0
2013-02-25 06:00:00,-1.4503334426977987
2013-02-25 07:00:00,0.0
2013-02-25 08:00:00,0.0
2013-02-25 09:00:00,0.0
2013-02-25 10:00:00,0.0
2013-02-25 11:00:00,0.0
2013-02-25 12:00:00,0.37114204757434555
2013-02-25 13:00:00,0.0
2013-02-25 14:00:00,0.7304207031980311
2013-02-25 15:00:00,0.0
2013-02-25 16:00:00,0.5726736894785616
2013-02-25 17:00:00,0.0
2013-02-25 18:00:00,0.0
2013-02-25 19:00:00,0.0
2013-02-25 20:00:00,1.0635247158250545
2013-02-25 21:00:00,0.0
2013-02-25 22:00:00,0.11699893627450225
2013-02-25 23:00:00,0.0
2013-02-26 00:00:00,0.0
2013-02-26 01:00:00,0.0
2013-02-26 02:00:00,0.0
2013-02-26 03:00:00,-1.445920022092351
2013-02-26 04:00:00,0.0
2013-02-26 05:00:00,0.0
2013-02-26 06:00:00,0.0
2013-02-26 07:00:00,0.0
2013-02-26 08:00:00,0.0
2013-02-26 09:00:00,0.0
2013-02-26 10:00:00,0.0
2013-02-26 11:00:00,0.0
2013-02-26 12:00:00,0.0
2013-02-26 13:00:00,0.0
2013-02-26 14:00:00,0.0
2013-02-26 15:00:00,0.0
2013-02-26 16:00:00,0.0
2013-02-26 17:00:00,0.0
2013-02-26 18:00:00,0.0
2013-02-26 19:00:00,0.0
2013-02-26 20:00:00,1.1467679460565032
2013-02-26 21:00:00,0.0
2013-02-26 22:00:00,-0.13259966271874563
2013-02-26 23:00:00,0.0
2013-02-27 00:00:00,0.0
2013-02-27 01:00:00,0.0
2013-02-27 02:00:00,0.0
2013-02-27 03:00:00,0.0
2013-02-27 04:00:00,-1.3453289900751138
2013-02-27 05:00:00,-1.5421850279715745
2013-02-27 06:00:00,-1.3672213041674839
2013-02-27 07:00:00,0.0
2013-02-27 08:00:00,0.0
2013-02-27 09:00:00,0.0
2013-02-27 10:00:00,0.0
2013-02-27 11:00:00,0.0
2013-02-27 12:00:00,0.0
2013-02-27 13:00:00,0.0
2013-02-27 14:00:00,0.0
2013-02-27 15:00:00,0.0
2013-02-27 16:00:00,0.2966819613200557
2013-02-27 17:00:00,0.43686268708517606
2013-02-27 18:00:00,0.0
2013-02-27 19:00:00,0.0
2013-02-27 20:00:00,0.0
2013-02-27 21:00:00,0.0
2013-02-27 22:00:00,0.0
2013-02-27 23:00:00,-0.9080944694997586
2013-02-28 00:00:00,-1.4590291922075427
2013-02-28 01:00:00,0.0
2013-02-28 02:00:00,0.0
2013-02-28 03:00:00,0.0
2013-02-28 04:00:00,0.0
2013-02-28 05:00:00,0.0
2013-02-28 06:00:00,0.0
2013-02-28 07:00:00,0.0
2013-02-28 08:00:00,0.0
2013-02-28 09:00:00,0.0
2013-02-28 10:00:00,0.5157798911786252
2013-02-28 11:00:00,0.0
2013-02-28 12:00:00,0.0
2013-02-28 13:00:00,0.0
2013-02-28 14:00:00,0.6253288561079126
2013-02-28 15:00:00,0.0
2013-02-28 16:00:00,0.0
2013-02-28 17:00:00,0.4456458310623517
2013-02-28 18:00:00,0.0
2013-02-28 19:00:00,0.7524004117578331
2013-02-28 20:00:00,0.0
2013-02-28 21:00:00,0.0
2013-02-28 22:00:00,-0.1996312192410913
2013-02-28 23:00:00,0.0
2013-03-01 00:00:00,0.0
2013-03-01 01:00:00,0.0
2013-03-01 02:00:00,0.0
2013-03-01 03:00:00,0.0
2013-03-01 04:00:00,-1.511553267135744
2013-03-01 05:00:00,0.0
2013-03-01 06:00:00,0.0
2013-03-01 07:00:00,0.0
2013-03-01 08:00:00,0.0
2013-03-01 09:00:00,0.0
2013-03-01 10:00:00,0.0
2013-03-01 11:00:00,0.49821360322427394
2013-03-01 12:00:00,0.0
2013-03-01 13:00:00,0.0
2013-03-01 14:00:00,0.0
2013-03-01 15:00:00,0.8005984605480226
2013-03-01 16:00:00,0.0
2013-03-01 17:00:00,0.0
2013-03-01 18:00:00,0.0
2013-03-01 19:00:00,0.6252851588741944
2013-03-01 20:00:00,0.9539320536620491
2013-03-01 21:00:00,0.0
2013-03-01 22:00:00,0.0
2013-03-01 23:00:00,0.0
2013-03-02 00:00:00,0.0
2013-03-02 01:00:00,0.0
2013-03-02 02:00:00,0.0
2013-03-02 03:00:00,0.0
2013-03-02 04:00:00,0.0
2013-03-02 05:00:00,-1.5465547513433047
2013-03-02 06:00:00,0.0
2013-03-02 07:00:00,0.0
2013-03-02 08:00:00,0.0
2013-03-02 09:00:00,-0.21850842420696687
2013-03-02 10:00:00,0.0
2013-03-02 11:00:00,0.0
2013-03-02 12:00:00,0.0
2013-03-02 13:00:00,0.0
2013-03-02 14:00:00,0.0
2013-03-02 15:00:00,0.0
2013-03-02 16:00:00,0.0
2013-03-02 17:00:00,0.0
2013-03-02 18:00:00,0.0
2013-03-02 19:00:00,0.9013205842664089
2013-03-02 20:00:00,0.0
2013-03-02 21:00:00,0.0
2013-03-02 22:00:00,-0.08737302582133402
2013-03-02 23:00:00,0.0
2013-03-03 00:00:00,0.0
2013-03-03 01:00:00,-1.445920022092351
2013-03-03 02:00:00,-1.502770123158565
2013-03-03 03:00:00,0.0
2013-03-03 04:00:00,0.0
2013-03-03 05:00:00,0.0
2013-03-03 06:00:00,0.0
2013-03-03 07:00:00,0.0
2013-03-03 08:00:00,0.0
2013-03-03 09:00:00,0.0
2013-03-03 10:00:00,0.0
2013-03-03 11:00:00,0.0
2013-03-03 12:00:00,0.6515908935720107
2013-03-03 13:00:00,0.0
2013-03-03 14:00:00,0.0
2013-03-03 15:00:00,0.0
2013-03-03 16:00:00,0.0
2013-03-03 17:00:00,0.0
2013-03-03 18:00:00,0.0
2013-03-03 19:00:00,0.0
2013-03-03 20:00:00,0.0
2013-03-03 21:00:00,0.0
2013-03-03 22:00:00,0.0
2013-03-03 23:00:00,0.0
2013-03-04 00:00:00,0.0
2013-03-04 01:00:00,0.0
2013-03-04 02:00:00,0.0
2013-03-04 03:00:00,0.0
2013-03-04 04:00:00,0.0
2013-03-04 05:00:00,0.0
2013-03-04 06:00:00,-1.4591165866749765
2013-03-04 07:00:00,0.0
2013-03-04 08:00:00,0.0
2013-03-04 09:00:00,0.0
2013-03-04 10:00:00,0.0
2013-03-04 11:00:00,0.0
2013-03-04 12:00:00,0.0
2013-03-04 13:00:00,0.0
2013-03-04 14:00:00,0.0
2013-03-04 15:00:00,0.0
2013-03-04 16:00:00,0.0
2013-03-04 17:00:00,0.0
2013-03-04 18:00:00,0.0
2013-03-04 19:00:00,0.0
2013-03-04 20:00:00,0.0
2013-03-04 21:00:00,0.0
2013-03-04 22:00:00,0.0
2013-03-04 23:00:00,-0.9299430863584116
2013-03-05 00:00:00,-1.314740926473001
2013-03-05 01:00:00,0.0
2013-03-05 02:00:00,-1.2623042460122345
2013-03-05 03:00:00,0.0
2013-03-05 04:00:00,0.0
2013-03-05 05:00:00,0.0
2013-03-05 06:00:00,-1.218563315061212
2013-03-05 07:00:00,-0.7638062037652187
2013-03-05 08:00:00,0.0
2013-03-05 09:00:00,0.0
2013-03-05 10:00:00,0.0
2013-03-05 11:00:00,0.0
2013-03-05 12:00:00,0.0
2013-03-05 13:00:00,0.0
2013-03-05 14:00:00,0.0
2013-03-05 15:00:00,0.0
2013-03-05 16:00:00,0.0
2013-03-05 17:00:00,0.25722335927333073
2013-03-05 18:00:00,0.577130807317723
2013-03-05 19:00:00,0.0
2013-03-05 20:00:00,0.0
2013-03-05 21:00:00,0.0
2013-03-05 22:00:00,0.055648020135405714
2013-03-05 23:00:00,0.0
2013-03-06 00:00:00,0.0
2013-03-06 01:00:00,0.0
2013-03-06 02:00:00,0.0
2013-03-06 03:00:00,0.0
2013-03-06 04:00:00,0.0
2013-03-06 05:00:00,0.0
2013-03-06 06:00:00,0.0
2013-03-06 07:00:00,0.0
2013-03-06 08:00:00,-0.5145571826417088
2013-03-06 09:00:00,0.0
2013-03-06 10:00:00,0.16524068229840247
2013-03-06 11:00:00,0.0
2013-03-06 12:00:00,0.0
2013-03-06 13:00:00,0.0
2013-03-06 14:00:00,0.3404665895047971
2013-03-06 15:00:00,0.3054651052972409
2013-03-06 16:00:00,0.0
2013-03-06 17:00:00,0.0
2013-03-06 18:00:00,0.0
2013-03-06 19:00:00,0.0
2013-03-06 20:00:00,0.9364531601751267
2013-03-06 21:00:00,0.0
2013-03-06 22:00:00,0.0
2013-03-06 23:00:00,0.0
2013-03-07 00:00:00,-1.2973057302197966
2013-03-07 01:00:00,-1.292892309614348
2013-03-07 02:00:00,0.0
2013-03-07 03:00:00,0.0
2013-03-07 04:00:00,-1.183561830853651
2013-03-07 05:00:00,-1.3585255546577408
2013-03-07 06:00:00,0.0
2013-03-07 07:00:00,0.0
2013-03-07 08:00:00,0.0
2013-03-07 09:00:00,0.0
2013-03-07 10:00:00,0.20024216650596427
2013-03-07 11:00:00,0.0
2013-03-07 12:00:00,0.0
2013-03-07 13:00:00,0.6778966282698348
2013-03-07 14:00:00,0.0
2013-03-07 15:00:00,0.0
2013-03-07 16:00:00,0.0
2013-03-07 17:00:00,0.0
2013-03-07 18:00:00,0.0
2013-03-07 19:00:00,0.9320397395696759
2013-03-07 20:00:00,0.0
2013-03-07 21:00:00,0.0
2013-03-07 22:00:00,0.0
2013-03-07 23:00:00,0.0
2013-03-08 00:00:00,0.0
2013-03-08 01:00:00,0.0
2013-03-08 02:00:00,0.0
2013-03-08 03:00:00,0.0
2013-03-08 04:00:00,0.0
2013-03-08 05:00:00,0.0
2013-03-08 06:00:00,0.0
2013-03-08 07:00:00,0.0
2013-03-08 08:00:00,0.0
2013-03-08 09:00:00,-0.08732932858761683
2013-03-08 10:00:00,0.274789647227692
2013-03-08 11:00:00,0.0
2013-03-08 12:00:00,0.4982573004579842
2013-03-08 13:00:00,0.0
2013-03-08 14:00:00,0.0
2013-03-08 15:00:00,0.0
2013-03-08 16:00:00,0.0
2013-03-08 17:00:00,0.48947415648080855
2013-03-08 18:00:00,0.0
2013-03-08 19:00:00,0.0
2013-03-08 20:00:00,0.9276700161979432
2013-03-08 21:00:00,0.0
2013-03-08 22:00:00,0.0
2013-03-08 23:00:00,0.0
2013-03-09 00:00:00,0.0
2013-03-09 01:00:00,-1.349742410680562
2013-03-09 02:00:00,0.0
2013-03-09 03:00:00,0.0
2013-03-09 04:00:00,-1.306045176963257
2013-03-09 05:00:00,0.0
2013-03-09 06:00:00,-1.4678123361847215
2013-03-09 07:00:00,0.0
2013-03-09 08:00:00,-0.4489239375983175
2013-03-09 09:00:00,0.0
2013-03-09 10:00:00,0.0
2013-03-09 11:00:00,0.0
2013-03-09 12:00:00,0.0
2013-03-09 13:00:00,0.0
2013-03-09 14:00:00,0.0
2013-03-09 15:00:00,0.0
2013-03-09 16:00:00,0.0
2013-03-09 17:00:00,0.0
2013-03-09 18:00:00,0.6165020148970188
2013-03-09 19:00:00,0.0
2013-03-09 20:00:00,0.0
2013-03-09 21:00:00,0.0
2013-03-09 22:00:00,0.0
2013-03-09 23:00:00,-0.07867727631159019
2013-03-10 00:00:00,0.0
2013-03-10 01:00:00,0.0
2013-03-10 02:00:00,0.0
2013-03-10 03:00:00,0.0
2013-03-10 04:00:00,0.0
2013-03-10 05:00:00,0.0
2013-03-10 06:00:00,0.0
2013-03-10 07:00:00,0.0
2013-03-10 08:00:00,-0.6544757250045199
2013-03-10 09:00:00,0.0
2013-03-10 10:00:00,0.0
2013-03-10 11:00:00,0.0
2013-03-10 12:00:00,0.6209154355024696
2013-03-10 13:00:00,0.0
2013-03-10 14:00:00,0.0
2013-03-10 15:00:00,0.0
2013-03-10 16:00:00,0.607806265387272
2013-03-10 17:00:00,0.7524004117578331
2013-03-10 18:00:00,0.0
2013-03-10 19:00:00,0.9057340048718596
2013-03-10 20:00:00,0.0
2013-03-10 21:00:00,0.0
2013-03-10 22:00:00,0.0
2013-03-10 23:00:00,0.0
2013-03-11 00:00:00,0.0
2013-03-11 01:00:00,-1.3410029639371008
2013-03-11 02:00:00,0.0
2013-03-11 03:00:00,0.0
2013-03-11 04:00:00,0.0
2013-03-11 05:00:00,0.0
2013-03-11 06:00:00,-1.257890825406787
2013-03-11 07:00:00,0.0
2013-03-11 08:00:00,0.0
2013-03-11 09:00:00,0.0
2013-03-11 10:00:00,0.0
2013-03-11 11:00:00,0.0
2013-03-11 12:00:00,0.0
2013-03-11 13:00:00,0.0
2013-03-11 14:00:00,0.0
2013-03-11 15:00:00,0.3842949149232539
2013-03-11 16:00:00,0.0
2013-03-11 17:00:00,0.3799251915515342
2013-03-11 18:00:00,0.0
2013-03-11 19:00:00,0.0
2013-03-11 20:00:00,0.0
2013-03-11 21:00:00,0.0
2013-03-11 22:00:00,0.0
2013-03-11 23:00:00,0.0
2013-03-12 00:00:00,-1.402222788375045
2013-03-12 01:00:00,0.0
2013-03-12 02:00:00,-1.3191543470784493
2013-03-12 03:00:00,0.0
2013-03-12 04:00:00,0.0
2013-03-12 05:00:00,0.0
2013-03-12 06:00:00,-1.3978093677695982
2013-03-12 07:00:00,0.0
2013-03-12 08:00:00,0.0
2013-03-12 09:00:00,0.0
2013-03-12 10:00:00,0.0
2013-03-12 11:00:00,0.17830615517988116
2013-03-12 12:00:00,0.0
2013-03-12 13:00:00,0.0
2013-03-12 14:00:00,0.0
2013-03-12 15:00:00,0.0
2013-03-12 16:00:00,0.0
2013-03-12 17:00:00,0.0
2013-03-12 18:00:00,0.8005547633143045
2013-03-12 19:00:00,0.0
2013-03-12 20:00:00,0.9319960423359505
2013-03-12 21:00:00,0.0
2013-03-12 22:00:00,-0.15881800294912787
2013-03-12 23:00:00,0.0
2013-03-13 00:00:00,0.0
2013-03-13 01:00:00,0.0
2013-03-13 02:00:00,-1.4809215062999121
2013-03-13 03:00:00,-1.3715910275392151
2013-03-13 04:00:00,-1.362851580795753
2013-03-13 05:00:00,-1.5552941980867654
2013-03-13 06:00:00,0.0
2013-03-13 07:00:00,0.0
2013-03-13 08:00:00,0.0
2013-03-13 09:00:00,0.0
2013-03-13 10:00:00,0.0
2013-03-13 11:00:00,0.0
2013-03-13 12:00:00,0.3711857448080636
2013-03-13 13:00:00,0.0
2013-03-13 14:00:00,0.0
2013-03-13 15:00:00,0.0
2013-03-13 16:00:00,0.0
2013-03-13 17:00:00,0.0
2013-03-13 18:00:00,0.0
2013-03-13 19:00:00,0.0
2013-03-13 20:00:00,0.0
2013-03-13 21:00:00,0.0
2013-03-13 22:00:00,0.0
2013-03-13 23:00:00,0.0
2013-03-14 00:00:00,0.0
2013-03-14 01:00:00,0.0
2013-03-14 02:00:00,0.0
2013-03-14 03:00:00,0.0
2013-03-14 04:00:00,-1.4590728894412592
2013-03-14 05:00:00,0.0
2013-03-14 06:00:00,0.0
2013-03-14 07:00:00,0.0
2013-03-14 08:00:00,0.0
2013-03-14 09:00:00,-0.3249985827760393
2013-03-14 10:00:00,0.0
2013-03-14 11:00:00,0.0
2013-03-14 12:00:00,0.0
2013-03-14 13:00:00,0.0
2013-03-14 14:00:00,0.49821360322427394
2013-03-14 15:00:00,0.0
2013-03-14 16:00:00,0.0
2013-03-14 17:00:00,0.0
2013-03-14 18:00:00,0.0
2013-03-14 19:00:00,0.0
2013-03-14 20:00:00,0.0
2013-03-14 21:00:00,0.0
2013-03-14 22:00:00,0.0
2013-03-14 23:00:00,-1.0217509743984696
2013-03-15 00:00:00,-1.4940306764151046
2013-03-15 01:00:00,0.0
2013-03-15 02:00:00,0.0
2013-03-15 03:00:00,0.0
2013-03-15 04:00:00,0.0
2013-03-15 05:00:00,0.0
2013-03-15 06:00:00,0.0
2013-03-15 07:00:00,0.0
2013-03-15 08:00:00,0.0
2013-03-15 09:00:00,0.0
2013-03-15 10:00:00,0.0
2013-03-15 11:00:00,0.0
2013-03-15 12:00:00,0.0
2013-03-15 13:00:00,0.0
2013-03-15 14:00:00,0.0
2013-03-15 15:00:00,0.0
2013-03-15 16:00:00,0.0
2013-03-15 17:00:00,0.0
2013-03-15 18:00:00,0.0
2013-03-15 19:00:00,0.0
2013-03-15 20:00:00,0.0
2013-03-15 21:00:00,0.0
2013-03-15 22:00:00,0.006007962632546837
2013-03-15 23:00:00,-0.1997186137085266
2013-03-16 00:00:00,0.0
2013-03-16 01:00:00,0.0
2013-03-16 02:00:00,0.0
2013-03-16 03:00:00,-1.3584818574240236
2013-03-16 04:00:00,-1.32789379382191
2013-03-16 05:00:00,0.0
2013-03-16 06:00:00,0.0
2013-03-16 07:00:00,0.0
2013-03-16 08:00:00,0.0
2013-03-16 09:00:00,0.0
2013-03-16 10:00:00,0.0
2013-03-16 11:00:00,0.0
2013-03-16 12:00:00,0.0
2013-03-16 13:00:00,0.0
2013-03-16 14:00:00,0.0
2013-03-16 15:00:00,0.43686268708517606
2013-03-16 16:00:00,0.0
2013-03-16 17:00:00,0.0
2013-03-16 18:00:00,0.0
2013-03-16 19:00:00,0.0
2013-03-16 20:00:00,0.0
2013-03-16 21:00:00,0.0
2013-03-16 22:00:00,0.0
2013-03-16 23:00:00,-0.18219602298788642
2013-03-17 00:00:00,0.0
2013-03-17 01:00:00,0.0
2013-03-17 02:00:00,0.0
2013-03-17 03:00:00,0.0
2013-03-17 04:00:00,0.0
2013-03-17 05:00:00,0.0
2013-03-17 06:00:00,0.0
2013-03-17 07:00:00,0.0
2013-03-17 08:00:00,0.0
2013-03-17 09:00:00,0.0
2013-03-17 10:00:00,0.3142045520406907
2013-03-17 11:00:00,0.0
2013-03-17 12:00:00,0.0
2013-03-17 13:00:00,0.0
2013-03-17 14:00:00,0.0
2013-03-17 15:00:00,0.0
2013-03-17 16:00:00,0.0
2013-03-17 17:00:00,0.0
2013-03-17 18:00:00,0.0
2013-03-17 19:00:00,0.7568138323632839
2013-03-17 20:00:00,0.0
2013-03-17 21:00:00,0.0
2013-03-17 22:00:00,0.0
2013-03-17 23:00:00,0.0
2013-03-18 00:00:00,0.0
2013-03-18 01:00:00,0.0
2013-03-18 02:00:00,0.0
2013-03-18 03:00:00,-1.428441128605429
2013-03-18 04:00:00,0.0
2013-03-18 05:00:00,0.0
2013-03-18 06:00:00,0.0
2013-03-18 07:00:00,0.0
2013-03-18 08:00:00,-0.645692581027343
2013-03-18 09:00:00,0.0
2013-03-18 10:00:00,0.0
2013-03-18 11:00:00,0.0
2013-03-18 12:00:00,0.0
2013-03-18 13:00:00,0.6603303403154761
2013-03-18 14:00:00,0.0
2013-03-18 15:00:00,0.0
2013-03-18 16:00:00,0.0
2013-03-18 17:00:00,0.0
2013-03-18 18:00:00,0.498257300457992
2013-03-18 19:00:00,0.0
2013-03-18 20:00:00,0.0
2013-03-18 21:00:00,0.0
2013-03-18 22:00:00,0.0
2013-03-18 23:00:00,-1.0480130118625701
2013-03-19 00:00:00,0.0
2013-03-19 01:00:00,0.0
2013-03-19 02:00:00,0.0
2013-03-19 03:00:00,0.0
2013-03-19 04:00:00,0.0
2013-03-19 05:00:00,-1.5158792932737568
2013-03-19 06:00:00,0.0
2013-03-19 07:00:00,-0.37892096918319473
2013-03-19 08:00:00,0.0
2013-03-19 09:00:00,0.0
2013-03-19 10:00:00,0.0
2013-03-19 11:00:00,0.0
2013-03-19 12:00:00,0.0
2013-03-19 13:00:00,0.0
2013-03-19 14:00:00,0.0
2013-03-19 15:00:00,0.0
2013-03-19 16:00:00,0.0
2013-03-19 17:00:00,0.0
2013-03-19 18:00:00,0.0
2013-03-19 19:00:00,0.0
2013-03-19 20:00:00,0.0
2013-03-19 21:00:00,0.0
2013-03-19 22:00:00,-0.12097619854994149
2013-03-19 23:00:00,0.0
2013-03-20 00:00:00,0.0
2013-03-20 01:00:00,-1.4109622351185072
2013-03-20 02:00:00,-1.5071835437640126
2013-03-20 03:00:00,0.0
2013-03-20 04:00:00,0.0
2013-03-20 05:00:00,0.0
2013-03-20 06:00:00,0.0
2013-03-20 07:00:00,0.0
2013-03-20 08:00:00,0.0
2013-03-20 09:00:00,0.0
2013-03-20 10:00:00,0.0
2013-03-20 11:00:00,0.0
2013-03-20 12:00:00,0.0
2013-03-20 13:00:00,0.0
2013-03-20 14:00:00,0.0
2013-03-20 15:00:00,0.0
2013-03-20 16:00:00,0.0
2013-03-20 17:00:00,0.2878988173428883
2013-03-20 18:00:00,0.0
2013-03-20 19:00:00,0.0
2013-03-20 20:00:00,0.0
2013-03-20 21:00:00,0.5726736894785538
2013-03-20 22:00:00,0.0
2013-03-20 23:00:00,0.0
2013-03-21 00:00:00,0.0
2013-03-21 01:00:00,0.0
2013-03-21 02:00:00,0.0
2013-03-21 03:00:00,0.0
2013-03-21 04:00:00,-1.3366332405653705
2013-03-21 05:00:00,0.0
2013-03-21 06:00:00,0.0
2013-03-21 07:00:00,0.0
2013-03-21 08:00:00,0.0
2013-03-21 09:00:00,0.0
2013-03-21 10:00:00,0.0
2013-03-21 11:00:00,0.0
2013-03-21 12:00:00,0.0
2013-03-21 13:00:00,0.7436172677806575
2013-03-21 14:00:00,0.5464553492481742
2013-03-21 15:00:00,0.0
2013-03-21 16:00:00,0.0
2013-03-21 17:00:00,0.0
2013-03-21 18:00:00,0.0
2013-03-21 19:00:00,0.0
2013-03-21 20:00:00,0.0
2013-03-21 21:00:00,0.7742927258502064
2013-03-21 22:00:00,0.0
2013-03-21 23:00:00,0.0
2013-03-22 00:00:00,0.0
2013-03-22 01:00:00,0.0
2013-03-22 02:00:00,0.0
2013-03-22 03:00:00,0.0
2013-03-22 04:00:00,0.0
2013-03-22 05:00:00,0.0
2013-03-22 06:00:00,0.0
2013-03-22 07:00:00,-0.2827433577714052
2013-03-22 08:00:00,-0.6369968315175987
2013-03-22 09:00:00,0.0
2013-03-22 10:00:00,0.0
2013-03-22 11:00:00,0.0
2013-03-22 12:00:00,0.0
2013-03-22 13:00:00,0.0
2013-03-22 14:00:00,0.0
2013-03-22 15:00:00,0.0
2013-03-22 16:00:00,0.0
2013-03-22 17:00:00,0.0
2013-03-22 18:00:00,0.940822883546859
2013-03-22 19:00:00,0.0
2013-03-22 20:00:00,0.0
2013-03-22 21:00:00,0.0
2013-03-22 22:00:00,0.0
2013-03-22 23:00:00,0.0
2013-03-23 00:00:00,0.0
2013-03-23 01:00:00,0.0
2013-03-23 02:00:00,0.0
2013-03-23 03:00:00,0.0
2013-03-23 04:00:00,0.0
2013-03-23 05:00:00,0.0
2013-03-23 06:00:00,-1.3716347247729324
2013-03-23 07:00:00,-0.38473270126759596
2013-03-23 08:00:00,0.0
2013-03-23 09:00:00,0.0
2013-03-23 10:00:00,0.0
2013-03-23 11:00:00,0.4324929637134434
2013-03-23 12:00:00,0.0
2013-03-23 13:00:00,0.752356714524115
2013-03-23 14:00:00,0.45879869841125964
2013-03-23 15:00:00,0.0
2013-03-23 16:00:00,0.0
2013-03-23 17:00:00,0.0
2013-03-23 18:00:00,0.0
2013-03-23 19:00:00,0.721724953688292
2013-03-23 20:00:00,0.0
2013-03-23 21:00:00,0.7567701351295654
2013-03-23 22:00:00,0.04983628805100366
2013-03-23 23:00:00,-0.16904315563897768
2013-03-24 00:00:00,0.0
2013-03-24 01:00:00,0.0
2013-03-24 02:00:00,-1.4503334426977987
2013-03-24 03:00:00,-1.4197016818619679
2013-03-24 04:00:00,0.0
2013-03-24 05:00:00,0.0
2013-03-24 06:00:00,0.0
2013-03-24 07:00:00,0.0
2013-03-24 08:00:00,0.0
2013-03-24 09:00:00,0.0
2013-03-24 10:00:00,0.0
2013-03-24 11:00:00,0.0
2013-03-24 12:00:00,0.0
2013-03-24 13:00:00,0.0
2013-03-24 14:00:00,0.0
2013-03-24 15:00:00,0.0
2013-03-24 16:00:00,0.0
2013-03-24 17:00:00,0.32294399878416125
2013-03-24 18:00:00,0.0
2013-03-24 19:00:00,0.0
2013-03-24 20:00:00,0.0
2013-03-24 21:00:00,0.0
2013-03-24 22:00:00,0.0
2013-03-24 23:00:00,0.0
2013-03-25 00:00:00,0.0
2013-03-25 01:00:00,0.0
2013-03-25 02:00:00,-1.4984440970205515
2013-03-25 03:00:00,0.0
2013-03-25 04:00:00,0.0
2013-03-25 05:00:00,0.0
2013-03-25 06:00:00,0.0
2013-03-25 07:00:00,0.0
2013-03-25 08:00:00,-0.6981729587218252
2013-03-25 09:00:00,0.0
2013-03-25 10:00:00,0.0
2013-03-25 11:00:00,0.0
2013-03-25 12:00:00,0.0
2013-03-25 13:00:00,0.0
2013-03-25 14:00:00,0.37551177094607824
2013-03-25 15:00:00,0.0
2013-03-25 16:00:00,0.0
2013-03-25 17:00:00,0.0
2013-03-25 18:00:00,0.0
2013-03-25 19:00:00,0.0
2013-03-25 20:00:00,0.0
2013-03-25 21:00:00,0.0
2013-03-25 22:00:00,0.0
2013-03-25 23:00:00,0.0
2013-03-26 00:00:00,0.0
2013-03-26 01:00:00,-1.4065925117467761
2013-03-26 02:00:00,0.0
2013-03-26 03:00:00,0.0
2013-03-26 04:00:00,0.0
2013-03-26 05:00:00,0.0
2013-03-26 06:00:00,0.0
2013-03-26 07:00:00,0.0
2013-03-26 08:00:00,0.0
2013-03-26 09:00:00,0.0
2013-03-26 10:00:00,0.0
2013-03-26 11:00:00,0.0
2013-03-26 12:00:00,0.0
2013-03-26 13:00:00,0.0
2013-03-26 14:00:00,0.0
2013-03-26 15:00:00,0.0
2013-03-26 16:00:00,0.0
2013-03-26 17:00:00,0.0
2013-03-26 18:00:00,0.0
2013-03-26 19:00:00,0.0
2013-03-26 20:00:00,0.0
2013-03-26 21:00:00,0.0
2013-03-26 22:00:00,0.0
2013-03-26 23:00:00,-0.750653336416309
2013-03-27 00:00:00,0.0
2013-03-27 01:00:00,0.0
2013-03-27 02:00:00,0.0
2013-03-27 03:00:00,0.0
2013-03-27 04:00:00,0.0
2013-03-27 05:00:00,0.0
2013-03-27 06:00:00,0.0
2013-03-27 07:00:00,0.0
2013-03-27 08:00:00,-0.7681322299032307
2013-03-27 09:00:00,0.0
2013-03-27 10:00:00,0.0
2013-03-27 11:00:00,0.0
2013-03-27 12:00:00,0.0
2013-03-27 13:00:00,0.0
2013-03-27 14:00:00,0.0
2013-03-27 15:00:00,0.0
2013-03-27 16:00:00,0.40618722901562804
2013-03-27 17:00:00,0.34488001011024305
2013-03-27 18:00:00,0.0
2013-03-27 19:00:00,0.0
2013-03-27 20:00:00,0.0
2013-03-27 21:00:00,0.0
2013-03-27 22:00:00,-0.1166064751782114
2013-03-27 23:00:00,0.0
2013-03-28 00:00:00,0.0
2013-03-28 01:00:00,0.0
2013-03-28 02:00:00,0.0
2013-03-28 03:00:00,-1.406548814513059
2013-03-28 04:00:00,-1.35852555465774
2013-03-28 05:00:00,0.0
2013-03-28 06:00:00,0.0
2013-03-28 07:00:00,0.0
2013-03-28 08:00:00,0.0
2013-03-28 09:00:00,0.0
2013-03-28 10:00:00,0.0
2013-03-28 11:00:00,0.0
2013-03-28 12:00:00,0.0
2013-03-28 13:00:00,0.0
2013-03-28 14:00:00,0.0
2013-03-28 15:00:00,0.3799251915515212
2013-03-28 16:00:00,0.2878551201091642
2013-03-28 17:00:00,0.0
2013-03-28 18:00:00,0.0
2013-03-28 19:00:00,0.8311865241501281
2013-03-28 20:00:00,0.0
2013-03-28 21:00:00,0.0
2013-03-28 22:00:00,0.0
2013-03-28 23:00:00,0.0
2013-03-29 00:00:00,0.0
2013-03-29 01:00:00,0.0
2013-03-29 02:00:00,0.0
2013-03-29 03:00:00,0.0
2013-03-29 04:00:00,-1.3803304742826763
2013-03-29 05:00:00,0.0
2013-03-29 06:00:00,0.0
2013-03-29 07:00:00,-0.18499264594579554
2013-03-29 08:00:00,0.0
2013-03-29 09:00:00,0.0
2013-03-29 10:00:00,0.2878988173428818
2013-03-29 11:00:00,0.0
2013-03-29 12:00:00,0.0
2013-03-29 13:00:00,0.0
2013-03-29 14:00:00,0.0
2013-03-29 15:00:00,0.0
2013-03-29 16:00:00,0.0
2013-03-29 17:00:00,0.0
2013-03-29 18:00:00,0.0
2013-03-29 19:00:00,0.0
2013-03-29 20:00:00,0.0
2013-03-29 21:00:00,0.0
2013-03-29 22:00:00,0.0
2013-03-29 23:00:00,0.0
2013-03-30 00:00:00,-0.973684017309434
2013-03-30 01:00:00,-1.4240714052336987
2013-03-30 02:00:00,0.0
2013-03-30 03:00:00,0.0
2013-03-30 04:00:00,-1.397809367769599
2013-03-30 05:00:00,-1.5159229905074734
2013-03-30 06:00:00,0.0
2013-03-30 07:00:00,-0.13539628567665213
2013-03-30 08:00:00,0.0
2013-03-30 09:00:00,0.0
2013-03-30 10:00:00,0.0
2013-03-30 11:00:00,0.0
2013-03-30 12:00:00,0.7874455931991069
2013-03-30 13:00:00,0.0
2013-03-30 14:00:00,0.0
2013-03-30 15:00:00,0.0
2013-03-30 16:00:00,0.0
2013-03-30 17:00:00,0.0
2013-03-30 18:00:00,0.8531662327099371
2013-03-30 19:00:00,0.0
2013-03-30 20:00:00,0.0
2013-03-30 21:00:00,0.0
2013-03-30 22:00:00,0.0
2013-03-30 23:00:00,-0.19089177249762898
2013-03-31 00:00:00,0.0
2013-03-31 01:00:00,0.0
2013-03-31 02:00:00,0.0
2013-03-31 03:00:00,0.0
2013-03-31 04:00:00,0.0
2013-03-31 05:00:00,-1.4284411286054282
2013-03-31 06:00:00,0.0
2013-03-31 07:00:00,-0.4065813181262481
2013-03-31 08:00:00,0.0
2013-03-31 09:00:00,0.0
2013-03-31 10:00:00,0.0
2013-03-31 11:00:00,0.0
2013-03-31 12:00:00,0.0
2013-03-31 13:00:00,-0.07430755293985966
2013-03-31 14:00:00,0.0
2013-03-31 15:00:00,0.0
2013-03-31 16:00:00,0.0
2013-03-31 17:00:00,0.0
2013-03-31 18:00:00,0.0
2013-03-31 19:00:00,0.0
2013-03-31 20:00:00,0.0
2013-03-31 21:00:00,0.0
2013-03-31 22:00:00,0.0
2013-03-31 23:00:00,0.0
2013-04-01 00:00:00,0.0
2013-04-01 01:00:00,0.0
2013-04-01 02:00:00,0.0
2013-04-01 03:00:00,0.0
2013-04-01 04:00:00,0.0
2013-04-01 05:00:00,0.0
2013-04-01 06:00:00,0.0
2013-04-01 07:00:00,0.0
2013-04-01 08:00:00,-0.9168339162432209
2013-04-01 09:00:00,0.0
2013-04-01 10:00:00,0.0
2013-04-01 11:00:00,0.0
2013-04-01 12:00:00,0.0
2013-04-01 13:00:00,0.0
2013-04-01 14:00:00,0.0
2013-04-01 15:00:00,0.3010516846917828
2013-04-01 16:00:00,0.0
2013-04-01 17:00:00,0.0
2013-04-01 18:00:00,0.0
2013-04-01 19:00:00,0.8444267859664872
2013-04-01 20:00:00,0.0
2013-04-01 21:00:00,0.0
2013-04-01 22:00:00,0.0
2013-04-01 23:00:00,0.0
2013-04-02 00:00:00,0.0
2013-04-02 01:00:00,-1.5159229905074738
2013-04-02 02:00:00,0.0
2013-04-02 03:00:00,0.0
2013-04-02 04:00:00,-1.5071835437640126
2013-04-02 05:00:00,-1.4678123361847206
2013-04-02 06:00:00,0.0
2013-04-02 07:00:00,0.0
2013-04-02 08:00:00,0.0
2013-04-02 09:00:00,0.0
2013-04-02 10:00:00,0.0
2013-04-02 11:00:00,0.07614202274882031
2013-04-02 12:00:00,0.0
2013-04-02 13:00:00,0.0
2013-04-02 14:00:00,0.0
2013-04-02 15:00:00,0.0
2013-04-02 16:00:00,0.0
2013-04-02 17:00:00,0.0
2013-04-02 18:00:00,0.0
2013-04-02 19:00:00,0.0
2013-04-02 20:00:00,0.0
2013-04-02 21:00:00,0.0
2013-04-02 22:00:00,0.0
2013-04-02 23:00:00,0.0
2013-04-03 00:00:00,0.0
2013-04-03 01:00:00,0.0
2013-04-03 02:00:00,0.0
2013-04-03 03:00:00,0.0
2013-04-03 04:00:00,0.0
2013-04-03 05:00:00,0.0
2013-04-03 06:00:00,0.0
2013-04-03 07:00:00,-0.483925421805878
2013-04-03 08:00:00,0.0
2013-04-03 09:00:00,0.0
2013-04-03 10:00:00,0.3536194568537123
2013-04-03 11:00:00,0.0
2013-04-03 12:00:00,0.0
2013-04-03 13:00:00,0.0
2013-04-03 14:00:00,0.0
2013-04-03 15:00:00,0.44123241045690836
2013-04-03 16:00:00,0.0
2013-04-03 17:00:00,0.0
2013-04-03 18:00:00,0.0
2013-04-03 19:00:00,0.0
2013-04-03 20:00:00,0.4149703729928028
2013-04-03 21:00:00,0.0
2013-04-03 22:00:00,0.0
2013-04-03 23:00:00,0.0
2013-04-04 00:00:00,0.0
2013-04-04 01:00:00,0.0
2013-04-04 02:00:00,0.0
2013-04-04 03:00:00,0.0
2013-04-04 04:00:00,0.0
2013-04-04 05:00:00,0.0
2013-04-04 06:00:00,0.0
2013-04-04 07:00:00,0.0
2013-04-04 08:00:00,-0.9430959537073215
2013-04-04 09:00:00,0.0
2013-04-04 10:00:00,0.20461188987769435
2013-04-04 11:00:00,0.3579891802254377
2013-04-04 12:00:00,0.0
2013-04-04 13:00:00,0.0
2013-04-04 14:00:00,0.0
2013-04-04 15:00:00,0.0
2013-04-04 16:00:00,0.0
2013-04-04 17:00:00,0.4587986984112601
2013-04-04 18:00:00,0.5551947959916391
2013-04-04 19:00:00,0.0
2013-04-04 20:00:00,0.6472211702002858
2013-04-04 21:00:00,0.48510443310908363
2013-04-04 22:00:00,0.0
2013-04-04 23:00:00,-0.8381351983183539
2013-04-05 00:00:00,0.0
2013-04-05 01:00:00,0.0
2013-04-05 02:00:00,0.0
2013-04-05 03:00:00,0.0
2013-04-05 04:00:00,0.0
2013-04-05 05:00:00,0.0
2013-04-05 06:00:00,0.0
2013-04-05 07:00:00,0.0
2013-04-05 08:00:00,0.0
2013-04-05 09:00:00,0.0
2013-04-05 10:00:00,0.0
2013-04-05 11:00:00,0.0
2013-04-05 12:00:00,0.6033928447818212
2013-04-05 13:00:00,0.0
2013-04-05 14:00:00,0.0
2013-04-05 15:00:00,0.0
2013-04-05 16:00:00,0.0
2013-04-05 17:00:00,0.0
2013-04-05 18:00:00,0.0
2013-04-05 19:00:00,0.0
2013-04-05 20:00:00,0.0
2013-04-05 21:00:00,0.0
2013-04-05 22:00:00,0.0
2013-04-05 23:00:00,0.0
2013-04-06 00:00:00,-0.8906155760128374
2013-04-06 01:00:00,-1.4896609530433726
2013-04-06 02:00:00,0.0
2013-04-06 03:00:00,0.0
2013-04-06 04:00:00,0.0
2013-04-06 05:00:00,0.0
2013-04-06 06:00:00,0.0
2013-04-06 07:00:00,-0.3206725566380264
2013-04-06 08:00:00,0.0
2013-04-06 09:00:00,0.0
2013-04-06 10:00:00,0.0
2013-04-06 11:00:00,0.0
2013-04-06 12:00:00,0.0
2013-04-06 13:00:00,0.0
2013-04-06 14:00:00,0.0
2013-04-06 15:00:00,0.41934009636453506
2013-04-06 16:00:00,0.0
2013-04-06 17:00:00,0.0
2013-04-06 18:00:00,0.0
2013-04-06 19:00:00,0.0
2013-04-06 20:00:00,0.0
2013-04-06 21:00:00,0.0
2013-04-06 22:00:00,0.0
2013-04-06 23:00:00,0.0
2013-04-07 00:00:00,0.0
2013-04-07 01:00:00,0.0
2013-04-07 02:00:00,0.0
2013-04-07 03:00:00,0.0
2013-04-07 04:00:00,0.0
2013-04-07 05:00:00,0.0
2013-04-07 06:00:00,0.0
2013-04-07 07:00:00,0.0
2013-04-07 08:00:00,0.0
2013-04-07 09:00:00,0.0
2013-04-07 10:00:00,0.0
2013-04-07 11:00:00,0.0
2013-04-07 12:00:00,0.0
2013-04-07 13:00:00,0.7260509798262984
2013-04-07 14:00:00,0.0
2013-04-07 15:00:00,0.5157361939449145
2013-04-07 16:00:00,0.5464553492481742
2013-04-07 17:00:00,0.0
2013-04-07 18:00:00,0.0
2013-04-07 19:00:00,0.0
2013-04-07 20:00:00,0.4500592516677947
2013-04-07 21:00:00,0.0
2013-04-07 22:00:00,0.0
2013-04-07 23:00:00,0.0
2013-04-08 00:00:00,-1.349742410680562
2013-04-08 01:00:00,0.0
2013-04-08 02:00:00,0.0
2013-04-08 03:00:00,0.0
2013-04-08 04:00:00,0.0
2013-04-08 05:00:00,0.0
2013-04-08 06:00:00,0.0
2013-04-08 07:00:00,0.0
2013-04-08 08:00:00,0.0
2013-04-08 09:00:00,0.0
2013-04-08 10:00:00,0.030871688617690664
2013-04-08 11:00:00,0.0
2013-04-08 12:00:00,0.0
2013-04-08 13:00:00,0.0
2013-04-08 14:00:00,0.0
2013-04-08 15:00:00,0.0
2013-04-08 16:00:00,0.0
2013-04-08 17:00:00,0.0
2013-04-08 18:00:00,0.0
2013-04-08 19:00:00,0.8093379072914876
2013-04-08 20:00:00,0.8794282701740357
2013-04-08 21:00:00,0.0
2013-04-08 22:00:00,0.0
2013-04-08 23:00:00,0.0
2013-04-09 00:00:00,0.0
2013-04-09 01:00:00,-1.4896609530433733
2013-04-09 02:00:00,-1.533401883994396
2013-04-09 03:00:00,0.0
2013-04-09 04:00:00,-1.4765080856944652
2013-04-09 05:00:00,0.0
2013-04-09 06:00:00,-1.4328545492108768
2013-04-09 07:00:00,0.0
2013-04-09 08:00:00,0.0
2013-04-09 09:00:00,-0.4168938652835323
2013-04-09 10:00:00,0.0
2013-04-09 11:00:00,0.0
2013-04-09 12:00:00,0.5025833265960061
2013-04-09 13:00:00,0.616545712130737
2013-04-09 14:00:00,0.0
2013-04-09 15:00:00,0.0
2013-04-09 16:00:00,0.0
2013-04-09 17:00:00,0.0
2013-04-09 18:00:00,0.0
2013-04-09 19:00:00,0.0
2013-04-09 20:00:00,0.0
2013-04-09 21:00:00,0.6296985794796427
2013-04-09 22:00:00,0.0
2013-04-09 23:00:00,0.0
2013-04-10 00:00:00,0.0
2013-04-10 01:00:00,0.0
2013-04-10 02:00:00,0.0
2013-04-10 03:00:00,0.0
2013-04-10 04:00:00,0.0
2013-04-10 05:00:00,0.0
2013-04-10 06:00:00,-1.4240714052336982
2013-04-10 07:00:00,-0.5348763963202569
2013-04-10 08:00:00,0.0
2013-04-10 09:00:00,-0.3148171273199076
2013-04-10 10:00:00,0.0
2013-04-10 11:00:00,0.0
2013-04-10 12:00:00,0.0
2013-04-10 13:00:00,0.47627759189818997
2013-04-10 14:00:00,0.0
2013-04-10 15:00:00,0.0
2013-04-10 16:00:00,0.0
2013-04-10 17:00:00,0.0
2013-04-10 18:00:00,0.0
2013-04-10 19:00:00,0.0
2013-04-10 20:00:00,0.7567264378958474
2013-04-10 21:00:00,0.0
2013-04-10 22:00:00,0.0
2013-04-10 23:00:00,0.0
2013-04-11 00:00:00,0.0
2013-04-11 01:00:00,0.0
2013-04-11 02:00:00,0.0
2013-04-11 03:00:00,0.0
2013-04-11 04:00:00,0.0
2013-04-11 05:00:00,0.0
2013-04-11 06:00:00,0.0
2013-04-11 07:00:00,0.0
2013-04-11 08:00:00,-0.790024543995601
2013-04-11 09:00:00,0.0
2013-04-11 10:00:00,0.24407049192442282
2013-04-11 11:00:00,0.2615493854113514
2013-04-11 12:00:00,0.0
2013-04-11 13:00:00,0.0
2013-04-11 14:00:00,0.38866463829498615
2013-04-11 15:00:00,0.0
2013-04-11 16:00:00,0.0
2013-04-11 17:00:00,0.0
2013-04-11 18:00:00,0.0
2013-04-11 19:00:00,0.0
2013-04-11 20:00:00,0.0
2013-04-11 21:00:00,0.31416085480698647
2013-04-11 22:00:00,0.0
2013-04-11 23:00:00,-0.9955763314018042
2013-04-12 00:00:00,0.0
2013-04-12 01:00:00,0.0
2013-04-12 02:00:00,-1.5203364111129207
2013-04-12 03:00:00,0.0
2013-04-12 04:00:00,0.0
2013-04-12 05:00:00,0.0
2013-04-12 06:00:00,0.0
2013-04-12 07:00:00,-0.31774484197896785
2013-04-12 08:00:00,0.0
2013-04-12 09:00:00,0.0
2013-04-12 10:00:00,0.0
2013-04-12 11:00:00,0.0
2013-04-12 12:00:00,0.32294399878416125
2013-04-12 13:00:00,0.0
2013-04-12 14:00:00,0.3579891802254377
2013-04-12 15:00:00,0.0
2013-04-12 16:00:00,0.0
2013-04-12 17:00:00,0.0
2013-04-12 18:00:00,0.0
2013-04-12 19:00:00,0.0
2013-04-12 20:00:00,0.0
2013-04-12 21:00:00,0.0
2013-04-12 22:00:00,0.0
2013-04-12 23:00:00,-0.1413828066959243
2013-04-13 00:00:00,0.0
2013-04-13 01:00:00,0.0
2013-04-13 02:00:00,0.0
2013-04-13 03:00:00,0.0
2013-04-13 04:00:00,0.0
2013-04-13 05:00:00,0.0
2013-04-13 06:00:00,0.0
2013-04-13 07:00:00,0.0
2013-04-13 08:00:00,0.0
2013-04-13 09:00:00,0.0
2013-04-13 10:00:00,0.09506292494841524
2013-04-13 11:00:00,0.0
2013-04-13 12:00:00,0.0
2013-04-13 13:00:00,0.0
2013-04-13 14:00:00,0.0
2013-04-13 15:00:00,0.4324929637134434
2013-04-13 16:00:00,0.5157361939449145
2013-04-13 17:00:00,0.0
2013-04-13 18:00:00,0.0
2013-04-13 19:00:00,0.0
2013-04-13 20:00:00,0.0
2013-04-13 21:00:00,0.0
2013-04-13 22:00:00,0.0
2013-04-13 23:00:00,0.0
2013-04-14 00:00:00,0.0
2013-04-14 01:00:00,0.0
2013-04-14 02:00:00,0.0
2013-04-14 03:00:00,0.0
2013-04-14 04:00:00,-1.4984003997868347
2013-04-14 05:00:00,0.0
2013-04-14 06:00:00,0.0
2013-04-14 07:00:00,0.0
2013-04-14 08:00:00,0.0
2013-04-14 09:00:00,0.0
2013-04-14 10:00:00,0.0
2013-04-14 11:00:00,0.0
2013-04-14 12:00:00,0.0
2013-04-14 13:00:00,0.0
2013-04-14 14:00:00,0.0
2013-04-14 15:00:00,0.0
2013-04-14 16:00:00,0.0
2013-04-14 17:00:00,0.0
2013-04-14 18:00:00,0.0
2013-04-14 19:00:00,0.0
2013-04-14 20:00:00,0.0
2013-04-14 21:00:00,0.0
2013-04-14 22:00:00,0.0
2013-04-14 23:00:00,-0.7813287944858571
2013-04-15 00:00:00,0.0
2013-04-15 01:00:00,0.0
2013-04-15 02:00:00,0.0
2013-04-15 03:00:00,0.0
2013-04-15 04:00:00,0.0
2013-04-15 05:00:00,0.0
2013-04-15 06:00:00,0.0
2013-04-15 07:00:00,-0.6501060016327899
2013-04-15 08:00:00,0.0
2013-04-15 09:00:00,0.0
2013-04-15 10:00:00,0.1783498524135923
2013-04-15 11:00:00,0.0
2013-04-15 12:00:00,0.0
2013-04-15 13:00:00,0.5683039661068293
2013-04-15 14:00:00,0.0
2013-04-15 15:00:00,0.0
2013-04-15 16:00:00,0.0
2013-04-15 17:00:00,0.0
2013-04-15 18:00:00,0.0
2013-04-15 19:00:00,0.3624026008308806
2013-04-15 20:00:00,0.6428514468285531
2013-04-15 21:00:00,0.0
2013-04-15 22:00:00,0.0
2013-04-15 23:00:00,-1.6864295964723983
2013-04-16 00:00:00,0.0
2013-04-16 01:00:00,-1.498400399786834
2013-04-16 02:00:00,0.0
2013-04-16 03:00:00,0.0
2013-04-16 04:00:00,-1.5028138203922823
2013-04-16 05:00:00,0.0
2013-04-16 06:00:00,0.0
2013-04-16 07:00:00,0.0
2013-04-16 08:00:00,0.0
2013-04-16 09:00:00,0.0
2013-04-16 10:00:00,0.05132199399739283
2013-04-16 11:00:00,0.0
2013-04-16 12:00:00,0.0
2013-04-16 13:00:00,0.0
2013-04-16 14:00:00,0.0
2013-04-16 15:00:00,0.0
2013-04-16 16:00:00,0.0
2013-04-16 17:00:00,0.0
2013-04-16 18:00:00,0.0
2013-04-16 19:00:00,0.5551947959916391
2013-04-16 20:00:00,0.0
2013-04-16 21:00:00,0.0
2013-04-16 22:00:00,-0.05092953290110198
2013-04-16 23:00:00,0.0
2013-04-17 00:00:00,0.0
2013-04-17 01:00:00,0.0
2013-04-17 02:00:00,0.0
2013-04-17 03:00:00,0.0
2013-04-17 04:00:00,-1.4371805753488907
2013-04-17 05:00:00,0.0
2013-04-17 06:00:00,-1.4547031660695289
2013-04-17 07:00:00,0.0
2013-04-17 08:00:00,0.0
2013-04-17 09:00:00,0.0
2013-04-17 10:00:00,0.0
2013-04-17 11:00:00,0.2352873479472433
2013-04-17 12:00:00,0.21339503385487477
2013-04-17 13:00:00,0.0
2013-04-17 14:00:00,0.0
2013-04-17 15:00:00,0.0
2013-04-17 16:00:00,0.0
2013-04-17 17:00:00,0.0
2013-04-17 18:00:00,0.0
2013-04-17 19:00:00,0.0
2013-04-17 20:00:00,0.6866360750132924
2013-04-17 21:00:00,0.0
2013-04-17 22:00:00,0.0
2013-04-17 23:00:00,0.0
2013-04-18 00:00:00,0.0
2013-04-18 01:00:00,0.0
2013-04-18 02:00:00,0.0
2013-04-18 03:00:00,0.0
2013-04-18 04:00:00,0.0
2013-04-18 05:00:00,0.0
2013-04-18 06:00:00,0.0
2013-04-18 07:00:00,0.0
2013-04-18 08:00:00,-0.8118731608542527
2013-04-18 09:00:00,0.0
2013-04-18 10:00:00,0.0
2013-04-18 11:00:00,0.0
2013-04-18 12:00:00,0.467538145154725
2013-04-18 13:00:00,0.0
2013-04-18 14:00:00,0.0
2013-04-18 15:00:00,0.48069101250363333
2013-04-18 16:00:00,0.4851044331090763
2013-04-18 17:00:00,0.0
2013-04-18 18:00:00,0.0
2013-04-18 19:00:00,0.5332587846655555
2013-04-18 20:00:00,0.0
2013-04-18 21:00:00,0.0
2013-04-18 22:00:00,-0.1166064751782114
2013-04-18 23:00:00,0.0
2013-04-19 00:00:00,0.0
2013-04-19 01:00:00,0.0
2013-04-19 02:00:00,0.0
2013-04-19 03:00:00,0.0
2013-04-19 04:00:00,0.0
2013-04-19 05:00:00,0.0
2013-04-19 06:00:00,0.0
2013-04-19 07:00:00,0.0
2013-04-19 08:00:00,0.0
2013-04-19 09:00:00,-0.187614479968838
2013-04-19 10:00:00,0.37114204757434643
2013-04-19 11:00:00,0.0
2013-04-19 12:00:00,0.0
2013-04-19 13:00:00,0.0
2013-04-19 14:00:00,0.5201059173166472
2013-04-19 15:00:00,0.0
2013-04-19 16:00:00,0.0
2013-04-19 17:00:00,0.0
2013-04-19 18:00:00,0.0
2013-04-19 19:00:00,0.0
2013-04-19 20:00:00,0.5157361939449145
2013-04-19 21:00:00,0.0
2013-04-19 22:00:00,0.0
2013-04-19 23:00:00,-0.13259966271874563
2013-04-20 00:00:00,0.0
2013-04-20 01:00:00,-1.4678123361847206
2013-04-20 02:00:00,0.0
2013-04-20 03:00:00,0.0
2013-04-20 04:00:00,0.0
2013-04-20 05:00:00,0.0
2013-04-20 06:00:00,0.0
2013-04-20 07:00:00,0.0
2013-04-20 08:00:00,0.0
2013-04-20 09:00:00,0.0
2013-04-20 10:00:00,0.0
2013-04-20 11:00:00,0.0
2013-04-20 12:00:00,0.0
2013-04-20 13:00:00,0.0
2013-04-20 14:00:00,0.0
2013-04-20 15:00:00,0.0
2013-04-20 16:00:00,0.0
2013-04-20 17:00:00,0.0
2013-04-20 18:00:00,0.7041586657339329
2013-04-20 19:00:00,0.0
2013-04-20 20:00:00,0.6297422767133555
2013-04-20 21:00:00,0.0
2013-04-20 22:00:00,0.0
2013-04-20 23:00:00,0.0
2013-04-21 00:00:00,0.0
2013-04-21 01:00:00,0.0
2013-04-21 02:00:00,0.0
2013-04-21 03:00:00,0.0
2013-04-21 04:00:00,0.0
2013-04-21 05:00:00,-1.5421413307378573
2013-04-21 06:00:00,0.0
2013-04-21 07:00:00,0.0
2013-04-21 08:00:00,0.0
2013-04-21 09:00:00,0.0
2013-04-21 10:00:00,0.0
2013-04-21 11:00:00,0.0
2013-04-21 12:00:00,0.0
2013-04-21 13:00:00,0.0
2013-04-21 14:00:00,0.0
2013-04-21 15:00:00,0.0
2013-04-21 16:00:00,0.5113227733394637
2013-04-21 17:00:00,0.6822226544078416
2013-04-21 18:00:00,0.6998326395959187
2013-04-21 19:00:00,0.0
2013-04-21 20:00:00,0.32294399878415603
2013-04-21 21:00:00,0.0
2013-04-21 22:00:00,0.08632347820495334
2013-04-21 23:00:00,0.0
2013-04-22 00:00:00,0.0
2013-04-22 01:00:00,0.0
2013-04-22 02:00:00,-1.5246624372509354
2013-04-22 03:00:00,0.0
2013-04-22 04:00:00,-1.4196579846282513
2013-04-22 05:00:00,-1.5071835437640126
2013-04-22 06:00:00,0.0
2013-04-22 07:00:00,0.0
2013-04-22 08:00:00,0.0
2013-04-22 09:00:00,-0.34400687944306735
2013-04-22 10:00:00,0.23091762457551665
2013-04-22 11:00:00,0.0
2013-04-22 12:00:00,0.3842512176895436
2013-04-22 13:00:00,0.0
2013-04-22 14:00:00,0.0
2013-04-22 15:00:00,0.4806910125036329
2013-04-22 16:00:00,0.0
2013-04-22 17:00:00,0.5288890612938151
2013-04-22 18:00:00,0.0
2013-04-22 19:00:00,0.0
2013-04-22 20:00:00,0.0
2013-04-22 21:00:00,0.0
2013-04-22 22:00:00,0.038081732181048364
2013-04-22 23:00:00,0.0
2013-04-23 00:00:00,0.0
2013-04-23 01:00:00,0.0
2013-04-23 02:00:00,0.0
2013-04-23 03:00:00,0.0
2013-04-23 04:00:00,0.0
2013-04-23 05:00:00,0.0
2013-04-23 06:00:00,0.0
2013-04-23 07:00:00,0.0
2013-04-23 08:00:00,0.0
2013-04-23 09:00:00,-0.11782999772229348
2013-04-23 10:00:00,0.0
2013-04-23 11:00:00,0.0
2013-04-23 12:00:00,0.0
2013-04-23 13:00:00,0.0
2013-04-23 14:00:00,0.0
2013-04-23 15:00:00,0.0
2013-04-23 16:00:00,0.0
2013-04-23 17:00:00,0.0
2013-04-23 18:00:00,0.0
2013-04-23 19:00:00,0.0
2013-04-23 20:00:00,0.0
2013-04-23 21:00:00,0.4894741564808073
2013-04-23 22:00:00,0.0
2013-04-23 23:00:00,0.0
2013-04-24 00:00:00,0.0
2013-04-24 01:00:00,0.0
2013-04-24 02:00:00,-1.4589854949738252
2013-04-24 03:00:00,0.0
2013-04-24 04:00:00,0.0
2013-04-24 05:00:00,-1.5158792932737568
2013-04-24 06:00:00,-1.5508807774813185
2013-04-24 07:00:00,0.0
2013-04-24 08:00:00,0.0
2013-04-24 09:00:00,0.0
2013-04-24 10:00:00,0.0
2013-04-24 11:00:00,0.0
2013-04-24 12:00:00,0.0
2013-04-24 13:00:00,0.0
2013-04-24 14:00:00,0.0
2013-04-24 15:00:00,0.0
2013-04-24 16:00:00,0.0
2013-04-24 17:00:00,0.0
2013-04-24 18:00:00,0.9495623302903164
2013-04-24 19:00:00,0.0
2013-04-24 20:00:00,0.0
2013-04-24 21:00:00,0.0
2013-04-24 22:00:00,0.0
2013-04-24 23:00:00,0.0
2013-04-25 00:00:00,0.0
2013-04-25 01:00:00,0.0
2013-04-25 02:00:00,0.0
2013-04-25 03:00:00,0.0
2013-04-25 04:00:00,0.0
2013-04-25 05:00:00,0.0
2013-04-25 06:00:00,0.0
2013-04-25 07:00:00,0.0
2013-04-25 08:00:00,0.0
2013-04-25 09:00:00,0.0
2013-04-25 10:00:00,0.0
2013-04-25 11:00:00,0.0
2013-04-25 12:00:00,0.0
2013-04-25 13:00:00,0.0
2013-04-25 14:00:00,0.0
2013-04-25 15:00:00,0.0
2013-04-25 16:00:00,0.0
2013-04-25 17:00:00,0.0
2013-04-25 18:00:00,0.0
2013-04-25 19:00:00,0.0
2013-04-25 20:00:00,0.0
2013-04-25 21:00:00,0.0
2013-04-25 22:00:00,0.0
2013-04-25 23:00:00,0.0
2013-04-26 00:00:00,0.0
2013-04-26 01:00:00,0.0
2013-04-26 02:00:00,0.0
2013-04-26 03:00:00,0.0
2013-04-26 04:00:00,0.0
2013-04-26 05:00:00,0.0
2013-04-26 06:00:00,0.0
2013-04-26 07:00:00,0.0
2013-04-26 08:00:00,0.0
2013-04-26 09:00:00,0.0
2013-04-26 10:00:00,0.0
2013-04-26 11:00:00,0.0
2013-04-26 12:00:00,0.0
2013-04-26 13:00:00,0.0
2013-04-26 14:00:00,0.0
2013-04-26 15:00:00,0.5683039661068368
2013-04-26 16:00:00,0.0
2013-04-26 17:00:00,0.0
2013-04-26 18:00:00,0.0
2013-04-26 19:00:00,0.0
2013-04-26 20:00:00,0.0
2013-04-26 21:00:00,0.7129418097111085
2013-04-26 22:00:00,0.0
2013-04-26 23:00:00,0.0
2013-04-27 00:00:00,0.0
2013-04-27 01:00:00,0.0
2013-04-27 02:00:00,0.0
2013-04-27 03:00:00,0.0
2013-04-27 04:00:00,0.0
2013-04-27 05:00:00,0.0
2013-04-27 06:00:00,0.0
2013-04-27 07:00:00,0.0
2013-04-27 08:00:00,0.0
2013-04-27 09:00:00,0.0
2013-04-27 10:00:00,0.0
2013-04-27 11:00:00,0.0
2013-04-27 12:00:00,0.0
2013-04-27 13:00:00,0.0
2013-04-27 14:00:00,0.0
2013-04-27 15:00:00,0.0
2013-04-27 16:00:00,0.0
2013-04-27 17:00:00,0.0
2013-04-27 18:00:00,0.0
2013-04-27 19:00:00,0.0
2013-04-27 20:00:00,0.0
2013-04-27 21:00:00,0.0
2013-04-27 22:00:00,0.0
2013-04-27 23:00:00,0.0
2013-04-28 00:00:00,0.0
2013-04-28 01:00:00,-1.485247532437926
2013-04-28 02:00:00,0.0
2013-04-28 03:00:00,0.0
2013-04-28 04:00:00,0.0
2013-04-28 05:00:00,0.0
2013-04-28 06:00:00,0.0
2013-04-28 07:00:00,0.0
2013-04-28 08:00:00,-0.5669938631024751
2013-04-28 09:00:00,0.0
2013-04-28 10:00:00,0.26600650325051417
2013-04-28 11:00:00,0.0
2013-04-28 12:00:00,0.0
2013-04-28 13:00:00,0.0
2013-04-28 14:00:00,0.29663826408634025
2013-04-28 15:00:00,0.0
2013-04-28 16:00:00,0.2966819613200557
2013-04-28 17:00:00,0.0
2013-04-28 18:00:00,0.0
2013-04-28 19:00:00,0.3404665895048023
2013-04-28 20:00:00,0.14631978009881189
2013-04-28 21:00:00,-0.05678496221922038
2013-04-28 22:00:00,0.0
2013-04-28 23:00:00,0.0
2013-04-29 00:00:00,0.0
2013-04-29 01:00:00,0.0
2013-04-29 02:00:00,0.0
2013-04-29 03:00:00,0.0
2013-04-29 04:00:00,0.0
2013-04-29 05:00:00,0.0
2013-04-29 06:00:00,0.0
2013-04-29 07:00:00,0.0
2013-04-29 08:00:00,0.0
2013-04-29 09:00:00,0.0
2013-04-29 10:00:00,-0.15886170018284596
2013-04-29 11:00:00,0.0
2013-04-29 12:00:00,0.0
2013-04-29 13:00:00,0.0
2013-04-29 14:00:00,0.0
2013-04-29 15:00:00,0.0
2013-04-29 16:00:00,0.0
2013-04-29 17:00:00,0.0
2013-04-29 18:00:00,0.0
2013-04-29 19:00:00,0.0
2013-04-29 20:00:00,0.0
2013-04-29 21:00:00,0.5025833265960006
2013-04-29 22:00:00,-0.12971564529340296
2013-04-29 23:00:00,0.0
2013-04-30 00:00:00,0.0
2013-04-30 01:00:00,-0.6369968315175975
2013-04-30 02:00:00,0.0
2013-04-30 03:00:00,0.0
2013-04-30 04:00:00,0.0
2013-04-30 05:00:00,0.0
2013-04-30 06:00:00,0.0
2013-04-30 07:00:00,0.0
2013-04-30 08:00:00,-0.5364057995003619
2013-04-30 09:00:00,-0.38333438978864204
2013-04-30 10:00:00,0.10821579229732271
2013-04-30 11:00:00,0.0
2013-04-30 12:00:00,0.0
2013-04-30 13:00:00,0.3930343616667193
2013-04-30 14:00:00,0.0
2013-04-30 15:00:00,0.0
2013-04-30 16:00:00,0.0
2013-04-30 17:00:00,0.0
2013-04-30 18:00:00,0.0
2013-04-30 19:00:00,0.0
2013-04-30 20:00:00,0.5069967472014496
2013-04-30 21:00:00,0.0
2013-04-30 22:00:00,0.0
2013-04-30 23:00:00,0.0
2013-05-01 00:00:00,0.0
2013-05-01 01:00:00,0.0
2013-05-01 02:00:00,-1.201040724340573
2013-05-01 03:00:00,0.0
2013-05-01 04:00:00,0.0
2013-05-01 05:00:00,0.0
2013-05-01 06:00:00,0.0
2013-05-01 07:00:00,0.0
2013-05-01 08:00:00,-0.7200652728141954
2013-05-01 09:00:00,0.0
2013-05-01 10:00:00,0.0
2013-05-01 11:00:00,0.0
2013-05-01 12:00:00,0.0
2013-05-01 13:00:00,0.7524004117578409
2013-05-01 14:00:00,0.0
2013-05-01 15:00:00,0.0
2013-05-01 16:00:00,0.0
2013-05-01 17:00:00,0.7699230024784741
2013-05-01 18:00:00,0.0
2013-05-01 19:00:00,0.0
2013-05-01 20:00:00,0.0
2013-05-01 21:00:00,0.0
2013-05-01 22:00:00,0.0
2013-05-01 23:00:00,0.0
2013-05-02 00:00:00,-1.253564799268774
2013-05-02 01:00:00,0.0
2013-05-02 02:00:00,0.0
2013-05-02 03:00:00,0.0
2013-05-02 04:00:00,0.0
2013-05-02 05:00:00,0.0
2013-05-02 06:00:00,0.0
2013-05-02 07:00:00,-0.44455421422658653
2013-05-02 08:00:00,-0.6588454483762514
2013-05-02 09:00:00,-0.28715677837685294
2013-05-02 10:00:00,0.0
2013-05-02 11:00:00,0.0
2013-05-02 12:00:00,0.0
2013-05-02 13:00:00,0.0
2013-05-02 14:00:00,0.0
2013-05-02 15:00:00,0.0
2013-05-02 16:00:00,0.0
2013-05-02 17:00:00,0.0
2013-05-02 18:00:00,0.5201059173166394
2013-05-02 19:00:00,0.49384387985254125
2013-05-02 20:00:00,0.0
2013-05-02 21:00:00,0.5464116520144561
2013-05-02 22:00:00,0.0
2013-05-02 23:00:00,-0.6195179380306762
2013-05-03 00:00:00,0.0
2013-05-03 01:00:00,0.0
2013-05-03 02:00:00,0.0
2013-05-03 03:00:00,-1.113602559672246
2013-05-03 04:00:00,0.0
2013-05-03 05:00:00,0.0
2013-05-03 06:00:00,0.0
2013-05-03 07:00:00,0.0
2013-05-03 08:00:00,0.0
2013-05-03 09:00:00,-0.10476452484082127
2013-05-03 10:00:00,0.0
2013-05-03 11:00:00,0.3886646382949866
2013-05-03 12:00:00,0.0
2013-05-03 13:00:00,0.0
2013-05-03 14:00:00,0.0
2013-05-03 15:00:00,0.0
2013-05-03 16:00:00,0.0
2013-05-03 17:00:00,0.0
2013-05-03 18:00:00,0.0
2013-05-03 19:00:00,0.0
2013-05-03 20:00:00,0.0
2013-05-03 21:00:00,0.0
2013-05-03 22:00:00,0.05560432290168765
2013-05-03 23:00:00,0.0
2013-05-04 00:00:00,-1.0436432884908404
2013-05-04 01:00:00,-1.4196579846282513
2013-05-04 02:00:00,0.0
2013-05-04 03:00:00,0.0
2013-05-04 04:00:00,0.0
2013-05-04 05:00:00,0.0
2013-05-04 06:00:00,-1.2273027618046735
2013-05-04 07:00:00,0.0
2013-05-04 08:00:00,0.0
2013-05-04 09:00:00,0.0
2013-05-04 10:00:00,0.0
2013-05-04 11:00:00,0.0
2013-05-04 12:00:00,0.0
2013-05-04 13:00:00,0.787401895965404
2013-05-04 14:00:00,0.6822663516415675
2013-05-04 15:00:00,0.0
2013-05-04 16:00:00,0.0
2013-05-04 17:00:00,0.0
2013-05-04 18:00:00,0.0
2013-05-04 19:00:00,0.7260509798262984
2013-05-04 20:00:00,0.0
2013-05-04 21:00:00,0.0
2013-05-04 22:00:00,0.0
2013-05-04 23:00:00,0.0
2013-05-05 00:00:00,0.0
2013-05-05 01:00:00,0.0
2013-05-05 02:00:00,0.0
2013-05-05 03:00:00,0.0
2013-05-05 04:00:00,0.0
2013-05-05 05:00:00,0.0
2013-05-05 06:00:00,0.0
2013-05-05 07:00:00,0.0
2013-05-05 08:00:00,-0.5320360761286314
2013-05-05 09:00:00,0.0
2013-05-05 10:00:00,0.1564138410875096
2013-05-05 11:00:00,0.0
2013-05-05 12:00:00,0.0
2013-05-05 13:00:00,0.0
2013-05-05 14:00:00,0.0
2013-05-05 15:00:00,0.0
2013-05-05 16:00:00,0.0
2013-05-05 17:00:00,0.0
2013-05-05 18:00:00,0.0
2013-05-05 19:00:00,0.0
2013-05-05 20:00:00,0.0
2013-05-05 21:00:00,0.0
2013-05-05 22:00:00,0.0
2013-05-05 23:00:00,0.0
2013-05-06 00:00:00,-1.4284411286054282
2013-05-06 01:00:00,0.0
2013-05-06 02:00:00,-1.3584818574240236
2013-05-06 03:00:00,0.0
2013-05-06 04:00:00,0.0
2013-05-06 05:00:00,0.0
2013-05-06 06:00:00,0.0
2013-05-06 07:00:00,0.0
2013-05-06 08:00:00,0.0
2013-05-06 09:00:00,0.0
2013-05-06 10:00:00,0.0
2013-05-06 11:00:00,0.0
2013-05-06 12:00:00,0.0
2013-05-06 13:00:00,0.0
2013-05-06 14:00:00,0.0
2013-05-06 15:00:00,0.0
2013-05-06 16:00:00,0.0
2013-05-06 17:00:00,0.0
2013-05-06 18:00:00,0.0
2013-05-06 19:00:00,0.6340683028513775
2013-05-06 20:00:00,0.0
2013-05-06 21:00:00,0.0
2013-05-06 22:00:00,0.0
2013-05-06 23:00:00,0.0
2013-05-07 00:00:00,0.0
2013-05-07 01:00:00,0.0
2013-05-07 02:00:00,0.0
2013-05-07 03:00:00,0.0
2013-05-07 04:00:00,0.0
2013-05-07 05:00:00,0.0
2013-05-07 06:00:00,-0.7156955494424644
2013-05-07 07:00:00,-0.6631714745142646
2013-05-07 08:00:00,0.0
2013-05-07 09:00:00,0.0
2013-05-07 10:00:00,0.0
2013-05-07 11:00:00,0.0
2013-05-07 12:00:00,0.0
2013-05-07 13:00:00,0.8268604980121208
2013-05-07 14:00:00,0.0
2013-05-07 15:00:00,0.0
2013-05-07 16:00:00,0.0
2013-05-07 17:00:00,0.0
2013-05-07 18:00:00,0.0
2013-05-07 19:00:00,0.0
2013-05-07 20:00:00,0.0
2013-05-07 21:00:00,0.0
2013-05-07 22:00:00,0.0
2013-05-07 23:00:00,-1.0174249482604574
2013-05-08 00:00:00,0.0
2013-05-08 01:00:00,0.0
2013-05-08 02:00:00,0.0
2013-05-08 03:00:00,-1.3410029639371015
2013-05-08 04:00:00,0.0
2013-05-08 05:00:00,0.0
2013-05-08 06:00:00,-1.3891136182598536
2013-05-08 07:00:00,0.0
2013-05-08 08:00:00,0.0
2013-05-08 09:00:00,0.0
2013-05-08 10:00:00,0.0
2013-05-08 11:00:00,0.0
2013-05-08 12:00:00,0.0
2013-05-08 13:00:00,0.0
2013-05-08 14:00:00,0.0
2013-05-08 15:00:00,0.0
2013-05-08 16:00:00,0.0
2013-05-08 17:00:00,0.44123241045690875
2013-05-08 18:00:00,0.0
2013-05-08 19:00:00,0.0
2013-05-08 20:00:00,0.0
2013-05-08 21:00:00,0.0
2013-05-08 22:00:00,0.0
2013-05-08 23:00:00,-0.8031337141107929
2013-05-09 00:00:00,0.0
2013-05-09 01:00:00,-1.201040724340573
2013-05-09 02:00:00,0.0
2013-05-09 03:00:00,0.0
2013-05-09 04:00:00,0.0
2013-05-09 05:00:00,0.0
2013-05-09 06:00:00,0.0
2013-05-09 07:00:00,0.0
2013-05-09 08:00:00,0.0
2013-05-09 09:00:00,-0.13102656230492246
2013-05-09 10:00:00,0.0
2013-05-09 11:00:00,0.0
2013-05-09 12:00:00,0.0
2013-05-09 13:00:00,0.6165020148970188
2013-05-09 14:00:00,0.0
2013-05-09 15:00:00,0.0
2013-05-09 16:00:00,0.0
2013-05-09 17:00:00,0.0
2013-05-09 18:00:00,0.0
2013-05-09 19:00:00,0.0
2013-05-09 20:00:00,0.5726736894785693
2013-05-09 21:00:00,0.0
2013-05-09 22:00:00,0.0
2013-05-09 23:00:00,0.0
2013-05-10 00:00:00,-1.4415502987206206
2013-05-10 01:00:00,0.0
2013-05-10 02:00:00,-1.4459200220923518
2013-05-10 03:00:00,0.0
2013-05-10 04:00:00,0.0
2013-05-10 05:00:00,0.0
2013-05-10 06:00:00,-1.2404119319198659
2013-05-10 07:00:00,0.0
2013-05-10 08:00:00,0.0
2013-05-10 09:00:00,0.0
2013-05-10 10:00:00,0.0
2013-05-10 11:00:00,0.0
2013-05-10 12:00:00,0.30105168469179017
2013-05-10 13:00:00,0.0
2013-05-10 14:00:00,0.3974477822721618
2013-05-10 15:00:00,0.0
2013-05-10 16:00:00,0.4587550011775416
2013-05-10 17:00:00,0.0
2013-05-10 18:00:00,0.0
2013-05-10 19:00:00,0.0
2013-05-10 20:00:00,0.0
2013-05-10 21:00:00,0.4806910125036364
2013-05-10 22:00:00,0.0
2013-05-10 23:00:00,0.0
2013-05-11 00:00:00,0.0
2013-05-11 01:00:00,0.0
2013-05-11 02:00:00,0.0
2013-05-11 03:00:00,0.0
2013-05-11 04:00:00,0.0
2013-05-11 05:00:00,0.0
2013-05-11 06:00:00,0.0
2013-05-11 07:00:00,-0.15444827957739865
2013-05-11 08:00:00,0.0
2013-05-11 09:00:00,0.0
2013-05-11 10:00:00,0.10821579229732357
2013-05-11 11:00:00,0.0
2013-05-11 12:00:00,0.721724953688292
2013-05-11 13:00:00,0.0
2013-05-11 14:00:00,0.0
2013-05-11 15:00:00,0.0
2013-05-11 16:00:00,0.0
2013-05-11 17:00:00,0.0
2013-05-11 18:00:00,0.0
2013-05-11 19:00:00,0.0
2013-05-11 20:00:00,0.0
2013-05-11 21:00:00,0.47632128913190064
2013-05-11 22:00:00,0.0
2013-05-11 23:00:00,0.0
2013-05-12 00:00:00,0.0
2013-05-12 01:00:00,0.0
2013-05-12 02:00:00,0.0
2013-05-12 03:00:00,0.0
2013-05-12 04:00:00,0.0
2013-05-12 05:00:00,-1.4459637193260675
2013-05-12 06:00:00,0.0
2013-05-12 07:00:00,0.0906932015766843
2013-05-12 08:00:00,0.0
2013-05-12 09:00:00,0.0
2013-05-12 10:00:00,0.0
2013-05-12 11:00:00,0.0
2013-05-12 12:00:00,0.6603740375491863
2013-05-12 13:00:00,0.7567701351295731
2013-05-12 14:00:00,0.0
2013-05-12 15:00:00,0.7041586657339329
2013-05-12 16:00:00,0.0
2013-05-12 17:00:00,0.0
2013-05-12 18:00:00,0.8575359560816775
2013-05-12 19:00:00,0.0
2013-05-12 20:00:00,0.33605316889935366
2013-05-12 21:00:00,0.0
2013-05-12 22:00:00,0.0
2013-05-12 23:00:00,0.0
2013-05-13 00:00:00,0.0
2013-05-13 01:00:00,-1.349742410680562
2013-05-13 02:00:00,0.0
2013-05-13 03:00:00,0.0
2013-05-13 04:00:00,0.0
2013-05-13 05:00:00,0.0
2013-05-13 06:00:00,0.0
2013-05-13 07:00:00,0.0
2013-05-13 08:00:00,-0.671954618491442
2013-05-13 09:00:00,0.0
2013-05-13 10:00:00,0.0
2013-05-13 11:00:00,0.0
2013-05-13 12:00:00,0.0
2013-05-13 13:00:00,0.0
2013-05-13 14:00:00,0.0
2013-05-13 15:00:00,0.7698793052447557
2013-05-13 16:00:00,0.8443830887327618
2013-05-13 17:00:00,0.783032172593664
2013-05-13 18:00:00,0.0
2013-05-13 19:00:00,0.0
2013-05-13 20:00:00,0.0
2013-05-13 21:00:00,0.0
2013-05-13 22:00:00,0.0
2013-05-13 23:00:00,-0.5014043152928005
2013-05-14 00:00:00,0.0
2013-05-14 01:00:00,0.0
2013-05-14 02:00:00,0.0
2013-05-14 03:00:00,0.0
2013-05-14 04:00:00,0.0
2013-05-14 05:00:00,0.0
2013-05-14 06:00:00,0.0
2013-05-14 07:00:00,0.0
2013-05-14 08:00:00,0.0
2013-05-14 09:00:00,0.0
2013-05-14 10:00:00,0.0
2013-05-14 11:00:00,0.0
2013-05-14 12:00:00,0.0
2013-05-14 13:00:00,0.7392475444089248
2013-05-14 14:00:00,0.0
2013-05-14 15:00:00,0.0
2013-05-14 16:00:00,0.0
2013-05-14 17:00:00,0.0
2013-05-14 18:00:00,0.0
2013-05-14 19:00:00,0.0
2013-05-14 20:00:00,0.0
2013-05-14 21:00:00,0.0
2013-05-14 22:00:00,0.0
2013-05-14 23:00:00,0.0
2013-05-15 00:00:00,0.0
2013-05-15 01:00:00,0.0
2013-05-15 02:00:00,0.0
2013-05-15 03:00:00,0.0
2013-05-15 04:00:00,0.0
2013-05-15 05:00:00,0.0
2013-05-15 06:00:00,0.0
2013-05-15 07:00:00,0.0
2013-05-15 08:00:00,0.0
2013-05-15 09:00:00,-0.26229305239170736
2013-05-15 10:00:00,0.0
2013-05-15 11:00:00,0.37114204757434555
2013-05-15 12:00:00,0.0
2013-05-15 13:00:00,0.0
2013-05-15 14:00:00,0.0
2013-05-15 15:00:00,0.0
2013-05-15 16:00:00,0.0
2013-05-15 17:00:00,0.5333024818992658
2013-05-15 18:00:00,0.0
2013-05-15 19:00:00,0.0
2013-05-15 20:00:00,0.0
2013-05-15 21:00:00,0.35361945685370627
2013-05-15 22:00:00,0.0
2013-05-15 23:00:00,0.0
2013-05-16 00:00:00,0.0
2013-05-16 01:00:00,-1.3803304742826763
2013-05-16 02:00:00,0.0
2013-05-16 03:00:00,0.0
2013-05-16 04:00:00,0.0
2013-05-16 05:00:00,0.0
2013-05-16 06:00:00,0.0
2013-05-16 07:00:00,0.0
2013-05-16 08:00:00,-0.5145571826417097
2013-05-16 09:00:00,0.0
2013-05-16 10:00:00,0.06006144074085344
2013-05-16 11:00:00,0.0
2013-05-16 12:00:00,0.0
2013-05-16 13:00:00,0.0
2013-05-16 14:00:00,0.0
2013-05-16 15:00:00,0.0
2013-05-16 16:00:00,0.0
2013-05-16 17:00:00,0.0
2013-05-16 18:00:00,0.0
2013-05-16 19:00:00,0.0
2013-05-16 20:00:00,0.0
2013-05-16 21:00:00,0.0
2013-05-16 22:00:00,-0.11512076923182396
2013-05-16 23:00:00,0.0
2013-05-17 00:00:00,0.0
2013-05-17 01:00:00,0.0
2013-05-17 02:00:00,0.0
2013-05-17 03:00:00,-1.3147846237067176
2013-05-17 04:00:00,0.0
2013-05-17 05:00:00,0.0
2013-05-17 06:00:00,0.0
2013-05-17 07:00:00,0.0
2013-05-17 08:00:00,0.0
2013-05-17 09:00:00,0.0
2013-05-17 10:00:00,0.0
2013-05-17 11:00:00,0.0
2013-05-17 12:00:00,0.0
2013-05-17 13:00:00,0.577130807317723
2013-05-17 14:00:00,0.0
2013-05-17 15:00:00,0.0
2013-05-17 16:00:00,0.0
2013-05-17 17:00:00,0.0
2013-05-17 18:00:00,0.0
2013-05-17 19:00:00,0.0
2013-05-17 20:00:00,0.0
2013-05-17 21:00:00,0.3405102867385134
2013-05-17 22:00:00,0.0
2013-05-17 23:00:00,0.0
2013-05-18 00:00:00,-1.0611658792114798
2013-05-18 01:00:00,-1.4328108519771594
2013-05-18 02:00:00,0.0
2013-05-18 03:00:00,0.0
2013-05-18 04:00:00,0.0
2013-05-18 05:00:00,0.0
2013-05-18 06:00:00,0.0
2013-05-18 07:00:00,0.0
2013-05-18 08:00:00,0.0
2013-05-18 09:00:00,-0.12241820726261347
2013-05-18 10:00:00,0.0
2013-05-18 11:00:00,0.0
2013-05-18 12:00:00,0.0
2013-05-18 13:00:00,0.9232565955924928
2013-05-18 14:00:00,0.0
2013-05-18 15:00:00,0.0
2013-05-18 16:00:00,0.0
2013-05-18 17:00:00,0.0
2013-05-18 18:00:00,0.9933469584750556
2013-05-18 19:00:00,0.0
2013-05-18 20:00:00,0.8050118811534734
2013-05-18 21:00:00,0.0
2013-05-18 22:00:00,0.12578208025167315
2013-05-18 23:00:00,0.0
2013-05-19 00:00:00,-0.9605311499605252
2013-05-19 01:00:00,0.0
2013-05-19 02:00:00,0.0
2013-05-19 03:00:00,0.0
2013-05-19 04:00:00,0.0
2013-05-19 05:00:00,-1.31037120310127
2013-05-19 06:00:00,0.0
2013-05-19 07:00:00,0.0
2013-05-19 08:00:00,0.0
2013-05-19 09:00:00,0.0
2013-05-19 10:00:00,0.0
2013-05-19 11:00:00,0.0
2013-05-19 12:00:00,0.0
2013-05-19 13:00:00,0.8005984605480231
2013-05-19 14:00:00,0.0
2013-05-19 15:00:00,0.0
2013-05-19 16:00:00,0.0
2013-05-19 17:00:00,0.0
2013-05-19 18:00:00,0.0
2013-05-19 19:00:00,0.0
2013-05-19 20:00:00,0.3667286269689026
2013-05-19 21:00:00,0.038081732181048364
2013-05-19 22:00:00,-0.09178644642678262
2013-05-19 23:00:00,0.0
2013-05-20 00:00:00,0.0
2013-05-20 01:00:00,0.0
2013-05-20 02:00:00,-1.4940306764151037
2013-05-20 03:00:00,-1.4677249417172866
2013-05-20 04:00:00,-1.4065925117467761
2013-05-20 05:00:00,0.0
2013-05-20 06:00:00,0.0
2013-05-20 07:00:00,0.0
2013-05-20 08:00:00,0.0
2013-05-20 09:00:00,0.0
2013-05-20 10:00:00,0.0
2013-05-20 11:00:00,0.0
2013-05-20 12:00:00,0.0
2013-05-20 13:00:00,0.0
2013-05-20 14:00:00,0.0
2013-05-20 15:00:00,0.3624026008308806
2013-05-20 16:00:00,0.0
2013-05-20 17:00:00,0.4631247245492816
2013-05-20 18:00:00,0.0
2013-05-20 19:00:00,0.0
2013-05-20 20:00:00,0.0
2013-05-20 21:00:00,0.0
2013-05-20 22:00:00,0.0
2013-05-20 23:00:00,-0.8031337141107925
2013-05-21 00:00:00,0.0
2013-05-21 01:00:00,0.0
2013-05-21 02:00:00,0.0
2013-05-21 03:00:00,0.0
2013-05-21 04:00:00,0.0
2013-05-21 05:00:00,0.0
2013-05-21 06:00:00,0.0
2013-05-21 07:00:00,0.0
2013-05-21 08:00:00,0.0
2013-05-21 09:00:00,-0.3468471996346919
2013-05-21 10:00:00,0.0
2013-05-21 11:00:00,0.0
2013-05-21 12:00:00,0.0
2013-05-21 13:00:00,0.0
2013-05-21 14:00:00,0.0
2013-05-21 15:00:00,0.0
2013-05-21 16:00:00,0.0
2013-05-21 17:00:00,0.0
2013-05-21 18:00:00,0.47627759189819036
2013-05-21 19:00:00,0.0
2013-05-21 20:00:00,0.0
2013-05-21 21:00:00,0.0
2013-05-21 22:00:00,0.0
2013-05-21 23:00:00,0.0
2013-05-22 00:00:00,0.0
2013-05-22 01:00:00,0.0
2013-05-22 02:00:00,0.0
2013-05-22 03:00:00,0.0
2013-05-22 04:00:00,0.0
2013-05-22 05:00:00,0.0
2013-05-22 06:00:00,0.0
2013-05-22 07:00:00,0.0
2013-05-22 08:00:00,0.0
2013-05-22 09:00:00,0.0
2013-05-22 10:00:00,0.0
2013-05-22 11:00:00,0.301051684691788
2013-05-22 12:00:00,0.0
2013-05-22 13:00:00,0.0
2013-05-22 14:00:00,0.6735269048981021
2013-05-22 15:00:00,0.0
2013-05-22 16:00:00,0.0
2013-05-22 17:00:00,0.0
2013-05-22 18:00:00,0.0
2013-05-22 19:00:00,0.0
2013-05-22 20:00:00,0.0
2013-05-22 21:00:00,0.4062309262493435
2013-05-22 22:00:00,0.0
2013-05-22 23:00:00,0.0
2013-05-23 00:00:00,0.0
2013-05-23 01:00:00,0.0
2013-05-23 02:00:00,-1.4153319584902375
2013-05-23 03:00:00,0.0
2013-05-23 04:00:00,0.0
2013-05-23 05:00:00,0.0
2013-05-23 06:00:00,0.0
2013-05-23 07:00:00,0.0
2013-05-23 08:00:00,0.0
2013-05-23 09:00:00,0.0
2013-05-23 10:00:00,0.0
2013-05-23 11:00:00,0.0
2013-05-23 12:00:00,0.791815316570847
2013-05-23 13:00:00,0.0
2013-05-23 14:00:00,0.0
2013-05-23 15:00:00,0.8969945581283942
2013-05-23 16:00:00,0.0
2013-05-23 17:00:00,0.9802814855935839
2013-05-23 18:00:00,0.993390655708766
2013-05-23 19:00:00,0.0
2013-05-23 20:00:00,0.0
2013-05-23 21:00:00,0.0
2013-05-23 22:00:00,0.0
2013-05-23 23:00:00,-0.6544757250045199
2013-05-24 00:00:00,0.0
2013-05-24 01:00:00,0.0
2013-05-24 02:00:00,0.0
2013-05-24 03:00:00,-0.838178895552071
2013-05-24 04:00:00,0.0
2013-05-24 05:00:00,-1.074231352092954
2013-05-24 06:00:00,0.0
2013-05-24 07:00:00,-0.04363209487031161
2013-05-24 08:00:00,-0.43585846471684225
2013-05-24 09:00:00,0.0
2013-05-24 10:00:00,0.0
2013-05-24 11:00:00,0.42370981973626776
2013-05-24 12:00:00,0.0
2013-05-24 13:00:00,0.0
2013-05-24 14:00:00,0.0
2013-05-24 15:00:00,0.0
2013-05-24 16:00:00,0.0
2013-05-24 17:00:00,0.7655095818730308
2013-05-24 18:00:00,0.0
2013-05-24 19:00:00,0.0
2013-05-24 20:00:00,0.0
2013-05-24 21:00:00,0.7173115330828412
2013-05-24 22:00:00,0.21339503385487477
2013-05-24 23:00:00,0.0
2013-05-25 00:00:00,0.0
2013-05-25 01:00:00,0.0
2013-05-25 02:00:00,0.0
2013-05-25 03:00:00,0.0
2013-05-25 04:00:00,0.0
2013-05-25 05:00:00,0.0
2013-05-25 06:00:00,-1.2666739693839657
2013-05-25 07:00:00,-0.33365063505206594
2013-05-25 08:00:00,0.0
2013-05-25 09:00:00,-0.20539925409177617
2013-05-25 10:00:00,0.0
2013-05-25 11:00:00,0.0
2013-05-25 12:00:00,0.0
2013-05-25 13:00:00,0.0
2013-05-25 14:00:00,0.0
2013-05-25 15:00:00,0.0
2013-05-25 16:00:00,0.0
2013-05-25 17:00:00,0.0
2013-05-25 18:00:00,0.0
2013-05-25 19:00:00,0.0
2013-05-25 20:00:00,0.0
2013-05-25 21:00:00,0.0
2013-05-25 22:00:00,0.0
2013-05-25 23:00:00,0.0
2013-05-26 00:00:00,0.0
2013-05-26 01:00:00,0.0
2013-05-26 02:00:00,0.0
2013-05-26 03:00:00,0.0
2013-05-26 04:00:00,0.0
2013-05-26 05:00:00,0.0
2013-05-26 06:00:00,0.0
2013-05-26 07:00:00,-0.22445124799252011
2013-05-26 08:00:00,0.0
2013-05-26 09:00:00,0.0
2013-05-26 10:00:00,0.0
2013-05-26 11:00:00,0.0
2013-05-26 12:00:00,0.0
2013-05-26 13:00:00,0.0
2013-05-26 14:00:00,0.0
2013-05-26 15:00:00,0.0
2013-05-26 16:00:00,0.0
2013-05-26 17:00:00,0.0
2013-05-26 18:00:00,0.0
2013-05-26 19:00:00,0.0
2013-05-26 20:00:00,0.0
2013-05-26 21:00:00,0.0
2013-05-26 22:00:00,0.0
2013-05-26 23:00:00,-0.9080944694997595
2013-05-27 00:00:00,0.0
2013-05-27 01:00:00,0.0
2013-05-27 02:00:00,0.0
2013-05-27 03:00:00,-1.3978530650033156
2013-05-27 04:00:00,0.0
2013-05-27 05:00:00,-1.384743894888124
2013-05-27 06:00:00,0.0
2013-05-27 07:00:00,-0.483925421805878
2013-05-27 08:00:00,0.0
2013-05-27 09:00:00,0.0
2013-05-27 10:00:00,0.0
2013-05-27 11:00:00,0.0
2013-05-27 12:00:00,0.0
2013-05-27 13:00:00,0.0
2013-05-27 14:00:00,0.0
2013-05-27 15:00:00,0.0
2013-05-27 16:00:00,0.0
2013-05-27 17:00:00,0.0
2013-05-27 18:00:00,0.0
2013-05-27 19:00:00,0.0
2013-05-27 20:00:00,0.0
2013-05-27 21:00:00,0.0
2013-05-27 22:00:00,0.0
2013-05-27 23:00:00,0.0
2013-05-28 00:00:00,0.0
2013-05-28 01:00:00,-1.310414900334988
2013-05-28 02:00:00,0.0
2013-05-28 03:00:00,0.0
2013-05-28 04:00:00,0.0
2013-05-28 05:00:00,0.0
2013-05-28 06:00:00,0.0
2013-05-28 07:00:00,0.0
2013-05-28 08:00:00,0.0
2013-05-28 09:00:00,0.0
2013-05-28 10:00:00,0.0
2013-05-28 11:00:00,0.0
2013-05-28 12:00:00,0.0
2013-05-28 13:00:00,0.0
2013-05-28 14:00:00,0.34046658950479664
2013-05-28 15:00:00,0.0
2013-05-28 16:00:00,0.0
2013-05-28 17:00:00,0.0
2013-05-28 18:00:00,0.0
2013-05-28 19:00:00,0.47190786852645766
2013-05-28 20:00:00,0.0
2013-05-28 21:00:00,0.0
2013-05-28 22:00:00,-0.002687786877197005
2013-05-28 23:00:00,0.0
2013-05-29 00:00:00,0.0
2013-05-29 01:00:00,0.0
2013-05-29 02:00:00,0.0
2013-05-29 03:00:00,0.0
2013-05-29 04:00:00,0.0
2013-05-29 05:00:00,-1.4808778090661956
2013-05-29 06:00:00,-1.305957782495823
2013-05-29 07:00:00,0.0
2013-05-29 08:00:00,0.0
2013-05-29 09:00:00,-0.20535555685805465
2013-05-29 10:00:00,0.0
2013-05-29 11:00:00,0.0
2013-05-29 12:00:00,0.0
2013-05-29 13:00:00,0.0
2013-05-29 14:00:00,0.0
2013-05-29 15:00:00,0.0
2013-05-29 16:00:00,0.25285363590160365
2013-05-29 17:00:00,0.3974477822721618
2013-05-29 18:00:00,0.47190786852645766
2013-05-29 19:00:00,0.0
2013-05-29 20:00:00,0.0
2013-05-29 21:00:00,0.0
2013-05-29 22:00:00,0.0
2013-05-29 23:00:00,0.0
2013-05-30 00:00:00,0.0
2013-05-30 01:00:00,0.0
2013-05-30 02:00:00,0.0
2013-05-30 03:00:00,0.0
2013-05-30 04:00:00,0.0
2013-05-30 05:00:00,-1.5377716073661254
2013-05-30 06:00:00,0.0
2013-05-30 07:00:00,0.0
2013-05-30 08:00:00,0.0
2013-05-30 09:00:00,0.0
2013-05-30 10:00:00,0.0
2013-05-30 11:00:00,0.0
2013-05-30 12:00:00,0.0
2013-05-30 13:00:00,0.0
2013-05-30 14:00:00,0.0
2013-05-30 15:00:00,0.0
2013-05-30 16:00:00,0.0
2013-05-30 17:00:00,0.0
2013-05-30 18:00:00,0.0
2013-05-30 19:00:00,0.0
2013-05-30 20:00:00,0.0
2013-05-30 21:00:00,0.0
2013-05-30 22:00:00,0.0
2013-05-30 23:00:00,0.0
2013-05-31 00:00:00,0.0
2013-05-31 01:00:00,0.0
2013-05-31 02:00:00,0.0
2013-05-31 03:00:00,0.0
2013-05-31 04:00:00,0.0
2013-05-31 05:00:00,0.0
2013-05-31 06:00:00,0.0
2013-05-31 07:00:00,0.0
2013-05-31 08:00:00,0.0
2013-05-31 09:00:00,0.0
2013-05-31 10:00:00,0.0
2013-05-31 11:00:00,0.30105168469178883
2013-05-31 12:00:00,0.0
2013-05-31 13:00:00,0.577130807317723
2013-05-31 14:00:00,0.0
2013-05-31 15:00:00,0.0
2013-05-31 16:00:00,0.0
2013-05-31 17:00:00,0.0
2013-05-31 18:00:00,0.0
2013-05-31 19:00:00,0.0
2013-05-31 20:00:00,0.5069967472014417
2013-05-31 21:00:00,0.0
2013-05-31 22:00:00,0.0994763455538621
2013-05-31 23:00:00,0.0
2013-06-01 00:00:00,0.0
2013-06-01 01:00:00,0.0
2013-06-01 02:00:00,-1.5028138203922814
2013-06-01 03:00:00,0.0
2013-06-01 04:00:00,0.0
2013-06-01 05:00:00,0.0
2013-06-01 06:00:00,-1.5771428149454185
2013-06-01 07:00:00,0.0
2013-06-01 08:00:00,0.0
2013-06-01 09:00:00,0.0
2013-06-01 10:00:00,0.0
2013-06-01 11:00:00,0.0
2013-06-01 12:00:00,0.0
2013-06-01 13:00:00,0.9583454742674999
2013-06-01 14:00:00,0.0
2013-06-01 15:00:00,0.0
2013-06-01 16:00:00,0.0
2013-06-01 17:00:00,0.0
2013-06-01 18:00:00,0.0
2013-06-01 19:00:00,0.0
2013-06-01 20:00:00,0.988977235103323
2013-06-01 21:00:00,0.0
2013-06-01 22:00:00,0.5288890612938228
2013-06-01 23:00:00,0.0
2013-06-02 00:00:00,0.0
2013-06-02 01:00:00,0.0
2013-06-02 02:00:00,0.0
2013-06-02 03:00:00,0.0
2013-06-02 04:00:00,0.0
2013-06-02 05:00:00,0.0
2013-06-02 06:00:00,0.0
2013-06-02 07:00:00,-0.21562440678162553
2013-06-02 08:00:00,0.0
2013-06-02 09:00:00,0.0
2013-06-02 10:00:00,0.0
2013-06-02 11:00:00,0.0
2013-06-02 12:00:00,0.0
2013-06-02 13:00:00,0.0
2013-06-02 14:00:00,0.0
2013-06-02 15:00:00,0.0
2013-06-02 16:00:00,0.0
2013-06-02 17:00:00,1.3264509711020636
2013-06-02 18:00:00,0.0
2013-06-02 19:00:00,1.2562732137520798
2013-06-02 20:00:00,0.0
2013-06-02 21:00:00,0.0
2013-06-02 22:00:00,0.0
2013-06-02 23:00:00,0.0
2013-06-03 00:00:00,0.0
2013-06-03 01:00:00,0.0
2013-06-03 02:00:00,-1.4021790911413285
2013-06-03 03:00:00,0.0
2013-06-03 04:00:00,0.0
2013-06-03 05:00:00,0.0
2013-06-03 06:00:00,0.0
2013-06-03 07:00:00,0.0
2013-06-03 08:00:00,0.0
2013-06-03 09:00:00,-0.11774260325486167
2013-06-03 10:00:00,0.0
2013-06-03 11:00:00,0.0
2013-06-03 12:00:00,0.0
2013-06-03 13:00:00,0.0
2013-06-03 14:00:00,0.0
2013-06-03 15:00:00,0.0
2013-06-03 16:00:00,0.0
2013-06-03 17:00:00,1.0284795343837734
2013-06-03 18:00:00,0.0
2013-06-03 19:00:00,0.0
2013-06-03 20:00:00,0.0
2013-06-03 21:00:00,0.0
2013-06-03 22:00:00,0.0
2013-06-03 23:00:00,0.0
2013-06-04 00:00:00,0.0
2013-06-04 01:00:00,0.0
2013-06-04 02:00:00,-1.3934396443978674
2013-06-04 03:00:00,0.0
2013-06-04 04:00:00,0.0
2013-06-04 05:00:00,-1.4065488145130596
2013-06-04 06:00:00,-1.384743894888124
2013-06-04 07:00:00,-0.22724787095042792
2013-06-04 08:00:00,0.0
2013-06-04 09:00:00,0.0
2013-06-04 10:00:00,0.0
2013-06-04 11:00:00,0.7961850399425797
2013-06-04 12:00:00,0.0
2013-06-04 13:00:00,0.0
2013-06-04 14:00:00,0.0
2013-06-04 15:00:00,0.0
2013-06-04 16:00:00,0.9583454742674922
2013-06-04 17:00:00,0.0
2013-06-04 18:00:00,0.0
2013-06-04 19:00:00,0.0
2013-06-04 20:00:00,0.0
2013-06-04 21:00:00,0.0
2013-06-04 22:00:00,0.11258551566905367
2013-06-04 23:00:00,-0.8425049216900848
2013-06-05 00:00:00,0.0
2013-06-05 01:00:00,0.0
2013-06-05 02:00:00,0.0
2013-06-05 03:00:00,0.0
2013-06-05 04:00:00,-1.3803304742826756
2013-06-05 05:00:00,0.0
2013-06-05 06:00:00,0.0
2013-06-05 07:00:00,0.0
2013-06-05 08:00:00,0.0
2013-06-05 09:00:00,0.0
2013-06-05 10:00:00,0.0
2013-06-05 11:00:00,0.8269041952458392
2013-06-05 12:00:00,0.0
2013-06-05 13:00:00,0.0
2013-06-05 14:00:00,1.1292016581021518
2013-06-05 15:00:00,0.0
2013-06-05 16:00:00,0.8619056794534024
2013-06-05 17:00:00,0.0
2013-06-05 18:00:00,0.0
2013-06-05 19:00:00,0.0
2013-06-05 20:00:00,0.0
2013-06-05 21:00:00,0.0
2013-06-05 22:00:00,0.12136865964623018
2013-06-05 23:00:00,0.0
2013-06-06 00:00:00,-1.406548814513059
2013-06-06 01:00:00,-1.3891136182598545
2013-06-06 02:00:00,0.0
2013-06-06 03:00:00,-1.306045176963257
2013-06-06 04:00:00,0.0
2013-06-06 05:00:00,0.0
2013-06-06 06:00:00,-1.3147409264730017
2013-06-06 07:00:00,-0.49550518874096405
2013-06-06 08:00:00,0.0
2013-06-06 09:00:00,0.0
2013-06-06 10:00:00,0.0
2013-06-06 11:00:00,0.0
2013-06-06 12:00:00,0.0
2013-06-06 13:00:00,0.6471774729665604
2013-06-06 14:00:00,0.0
2013-06-06 15:00:00,0.0
2013-06-06 16:00:00,0.0
2013-06-06 17:00:00,0.0
2013-06-06 18:00:00,0.0
2013-06-06 19:00:00,0.0
2013-06-06 20:00:00,0.0
2013-06-06 21:00:00,0.0
2013-06-06 22:00:00,0.0
2013-06-06 23:00:00,0.0
2013-06-07 00:00:00,0.0
2013-06-07 01:00:00,0.0
2013-06-07 02:00:00,0.0
2013-06-07 03:00:00,0.0
2013-06-07 04:00:00,0.0
2013-06-07 05:00:00,0.0
2013-06-07 06:00:00,0.0
2013-06-07 07:00:00,-0.2871567783768542
2013-06-07 08:00:00,0.0
2013-06-07 09:00:00,-0.3600437642173179
2013-06-07 10:00:00,0.0
2013-06-07 11:00:00,0.0
2013-06-07 12:00:00,0.0
2013-06-07 13:00:00,0.0
2013-06-07 14:00:00,0.5551510987579288
2013-06-07 15:00:00,0.0
2013-06-07 16:00:00,0.0
2013-06-07 17:00:00,0.5595645193633639
2013-06-07 18:00:00,0.0
2013-06-07 19:00:00,0.0
2013-06-07 20:00:00,0.0
2013-06-07 21:00:00,0.0
2013-06-07 22:00:00,0.0
2013-06-07 23:00:00,0.0
2013-06-08 00:00:00,0.0
2013-06-08 01:00:00,0.0
2013-06-08 02:00:00,0.0
2013-06-08 03:00:00,0.0
2013-06-08 04:00:00,0.0
2013-06-08 05:00:00,0.0
2013-06-08 06:00:00,0.0
2013-06-08 07:00:00,0.0
2013-06-08 08:00:00,0.0
2013-06-08 09:00:00,0.0
2013-06-08 10:00:00,0.0
2013-06-08 11:00:00,0.0
2013-06-08 12:00:00,0.7611835557350087
2013-06-08 13:00:00,0.0
2013-06-08 14:00:00,0.0
2013-06-08 15:00:00,0.0
2013-06-08 16:00:00,0.0
2013-06-08 17:00:00,0.0
2013-06-08 18:00:00,0.0
2013-06-08 19:00:00,0.0
2013-06-08 20:00:00,0.0
2013-06-08 21:00:00,0.0
2013-06-08 22:00:00,0.0
2013-06-08 23:00:00,0.0
2013-06-09 00:00:00,-1.0217946716321875
2013-06-09 01:00:00,0.0
2013-06-09 02:00:00,0.0
2013-06-09 03:00:00,0.0
2013-06-09 04:00:00,0.0
2013-06-09 05:00:00,-1.5202927138792042
2013-06-09 06:00:00,-1.3759607509109462
2013-06-09 07:00:00,0.0
2013-06-09 08:00:00,0.0
2013-06-09 09:00:00,-0.1309828650712031
2013-06-09 10:00:00,0.0
2013-06-09 11:00:00,0.0
2013-06-09 12:00:00,0.0
2013-06-09 13:00:00,0.0
2013-06-09 14:00:00,0.0
2013-06-09 15:00:00,0.0
2013-06-09 16:00:00,0.0
2013-06-09 17:00:00,0.0
2013-06-09 18:00:00,0.0
2013-06-09 19:00:00,0.0
2013-06-09 20:00:00,0.0
2013-06-09 21:00:00,0.0
2013-06-09 22:00:00,0.011863391950665233
2013-06-09 23:00:00,-0.22593695393890928
2013-06-10 00:00:00,0.0
2013-06-10 01:00:00,-1.393483341631584
2013-06-10 02:00:00,-1.4678123361847206
2013-06-10 03:00:00,-1.3191543470784486
2013-06-10 04:00:00,-1.3366332405653714
2013-06-10 05:00:00,0.0
2013-06-10 06:00:00,0.0
2013-06-10 07:00:00,-0.304635671863775
2013-06-10 08:00:00,-0.7375441663011175
2013-06-10 09:00:00,0.0
2013-06-10 10:00:00,0.0
2013-06-10 11:00:00,0.0
2013-06-10 12:00:00,0.0
2013-06-10 13:00:00,0.0
2013-06-10 14:00:00,0.0
2013-06-10 15:00:00,0.0
2013-06-10 16:00:00,0.0
2013-06-10 17:00:00,0.0
2013-06-10 18:00:00,0.0
2013-06-10 19:00:00,0.0
2013-06-10 20:00:00,0.0
2013-06-10 21:00:00,0.0
2013-06-10 22:00:00,0.0
2013-06-10 23:00:00,-0.9649445705659727
2013-06-11 00:00:00,0.0
2013-06-11 01:00:00,0.0
2013-06-11 02:00:00,0.0
2013-06-11 03:00:00,0.0
2013-06-11 04:00:00,0.0
2013-06-11 05:00:00,0.0
2013-06-11 06:00:00,0.0
2013-06-11 07:00:00,0.0
2013-06-11 08:00:00,0.0
2013-06-11 09:00:00,0.0
2013-06-11 10:00:00,0.0
2013-06-11 11:00:00,0.0
2013-06-11 12:00:00,0.0
2013-06-11 13:00:00,0.0
2013-06-11 14:00:00,0.0
2013-06-11 15:00:00,0.0
2013-06-11 16:00:00,0.0
2013-06-11 17:00:00,0.0
2013-06-11 18:00:00,0.0
2013-06-11 19:00:00,0.0
2013-06-11 20:00:00,0.0
2013-06-11 21:00:00,0.0
2013-06-11 22:00:00,0.0
2013-06-11 23:00:00,0.0
2013-06-12 00:00:00,0.0
2013-06-12 01:00:00,0.0
2013-06-12 02:00:00,0.0
2013-06-12 03:00:00,-1.2666302721502491
2013-06-12 04:00:00,0.0
2013-06-12 05:00:00,0.0
2013-06-12 06:00:00,0.0
2013-06-12 07:00:00,0.0
2013-06-12 08:00:00,-0.750653336416309
2013-06-12 09:00:00,0.0
2013-06-12 10:00:00,0.0
2013-06-12 11:00:00,0.0
2013-06-12 12:00:00,0.0
2013-06-12 13:00:00,0.6077188709198432
2013-06-12 14:00:00,0.0
2013-06-12 15:00:00,0.0
2013-06-12 16:00:00,0.47632128913190064
2013-06-12 17:00:00,0.0
2013-06-12 18:00:00,0.0
2013-06-12 19:00:00,0.0
2013-06-12 20:00:00,0.0
2013-06-12 21:00:00,0.0
2013-06-12 22:00:00,0.0
2013-06-12 23:00:00,0.0
2013-06-13 00:00:00,0.0
2013-06-13 01:00:00,0.0
2013-06-13 02:00:00,0.0
2013-06-13 03:00:00,0.0
2013-06-13 04:00:00,0.0
2013-06-13 05:00:00,0.0
2013-06-13 06:00:00,-1.3628515807957537
2013-06-13 07:00:00,0.0
2013-06-13 08:00:00,0.0
2013-06-13 09:00:00,0.0
2013-06-13 10:00:00,0.0
2013-06-13 11:00:00,0.0
2013-06-13 12:00:00,0.0
2013-06-13 13:00:00,0.0
2013-06-13 14:00:00,0.0
2013-06-13 15:00:00,0.7742927258502064
2013-06-13 16:00:00,0.0
2013-06-13 17:00:00,0.0
2013-06-13 18:00:00,0.0
2013-06-13 19:00:00,0.0
2013-06-13 20:00:00,0.0
2013-06-13 21:00:00,0.36240260083089015
2013-06-13 22:00:00,0.0
2013-06-13 23:00:00,0.0
2013-06-14 00:00:00,0.0
2013-06-14 01:00:00,-1.3191106498447311
2013-06-14 02:00:00,0.0
2013-06-14 03:00:00,-1.2841528628708883
2013-06-14 04:00:00,0.0
2013-06-14 05:00:00,0.0
2013-06-14 06:00:00,0.0
2013-06-14 07:00:00,0.0
2013-06-14 08:00:00,-0.6632151717479814
2013-06-14 09:00:00,0.0
2013-06-14 10:00:00,0.0
2013-06-14 11:00:00,0.0
2013-06-14 12:00:00,0.0
2013-06-14 13:00:00,0.0
2013-06-14 14:00:00,0.0
2013-06-14 15:00:00,0.0
2013-06-14 16:00:00,1.339516443983551
2013-06-14 17:00:00,0.0
2013-06-14 18:00:00,0.0
2013-06-14 19:00:00,0.8925811375229513
2013-06-14 20:00:00,0.9057340048718596
2013-06-14 21:00:00,0.4938001826188232
2013-06-14 22:00:00,0.0
2013-06-14 23:00:00,-0.06985043510069387
2013-06-15 00:00:00,0.0
2013-06-15 01:00:00,0.0
2013-06-15 02:00:00,0.0
2013-06-15 03:00:00,0.0
2013-06-15 04:00:00,0.0
2013-06-15 05:00:00,0.0
2013-06-15 06:00:00,0.0
2013-06-15 07:00:00,0.0
2013-06-15 08:00:00,0.0
2013-06-15 09:00:00,-0.2725619023152735
2013-06-15 10:00:00,0.0
2013-06-15 11:00:00,0.0
2013-06-15 12:00:00,0.7567264378958551
2013-06-15 13:00:00,0.0
2013-06-15 14:00:00,0.0
2013-06-15 15:00:00,0.0
2013-06-15 16:00:00,0.0
2013-06-15 17:00:00,0.0
2013-06-15 18:00:00,0.9846075117315981
2013-06-15 19:00:00,0.0
2013-06-15 20:00:00,0.0
2013-06-15 21:00:00,0.0
2013-06-15 22:00:00,0.0
2013-06-15 23:00:00,0.0
2013-06-16 00:00:00,0.0
2013-06-16 01:00:00,0.0
2013-06-16 02:00:00,0.0
2013-06-16 03:00:00,0.0
2013-06-16 04:00:00,0.0
2013-06-16 05:00:00,0.0
2013-06-16 06:00:00,0.0
2013-06-16 07:00:00,0.0
2013-06-16 08:00:00,0.0
2013-06-16 09:00:00,0.0
2013-06-16 10:00:00,0.0
2013-06-16 11:00:00,0.0
2013-06-16 12:00:00,0.5683476633405474
2013-06-16 13:00:00,0.0
2013-06-16 14:00:00,0.0
2013-06-16 15:00:00,0.0
2013-06-16 16:00:00,0.0
2013-06-16 17:00:00,0.0
2013-06-16 18:00:00,0.0
2013-06-16 19:00:00,0.0
2013-06-16 20:00:00,0.0
2013-06-16 21:00:00,0.0
2013-06-16 22:00:00,-0.007101207482644728
2013-06-16 23:00:00,0.0
2013-06-17 00:00:00,0.0
2013-06-17 01:00:00,0.0
2013-06-17 02:00:00,0.0
2013-06-17 03:00:00,-1.3322635171936401
2013-06-17 04:00:00,0.0
2013-06-17 05:00:00,0.0
2013-06-17 06:00:00,-1.2273027618046735
2013-06-17 07:00:00,0.0
2013-06-17 08:00:00,0.0
2013-06-17 09:00:00,0.0
2013-06-17 10:00:00,0.0
2013-06-17 11:00:00,0.0
2013-06-17 12:00:00,0.5332587846655478
2013-06-17 13:00:00,0.0
2013-06-17 14:00:00,0.0
2013-06-17 15:00:00,0.38862094106127587
2013-06-17 16:00:00,0.0
2013-06-17 17:00:00,0.0
2013-06-17 18:00:00,0.0
2013-06-17 19:00:00,0.0
2013-06-17 20:00:00,0.49384387985254125
2013-06-17 21:00:00,0.0
2013-06-17 22:00:00,0.0
2013-06-17 23:00:00,-1.1179722830439756
2013-06-18 00:00:00,0.0
2013-06-18 01:00:00,0.0
2013-06-18 02:00:00,0.0
2013-06-18 03:00:00,0.0
2013-06-18 04:00:00,0.0
2013-06-18 05:00:00,0.0
2013-06-18 06:00:00,0.0
2013-06-18 07:00:00,0.0
2013-06-18 08:00:00,0.0
2013-06-18 09:00:00,0.0
2013-06-18 10:00:00,0.05123459952995366
2013-06-18 11:00:00,0.0
2013-06-18 12:00:00,0.43690638431888634
2013-06-18 13:00:00,0.0
2013-06-18 14:00:00,0.5376722052709985
2013-06-18 15:00:00,0.0
2013-06-18 16:00:00,0.0
2013-06-18 17:00:00,0.0
2013-06-18 18:00:00,0.5464116520144561
2013-06-18 19:00:00,0.0
2013-06-18 20:00:00,0.0
2013-06-18 21:00:00,0.0
2013-06-18 22:00:00,0.0
2013-06-18 23:00:00,0.0
2013-06-19 00:00:00,-1.4415502987206197
2013-06-19 01:00:00,-1.4328108519771594
2013-06-19 02:00:00,0.0
2013-06-19 03:00:00,0.0
2013-06-19 04:00:00,0.0
2013-06-19 05:00:00,0.0
2013-06-19 06:00:00,0.0
2013-06-19 07:00:00,0.0
2013-06-19 08:00:00,0.0
2013-06-19 09:00:00,-0.2185521214406841
2013-06-19 10:00:00,0.0
2013-06-19 11:00:00,0.0
2013-06-19 12:00:00,0.0
2013-06-19 13:00:00,0.0
2013-06-19 14:00:00,0.0
2013-06-19 15:00:00,0.0
2013-06-19 16:00:00,0.0
2013-06-19 17:00:00,0.9495623302903164
2013-06-19 18:00:00,0.0
2013-06-19 19:00:00,0.0
2013-06-19 20:00:00,0.0
2013-06-19 21:00:00,0.0
2013-06-19 22:00:00,0.0
2013-06-19 23:00:00,0.0
2013-06-20 00:00:00,-1.389069921026137
2013-06-20 01:00:00,0.0
2013-06-20 02:00:00,-1.4283974313717118
2013-06-20 03:00:00,0.0
2013-06-20 04:00:00,0.0
2013-06-20 05:00:00,0.0
2013-06-20 06:00:00,0.0
2013-06-20 07:00:00,0.0
2013-06-20 08:00:00,0.0
2013-06-20 09:00:00,0.0
2013-06-20 10:00:00,0.0
2013-06-20 11:00:00,0.0
2013-06-20 12:00:00,0.0
2013-06-20 13:00:00,0.0
2013-06-20 14:00:00,0.6822663516415597
2013-06-20 15:00:00,0.0
2013-06-20 16:00:00,0.0
2013-06-20 17:00:00,0.5200622200829214
2013-06-20 18:00:00,0.0
2013-06-20 19:00:00,0.0
2013-06-20 20:00:00,0.43686268708517606
2013-06-20 21:00:00,0.23091762457552012
2013-06-20 22:00:00,0.0
2013-06-20 23:00:00,0.0
2013-06-21 00:00:00,0.0
2013-06-21 01:00:00,-1.3759607509109453
2013-06-21 02:00:00,-1.44155029872062
2013-06-21 03:00:00,0.0
2013-06-21 04:00:00,0.0
2013-06-21 05:00:00,0.0
2013-06-21 06:00:00,0.0
2013-06-21 07:00:00,-0.3715798339186876
2013-06-21 08:00:00,0.0
2013-06-21 09:00:00,0.0
2013-06-21 10:00:00,0.0
2013-06-21 11:00:00,0.4763649863656165
2013-06-21 12:00:00,0.0
2013-06-21 13:00:00,0.0
2013-06-21 14:00:00,0.0
2013-06-21 15:00:00,0.7129418097111163
2013-06-21 16:00:00,0.0
2013-06-21 17:00:00,0.0
2013-06-21 18:00:00,0.0
2013-06-21 19:00:00,0.0
2013-06-21 20:00:00,0.0
2013-06-21 21:00:00,0.765509581873023
2013-06-21 22:00:00,0.0
2013-06-21 23:00:00,0.0
2013-06-22 00:00:00,0.0
2013-06-22 01:00:00,0.0
2013-06-22 02:00:00,-1.4633989155792737
2013-06-22 03:00:00,0.0
2013-06-22 04:00:00,0.0
2013-06-22 05:00:00,0.0
2013-06-22 06:00:00,0.0
2013-06-22 07:00:00,0.0
2013-06-22 08:00:00,0.0
2013-06-22 09:00:00,-0.22449494522623817
2013-06-22 10:00:00,0.23528734794724804
2013-06-22 11:00:00,0.0
2013-06-22 12:00:00,0.0
2013-06-22 13:00:00,0.0
2013-06-22 14:00:00,0.0
2013-06-22 15:00:00,1.3001015391705366
2013-06-22 16:00:00,0.0
2013-06-22 17:00:00,0.0
2013-06-22 18:00:00,0.0
2013-06-22 19:00:00,1.1949222976129898
2013-06-22 20:00:00,0.0
2013-06-22 21:00:00,0.0
2013-06-22 22:00:00,0.0
2013-06-22 23:00:00,0.0
2013-06-23 00:00:00,0.0
2013-06-23 01:00:00,0.0
2013-06-23 02:00:00,0.0
2013-06-23 03:00:00,0.0
2013-06-23 04:00:00,0.0
2013-06-23 05:00:00,-1.4415502987206206
2013-06-23 06:00:00,-1.4241151024674152
2013-06-23 07:00:00,0.0
2013-06-23 08:00:00,0.0
2013-06-23 09:00:00,0.0
2013-06-23 10:00:00,0.0
2013-06-23 11:00:00,0.0
2013-06-23 12:00:00,1.1029833178717792
2013-06-23 13:00:00,0.0
2013-06-23 14:00:00,0.0
2013-06-23 15:00:00,0.0
2013-06-23 16:00:00,0.0
2013-06-23 17:00:00,0.0
2013-06-23 18:00:00,1.2563169109857901
2013-06-23 19:00:00,1.225641452916242
2013-06-23 20:00:00,0.0
2013-06-23 21:00:00,0.0
2013-06-23 22:00:00,0.0
2013-06-23 23:00:00,0.0
2013-06-24 00:00:00,0.0
2013-06-24 01:00:00,-1.3978530650033156
2013-06-24 02:00:00,0.0
2013-06-24 03:00:00,-1.310414900334988
2013-06-24 04:00:00,0.0
2013-06-24 05:00:00,-1.4590291922075425
2013-06-24 06:00:00,0.0
2013-06-24 07:00:00,0.0
2013-06-24 08:00:00,0.0
2013-06-24 09:00:00,0.0
2013-06-24 10:00:00,0.0
2013-06-24 11:00:00,0.0
2013-06-24 12:00:00,0.0
2013-06-24 13:00:00,0.0
2013-06-24 14:00:00,0.0
2013-06-24 15:00:00,0.0
2013-06-24 16:00:00,0.0
2013-06-24 17:00:00,0.0
2013-06-24 18:00:00,0.0
2013-06-24 19:00:00,1.2387943202651577
2013-06-24 20:00:00,0.0
2013-06-24 21:00:00,0.0
2013-06-24 22:00:00,0.0
2013-06-24 23:00:00,0.0
2013-06-25 00:00:00,0.0
2013-06-25 01:00:00,0.0
2013-06-25 02:00:00,0.0
2013-06-25 03:00:00,0.0
2013-06-25 04:00:00,-1.3322635171936401
2013-06-25 05:00:00,0.0
2013-06-25 06:00:00,0.0
2013-06-25 07:00:00,-0.5320360761286322
2013-06-25 08:00:00,-0.746327310278297
2013-06-25 09:00:00,0.0
2013-06-25 10:00:00,0.0
2013-06-25 11:00:00,0.0
2013-06-25 12:00:00,0.0
2013-06-25 13:00:00,0.0
2013-06-25 14:00:00,1.2212280323108065
2013-06-25 15:00:00,1.1950096920804258
2013-06-25 16:00:00,0.0
2013-06-25 17:00:00,0.0
2013-06-25 18:00:00,0.0
2013-06-25 19:00:00,1.4403259621693734
2013-06-25 20:00:00,1.3614961525433456
2013-06-25 21:00:00,0.8837979935457757
2013-06-25 22:00:00,0.0
2013-06-25 23:00:00,-0.6457362782610593
2013-06-26 00:00:00,0.0
2013-06-26 01:00:00,-1.310414900334988
2013-06-26 02:00:00,0.0
2013-06-26 03:00:00,0.0
2013-06-26 04:00:00,0.0
2013-06-26 05:00:00,0.0
2013-06-26 06:00:00,0.0
2013-06-26 07:00:00,0.0
2013-06-26 08:00:00,0.0
2013-06-26 09:00:00,0.0
2013-06-26 10:00:00,0.0
2013-06-26 11:00:00,0.0
2013-06-26 12:00:00,0.0
2013-06-26 13:00:00,1.2694260811009885
2013-06-26 14:00:00,1.1292453553358777
2013-06-26 15:00:00,0.0
2013-06-26 16:00:00,0.0
2013-06-26 17:00:00,0.0
2013-06-26 18:00:00,1.2037054415901653
2013-06-26 19:00:00,0.0
2013-06-26 20:00:00,0.0
2013-06-26 21:00:00,0.0
2013-06-26 22:00:00,0.0
2013-06-26 23:00:00,0.0
2013-06-27 00:00:00,0.0
2013-06-27 01:00:00,0.0
2013-06-27 02:00:00,0.0
2013-06-27 03:00:00,0.0
2013-06-27 04:00:00,-1.2797394422654391
2013-06-27 05:00:00,-1.4153319584902375
2013-06-27 06:00:00,0.0
2013-06-27 07:00:00,-0.1894497637849596
2013-06-27 08:00:00,0.0
2013-06-27 09:00:00,-0.11774260325485994
2013-06-27 10:00:00,0.0
2013-06-27 11:00:00,0.0
2013-06-27 12:00:00,0.0
2013-06-27 13:00:00,0.0
2013-06-27 14:00:00,0.0
2013-06-27 15:00:00,0.0
2013-06-27 16:00:00,0.0
2013-06-27 17:00:00,0.0
2013-06-27 18:00:00,0.0
2013-06-27 19:00:00,0.0
2013-06-27 20:00:00,0.0
2013-06-27 21:00:00,0.0
2013-06-27 22:00:00,0.0
2013-06-27 23:00:00,0.0
2013-06-28 00:00:00,0.0
2013-06-28 01:00:00,0.0
2013-06-28 02:00:00,0.0
2013-06-28 03:00:00,0.0
2013-06-28 04:00:00,0.0
2013-06-28 05:00:00,-1.4109622351185072
2013-06-28 06:00:00,-1.2972620329860791
2013-06-28 07:00:00,0.0
2013-06-28 08:00:00,0.0
2013-06-28 09:00:00,0.0
2013-06-28 10:00:00,0.0
2013-06-28 11:00:00,0.0
2013-06-28 12:00:00,0.0
2013-06-28 13:00:00,0.0
2013-06-28 14:00:00,0.0
2013-06-28 15:00:00,0.0
2013-06-28 16:00:00,0.0
2013-06-28 17:00:00,0.0
2013-06-28 18:00:00,0.0
2013-06-28 19:00:00,0.0
2013-06-28 20:00:00,0.0
2013-06-28 21:00:00,0.0
2013-06-28 22:00:00,0.0
2013-06-28 23:00:00,0.0
2013-06-29 00:00:00,-0.9299430863584125
2013-06-29 01:00:00,0.0
2013-06-29 02:00:00,0.0
2013-06-29 03:00:00,-1.2972620329860791
2013-06-29 04:00:00,-1.3016754535915267
2013-06-29 05:00:00,0.0
2013-06-29 06:00:00,0.0
2013-06-29 07:00:00,-0.12381651874156781
2013-06-29 08:00:00,0.0
2013-06-29 09:00:00,0.17249442309548127
2013-06-29 10:00:00,0.9276263189642251
2013-06-29 11:00:00,0.0
2013-06-29 12:00:00,1.2563169109857988
2013-06-29 13:00:00,0.0
2013-06-29 14:00:00,1.400911057356359
2013-06-29 15:00:00,0.0
2013-06-29 16:00:00,1.4140639247052678
2013-06-29 17:00:00,0.0
2013-06-29 18:00:00,0.0
2013-06-29 19:00:00,0.0
2013-06-29 20:00:00,0.0
2013-06-29 21:00:00,0.0
2013-06-29 22:00:00,0.0
2013-06-29 23:00:00,0.0
2013-06-30 00:00:00,0.0
2013-06-30 01:00:00,-1.32789379382191
2013-06-30 02:00:00,0.0
2013-06-30 03:00:00,-1.2710436927556965
2013-06-30 04:00:00,-1.2623042460122347
2013-06-30 05:00:00,0.0
2013-06-30 06:00:00,0.0
2013-06-30 07:00:00,-0.26211826345683814
2013-06-30 08:00:00,0.0
2013-06-30 09:00:00,0.0
2013-06-30 10:00:00,0.0
2013-06-30 11:00:00,0.0
2013-06-30 12:00:00,0.0
2013-06-30 13:00:00,0.0
2013-06-30 14:00:00,1.3920842161454732
2013-06-30 15:00:00,0.0
2013-06-30 16:00:00,1.085417029917413
2013-06-30 17:00:00,0.0
2013-06-30 18:00:00,0.0
2013-06-30 19:00:00,0.0
2013-06-30 20:00:00,0.0
2013-06-30 21:00:00,0.0
2013-06-30 22:00:00,0.0
2013-06-30 23:00:00,0.0
2013-07-01 00:00:00,0.0
2013-07-01 01:00:00,0.0
2013-07-01 02:00:00,0.0
2013-07-01 03:00:00,-1.2141935916894826
2013-07-01 04:00:00,0.0
2013-07-01 05:00:00,0.0
2013-07-01 06:00:00,0.0
2013-07-01 07:00:00,0.0
2013-07-01 08:00:00,-0.6369531342838807
2013-07-01 09:00:00,0.0
2013-07-01 10:00:00,0.6340246056176594
2013-07-01 11:00:00,0.0
2013-07-01 12:00:00,0.8224470774066704
2013-07-01 13:00:00,0.0
2013-07-01 14:00:00,0.0
2013-07-01 15:00:00,1.1028959234043352
2013-07-01 16:00:00,0.0
2013-07-01 17:00:00,0.0
2013-07-01 18:00:00,0.0
2013-07-01 19:00:00,0.0
2013-07-01 20:00:00,0.0
2013-07-01 21:00:00,0.0
2013-07-01 22:00:00,0.0
2013-07-01 23:00:00,0.0
2013-07-02 00:00:00,0.0
2013-07-02 01:00:00,0.0
2013-07-02 02:00:00,0.0
2013-07-02 03:00:00,0.0
2013-07-02 04:00:00,0.0
2013-07-02 05:00:00,-1.354112134052293
2013-07-02 06:00:00,0.0
2013-07-02 07:00:00,0.0
2013-07-02 08:00:00,0.0
2013-07-02 09:00:00,0.0
2013-07-02 10:00:00,0.3142045520406963
2013-07-02 11:00:00,0.0
2013-07-02 12:00:00,0.0
2013-07-02 13:00:00,0.0
2013-07-02 14:00:00,0.9802377883598581
2013-07-02 15:00:00,0.9188868722207754
2013-07-02 16:00:00,0.0
2013-07-02 17:00:00,0.0
2013-07-02 18:00:00,0.0
2013-07-02 19:00:00,0.0
2013-07-02 20:00:00,0.0
2013-07-02 21:00:00,0.0
2013-07-02 22:00:00,0.0
2013-07-02 23:00:00,-0.8468309478280973
2013-07-03 00:00:00,0.0
2013-07-03 01:00:00,0.0
2013-07-03 02:00:00,0.0
2013-07-03 03:00:00,0.0
2013-07-03 04:00:00,0.0
2013-07-03 05:00:00,-1.4065925117467764
2013-07-03 06:00:00,0.0
2013-07-03 07:00:00,-0.4254585230921241
2013-07-03 08:00:00,-0.5714072837079228
2013-07-03 09:00:00,0.0
2013-07-03 10:00:00,0.410600649621071
2013-07-03 11:00:00,0.0
2013-07-03 12:00:00,0.0
2013-07-03 13:00:00,0.0
2013-07-03 14:00:00,0.0
2013-07-03 15:00:00,0.0
2013-07-03 16:00:00,1.2519471876140655
2013-07-03 17:00:00,0.0
2013-07-03 18:00:00,0.0
2013-07-03 19:00:00,0.0
2013-07-03 20:00:00,0.0
2013-07-03 21:00:00,0.0
2013-07-03 22:00:00,0.7348778210371999
2013-07-03 23:00:00,0.0
2013-07-04 00:00:00,0.0
2013-07-04 01:00:00,0.0
2013-07-04 02:00:00,0.0
2013-07-04 03:00:00,0.0
2013-07-04 04:00:00,0.0
2013-07-04 05:00:00,0.0
2013-07-04 06:00:00,0.0
2013-07-04 07:00:00,-0.14570883283393632
2013-07-04 08:00:00,0.0
2013-07-04 09:00:00,0.0
2013-07-04 10:00:00,0.8049681839197553
2013-07-04 11:00:00,0.0
2013-07-04 12:00:00,0.0
2013-07-04 13:00:00,0.0
2013-07-04 14:00:00,0.0
2013-07-04 15:00:00,0.0
2013-07-04 16:00:00,0.0
2013-07-04 17:00:00,0.0
2013-07-04 18:00:00,0.0
2013-07-04 19:00:00,1.335190417845529
2013-07-04 20:00:00,0.0
2013-07-04 21:00:00,0.0
2013-07-04 22:00:00,0.0
2013-07-04 23:00:00,-0.5670375603361923
2013-07-05 00:00:00,0.0
2013-07-05 01:00:00,0.0
2013-07-05 02:00:00,0.0
2013-07-05 03:00:00,0.0
2013-07-05 04:00:00,0.0
2013-07-05 05:00:00,-1.2316724851764038
2013-07-05 06:00:00,0.0
2013-07-05 07:00:00,-0.14404833795267832
2013-07-05 08:00:00,0.0
2013-07-05 09:00:00,0.0
2013-07-05 10:00:00,0.0
2013-07-05 11:00:00,0.0
2013-07-05 12:00:00,0.0
2013-07-05 13:00:00,0.0
2013-07-05 14:00:00,0.0
2013-07-05 15:00:00,1.5104600222856468
2013-07-05 16:00:00,0.0
2013-07-05 17:00:00,0.0
2013-07-05 18:00:00,0.0
2013-07-05 19:00:00,0.0
2013-07-05 20:00:00,0.0
2013-07-05 21:00:00,0.0
2013-07-05 22:00:00,0.0
2013-07-05 23:00:00,0.0
2013-07-06 00:00:00,0.0
2013-07-06 01:00:00,-1.0873842194418621
2013-07-06 02:00:00,0.0
2013-07-06 03:00:00,0.0
2013-07-06 04:00:00,0.0
2013-07-06 05:00:00,0.0
2013-07-06 06:00:00,0.0
2013-07-06 07:00:00,0.0
2013-07-06 08:00:00,-0.3045919746300578
2013-07-06 09:00:00,0.0
2013-07-06 10:00:00,0.0
2013-07-06 11:00:00,1.260686634357531
2013-07-06 12:00:00,0.0
2013-07-06 13:00:00,0.0
2013-07-06 14:00:00,0.0
2013-07-06 15:00:00,0.0
2013-07-06 16:00:00,0.0
2013-07-06 17:00:00,0.0
2013-07-06 18:00:00,0.0
2013-07-06 19:00:00,0.0
2013-07-06 20:00:00,0.0
2013-07-06 21:00:00,0.0
2013-07-06 22:00:00,0.0
2013-07-06 23:00:00,0.0
2013-07-07 00:00:00,0.0
2013-07-07 01:00:00,0.0
2013-07-07 02:00:00,0.0
2013-07-07 03:00:00,0.0
2013-07-07 04:00:00,0.0
2013-07-07 05:00:00,0.0
2013-07-07 06:00:00,0.0
2013-07-07 07:00:00,0.0
2013-07-07 08:00:00,0.0
2013-07-07 09:00:00,0.0
2013-07-07 10:00:00,0.0
2013-07-07 11:00:00,0.0
2013-07-07 12:00:00,0.0
2013-07-07 13:00:00,0.0
2013-07-07 14:00:00,0.0
2013-07-07 15:00:00,0.0
2013-07-07 16:00:00,0.0
2013-07-07 17:00:00,0.0
2013-07-07 18:00:00,0.0
2013-07-07 19:00:00,0.0
2013-07-07 20:00:00,0.0
2013-07-07 21:00:00,0.8706888234305781
2013-07-07 22:00:00,0.0
2013-07-07 23:00:00,-0.14404833795267574
2013-07-08 00:00:00,0.0
2013-07-08 01:00:00,-1.008685501516996
2013-07-08 02:00:00,0.0
2013-07-08 03:00:00,-0.9999023575398174
2013-07-08 04:00:00,0.0
2013-07-08 05:00:00,0.0
2013-07-08 06:00:00,0.0
2013-07-08 07:00:00,0.0
2013-07-08 08:00:00,0.0
2013-07-08 09:00:00,0.0
2013-07-08 10:00:00,0.0
2013-07-08 11:00:00,1.1905962714749678
2013-07-08 12:00:00,1.3308206944737966
2013-07-08 13:00:00,0.0
2013-07-08 14:00:00,0.0
2013-07-08 15:00:00,0.0
2013-07-08 16:00:00,0.0
2013-07-08 17:00:00,0.0
2013-07-08 18:00:00,0.0
2013-07-08 19:00:00,0.0
2013-07-08 20:00:00,0.0
2013-07-08 21:00:00,0.0
2013-07-08 22:00:00,0.0
2013-07-08 23:00:00,0.0
2013-07-09 00:00:00,0.0
2013-07-09 01:00:00,0.0
2013-07-09 02:00:00,-1.0786447726984025
2013-07-09 03:00:00,0.0
2013-07-09 04:00:00,0.0
2013-07-09 05:00:00,0.0
2013-07-09 06:00:00,0.0
2013-07-09 07:00:00,-0.4387424821421853
2013-07-09 08:00:00,0.0
2013-07-09 09:00:00,0.0
2013-07-09 10:00:00,0.0
2013-07-09 11:00:00,0.7479869911523902
2013-07-09 12:00:00,0.0
2013-07-09 13:00:00,0.0
2013-07-09 14:00:00,0.0
2013-07-09 15:00:00,0.0
2013-07-09 16:00:00,0.0
2013-07-09 17:00:00,0.0
2013-07-09 18:00:00,0.0
2013-07-09 19:00:00,0.0
2013-07-09 20:00:00,0.0
2013-07-09 21:00:00,1.0635247158250398
2013-07-09 22:00:00,0.0
2013-07-09 23:00:00,0.0
2013-07-10 00:00:00,-1.1704526607384602
2013-07-10 01:00:00,0.0
2013-07-10 02:00:00,-1.2360422085481348
2013-07-10 03:00:00,0.0
2013-07-10 04:00:00,0.0
2013-07-10 05:00:00,0.0
2013-07-10 06:00:00,0.0
2013-07-10 07:00:00,0.0
2013-07-10 08:00:00,0.0
2013-07-10 09:00:00,0.03537250369057279
2013-07-10 10:00:00,0.0
2013-07-10 11:00:00,0.0
2013-07-10 12:00:00,0.0
2013-07-10 13:00:00,0.0
2013-07-10 14:00:00,0.0
2013-07-10 15:00:00,0.0
2013-07-10 16:00:00,1.1160924879869698
2013-07-10 17:00:00,0.0
2013-07-10 18:00:00,0.0
2013-07-10 19:00:00,1.1511376694282431
2013-07-10 20:00:00,0.0
2013-07-10 21:00:00,0.0
2013-07-10 22:00:00,0.0
2013-07-10 23:00:00,0.0
2013-07-11 00:00:00,0.0
2013-07-11 01:00:00,0.0
2013-07-11 02:00:00,0.0
2013-07-11 03:00:00,-1.161669516761281
2013-07-11 04:00:00,-1.1354511765308983
2013-07-11 05:00:00,0.0
2013-07-11 06:00:00,-1.2666739693839657
2013-07-11 07:00:00,0.0
2013-07-11 08:00:00,0.0
2013-07-11 09:00:00,0.041140538541258084
2013-07-11 10:00:00,0.5727610839459903
2013-07-11 11:00:00,0.0
2013-07-11 12:00:00,0.0
2013-07-11 13:00:00,0.0
2013-07-11 14:00:00,1.054741571847872
2013-07-11 15:00:00,0.0
2013-07-11 16:00:00,1.1861828508695167
2013-07-11 17:00:00,0.0
2013-07-11 18:00:00,0.0
2013-07-11 19:00:00,0.0
2013-07-11 20:00:00,0.0
2013-07-11 21:00:00,0.0
2013-07-11 22:00:00,0.6209154355024696
2013-07-11 23:00:00,0.0
2013-07-12 00:00:00,0.0
2013-07-12 01:00:00,0.0
2013-07-12 02:00:00,-1.109232836300515
2013-07-12 03:00:00,0.0
2013-07-12 04:00:00,0.0
2013-07-12 05:00:00,0.0
2013-07-12 06:00:00,0.0
2013-07-12 07:00:00,0.0
2013-07-12 08:00:00,0.0
2013-07-12 09:00:00,0.0
2013-07-12 10:00:00,0.0
2013-07-12 11:00:00,0.0
2013-07-12 12:00:00,0.8049681839197553
2013-07-12 13:00:00,0.0
2013-07-12 14:00:00,0.0
2013-07-12 15:00:00,0.0
2013-07-12 16:00:00,0.0
2013-07-12 17:00:00,0.9539320536620418
2013-07-12 18:00:00,1.102939620638061
2013-07-12 19:00:00,0.0
2013-07-12 20:00:00,0.0
2013-07-12 21:00:00,0.0
2013-07-12 22:00:00,0.0
2013-07-12 23:00:00,0.4851044331090763
2013-07-13 00:00:00,0.0
2013-07-13 01:00:00,0.0
2013-07-13 02:00:00,0.0
2013-07-13 03:00:00,-1.0349038417473793
2013-07-13 04:00:00,0.0
2013-07-13 05:00:00,0.0
2013-07-13 06:00:00,0.0
2013-07-13 07:00:00,0.0
2013-07-13 08:00:00,-0.5145134854079917
2013-07-13 09:00:00,0.0
2013-07-13 10:00:00,0.0
2013-07-13 11:00:00,0.0
2013-07-13 12:00:00,0.0
2013-07-13 13:00:00,0.0
2013-07-13 14:00:00,0.0
2013-07-13 15:00:00,0.0
2013-07-13 16:00:00,0.0
2013-07-13 17:00:00,0.0
2013-07-13 18:00:00,0.0
2013-07-13 19:00:00,0.0
2013-07-13 20:00:00,0.9319960423359578
2013-07-13 21:00:00,0.0
2013-07-13 22:00:00,0.0
2013-07-13 23:00:00,0.0
2013-07-14 00:00:00,0.0
2013-07-14 01:00:00,0.0
2013-07-14 02:00:00,0.0
2013-07-14 03:00:00,0.0
2013-07-14 04:00:00,-1.122342006415706
2013-07-14 05:00:00,-1.2841528628708874
2013-07-14 06:00:00,0.0
2013-07-14 07:00:00,0.0
2013-07-14 08:00:00,-0.47955569843414836
2013-07-14 09:00:00,0.0
2013-07-14 10:00:00,0.0
2013-07-14 11:00:00,0.0
2013-07-14 12:00:00,0.0
2013-07-14 13:00:00,0.0
2013-07-14 14:00:00,0.0
2013-07-14 15:00:00,0.0
2013-07-14 16:00:00,0.0
2013-07-14 17:00:00,1.3219938532629107
2013-07-14 18:00:00,1.1949659948467
2013-07-14 19:00:00,0.0
2013-07-14 20:00:00,0.0
2013-07-14 21:00:00,0.4456458310623517
2013-07-14 22:00:00,0.0
2013-07-14 23:00:00,0.0
2013-07-15 00:00:00,-1.244737958057878
2013-07-15 01:00:00,0.0
2013-07-15 02:00:00,0.0
2013-07-15 03:00:00,0.0
2013-07-15 04:00:00,0.0
2013-07-15 05:00:00,0.0
2013-07-15 06:00:00,0.0
2013-07-15 07:00:00,0.0
2013-07-15 08:00:00,0.0
2013-07-15 09:00:00,0.0
2013-07-15 10:00:00,0.0
2013-07-15 11:00:00,0.6691134842926513
2013-07-15 12:00:00,0.7479869911523902
2013-07-15 13:00:00,0.0
2013-07-15 14:00:00,0.0
2013-07-15 15:00:00,0.0
2013-07-15 16:00:00,0.0
2013-07-15 17:00:00,0.0
2013-07-15 18:00:00,0.0
2013-07-15 19:00:00,0.0
2013-07-15 20:00:00,0.0
2013-07-15 21:00:00,0.0
2013-07-15 22:00:00,0.0
2013-07-15 23:00:00,0.0
2013-07-16 00:00:00,0.0
2013-07-16 01:00:00,0.0
2013-07-16 02:00:00,0.0
2013-07-16 03:00:00,0.0
2013-07-16 04:00:00,0.0
2013-07-16 05:00:00,0.0
2013-07-16 06:00:00,0.0
2013-07-16 07:00:00,0.0
2013-07-16 08:00:00,0.0
2013-07-16 09:00:00,0.0
2013-07-16 10:00:00,0.0
2013-07-16 11:00:00,0.0
2013-07-16 12:00:00,0.0
2013-07-16 13:00:00,0.0
2013-07-16 14:00:00,0.8662754028251273
2013-07-16 15:00:00,0.0
2013-07-16 16:00:00,0.0
2013-07-16 17:00:00,0.0
2013-07-16 18:00:00,0.0
2013-07-16 19:00:00,0.0
2013-07-16 20:00:00,0.9145171488490427
2013-07-16 21:00:00,0.0
2013-07-16 22:00:00,0.0
2013-07-16 23:00:00,0.0
2013-07-17 00:00:00,0.0
2013-07-17 01:00:00,0.0
2013-07-17 02:00:00,0.0
2013-07-17 03:00:00,0.0
2013-07-17 04:00:00,0.0
2013-07-17 05:00:00,0.0
2013-07-17 06:00:00,0.0
2013-07-17 07:00:00,0.0
2013-07-17 08:00:00,-0.47951200120043025
2013-07-17 09:00:00,0.0
2013-07-17 10:00:00,0.0
2013-07-17 11:00:00,0.0
2013-07-17 12:00:00,0.8882114141512186
2013-07-17 13:00:00,1.0064998258239561
2013-07-17 14:00:00,0.0
2013-07-17 15:00:00,0.0
2013-07-17 16:00:00,0.0
2013-07-17 17:00:00,0.0
2013-07-17 18:00:00,0.9671286182446756
2013-07-17 19:00:00,0.9232565955924928
2013-07-17 20:00:00,1.1510939721945253
2013-07-17 21:00:00,0.0
2013-07-17 22:00:00,0.0
2013-07-17 23:00:00,0.0
2013-07-18 00:00:00,0.0
2013-07-18 01:00:00,0.0
2013-07-18 02:00:00,0.0
2013-07-18 03:00:00,0.0
2013-07-18 04:00:00,0.0
2013-07-18 05:00:00,0.0
2013-07-18 06:00:00,0.0
2013-07-18 07:00:00,0.0
2013-07-18 08:00:00,0.0
2013-07-18 09:00:00,0.0
2013-07-18 10:00:00,0.0
2013-07-18 11:00:00,0.0
2013-07-18 12:00:00,0.0
2013-07-18 13:00:00,0.0
2013-07-18 14:00:00,0.870732520664304
2013-07-18 15:00:00,0.875058546802303
2013-07-18 16:00:00,0.7786624492219386
2013-07-18 17:00:00,0.0
2013-07-18 18:00:00,0.7874018959653889
2013-07-18 19:00:00,0.0
2013-07-18 20:00:00,0.0
2013-07-18 21:00:00,0.5201496145503501
2013-07-18 22:00:00,0.0
2013-07-18 23:00:00,0.0
2013-07-19 00:00:00,0.0
2013-07-19 01:00:00,-1.2578908254067878
2013-07-19 02:00:00,0.0
2013-07-19 03:00:00,0.0
2013-07-19 04:00:00,0.0
2013-07-19 05:00:00,0.0
2013-07-19 06:00:00,0.0
2013-07-19 07:00:00,0.0
2013-07-19 08:00:00,0.0
2013-07-19 09:00:00,0.0
2013-07-19 10:00:00,0.0
2013-07-19 11:00:00,0.353619456853705
2013-07-19 12:00:00,0.0
2013-07-19 13:00:00,0.0
2013-07-19 14:00:00,0.0
2013-07-19 15:00:00,0.8268604980121208
2013-07-19 16:00:00,0.0
2013-07-19 17:00:00,0.0
2013-07-19 18:00:00,0.0
2013-07-19 19:00:00,0.0
2013-07-19 20:00:00,0.0
2013-07-19 21:00:00,0.0
2013-07-19 22:00:00,0.0
2013-07-19 23:00:00,0.0
2013-07-20 00:00:00,0.0
2013-07-20 01:00:00,0.0
2013-07-20 02:00:00,0.0
2013-07-20 03:00:00,0.0
2013-07-20 04:00:00,-1.139864597136346
2013-07-20 05:00:00,0.0
2013-07-20 06:00:00,0.0
2013-07-20 07:00:00,0.0
2013-07-20 08:00:00,0.0
2013-07-20 09:00:00,-0.13976600904838307
2013-07-20 10:00:00,0.32294399878415603
2013-07-20 11:00:00,0.0
2013-07-20 12:00:00,0.9759117622218512
2013-07-20 13:00:00,0.0
2013-07-20 14:00:00,0.0
2013-07-20 15:00:00,0.0
2013-07-20 16:00:00,0.7567701351295658
2013-07-20 17:00:00,0.9233002928262183
2013-07-20 18:00:00,0.0
2013-07-20 19:00:00,0.0
2013-07-20 20:00:00,0.0
2013-07-20 21:00:00,0.0
2013-07-20 22:00:00,0.2922685407146093
2013-07-20 23:00:00,0.14326097373860258
2013-07-21 00:00:00,0.0
2013-07-21 01:00:00,0.0
2013-07-21 02:00:00,0.0
2013-07-21 03:00:00,-1.240411931919865
2013-07-21 04:00:00,0.0
2013-07-21 05:00:00,0.0
2013-07-21 06:00:00,0.0
2013-07-21 07:00:00,0.0
2013-07-21 08:00:00,0.0
2013-07-21 09:00:00,-0.09165535472562972
2013-07-21 10:00:00,0.3799251915515212
2013-07-21 11:00:00,0.0
2013-07-21 12:00:00,0.5683476633405397
2013-07-21 13:00:00,0.0
2013-07-21 14:00:00,0.0
2013-07-21 15:00:00,0.6647437609209265
2013-07-21 16:00:00,0.0
2013-07-21 17:00:00,0.0
2013-07-21 18:00:00,0.0
2013-07-21 19:00:00,0.0
2013-07-21 20:00:00,0.0
2013-07-21 21:00:00,0.0
2013-07-21 22:00:00,0.0
2013-07-21 23:00:00,-0.7900245439956018
2013-07-22 00:00:00,0.0
2013-07-22 01:00:00,-1.2973057302197966
2013-07-22 02:00:00,0.0
2013-07-22 03:00:00,0.0
2013-07-22 04:00:00,0.0
2013-07-22 05:00:00,0.0
2013-07-22 06:00:00,-1.1398645971363452
2013-07-22 07:00:00,0.0
2013-07-22 08:00:00,0.0
2013-07-22 09:00:00,0.0
2013-07-22 10:00:00,0.24848391252987098
2013-07-22 11:00:00,0.0
2013-07-22 12:00:00,0.0
2013-07-22 13:00:00,0.0
2013-07-22 14:00:00,0.0
2013-07-22 15:00:00,0.0
2013-07-22 16:00:00,0.0
2013-07-22 17:00:00,0.6910057983850324
2013-07-22 18:00:00,0.0
2013-07-22 19:00:00,0.0
2013-07-22 20:00:00,0.0
2013-07-22 21:00:00,0.0
2013-07-22 22:00:00,0.2703325293885262
2013-07-22 23:00:00,0.0
2013-07-23 00:00:00,0.0
2013-07-23 01:00:00,0.0
2013-07-23 02:00:00,0.0
2013-07-23 03:00:00,0.0
2013-07-23 04:00:00,0.0
2013-07-23 05:00:00,0.0
2013-07-23 06:00:00,0.0
2013-07-23 07:00:00,0.0
2013-07-23 08:00:00,-0.750653336416309
2013-07-23 09:00:00,0.0
2013-07-23 10:00:00,0.0
2013-07-23 11:00:00,0.0
2013-07-23 12:00:00,0.0
2013-07-23 13:00:00,0.0
2013-07-23 14:00:00,0.0
2013-07-23 15:00:00,0.8093816045252057
2013-07-23 16:00:00,0.0
2013-07-23 17:00:00,0.0
2013-07-23 18:00:00,1.0065435230576893
2013-07-23 19:00:00,0.8838416907794864
2013-07-23 20:00:00,0.0
2013-07-23 21:00:00,0.5946097008046529
2013-07-23 22:00:00,0.0
2013-07-23 23:00:00,0.0
2013-07-24 00:00:00,-0.9474219798453335
2013-07-24 01:00:00,0.0
2013-07-24 02:00:00,0.0
2013-07-24 03:00:00,0.0
2013-07-24 04:00:00,0.0
2013-07-24 05:00:00,0.0
2013-07-24 06:00:00,0.0
2013-07-24 07:00:00,0.0
2013-07-24 08:00:00,0.0
2013-07-24 09:00:00,0.0
2013-07-24 10:00:00,0.0
2013-07-24 11:00:00,0.41934009636453506
2013-07-24 12:00:00,0.0
2013-07-24 13:00:00,0.0
2013-07-24 14:00:00,0.0
2013-07-24 15:00:00,0.0
2013-07-24 16:00:00,0.0
2013-07-24 17:00:00,0.0
2013-07-24 18:00:00,0.0
2013-07-24 19:00:00,0.0
2013-07-24 20:00:00,0.0
2013-07-24 21:00:00,0.9189305694544787
2013-07-24 22:00:00,0.0
2013-07-24 23:00:00,0.0
2013-07-25 00:00:00,0.0
2013-07-25 01:00:00,0.0
2013-07-25 02:00:00,0.0
2013-07-25 03:00:00,0.0
2013-07-25 04:00:00,0.0
2013-07-25 05:00:00,0.0
2013-07-25 06:00:00,0.0
2013-07-25 07:00:00,0.0
2013-07-25 08:00:00,-0.2637787583380948
2013-07-25 09:00:00,0.0
2013-07-25 10:00:00,0.0
2013-07-25 11:00:00,0.0
2013-07-25 12:00:00,0.8311865241501281
2013-07-25 13:00:00,0.0
2013-07-25 14:00:00,0.0
2013-07-25 15:00:00,0.9670849210109574
2013-07-25 16:00:00,0.0
2013-07-25 17:00:00,0.0
2013-07-25 18:00:00,0.0
2013-07-25 19:00:00,1.037218981127231
2013-07-25 20:00:00,0.0
2013-07-25 21:00:00,0.6691134842926517
2013-07-25 22:00:00,0.0
2013-07-25 23:00:00,0.0
2013-07-26 00:00:00,0.0
2013-07-26 01:00:00,0.0
2013-07-26 02:00:00,0.0
2013-07-26 03:00:00,-1.1223420064157068
2013-07-26 04:00:00,0.0
2013-07-26 05:00:00,0.0
2013-07-26 06:00:00,0.0
2013-07-26 07:00:00,0.0
2013-07-26 08:00:00,0.0
2013-07-26 09:00:00,0.0
2013-07-26 10:00:00,0.0
2013-07-26 11:00:00,0.0
2013-07-26 12:00:00,0.0
2013-07-26 13:00:00,0.0
2013-07-26 14:00:00,0.7173115330828412
2013-07-26 15:00:00,0.0
2013-07-26 16:00:00,0.0
2013-07-26 17:00:00,0.0
2013-07-26 18:00:00,0.0
2013-07-26 19:00:00,0.0
2013-07-26 20:00:00,0.6953755217567499
2013-07-26 21:00:00,0.6910494956187431
2013-07-26 22:00:00,0.2572670565070488
2013-07-26 23:00:00,0.0
2013-07-27 00:00:00,0.0
2013-07-27 01:00:00,-1.1486040438798064
2013-07-27 02:00:00,0.0
2013-07-27 03:00:00,-1.0392298678853922
2013-07-27 04:00:00,-1.0742313520929532
2013-07-27 05:00:00,0.0
2013-07-27 06:00:00,0.0
2013-07-27 07:00:00,-0.21977564398477134
2013-07-27 08:00:00,0.0
2013-07-27 09:00:00,0.0
2013-07-27 10:00:00,0.5069967472014496
2013-07-27 11:00:00,0.0
2013-07-27 12:00:00,0.0
2013-07-27 13:00:00,0.0
2013-07-27 14:00:00,0.0
2013-07-27 15:00:00,0.0
2013-07-27 16:00:00,0.0
2013-07-27 17:00:00,0.0
2013-07-27 18:00:00,0.0
2013-07-27 19:00:00,0.0
2013-07-27 20:00:00,0.0
2013-07-27 21:00:00,0.0
2013-07-27 22:00:00,0.0
2013-07-27 23:00:00,0.0
2013-07-28 00:00:00,-0.9736840173094349
2013-07-28 01:00:00,0.0
2013-07-28 02:00:00,0.0
2013-07-28 03:00:00,-1.2228893411992252
2013-07-28 04:00:00,-1.2141498944557652
2013-07-28 05:00:00,0.0
2013-07-28 06:00:00,0.0
2013-07-28 07:00:00,0.0
2013-07-28 08:00:00,-0.6107347940534993
2013-07-28 09:00:00,0.0
2013-07-28 10:00:00,0.0
2013-07-28 11:00:00,0.0
2013-07-28 12:00:00,0.0
2013-07-28 13:00:00,0.0
2013-07-28 14:00:00,0.0
2013-07-28 15:00:00,0.0
2013-07-28 16:00:00,1.098569897266329
2013-07-28 17:00:00,1.1773997068923419
2013-07-28 18:00:00,0.0
2013-07-28 19:00:00,0.0
2013-07-28 20:00:00,0.0
2013-07-28 21:00:00,0.0
2013-07-28 22:00:00,0.0
2013-07-28 23:00:00,0.0
2013-07-29 00:00:00,0.0
2013-07-29 01:00:00,-1.3278937938219109
2013-07-29 02:00:00,0.0
2013-07-29 03:00:00,0.0
2013-07-29 04:00:00,0.0
2013-07-29 05:00:00,-1.3891136182598545
2013-07-29 06:00:00,0.0
2013-07-29 07:00:00,-0.39058813058571434
2013-07-29 08:00:00,0.0
2013-07-29 09:00:00,0.0
2013-07-29 10:00:00,0.0
2013-07-29 11:00:00,0.7260946770600243
2013-07-29 12:00:00,0.0
2013-07-29 13:00:00,0.0
2013-07-29 14:00:00,0.0
2013-07-29 15:00:00,0.6603303403154757
2013-07-29 16:00:00,0.0
2013-07-29 17:00:00,0.7304644004317418
2013-07-29 18:00:00,0.0
2013-07-29 19:00:00,0.0
2013-07-29 20:00:00,0.7611398585012981
2013-07-29 21:00:00,0.0
2013-07-29 22:00:00,0.0
2013-07-29 23:00:00,0.0
2013-07-30 00:00:00,0.0
2013-07-30 01:00:00,0.0
2013-07-30 02:00:00,0.0
2013-07-30 03:00:00,0.0
2013-07-30 04:00:00,0.0
2013-07-30 05:00:00,0.0
2013-07-30 06:00:00,0.0
2013-07-30 07:00:00,0.0
2013-07-30 08:00:00,0.0
2013-07-30 09:00:00,0.0
2013-07-30 10:00:00,0.0
2013-07-30 11:00:00,0.0
2013-07-30 12:00:00,0.0
2013-07-30 13:00:00,0.0
2013-07-30 14:00:00,0.0
2013-07-30 15:00:00,0.0
2013-07-30 16:00:00,0.0
2013-07-30 17:00:00,0.0
2013-07-30 18:00:00,0.0
2013-07-30 19:00:00,1.0854170299174286
2013-07-30 20:00:00,0.0
2013-07-30 21:00:00,0.0
2013-07-30 22:00:00,0.0
2013-07-30 23:00:00,-0.530550370182243
2013-07-31 00:00:00,0.0
2013-07-31 01:00:00,0.0
2013-07-31 02:00:00,0.0
2013-07-31 03:00:00,0.0
2013-07-31 04:00:00,0.0
2013-07-31 05:00:00,-1.3804178687501103
2013-07-31 06:00:00,0.0
2013-07-31 07:00:00,0.0
2013-07-31 08:00:00,0.0
2013-07-31 09:00:00,0.0
2013-07-31 10:00:00,0.28789881734288225
2013-07-31 11:00:00,0.0
2013-07-31 12:00:00,0.0
2013-07-31 13:00:00,0.0
2013-07-31 14:00:00,0.0
2013-07-31 15:00:00,0.0
2013-07-31 16:00:00,0.0
2013-07-31 17:00:00,0.9670849210109653
2013-07-31 18:00:00,0.0
2013-07-31 19:00:00,0.0
2013-07-31 20:00:00,0.0
2013-07-31 21:00:00,0.0
2013-07-31 22:00:00,0.0
2013-07-31 23:00:00,0.0
2013-08-01 00:00:00,-1.3628515807957544
2013-08-01 01:00:00,0.0
2013-08-01 02:00:00,0.0
2013-08-01 03:00:00,-1.3234803732164617
2013-08-01 04:00:00,0.0
2013-08-01 05:00:00,0.0
2013-08-01 06:00:00,0.0
2013-08-01 07:00:00,0.0
2013-08-01 08:00:00,0.0
2013-08-01 09:00:00,0.0
2013-08-01 10:00:00,0.0
2013-08-01 11:00:00,0.0
2013-08-01 12:00:00,0.0
2013-08-01 13:00:00,0.0
2013-08-01 14:00:00,0.0
2013-08-01 15:00:00,0.0
2013-08-01 16:00:00,0.0
2013-08-01 17:00:00,0.0
2013-08-01 18:00:00,0.0
2013-08-01 19:00:00,0.0
2013-08-01 20:00:00,0.0
2013-08-01 21:00:00,0.0
2013-08-01 22:00:00,0.0
2013-08-01 23:00:00,-0.8075034374825231
2013-08-02 00:00:00,0.0
2013-08-02 01:00:00,0.0
2013-08-02 02:00:00,-1.3453726873088319
2013-08-02 03:00:00,0.0
2013-08-02 04:00:00,0.0
2013-08-02 05:00:00,0.0
2013-08-02 06:00:00,0.0
2013-08-02 07:00:00,0.0
2013-08-02 08:00:00,0.0
2013-08-02 09:00:00,0.0
2013-08-02 10:00:00,0.0
2013-08-02 11:00:00,0.0
2013-08-02 12:00:00,0.0
2013-08-02 13:00:00,0.0
2013-08-02 14:00:00,0.6559606169437434
2013-08-02 15:00:00,0.7610961612675726
2013-08-02 16:00:00,0.0
2013-08-02 17:00:00,0.0
2013-08-02 18:00:00,0.0
2013-08-02 19:00:00,0.0
2013-08-02 20:00:00,0.0
2013-08-02 21:00:00,0.0
2013-08-02 22:00:00,0.0
2013-08-02 23:00:00,0.0
2013-08-03 00:00:00,0.0
2013-08-03 01:00:00,0.0
2013-08-03 02:00:00,-1.410918537884789
2013-08-03 03:00:00,0.0
2013-08-03 04:00:00,0.0
2013-08-03 05:00:00,0.0
2013-08-03 06:00:00,0.0
2013-08-03 07:00:00,0.0
2013-08-03 08:00:00,0.0
2013-08-03 09:00:00,0.0
2013-08-03 10:00:00,0.0
2013-08-03 11:00:00,0.0
2013-08-03 12:00:00,0.0
2013-08-03 13:00:00,0.0
2013-08-03 14:00:00,0.0
2013-08-03 15:00:00,0.0
2013-08-03 16:00:00,0.0
2013-08-03 17:00:00,0.0
2013-08-03 18:00:00,1.037262678360949
2013-08-03 19:00:00,0.0
2013-08-03 20:00:00,0.0
2013-08-03 21:00:00,0.7568138323632839
2013-08-03 22:00:00,0.0
2013-08-03 23:00:00,0.0
2013-08-04 00:00:00,0.0
2013-08-04 01:00:00,0.0
2013-08-04 02:00:00,0.0
2013-08-04 03:00:00,0.0
2013-08-04 04:00:00,0.0
2013-08-04 05:00:00,0.0
2013-08-04 06:00:00,-1.4371805753488898
2013-08-04 07:00:00,0.0
2013-08-04 08:00:00,0.0
2013-08-04 09:00:00,0.0
2013-08-04 10:00:00,0.2294756158628408
2013-08-04 11:00:00,0.0
2013-08-04 12:00:00,0.0
2013-08-04 13:00:00,0.0
2013-08-04 14:00:00,0.0
2013-08-04 15:00:00,0.0
2013-08-04 16:00:00,0.0
2013-08-04 17:00:00,0.0
2013-08-04 18:00:00,0.0
2013-08-04 19:00:00,0.0
2013-08-04 20:00:00,0.0
2013-08-04 21:00:00,0.0
2013-08-04 22:00:00,0.0
2013-08-04 23:00:00,0.0
2013-08-05 00:00:00,0.0
2013-08-05 01:00:00,0.0
2013-08-05 02:00:00,0.0
2013-08-05 03:00:00,0.0
2013-08-05 04:00:00,0.0
2013-08-05 05:00:00,0.0
2013-08-05 06:00:00,0.0
2013-08-05 07:00:00,0.0
2013-08-05 08:00:00,0.0
2013-08-05 09:00:00,0.0
2013-08-05 10:00:00,0.0
2013-08-05 11:00:00,0.0
2013-08-05 12:00:00,0.0
2013-08-05 13:00:00,0.0
2013-08-05 14:00:00,0.0
2013-08-05 15:00:00,0.0
2013-08-05 16:00:00,0.0
2013-08-05 17:00:00,0.0
2013-08-05 18:00:00,1.02406611377833
2013-08-05 19:00:00,0.0
2013-08-05 20:00:00,0.0
2013-08-05 21:00:00,0.0
2013-08-05 22:00:00,0.0
2013-08-05 23:00:00,0.0
2013-08-06 00:00:00,0.0
2013-08-06 01:00:00,0.0
2013-08-06 02:00:00,-1.4940306764151046
2013-08-06 03:00:00,0.0
2013-08-06 04:00:00,-1.3453726873088319
2013-08-06 05:00:00,0.0
2013-08-06 06:00:00,0.0
2013-08-06 07:00:00,0.0
2013-08-06 08:00:00,0.0
2013-08-06 09:00:00,0.0
2013-08-06 10:00:00,0.0
2013-08-06 11:00:00,0.0
2013-08-06 12:00:00,0.0
2013-08-06 13:00:00,0.0
2013-08-06 14:00:00,0.0
2013-08-06 15:00:00,0.0
2013-08-06 16:00:00,0.0
2013-08-06 17:00:00,0.0
2013-08-06 18:00:00,0.0
2013-08-06 19:00:00,0.0
2013-08-06 20:00:00,0.0
2013-08-06 21:00:00,0.0
2013-08-06 22:00:00,0.0
2013-08-06 23:00:00,-0.9080944694997595
2013-08-07 00:00:00,0.0
2013-08-07 01:00:00,0.0
2013-08-07 02:00:00,0.0
2013-08-07 03:00:00,0.0
2013-08-07 04:00:00,0.0
2013-08-07 05:00:00,0.0
2013-08-07 06:00:00,0.0
2013-08-07 07:00:00,0.0
2013-08-07 08:00:00,0.0
2013-08-07 09:00:00,0.0
2013-08-07 10:00:00,0.0
2013-08-07 11:00:00,0.0
2013-08-07 12:00:00,0.0
2013-08-07 13:00:00,0.0
2013-08-07 14:00:00,0.0
2013-08-07 15:00:00,0.0
2013-08-07 16:00:00,0.5464116520144634
2013-08-07 17:00:00,0.7611398585013058
2013-08-07 18:00:00,0.0
2013-08-07 19:00:00,0.0
2013-08-07 20:00:00,0.0
2013-08-07 21:00:00,0.0
2013-08-07 22:00:00,0.0
2013-08-07 23:00:00,0.0
2013-08-08 00:00:00,-1.524706134484651
2013-08-08 01:00:00,0.0
2013-08-08 02:00:00,-1.5596639214584964
2013-08-08 03:00:00,0.0
2013-08-08 04:00:00,0.0
2013-08-08 05:00:00,0.0
2013-08-08 06:00:00,0.0
2013-08-08 07:00:00,0.0
2013-08-08 08:00:00,0.0
2013-08-08 09:00:00,0.0
2013-08-08 10:00:00,0.0
2013-08-08 11:00:00,0.0
2013-08-08 12:00:00,0.0
2013-08-08 13:00:00,0.0
2013-08-08 14:00:00,0.0
2013-08-08 15:00:00,0.7961850399425797
2013-08-08 16:00:00,0.0
2013-08-08 17:00:00,0.0
2013-08-08 18:00:00,0.0
2013-08-08 19:00:00,0.0
2013-08-08 20:00:00,0.0
2013-08-08 21:00:00,0.0
2013-08-08 22:00:00,0.0
2013-08-08 23:00:00,0.0
2013-08-09 00:00:00,0.0
2013-08-09 01:00:00,0.0
2013-08-09 02:00:00,-1.3847001976544067
2013-08-09 03:00:00,0.0
2013-08-09 04:00:00,0.0
2013-08-09 05:00:00,0.0
2013-08-09 06:00:00,0.0
2013-08-09 07:00:00,0.0
2013-08-09 08:00:00,0.0
2013-08-09 09:00:00,0.0
2013-08-09 10:00:00,0.29663826408633936
2013-08-09 11:00:00,0.0
2013-08-09 12:00:00,0.0
2013-08-09 13:00:00,0.0
2013-08-09 14:00:00,1.0415887044989631
2013-08-09 15:00:00,0.0
2013-08-09 16:00:00,0.0
2013-08-09 17:00:00,0.0
2013-08-09 18:00:00,0.0
2013-08-09 19:00:00,0.0
2013-08-09 20:00:00,0.0
2013-08-09 21:00:00,0.0
2013-08-09 22:00:00,0.0
2013-08-09 23:00:00,0.0
2013-08-10 00:00:00,0.0
2013-08-10 01:00:00,0.0
2013-08-10 02:00:00,0.0
2013-08-10 03:00:00,0.0
2013-08-10 04:00:00,0.0
2013-08-10 05:00:00,0.0
2013-08-10 06:00:00,-1.4940306764151046
2013-08-10 07:00:00,0.0
2013-08-10 08:00:00,0.0
2013-08-10 09:00:00,0.0
2013-08-10 10:00:00,0.0
2013-08-10 11:00:00,0.0
2013-08-10 12:00:00,0.0
2013-08-10 13:00:00,0.0
2013-08-10 14:00:00,0.0
2013-08-10 15:00:00,1.2343808996597143
2013-08-10 16:00:00,1.2037054415901576
2013-08-10 17:00:00,0.0
2013-08-10 18:00:00,0.0
2013-08-10 19:00:00,0.0
2013-08-10 20:00:00,0.0
2013-08-10 21:00:00,0.0
2013-08-10 22:00:00,0.6691134842926517
2013-08-10 23:00:00,0.3536194568537058
2013-08-11 00:00:00,-0.7943942673673314
2013-08-11 01:00:00,0.0
2013-08-11 02:00:00,0.0
2013-08-11 03:00:00,0.0
2013-08-11 04:00:00,-1.1529737672515374
2013-08-11 05:00:00,-1.3628515807957535
2013-08-11 06:00:00,-1.3146972292392831
2013-08-11 07:00:00,-0.030391833053971907
2013-08-11 08:00:00,0.0
2013-08-11 09:00:00,0.0
2013-08-11 10:00:00,0.6910494956187431
2013-08-11 11:00:00,0.0
2013-08-11 12:00:00,1.3570827319379022
2013-08-11 13:00:00,0.0
2013-08-11 14:00:00,0.0
2013-08-11 15:00:00,1.2519471876140733
2013-08-11 16:00:00,0.0
2013-08-11 17:00:00,0.0
2013-08-11 18:00:00,0.0
2013-08-11 19:00:00,0.0
2013-08-11 20:00:00,0.0
2013-08-11 21:00:00,0.0
2013-08-11 22:00:00,0.0
2013-08-11 23:00:00,0.0
2013-08-12 00:00:00,0.0
2013-08-12 01:00:00,-1.3147846237067182
2013-08-12 02:00:00,0.0
2013-08-12 03:00:00,0.0
2013-08-12 04:00:00,0.0
2013-08-12 05:00:00,0.0
2013-08-12 06:00:00,0.0
2013-08-12 07:00:00,-0.4358584647168427
2013-08-12 08:00:00,0.0
2013-08-12 09:00:00,0.0
2013-08-12 10:00:00,0.0
2013-08-12 11:00:00,0.0
2013-08-12 12:00:00,0.0
2013-08-12 13:00:00,1.111722764615229
2013-08-12 14:00:00,0.0
2013-08-12 15:00:00,0.0
2013-08-12 16:00:00,0.0
2013-08-12 17:00:00,0.0
2013-08-12 18:00:00,0.0
2013-08-12 19:00:00,0.0
2013-08-12 20:00:00,0.0
2013-08-12 21:00:00,0.8224470774066704
2013-08-12 22:00:00,0.0
2013-08-12 23:00:00,0.0
2013-08-13 00:00:00,-1.3190669526110146
2013-08-13 01:00:00,0.0
2013-08-13 02:00:00,0.0
2013-08-13 03:00:00,-1.2623042460122345
2013-08-13 04:00:00,0.0
2013-08-13 05:00:00,0.0
2013-08-13 06:00:00,0.0
2013-08-13 07:00:00,0.0
2013-08-13 08:00:00,0.0
2013-08-13 09:00:00,0.0
2013-08-13 10:00:00,0.0
2013-08-13 11:00:00,0.0
2013-08-13 12:00:00,0.0
2013-08-13 13:00:00,0.0
2013-08-13 14:00:00,0.0
2013-08-13 15:00:00,0.0
2013-08-13 16:00:00,0.0
2013-08-13 17:00:00,0.0
2013-08-13 18:00:00,0.0
2013-08-13 19:00:00,0.0
2013-08-13 20:00:00,0.0
2013-08-13 21:00:00,0.0
2013-08-13 22:00:00,0.0
2013-08-13 23:00:00,-0.641322857655612
2013-08-14 00:00:00,-1.1967146982025607
2013-08-14 01:00:00,0.0
2013-08-14 02:00:00,0.0
2013-08-14 03:00:00,-0.8818324320356591
2013-08-14 04:00:00,0.0
2013-08-14 05:00:00,-1.2666739693839657
2013-08-14 06:00:00,0.0
2013-08-14 07:00:00,0.0
2013-08-14 08:00:00,0.0
2013-08-14 09:00:00,0.0
2013-08-14 10:00:00,0.0
2013-08-14 11:00:00,0.0
2013-08-14 12:00:00,0.0
2013-08-14 13:00:00,0.0
2013-08-14 14:00:00,0.0
2013-08-14 15:00:00,0.0
2013-08-14 16:00:00,0.0
2013-08-14 17:00:00,0.0
2013-08-14 18:00:00,0.0
2013-08-14 19:00:00,1.256316910985791
2013-08-14 20:00:00,0.0
2013-08-14 21:00:00,0.0
2013-08-14 22:00:00,0.0
2013-08-14 23:00:00,0.0
2013-08-15 00:00:00,-0.8031337141107925
2013-08-15 01:00:00,0.0
2013-08-15 02:00:00,0.0
2013-08-15 03:00:00,0.0
2013-08-15 04:00:00,0.0
2013-08-15 05:00:00,0.0
2013-08-15 06:00:00,0.0
2013-08-15 07:00:00,0.0
2013-08-15 08:00:00,0.0
2013-08-15 09:00:00,0.0
2013-08-15 10:00:00,0.0
2013-08-15 11:00:00,0.0
2013-08-15 12:00:00,0.0
2013-08-15 13:00:00,0.0
2013-08-15 14:00:00,1.243120346403172
2013-08-15 15:00:00,0.0
2013-08-15 16:00:00,0.0
2013-08-15 17:00:00,1.1511376694282431
2013-08-15 18:00:00,0.0
2013-08-15 19:00:00,0.0
2013-08-15 20:00:00,0.0
2013-08-15 21:00:00,0.6691571815263698
2013-08-15 22:00:00,0.0
2013-08-15 23:00:00,0.0
2013-08-16 00:00:00,0.0
2013-08-16 01:00:00,0.0
2013-08-16 02:00:00,0.0
2013-08-16 03:00:00,-1.0786010754646835
2013-08-16 04:00:00,0.0
2013-08-16 05:00:00,-1.253564799268774
2013-08-16 06:00:00,0.0
2013-08-16 07:00:00,0.0
2013-08-16 08:00:00,0.0
2013-08-16 09:00:00,0.0
2013-08-16 10:00:00,0.3405102867385125
2013-08-16 11:00:00,0.0
2013-08-16 12:00:00,0.585870254061188
2013-08-16 13:00:00,0.0
2013-08-16 14:00:00,0.0
2013-08-16 15:00:00,0.7567264378958474
2013-08-16 16:00:00,0.8312739186175716
2013-08-16 17:00:00,0.0
2013-08-16 18:00:00,0.0
2013-08-16 19:00:00,0.0
2013-08-16 20:00:00,1.0109132464294148
2013-08-16 21:00:00,0.0
2013-08-16 22:00:00,0.0
2013-08-16 23:00:00,0.23533104518095746
2013-08-17 00:00:00,0.0
2013-08-17 01:00:00,0.0
2013-08-17 02:00:00,0.0
2013-08-17 03:00:00,0.0
2013-08-17 04:00:00,-1.2054541449460212
2013-08-17 05:00:00,0.0
2013-08-17 06:00:00,-1.2709999955219786
2013-08-17 07:00:00,0.0
2013-08-17 08:00:00,0.0
2013-08-17 09:00:00,0.0
2013-08-17 10:00:00,0.0
2013-08-17 11:00:00,0.0
2013-08-17 12:00:00,0.0
2013-08-17 13:00:00,0.0
2013-08-17 14:00:00,1.1773997068923419
2013-08-17 15:00:00,0.0
2013-08-17 16:00:00,0.0
2013-08-17 17:00:00,0.0
2013-08-17 18:00:00,0.0
2013-08-17 19:00:00,1.0679381364305058
2013-08-17 20:00:00,0.0
2013-08-17 21:00:00,0.0
2013-08-17 22:00:00,0.0
2013-08-17 23:00:00,0.0
2013-08-18 00:00:00,0.0
2013-08-18 01:00:00,-0.969270596703988
2013-08-18 02:00:00,-1.0392735651191094
2013-08-18 03:00:00,0.0
2013-08-18 04:00:00,0.0
2013-08-18 05:00:00,-1.1529737672515383
2013-08-18 06:00:00,0.0
2013-08-18 07:00:00,-0.09615616979851357
2013-08-18 08:00:00,0.0
2013-08-18 09:00:00,0.0
2013-08-18 10:00:00,0.0
2013-08-18 11:00:00,0.0
2013-08-18 12:00:00,0.0
2013-08-18 13:00:00,0.0
2013-08-18 14:00:00,0.0
2013-08-18 15:00:00,0.0
2013-08-18 16:00:00,0.0
2013-08-18 17:00:00,0.0
2013-08-18 18:00:00,0.0
2013-08-18 19:00:00,0.0
2013-08-18 20:00:00,0.0
2013-08-18 21:00:00,0.0
2013-08-18 22:00:00,0.0
2013-08-18 23:00:00,-0.5829433534092917
2013-08-19 00:00:00,0.0
2013-08-19 01:00:00,0.0
2013-08-19 02:00:00,-1.2666739693839657
2013-08-19 03:00:00,0.0
2013-08-19 04:00:00,0.0
2013-08-19 05:00:00,0.0
2013-08-19 06:00:00,0.0
2013-08-19 07:00:00,0.0
2013-08-19 08:00:00,0.0
2013-08-19 09:00:00,0.0
2013-08-19 10:00:00,0.49821360322427394
2013-08-19 11:00:00,0.0
2013-08-19 12:00:00,0.0
2013-08-19 13:00:00,0.0
2013-08-19 14:00:00,0.0
2013-08-19 15:00:00,0.0
2013-08-19 16:00:00,0.0
2013-08-19 17:00:00,0.0
2013-08-19 18:00:00,1.2037491388238766
2013-08-19 19:00:00,1.1423545254510676
2013-08-19 20:00:00,0.0
2013-08-19 21:00:00,0.0
2013-08-19 22:00:00,0.0
2013-08-19 23:00:00,0.0
2013-08-20 00:00:00,-1.1966710009688426
2013-08-20 01:00:00,0.0
2013-08-20 02:00:00,0.0
2013-08-20 03:00:00,0.0
2013-08-20 04:00:00,-1.1879315542253814
2013-08-20 05:00:00,0.0
2013-08-20 06:00:00,0.0
2013-08-20 07:00:00,0.0
2013-08-20 08:00:00,-0.5232966293851699
2013-08-20 09:00:00,0.0
2013-08-20 10:00:00,0.0
2013-08-20 11:00:00,0.7041586657339252
2013-08-20 12:00:00,0.0
2013-08-20 13:00:00,0.0
2013-08-20 14:00:00,0.0
2013-08-20 15:00:00,0.0
2013-08-20 16:00:00,0.0
2013-08-20 17:00:00,0.0
2013-08-20 18:00:00,0.0
2013-08-20 19:00:00,0.0
2013-08-20 20:00:00,0.0
2013-08-20 21:00:00,0.0
2013-08-20 22:00:00,0.0
2013-08-20 23:00:00,0.0
2013-08-21 00:00:00,0.0
2013-08-21 01:00:00,-1.1441906232743597
2013-08-21 02:00:00,0.0
2013-08-21 03:00:00,0.0
2013-08-21 04:00:00,0.0
2013-08-21 05:00:00,-1.2710436927556958
2013-08-21 06:00:00,0.0
2013-08-21 07:00:00,0.0
2013-08-21 08:00:00,0.0
2013-08-21 09:00:00,0.0
2013-08-21 10:00:00,0.0
2013-08-21 11:00:00,0.0
2013-08-21 12:00:00,0.9671286182446829
2013-08-21 13:00:00,0.0
2013-08-21 14:00:00,0.0
2013-08-21 15:00:00,0.0
2013-08-21 16:00:00,1.19059627147496
2013-08-21 17:00:00,1.1423982226847857
2013-08-21 18:00:00,0.0
2013-08-21 19:00:00,0.0
2013-08-21 20:00:00,0.0
2013-08-21 21:00:00,0.0
2013-08-21 22:00:00,0.0
2013-08-21 23:00:00,0.0
2013-08-22 00:00:00,0.0
2013-08-22 01:00:00,0.0
2013-08-22 02:00:00,0.0
2013-08-22 03:00:00,-1.135451176530898
2013-08-22 04:00:00,0.0
2013-08-22 05:00:00,0.0
2013-08-22 06:00:00,0.0
2013-08-22 07:00:00,0.0
2013-08-22 08:00:00,0.0
2013-08-22 09:00:00,0.18429267619914727
2013-08-22 10:00:00,0.0
2013-08-22 11:00:00,0.0
2013-08-22 12:00:00,0.0
2013-08-22 13:00:00,0.0
2013-08-22 14:00:00,0.0
2013-08-22 15:00:00,1.2168583089390663
2013-08-22 16:00:00,0.0
2013-08-22 17:00:00,1.2475774642423256
2013-08-22 18:00:00,0.0
2013-08-22 19:00:00,0.0
2013-08-22 20:00:00,0.0
2013-08-22 21:00:00,0.0
2013-08-22 22:00:00,0.23970076855269232
2013-08-22 23:00:00,0.0
2013-08-23 00:00:00,0.0
2013-08-23 01:00:00,0.0
2013-08-23 02:00:00,0.0
2013-08-23 03:00:00,0.0
2013-08-23 04:00:00,0.0
2013-08-23 05:00:00,0.0
2013-08-23 06:00:00,-1.3279374910556274
2013-08-23 07:00:00,0.0
2013-08-23 08:00:00,-0.5670375603361923
2013-08-23 09:00:00,0.0
2013-08-23 10:00:00,0.0
2013-08-23 11:00:00,0.6515908935720107
2013-08-23 12:00:00,0.0
2013-08-23 13:00:00,1.015326667034865
2013-08-23 14:00:00,1.181813127497792
2013-08-23 15:00:00,0.0
2013-08-23 16:00:00,1.2606866343575232
2013-08-23 17:00:00,0.0
2013-08-23 18:00:00,1.2080751649618908
2013-08-23 19:00:00,0.0
2013-08-23 20:00:00,0.0
2013-08-23 21:00:00,0.0
2013-08-23 22:00:00,0.0
2013-08-23 23:00:00,0.0
2013-08-24 00:00:00,0.0
2013-08-24 01:00:00,0.0
2013-08-24 02:00:00,0.0
2013-08-24 03:00:00,0.0
2013-08-24 04:00:00,0.0
2013-08-24 05:00:00,0.0
2013-08-24 06:00:00,-1.2404119319198659
2013-08-24 07:00:00,0.0
2013-08-24 08:00:00,0.0
2013-08-24 09:00:00,0.0
2013-08-24 10:00:00,0.0
2013-08-24 11:00:00,0.0
2013-08-24 12:00:00,0.0
2013-08-24 13:00:00,0.0
2013-08-24 14:00:00,0.0
2013-08-24 15:00:00,0.0
2013-08-24 16:00:00,1.3878018872411615
2013-08-24 17:00:00,1.2957755130325301
2013-08-24 18:00:00,0.0
2013-08-24 19:00:00,0.0
2013-08-24 20:00:00,0.0
2013-08-24 21:00:00,0.0
2013-08-24 22:00:00,0.0
2013-08-24 23:00:00,0.0
2013-08-25 00:00:00,0.0
2013-08-25 01:00:00,0.0
2013-08-25 02:00:00,0.0
2013-08-25 03:00:00,0.0
2013-08-25 04:00:00,0.0
2013-08-25 05:00:00,0.0
2013-08-25 06:00:00,0.0
2013-08-25 07:00:00,0.0
2013-08-25 08:00:00,0.0
2013-08-25 09:00:00,0.0
2013-08-25 10:00:00,0.0
2013-08-25 11:00:00,0.0
2013-08-25 12:00:00,0.0
2013-08-25 13:00:00,0.0
2013-08-25 14:00:00,0.0
2013-08-25 15:00:00,0.0
2013-08-25 16:00:00,1.3132981037531635
2013-08-25 17:00:00,0.0
2013-08-25 18:00:00,0.0
2013-08-25 19:00:00,0.0
2013-08-25 20:00:00,0.0
2013-08-25 21:00:00,0.0
2013-08-25 22:00:00,0.0
2013-08-25 23:00:00,-0.6806940652349039
2013-08-26 00:00:00,0.0
2013-08-26 01:00:00,0.0
2013-08-26 02:00:00,0.0
2013-08-26 03:00:00,-1.209780171084035
2013-08-26 04:00:00,0.0
2013-08-26 05:00:00,0.0
2013-08-26 06:00:00,0.0
2013-08-26 07:00:00,-0.37026891690716807
2013-08-26 08:00:00,0.0
2013-08-26 09:00:00,0.0
2013-08-26 10:00:00,0.467538145154725
2013-08-26 11:00:00,0.0
2013-08-26 12:00:00,0.0
2013-08-26 13:00:00,0.0
2013-08-26 14:00:00,0.8751022440360288
2013-08-26 15:00:00,0.0
2013-08-26 16:00:00,0.0
2013-08-26 17:00:00,0.0
2013-08-26 18:00:00,0.0
2013-08-26 19:00:00,0.0
2013-08-26 20:00:00,0.0
2013-08-26 21:00:00,0.0
2013-08-26 22:00:00,0.0
2013-08-26 23:00:00,0.0
2013-08-27 00:00:00,0.0
2013-08-27 01:00:00,-1.0130115276550096
2013-08-27 02:00:00,-1.1660392401330126
2013-08-27 03:00:00,-0.9998586603060999
2013-08-27 04:00:00,-1.2185196178274948
2013-08-27 05:00:00,0.0
2013-08-27 06:00:00,-1.0392735651191094
2013-08-27 07:00:00,0.0
2013-08-27 08:00:00,0.0
2013-08-27 09:00:00,0.0
2013-08-27 10:00:00,0.0
2013-08-27 11:00:00,0.0
2013-08-27 12:00:00,0.664743760920919
2013-08-27 13:00:00,0.0
2013-08-27 14:00:00,0.0
2013-08-27 15:00:00,0.0
2013-08-27 16:00:00,0.0
2013-08-27 17:00:00,0.0
2013-08-27 18:00:00,0.0
2013-08-27 19:00:00,1.1073093440097863
2013-08-27 20:00:00,0.0
2013-08-27 21:00:00,0.0
2013-08-27 22:00:00,0.3755554681797885
2013-08-27 23:00:00,0.0
2013-08-28 00:00:00,0.0
2013-08-28 01:00:00,0.0
2013-08-28 02:00:00,0.0
2013-08-28 03:00:00,0.0
2013-08-28 04:00:00,0.0
2013-08-28 05:00:00,0.0
2013-08-28 06:00:00,-1.1049068101625021
2013-08-28 07:00:00,0.0
2013-08-28 08:00:00,0.0
2013-08-28 09:00:00,0.0
2013-08-28 10:00:00,0.0
2013-08-28 11:00:00,0.0
2013-08-28 12:00:00,0.9013642815001196
2013-08-28 13:00:00,1.019652693172872
2013-08-28 14:00:00,0.0
2013-08-28 15:00:00,0.0
2013-08-28 16:00:00,0.0
2013-08-28 17:00:00,0.989020932337041
2013-08-28 18:00:00,0.0
2013-08-28 19:00:00,1.1117227646152368
2013-08-28 20:00:00,0.9933906557087737
2013-08-28 21:00:00,0.0
2013-08-28 22:00:00,0.0
2013-08-28 23:00:00,-0.4664465283189559
2013-08-29 00:00:00,-1.1223420064157066
2013-08-29 01:00:00,0.0
2013-08-29 02:00:00,0.0
2013-08-29 03:00:00,0.0
2013-08-29 04:00:00,0.0
2013-08-29 05:00:00,-1.2972620329860791
2013-08-29 06:00:00,0.0
2013-08-29 07:00:00,0.0
2013-08-29 08:00:00,0.0
2013-08-29 09:00:00,0.0
2013-08-29 10:00:00,0.0
2013-08-29 11:00:00,0.7567264378958477
2013-08-29 12:00:00,1.098569897266329
2013-08-29 13:00:00,0.9977603790805064
2013-08-29 14:00:00,1.116092487986969
2013-08-29 15:00:00,1.1073093440097863
2013-08-29 16:00:00,1.041632401732674
2013-08-29 17:00:00,0.0
2013-08-29 18:00:00,0.0
2013-08-29 19:00:00,0.0
2013-08-29 20:00:00,0.0
2013-08-29 21:00:00,0.0
2013-08-29 22:00:00,0.0
2013-08-29 23:00:00,-0.7025863793272737
2013-08-30 00:00:00,0.0
2013-08-30 01:00:00,0.0
2013-08-30 02:00:00,0.0
2013-08-30 03:00:00,0.0
2013-08-30 04:00:00,0.0
2013-08-30 05:00:00,0.0
2013-08-30 06:00:00,0.0
2013-08-30 07:00:00,0.0
2013-08-30 08:00:00,0.0
2013-08-30 09:00:00,0.0
2013-08-30 10:00:00,0.0
2013-08-30 11:00:00,0.6515471963382926
2013-08-30 12:00:00,0.0
2013-08-30 13:00:00,0.0
2013-08-30 14:00:00,0.0
2013-08-30 15:00:00,0.0
2013-08-30 16:00:00,0.0
2013-08-30 17:00:00,0.0
2013-08-30 18:00:00,0.0
2013-08-30 19:00:00,1.1905962714749756
2013-08-30 20:00:00,0.0
2013-08-30 21:00:00,0.0
2013-08-30 22:00:00,0.0
2013-08-30 23:00:00,0.1608272616929621
2013-08-31 00:00:00,0.0
2013-08-31 01:00:00,0.0
2013-08-31 02:00:00,0.0
2013-08-31 03:00:00,0.0
2013-08-31 04:00:00,0.0
2013-08-31 05:00:00,-1.341046661170819
2013-08-31 06:00:00,0.0
2013-08-31 07:00:00,0.0
2013-08-31 08:00:00,0.0
2013-08-31 09:00:00,0.0
2013-08-31 10:00:00,0.4456458310623517
2013-08-31 11:00:00,0.7918153165708475
2013-08-31 12:00:00,1.1423982226847786
2013-08-31 13:00:00,1.3614524553096354
2013-08-31 14:00:00,0.0
2013-08-31 15:00:00,0.0
2013-08-31 16:00:00,0.0
2013-08-31 17:00:00,0.0
2013-08-31 18:00:00,0.0
2013-08-31 19:00:00,0.0
2013-08-31 20:00:00,0.0
2013-08-31 21:00:00,0.0
2013-08-31 22:00:00,0.4149703729928028
2013-08-31 23:00:00,0.0
2013-09-01 00:00:00,0.0
2013-09-01 01:00:00,0.0
2013-09-01 02:00:00,0.0
2013-09-01 03:00:00,0.0
2013-09-01 04:00:00,0.0
2013-09-01 05:00:00,0.0
2013-09-01 06:00:00,-1.0655356025832101
2013-09-01 07:00:00,0.0
2013-09-01 08:00:00,0.0
2013-09-01 09:00:00,0.0
2013-09-01 10:00:00,0.0
2013-09-01 11:00:00,0.0
2013-09-01 12:00:00,0.0
2013-09-01 13:00:00,1.146811643290236
2013-09-01 14:00:00,0.0
2013-09-01 15:00:00,0.0
2013-09-01 16:00:00,1.260686634357531
2013-09-01 17:00:00,1.374605322658551
2013-09-01 18:00:00,0.0
2013-09-01 19:00:00,0.0
2013-09-01 20:00:00,0.0
2013-09-01 21:00:00,0.0
2013-09-01 22:00:00,0.23970076855269318
2013-09-01 23:00:00,0.0
2013-09-02 00:00:00,0.0
2013-09-02 01:00:00,0.0
2013-09-02 02:00:00,0.0
2013-09-02 03:00:00,0.0
2013-09-02 04:00:00,0.0
2013-09-02 05:00:00,0.0
2013-09-02 06:00:00,0.0
2013-09-02 07:00:00,0.0
2013-09-02 08:00:00,0.0
2013-09-02 09:00:00,0.0
2013-09-02 10:00:00,0.0
2013-09-02 11:00:00,0.0
2013-09-02 12:00:00,0.0
2013-09-02 13:00:00,1.1993357182184332
2013-09-02 14:00:00,0.0
2013-09-02 15:00:00,0.0
2013-09-02 16:00:00,0.0
2013-09-02 17:00:00,1.2387943202651654
2013-09-02 18:00:00,0.0
2013-09-02 19:00:00,0.0
2013-09-02 20:00:00,1.1818131274977999
2013-09-02 21:00:00,0.0
2013-09-02 22:00:00,0.0
2013-09-02 23:00:00,0.0
2013-09-03 00:00:00,0.0
2013-09-03 01:00:00,0.0
2013-09-03 02:00:00,0.0
2013-09-03 03:00:00,0.0
2013-09-03 04:00:00,0.0
2013-09-03 05:00:00,0.0
2013-09-03 06:00:00,-1.2097801710840341
2013-09-03 07:00:00,0.0
2013-09-03 08:00:00,0.0
2013-09-03 09:00:00,0.0
2013-09-03 10:00:00,0.5157798911786252
2013-09-03 11:00:00,0.0
2013-09-03 12:00:00,0.9758680649881405
2013-09-03 13:00:00,0.0
2013-09-03 14:00:00,0.0
2013-09-03 15:00:00,0.0
2013-09-03 16:00:00,0.0
2013-09-03 17:00:00,1.3833884666357188
2013-09-03 18:00:00,0.0
2013-09-03 19:00:00,0.0
2013-09-03 20:00:00,0.0
2013-09-03 21:00:00,1.3571264291716203
2013-09-03 22:00:00,0.0
2013-09-03 23:00:00,-0.7681759271369484
2013-09-04 00:00:00,0.0
2013-09-04 01:00:00,-1.2535211020350567
2013-09-04 02:00:00,0.0
2013-09-04 03:00:00,0.0
2013-09-04 04:00:00,0.0
2013-09-04 05:00:00,0.0
2013-09-04 06:00:00,-1.1048194156950668
2013-09-04 07:00:00,0.0
2013-09-04 08:00:00,0.0
2013-09-04 09:00:00,-0.0871545396527437
2013-09-04 10:00:00,0.0
2013-09-04 11:00:00,0.0
2013-09-04 12:00:00,0.0
2013-09-04 13:00:00,0.0
2013-09-04 14:00:00,0.0
2013-09-04 15:00:00,0.0
2013-09-04 16:00:00,0.0
2013-09-04 17:00:00,0.0
2013-09-04 18:00:00,0.0
2013-09-04 19:00:00,0.0
2013-09-04 20:00:00,0.0
2013-09-04 21:00:00,1.2694697783347135
2013-09-04 22:00:00,0.0
2013-09-04 23:00:00,0.0
2013-09-05 00:00:00,-1.1223420064157066
2013-09-05 01:00:00,0.0
2013-09-05 02:00:00,-1.3322198199599227
2013-09-05 03:00:00,-1.2185196178274957
2013-09-05 04:00:00,-1.2710436927556958
2013-09-05 05:00:00,0.0
2013-09-05 06:00:00,0.0
2013-09-05 07:00:00,0.0
2013-09-05 08:00:00,0.0
2013-09-05 09:00:00,0.0
2013-09-05 10:00:00,0.6735269048980947
2013-09-05 11:00:00,0.0
2013-09-05 12:00:00,1.0328492577554982
2013-09-05 13:00:00,0.0
2013-09-05 14:00:00,0.0
2013-09-05 15:00:00,1.0284358371500475
2013-09-05 16:00:00,0.0
2013-09-05 17:00:00,1.2212717295445088
2013-09-05 18:00:00,0.0
2013-09-05 19:00:00,0.0
2013-09-05 20:00:00,1.3833884666357266
2013-09-05 21:00:00,0.0
2013-09-05 22:00:00,0.0
2013-09-05 23:00:00,-0.7681759271369479
2013-09-06 00:00:00,0.0
2013-09-06 01:00:00,0.0
2013-09-06 02:00:00,0.0
2013-09-06 03:00:00,0.0
2013-09-06 04:00:00,0.0
2013-09-06 05:00:00,0.0
2013-09-06 06:00:00,0.0
2013-09-06 07:00:00,0.0
2013-09-06 08:00:00,0.0
2013-09-06 09:00:00,0.0
2013-09-06 10:00:00,0.0
2013-09-06 11:00:00,0.0
2013-09-06 12:00:00,1.0065435230576742
2013-09-06 13:00:00,0.0
2013-09-06 14:00:00,0.0
2013-09-06 15:00:00,1.1861391536358072
2013-09-06 16:00:00,0.0
2013-09-06 17:00:00,0.0
2013-09-06 18:00:00,0.0
2013-09-06 19:00:00,0.0
2013-09-06 20:00:00,0.0
2013-09-06 21:00:00,0.0
2013-09-06 22:00:00,0.0
2013-09-06 23:00:00,0.0
2013-09-07 00:00:00,0.0
2013-09-07 01:00:00,0.0
2013-09-07 02:00:00,0.0
2013-09-07 03:00:00,-1.244737958057878
2013-09-07 04:00:00,0.0
2013-09-07 05:00:00,-1.4109622351185072
2013-09-07 06:00:00,0.0
2013-09-07 07:00:00,0.0
2013-09-07 08:00:00,0.0
2013-09-07 09:00:00,0.0
2013-09-07 10:00:00,0.0
2013-09-07 11:00:00,0.0
2013-09-07 12:00:00,1.1073530412435044
2013-09-07 13:00:00,0.0
2013-09-07 14:00:00,1.037218981127231
2013-09-07 15:00:00,1.111722764615229
2013-09-07 16:00:00,0.0
2013-09-07 17:00:00,1.1686602601488842
2013-09-07 18:00:00,0.0
2013-09-07 19:00:00,0.0
2013-09-07 20:00:00,0.0
2013-09-07 21:00:00,0.9189305694544783
2013-09-07 22:00:00,0.0
2013-09-07 23:00:00,0.0
2013-09-08 00:00:00,0.0
2013-09-08 01:00:00,-1.3628515807957535
2013-09-08 02:00:00,-1.4283974313717116
2013-09-08 03:00:00,0.0
2013-09-08 04:00:00,0.0
2013-09-08 05:00:00,-1.5027701231585648
2013-09-08 06:00:00,0.0
2013-09-08 07:00:00,-0.14566513560021999
2013-09-08 08:00:00,-0.7506533364163082
2013-09-08 09:00:00,0.0
2013-09-08 10:00:00,0.0
2013-09-08 11:00:00,0.0
2013-09-08 12:00:00,0.0
2013-09-08 13:00:00,0.6034365420155393
2013-09-08 14:00:00,0.0
2013-09-08 15:00:00,0.0
2013-09-08 16:00:00,0.0
2013-09-08 17:00:00,0.0
2013-09-08 18:00:00,0.0
2013-09-08 19:00:00,0.9496060275240423
2013-09-08 20:00:00,0.0
2013-09-08 21:00:00,0.0
2013-09-08 22:00:00,0.07317061085604501
2013-09-08 23:00:00,0.0
2013-09-09 00:00:00,0.0
2013-09-09 01:00:00,0.0
2013-09-09 02:00:00,-1.2404119319198643
2013-09-09 03:00:00,0.0
2013-09-09 04:00:00,-1.2316724851764038
2013-09-09 05:00:00,0.0
2013-09-09 06:00:00,0.0
2013-09-09 07:00:00,0.0
2013-09-09 08:00:00,-0.75502305978804
2013-09-09 09:00:00,0.0
2013-09-09 10:00:00,0.0
2013-09-09 11:00:00,0.0
2013-09-09 12:00:00,0.0
2013-09-09 13:00:00,0.0
2013-09-09 14:00:00,1.12924535533587
2013-09-09 15:00:00,0.0
2013-09-09 16:00:00,0.0
2013-09-09 17:00:00,1.072220465334794
2013-09-09 18:00:00,0.0
2013-09-09 19:00:00,0.0
2013-09-09 20:00:00,0.0
2013-09-09 21:00:00,0.0
2013-09-09 22:00:00,0.0
2013-09-09 23:00:00,0.0
2013-09-10 00:00:00,0.0
2013-09-10 01:00:00,0.0
2013-09-10 02:00:00,-1.4153319584902375
2013-09-10 03:00:00,0.0
2013-09-10 04:00:00,0.0
2013-09-10 05:00:00,-1.4153319584902375
2013-09-10 06:00:00,0.0
2013-09-10 07:00:00,0.0
2013-09-10 08:00:00,-0.7288484167913732
2013-09-10 09:00:00,0.0
2013-09-10 10:00:00,0.0
2013-09-10 11:00:00,0.2834853967374345
2013-09-10 12:00:00,0.0
2013-09-10 13:00:00,0.0
2013-09-10 14:00:00,0.0
2013-09-10 15:00:00,0.0
2013-09-10 16:00:00,1.0021737996859494
2013-09-10 17:00:00,0.0
2013-09-10 18:00:00,1.431630212659626
2013-09-10 19:00:00,0.0
2013-09-10 20:00:00,1.2957755130325224
2013-09-10 21:00:00,0.0
2013-09-10 22:00:00,0.29663826408634586
2013-09-10 23:00:00,0.0
2013-09-11 00:00:00,0.0
2013-09-11 01:00:00,0.0
2013-09-11 02:00:00,0.0
2013-09-11 03:00:00,0.0
2013-09-11 04:00:00,0.0
2013-09-11 05:00:00,0.0
2013-09-11 06:00:00,-1.1572997933895515
2013-09-11 07:00:00,0.0
2013-09-11 08:00:00,-0.6588454483762514
2013-09-11 09:00:00,0.0
2013-09-11 10:00:00,0.0
2013-09-11 11:00:00,0.0
2013-09-11 12:00:00,1.0678507419630618
2013-09-11 13:00:00,0.0
2013-09-11 14:00:00,0.0
2013-09-11 15:00:00,1.1204622113586944
2013-09-11 16:00:00,0.0
2013-09-11 17:00:00,1.2255977556825308
2013-09-11 18:00:00,1.3570827319379022
2013-09-11 19:00:00,0.0
2013-09-11 20:00:00,0.0
2013-09-11 21:00:00,0.0
2013-09-11 22:00:00,0.0
2013-09-11 23:00:00,0.0
2013-09-12 00:00:00,0.0
2013-09-12 01:00:00,-1.227259064570957
2013-09-12 02:00:00,0.0
2013-09-12 03:00:00,0.0
2013-09-12 04:00:00,0.0
2013-09-12 05:00:00,0.0
2013-09-12 06:00:00,0.0
2013-09-12 07:00:00,0.0
2013-09-12 08:00:00,-0.6457362782610588
2013-09-12 09:00:00,0.0
2013-09-12 10:00:00,0.0
2013-09-12 11:00:00,0.0
2013-09-12 12:00:00,0.0
2013-09-12 13:00:00,0.0
2013-09-12 14:00:00,0.0
2013-09-12 15:00:00,0.0
2013-09-12 16:00:00,0.0
2013-09-12 17:00:00,0.0
2013-09-12 18:00:00,0.0
2013-09-12 19:00:00,0.0
2013-09-12 20:00:00,1.5191994690291044
2013-09-12 21:00:00,1.2300111762879822
2013-09-12 22:00:00,0.0
2013-09-12 23:00:00,0.0
2013-09-13 00:00:00,0.0
2013-09-13 01:00:00,0.0
2013-09-13 02:00:00,0.0
2013-09-13 03:00:00,0.0
2013-09-13 04:00:00,0.0
2013-09-13 05:00:00,0.0
2013-09-13 06:00:00,0.0
2013-09-13 07:00:00,0.0
2013-09-13 08:00:00,0.0
2013-09-13 09:00:00,-0.10467713037339034
2013-09-13 10:00:00,0.0
2013-09-13 11:00:00,0.0
2013-09-13 12:00:00,0.0
2013-09-13 13:00:00,1.1905525742412575
2013-09-13 14:00:00,0.0
2013-09-13 15:00:00,0.0
2013-09-13 16:00:00,0.0
2013-09-13 17:00:00,1.247533767008623
2013-09-13 18:00:00,1.3921716106128945
2013-09-13 19:00:00,0.0
2013-09-13 20:00:00,0.0
2013-09-13 21:00:00,0.0
2013-09-13 22:00:00,0.0
2013-09-13 23:00:00,0.0
2013-09-14 00:00:00,0.0
2013-09-14 01:00:00,0.0
2013-09-14 02:00:00,-1.2491950758970438
2013-09-14 03:00:00,0.0
2013-09-14 04:00:00,0.0
2013-09-14 05:00:00,-1.3891136182598545
2013-09-14 06:00:00,-1.2754134161274262
2013-09-14 07:00:00,0.0
2013-09-14 08:00:00,0.0
2013-09-14 09:00:00,-0.12665683893319238
2013-09-14 10:00:00,0.0
2013-09-14 11:00:00,0.0
2013-09-14 12:00:00,0.0
2013-09-14 13:00:00,0.0
2013-09-14 14:00:00,1.1905525742412497
2013-09-14 15:00:00,1.3001452364042478
2013-09-14 16:00:00,0.0
2013-09-14 17:00:00,0.0
2013-09-14 18:00:00,0.0
2013-09-14 19:00:00,0.0
2013-09-14 20:00:00,0.0
2013-09-14 21:00:00,1.06789443919678
2013-09-14 22:00:00,0.3842949149232539
2013-09-14 23:00:00,0.0
2013-09-15 00:00:00,0.0
2013-09-15 01:00:00,0.0
2013-09-15 02:00:00,0.0
2013-09-15 03:00:00,0.0
2013-09-15 04:00:00,-1.2404556291535815
2013-09-15 05:00:00,0.0
2013-09-15 06:00:00,0.0
2013-09-15 07:00:00,-0.307388597587963
2013-09-15 08:00:00,0.0
2013-09-15 09:00:00,0.0
2013-09-15 10:00:00,0.0
2013-09-15 11:00:00,0.0
2013-09-15 12:00:00,0.0
2013-09-15 13:00:00,0.0
2013-09-15 14:00:00,0.0
2013-09-15 15:00:00,1.1073530412435122
2013-09-15 16:00:00,1.06789443919678
2013-09-15 17:00:00,0.0
2013-09-15 18:00:00,0.0
2013-09-15 19:00:00,0.0
2013-09-15 20:00:00,0.0
2013-09-15 21:00:00,0.0
2013-09-15 22:00:00,0.0
2013-09-15 23:00:00,-0.8337654749466229
2013-09-16 00:00:00,0.0
2013-09-16 01:00:00,0.0
2013-09-16 02:00:00,0.0
2013-09-16 03:00:00,0.0
2013-09-16 04:00:00,-1.3191543470784493
2013-09-16 05:00:00,0.0
2013-09-16 06:00:00,0.0
2013-09-16 07:00:00,-0.34225899009437366
2013-09-16 08:00:00,0.0
2013-09-16 09:00:00,0.0
2013-09-16 10:00:00,0.37551177094607824
2013-09-16 11:00:00,0.5858702540611807
2013-09-16 12:00:00,0.9451926069185842
2013-09-16 13:00:00,0.0
2013-09-16 14:00:00,0.0
2013-09-16 15:00:00,0.0
2013-09-16 16:00:00,0.0
2013-09-16 17:00:00,0.0
2013-09-16 18:00:00,0.0
2013-09-16 19:00:00,0.0
2013-09-16 20:00:00,0.0
2013-09-16 21:00:00,1.054697874614154
2013-09-16 22:00:00,0.38866463829498615
2013-09-16 23:00:00,0.0
2013-09-17 00:00:00,0.0
2013-09-17 01:00:00,0.0
2013-09-17 02:00:00,0.0
2013-09-17 03:00:00,-1.1923012775971118
2013-09-17 04:00:00,0.0
2013-09-17 05:00:00,0.0
2013-09-17 06:00:00,0.0
2013-09-17 07:00:00,0.0
2013-09-17 08:00:00,0.0
2013-09-17 09:00:00,0.0
2013-09-17 10:00:00,0.0
2013-09-17 11:00:00,0.0
2013-09-17 12:00:00,0.0
2013-09-17 13:00:00,0.0
2013-09-17 14:00:00,0.0
2013-09-17 15:00:00,0.0
2013-09-17 16:00:00,0.0
2013-09-17 17:00:00,1.2869923690553398
2013-09-17 18:00:00,0.0
2013-09-17 19:00:00,0.0
2013-09-17 20:00:00,0.0
2013-09-17 21:00:00,1.0284795343837734
2013-09-17 22:00:00,0.0
2013-09-17 23:00:00,0.0
2013-09-18 00:00:00,0.0
2013-09-18 01:00:00,0.0
2013-09-18 02:00:00,0.0
2013-09-18 03:00:00,-1.2535211020350567
2013-09-18 04:00:00,0.0
2013-09-18 05:00:00,0.0
2013-09-18 06:00:00,0.0
2013-09-18 07:00:00,-0.3731092370987935
2013-09-18 08:00:00,0.0
2013-09-18 09:00:00,0.0
2013-09-18 10:00:00,0.0
2013-09-18 11:00:00,0.0
2013-09-18 12:00:00,0.0
2013-09-18 13:00:00,1.1862265481032432
2013-09-18 14:00:00,0.0
2013-09-18 15:00:00,1.0942001738945957
2013-09-18 16:00:00,0.0
2013-09-18 17:00:00,0.0
2013-09-18 18:00:00,0.0
2013-09-18 19:00:00,1.3483432851944377
2013-09-18 20:00:00,0.0
2013-09-18 21:00:00,0.0
2013-09-18 22:00:00,0.3799251915515212
2013-09-18 23:00:00,-0.5610947365506395
2013-09-19 00:00:00,-1.1616695167612816
2013-09-19 01:00:00,0.0
2013-09-19 02:00:00,0.0
2013-09-19 03:00:00,0.0
2013-09-19 04:00:00,-1.2228893411992252
2013-09-19 05:00:00,0.0
2013-09-19 06:00:00,-1.4197453790956844
2013-09-19 07:00:00,0.0
2013-09-19 08:00:00,0.0
2013-09-19 09:00:00,0.12735518066550539
2013-09-19 10:00:00,0.0
2013-09-19 11:00:00,0.0
2013-09-19 12:00:00,0.0
2013-09-19 13:00:00,1.2606866343575232
2013-09-19 14:00:00,0.0
2013-09-19 15:00:00,0.0
2013-09-19 16:00:00,0.0
2013-09-19 17:00:00,1.4140202274715574
2013-09-19 18:00:00,0.0
2013-09-19 19:00:00,0.0
2013-09-19 20:00:00,0.0
2013-09-19 21:00:00,0.0
2013-09-19 22:00:00,0.0
2013-09-19 23:00:00,-0.6179885348505707
2013-09-20 00:00:00,-1.2536084965024912
2013-09-20 01:00:00,0.0
2013-09-20 02:00:00,0.0
2013-09-20 03:00:00,-1.1529300700178202
2013-09-20 04:00:00,0.0
2013-09-20 05:00:00,0.0
2013-09-20 06:00:00,0.0
2013-09-20 07:00:00,0.0
2013-09-20 08:00:00,-0.6632588689816995
2013-09-20 09:00:00,0.0
2013-09-20 10:00:00,0.0
2013-09-20 11:00:00,0.0
2013-09-20 12:00:00,0.0
2013-09-20 13:00:00,0.0
2013-09-20 14:00:00,0.0
2013-09-20 15:00:00,0.0
2013-09-20 16:00:00,1.4140639247052678
2013-09-20 17:00:00,0.0
2013-09-20 18:00:00,0.0
2013-09-20 19:00:00,1.3878018872411615
2013-09-20 20:00:00,1.4315428181921899
2013-09-20 21:00:00,0.0
2013-09-20 22:00:00,0.0
2013-09-20 23:00:00,0.0
2013-09-21 00:00:00,0.0
2013-09-21 01:00:00,0.0
2013-09-21 02:00:00,0.0
2013-09-21 03:00:00,0.0
2013-09-21 04:00:00,0.0
2013-09-21 05:00:00,0.0
2013-09-21 06:00:00,0.0
2013-09-21 07:00:00,0.0
2013-09-21 08:00:00,0.0
2013-09-21 09:00:00,0.0
2013-09-21 10:00:00,0.0
2013-09-21 11:00:00,0.0
2013-09-21 12:00:00,1.5236565868682659
2013-09-21 13:00:00,0.0
2013-09-21 14:00:00,0.0
2013-09-21 15:00:00,0.0
2013-09-21 16:00:00,0.0
2013-09-21 17:00:00,1.6200089872149346
2013-09-21 18:00:00,0.0
2013-09-21 19:00:00,1.6769901799823002
2013-09-21 20:00:00,0.0
2013-09-21 21:00:00,0.0
2013-09-21 22:00:00,0.5683476633405397
2013-09-21 23:00:00,0.32294399878415603
2013-09-22 00:00:00,0.0
2013-09-22 01:00:00,0.0
2013-09-22 02:00:00,0.0
2013-09-22 03:00:00,0.0
2013-09-22 04:00:00,0.0
2013-09-22 05:00:00,0.0
2013-09-22 06:00:00,0.0
2013-09-22 07:00:00,0.0
2013-09-22 08:00:00,0.0
2013-09-22 09:00:00,0.0
2013-09-22 10:00:00,0.0
2013-09-22 11:00:00,0.0
2013-09-22 12:00:00,0.0
2013-09-22 13:00:00,0.0
2013-09-22 14:00:00,0.0
2013-09-22 15:00:00,1.396585031218337
2013-09-22 16:00:00,0.0
2013-09-22 17:00:00,0.0
2013-09-22 18:00:00,0.0
2013-09-22 19:00:00,1.3132981037531635
2013-09-22 20:00:00,0.9013642815001269
2013-09-22 21:00:00,0.0
2013-09-22 22:00:00,0.0
2013-09-22 23:00:00,0.0
2013-09-23 00:00:00,0.0
2013-09-23 01:00:00,0.0
2013-09-23 02:00:00,0.0
2013-09-23 03:00:00,-1.1660392401330109
2013-09-23 04:00:00,-1.271087389989413
2013-09-23 05:00:00,0.0
2013-09-23 06:00:00,0.0
2013-09-23 07:00:00,0.0
2013-09-23 08:00:00,-0.6632588689816986
2013-09-23 09:00:00,0.0
2013-09-23 10:00:00,0.0
2013-09-23 11:00:00,0.0
2013-09-23 12:00:00,1.146767946056511
2013-09-23 13:00:00,0.0
2013-09-23 14:00:00,0.0
2013-09-23 15:00:00,0.0
2013-09-23 16:00:00,0.0
2013-09-23 17:00:00,0.0
2013-09-23 18:00:00,1.2650563577292633
2013-09-23 19:00:00,0.0
2013-09-23 20:00:00,0.0
2013-09-23 21:00:00,0.0
2013-09-23 22:00:00,0.3842949149232539
2013-09-23 23:00:00,-0.2638224555718129
2013-09-24 00:00:00,0.0
2013-09-24 01:00:00,0.0
2013-09-24 02:00:00,-1.113602559672246
2013-09-24 03:00:00,0.0
2013-09-24 04:00:00,-1.1179722830439764
2013-09-24 05:00:00,0.0
2013-09-24 06:00:00,0.0
2013-09-24 07:00:00,0.0
2013-09-24 08:00:00,0.0
2013-09-24 09:00:00,0.0
2013-09-24 10:00:00,0.0
2013-09-24 11:00:00,0.8005547633142972
2013-09-24 12:00:00,0.0
2013-09-24 13:00:00,0.0
2013-09-24 14:00:00,0.0
2013-09-24 15:00:00,0.0
2013-09-24 16:00:00,0.0
2013-09-24 17:00:00,0.0
2013-09-24 18:00:00,0.0
2013-09-24 19:00:00,0.0
2013-09-24 20:00:00,0.0
2013-09-24 21:00:00,0.0
2013-09-24 22:00:00,0.0
2013-09-24 23:00:00,0.0
2013-09-25 00:00:00,0.0
2013-09-25 01:00:00,-1.1704963579721768
2013-09-25 02:00:00,0.0
2013-09-25 03:00:00,0.0
2013-09-25 04:00:00,0.0
2013-09-25 05:00:00,0.0
2013-09-25 06:00:00,0.0
2013-09-25 07:00:00,0.0
2013-09-25 08:00:00,0.0
2013-09-25 09:00:00,0.0
2013-09-25 10:00:00,0.0
2013-09-25 11:00:00,0.0
2013-09-25 12:00:00,0.0
2013-09-25 13:00:00,1.098569897266321
2013-09-25 14:00:00,0.0
2013-09-25 15:00:00,0.8137076306632129
2013-09-25 16:00:00,0.0
2013-09-25 17:00:00,0.0
2013-09-25 18:00:00,0.0
2013-09-25 19:00:00,1.1073093440097863
2013-09-25 20:00:00,0.0
2013-09-25 21:00:00,0.0
2013-09-25 22:00:00,0.0
2013-09-25 23:00:00,0.0
2013-09-26 00:00:00,0.0
2013-09-26 01:00:00,0.0
2013-09-26 02:00:00,-0.9167902190095029
2013-09-26 03:00:00,0.0
2013-09-26 04:00:00,-1.0611221819777616
2013-09-26 05:00:00,0.0
2013-09-26 06:00:00,0.0
2013-09-26 07:00:00,0.0
2013-09-26 08:00:00,-0.5451889434775405
2013-09-26 09:00:00,0.1112309014238161
2013-09-26 10:00:00,0.0
2013-09-26 11:00:00,0.0
2013-09-26 12:00:00,0.6866360750132924
2013-09-26 13:00:00,0.0
2013-09-26 14:00:00,0.9320397395696759
2013-09-26 15:00:00,0.0
2013-09-26 16:00:00,0.0
2013-09-26 17:00:00,0.8794719674077537
2013-09-26 18:00:00,0.0
2013-09-26 19:00:00,0.0
2013-09-26 20:00:00,0.0
2013-09-26 21:00:00,0.0
2013-09-26 22:00:00,0.0
2013-09-26 23:00:00,0.0
2013-09-27 00:00:00,-0.8030900168770745
2013-09-27 01:00:00,0.0
2013-09-27 02:00:00,0.0
2013-09-27 03:00:00,0.0
2013-09-27 04:00:00,0.0
2013-09-27 05:00:00,-1.187931554225382
2013-09-27 06:00:00,0.0
2013-09-27 07:00:00,0.0
2013-09-27 08:00:00,0.0
2013-09-27 09:00:00,0.0
2013-09-27 10:00:00,0.7436172677806497
2013-09-27 11:00:00,0.7129418097111085
2013-09-27 12:00:00,0.0
2013-09-27 13:00:00,0.0
2013-09-27 14:00:00,0.0
2013-09-27 15:00:00,0.0
2013-09-27 16:00:00,0.0
2013-09-27 17:00:00,0.0
2013-09-27 18:00:00,0.0
2013-09-27 19:00:00,0.0
2013-09-27 20:00:00,0.0
2013-09-27 21:00:00,0.0
2013-09-27 22:00:00,0.0
2013-09-27 23:00:00,0.23970076855269534
2013-09-28 00:00:00,0.0
2013-09-28 01:00:00,-1.2841528628708874
2013-09-28 02:00:00,0.0
2013-09-28 03:00:00,0.0
2013-09-28 04:00:00,0.0
2013-09-28 05:00:00,0.0
2013-09-28 06:00:00,-1.3453289900751146
2013-09-28 07:00:00,0.01933561891632744
2013-09-28 08:00:00,0.0
2013-09-28 09:00:00,0.0
2013-09-28 10:00:00,0.0
2013-09-28 11:00:00,0.7698793052447557
2013-09-28 12:00:00,1.0810036093119775
2013-09-28 13:00:00,0.0
2013-09-28 14:00:00,0.0
2013-09-28 15:00:00,0.0
2013-09-28 16:00:00,0.0
2013-09-28 17:00:00,0.0
2013-09-28 18:00:00,0.0
2013-09-28 19:00:00,0.0
2013-09-28 20:00:00,1.1730736807543345
2013-09-28 21:00:00,0.0
2013-09-28 22:00:00,0.0
2013-09-28 23:00:00,0.16952301120270466
2013-09-29 00:00:00,-0.8060614287698528
2013-09-29 01:00:00,0.0
2013-09-29 02:00:00,0.0
2013-09-29 03:00:00,0.0
2013-09-29 04:00:00,0.0
2013-09-29 05:00:00,0.0
2013-09-29 06:00:00,0.0
2013-09-29 07:00:00,-0.11782999772229694
2013-09-29 08:00:00,0.0
2013-09-29 09:00:00,0.0
2013-09-29 10:00:00,0.0
2013-09-29 11:00:00,0.0
2013-09-29 12:00:00,0.0
2013-09-29 13:00:00,0.0
2013-09-29 14:00:00,0.6734395104306737
2013-09-29 15:00:00,0.0
2013-09-29 16:00:00,0.0
2013-09-29 17:00:00,0.0
2013-09-29 18:00:00,0.0
2013-09-29 19:00:00,0.0
2013-09-29 20:00:00,0.0
2013-09-29 21:00:00,0.0
2013-09-29 22:00:00,0.0
2013-09-29 23:00:00,-0.6806940652349035
2013-09-30 00:00:00,-1.2009970271068555
2013-09-30 01:00:00,0.0
2013-09-30 02:00:00,0.0
2013-09-30 03:00:00,0.0
2013-09-30 04:00:00,0.0
2013-09-30 05:00:00,0.0
2013-09-30 06:00:00,0.0
2013-09-30 07:00:00,0.0
2013-09-30 08:00:00,0.0
2013-09-30 09:00:00,0.0
2013-09-30 10:00:00,0.0
2013-09-30 11:00:00,0.0
2013-09-30 12:00:00,0.0
2013-09-30 13:00:00,0.0
2013-09-30 14:00:00,0.0
2013-09-30 15:00:00,0.0
2013-09-30 16:00:00,0.5333024818992658
2013-09-30 17:00:00,0.0
2013-09-30 18:00:00,0.0
2013-09-30 19:00:00,0.0
2013-09-30 20:00:00,0.0
2013-09-30 21:00:00,0.0
2013-09-30 22:00:00,0.0
2013-09-30 23:00:00,0.0
2013-10-01 00:00:00,0.0
2013-10-01 01:00:00,0.0
2013-10-01 02:00:00,-1.2141498944557645
2013-10-01 03:00:00,0.0
2013-10-01 04:00:00,0.0
2013-10-01 05:00:00,-1.2666302721502476
2013-10-01 06:00:00,0.0
2013-10-01 07:00:00,-0.08715453965274672
2013-10-01 08:00:00,0.0
2013-10-01 09:00:00,0.0
2013-10-01 10:00:00,0.0
2013-10-01 11:00:00,0.0
2013-10-01 12:00:00,0.0
2013-10-01 13:00:00,0.0
2013-10-01 14:00:00,0.0
2013-10-01 15:00:00,0.0
2013-10-01 16:00:00,0.0
2013-10-01 17:00:00,0.0
2013-10-01 18:00:00,0.0
2013-10-01 19:00:00,0.8882114141512186
2013-10-01 20:00:00,1.0591112952196042
2013-10-01 21:00:00,0.0
2013-10-01 22:00:00,0.0
2013-10-01 23:00:00,0.0
2013-10-02 00:00:00,0.0
2013-10-02 01:00:00,-1.3278937938219093
2013-10-02 02:00:00,0.0
2013-10-02 03:00:00,0.0
2013-10-02 04:00:00,0.0
2013-10-02 05:00:00,-1.4197453790956844
2013-10-02 06:00:00,0.0
2013-10-02 07:00:00,0.0
2013-10-02 08:00:00,0.0
2013-10-02 09:00:00,0.0
2013-10-02 10:00:00,0.0
2013-10-02 11:00:00,0.6121322915252939
2013-10-02 12:00:00,0.0
2013-10-02 13:00:00,0.0
2013-10-02 14:00:00,0.0
2013-10-02 15:00:00,0.0
2013-10-02 16:00:00,0.0
2013-10-02 17:00:00,0.0
2013-10-02 18:00:00,0.848752812104494
2013-10-02 19:00:00,0.0
2013-10-02 20:00:00,1.06789443919678
2013-10-02 21:00:00,0.0
2013-10-02 22:00:00,0.0
2013-10-02 23:00:00,0.0
2013-10-03 00:00:00,-1.323524070450179
2013-10-03 01:00:00,0.0
2013-10-03 02:00:00,0.0
2013-10-03 03:00:00,-1.1660392401330117
2013-10-03 04:00:00,0.0
2013-10-03 05:00:00,-1.3672650014012013
2013-10-03 06:00:00,-1.2578908254067869
2013-10-03 07:00:00,0.0
2013-10-03 08:00:00,0.0
2013-10-03 09:00:00,0.0
2013-10-03 10:00:00,0.0
2013-10-03 11:00:00,0.0
2013-10-03 12:00:00,0.0
2013-10-03 13:00:00,0.0
2013-10-03 14:00:00,0.6954192189904753
2013-10-03 15:00:00,0.6954192189904753
2013-10-03 16:00:00,0.0
2013-10-03 17:00:00,0.0
2013-10-03 18:00:00,0.0
2013-10-03 19:00:00,0.8092942100577621
2013-10-03 20:00:00,0.8093379072914876
2013-10-03 21:00:00,0.0
2013-10-03 22:00:00,0.0
2013-10-03 23:00:00,0.0
2013-10-04 00:00:00,0.0
2013-10-04 01:00:00,-1.3410029639371015
2013-10-04 02:00:00,-1.3978093677695982
2013-10-04 03:00:00,0.0
2013-10-04 04:00:00,0.0
2013-10-04 05:00:00,0.0
2013-10-04 06:00:00,0.0
2013-10-04 07:00:00,-0.31612804433142666
2013-10-04 08:00:00,0.0
2013-10-04 09:00:00,0.0
2013-10-04 10:00:00,0.0
2013-10-04 11:00:00,0.0
2013-10-04 12:00:00,0.0
2013-10-04 13:00:00,0.0
2013-10-04 14:00:00,0.0
2013-10-04 15:00:00,0.0
2013-10-04 16:00:00,0.0
2013-10-04 17:00:00,0.0
2013-10-04 18:00:00,0.0
2013-10-04 19:00:00,0.0
2013-10-04 20:00:00,0.9539320536620418
2013-10-04 21:00:00,0.0
2013-10-04 22:00:00,0.0
2013-10-04 23:00:00,0.0
2013-10-05 00:00:00,0.0
2013-10-05 01:00:00,0.0
2013-10-05 02:00:00,0.0
2013-10-05 03:00:00,0.0
2013-10-05 04:00:00,0.0
2013-10-05 05:00:00,0.0
2013-10-05 06:00:00,0.0
2013-10-05 07:00:00,-0.4080233268389196
2013-10-05 08:00:00,0.0
2013-10-05 09:00:00,0.0
2013-10-05 10:00:00,0.0
2013-10-05 11:00:00,0.0
2013-10-05 12:00:00,0.0
2013-10-05 13:00:00,0.0
2013-10-05 14:00:00,0.42812324034171073
2013-10-05 15:00:00,0.0
2013-10-05 16:00:00,0.0
2013-10-05 17:00:00,0.0
2013-10-05 18:00:00,0.0
2013-10-05 19:00:00,0.0
2013-10-05 20:00:00,0.0
2013-10-05 21:00:00,0.0
2013-10-05 22:00:00,0.0
2013-10-05 23:00:00,0.0
2013-10-06 00:00:00,-0.9605748471942425
2013-10-06 01:00:00,0.0
2013-10-06 02:00:00,-1.389069921026137
2013-10-06 03:00:00,0.0
2013-10-06 04:00:00,0.0
2013-10-06 05:00:00,0.0
2013-10-06 06:00:00,-1.3628515807957544
2013-10-06 07:00:00,-0.3993275773291767
2013-10-06 08:00:00,0.0
2013-10-06 09:00:00,0.0
2013-10-06 10:00:00,0.0
2013-10-06 11:00:00,0.0
2013-10-06 12:00:00,0.0
2013-10-06 13:00:00,0.0
2013-10-06 14:00:00,0.0
2013-10-06 15:00:00,0.0
2013-10-06 16:00:00,0.0
2013-10-06 17:00:00,0.0
2013-10-06 18:00:00,0.0
2013-10-06 19:00:00,0.0
2013-10-06 20:00:00,0.0
2013-10-06 21:00:00,0.0
2013-10-06 22:00:00,0.0
2013-10-06 23:00:00,-0.7593927831597705
2013-10-07 00:00:00,0.0
2013-10-07 01:00:00,0.0
2013-10-07 02:00:00,0.0
2013-10-07 03:00:00,-1.4153319584902375
2013-10-07 04:00:00,0.0
2013-10-07 05:00:00,0.0
2013-10-07 06:00:00,0.0
2013-10-07 07:00:00,-0.5085706616224392
2013-10-07 08:00:00,-0.5189269060134407
2013-10-07 09:00:00,0.0
2013-10-07 10:00:00,0.607806265387272
2013-10-07 11:00:00,0.6384380262231029
2013-10-07 12:00:00,0.0
2013-10-07 13:00:00,0.0
2013-10-07 14:00:00,0.0
2013-10-07 15:00:00,0.0
2013-10-07 16:00:00,0.0
2013-10-07 17:00:00,0.0
2013-10-07 18:00:00,0.0
2013-10-07 19:00:00,1.1511376694282363
2013-10-07 20:00:00,1.0897867532891532
2013-10-07 21:00:00,0.0
2013-10-07 22:00:00,0.0
2013-10-07 23:00:00,-0.8730929852921985
2013-10-08 00:00:00,0.0
2013-10-08 01:00:00,0.0
2013-10-08 02:00:00,-1.0830144960701327
2013-10-08 03:00:00,0.0
2013-10-08 04:00:00,0.0
2013-10-08 05:00:00,0.0
2013-10-08 06:00:00,0.0
2013-10-08 07:00:00,0.0
2013-10-08 08:00:00,-0.6806940652349039
2013-10-08 09:00:00,0.0
2013-10-08 10:00:00,0.37988149431781093
2013-10-08 11:00:00,0.0
2013-10-08 12:00:00,0.0
2013-10-08 13:00:00,0.6953755217567499
2013-10-08 14:00:00,0.0
2013-10-08 15:00:00,0.8356436419893042
2013-10-08 16:00:00,0.0
2013-10-08 17:00:00,0.0
2013-10-08 18:00:00,0.0
2013-10-08 19:00:00,0.0
2013-10-08 20:00:00,0.9802814855935834
2013-10-08 21:00:00,0.0
2013-10-08 22:00:00,0.0
2013-10-08 23:00:00,0.0
2013-10-09 00:00:00,-1.4197016818619677
2013-10-09 01:00:00,0.0
2013-10-09 02:00:00,0.0
2013-10-09 03:00:00,0.0
2013-10-09 04:00:00,0.0
2013-10-09 05:00:00,-1.4678123361847206
2013-10-09 06:00:00,0.0
2013-10-09 07:00:00,0.0
2013-10-09 08:00:00,0.0
2013-10-09 09:00:00,0.0
2013-10-09 10:00:00,0.37551177094607824
2013-10-09 11:00:00,0.0
2013-10-09 12:00:00,0.0
2013-10-09 13:00:00,0.0
2013-10-09 14:00:00,0.5639779399688147
2013-10-09 15:00:00,0.0
2013-10-09 16:00:00,0.0
2013-10-09 17:00:00,0.6603303403154683
2013-10-09 18:00:00,0.0
2013-10-09 19:00:00,0.0
2013-10-09 20:00:00,0.0
2013-10-09 21:00:00,0.0
2013-10-09 22:00:00,0.0
2013-10-09 23:00:00,-1.0043157781452656
2013-10-10 00:00:00,-1.4196579846282504
2013-10-10 01:00:00,0.0
2013-10-10 02:00:00,0.0
2013-10-10 03:00:00,0.0
2013-10-10 04:00:00,0.0
2013-10-10 05:00:00,0.0
2013-10-10 06:00:00,0.0
2013-10-10 07:00:00,0.0
2013-10-10 08:00:00,0.0
2013-10-10 09:00:00,0.0
2013-10-10 10:00:00,0.37114204757434555
2013-10-10 11:00:00,0.0
2013-10-10 12:00:00,0.0
2013-10-10 13:00:00,0.6165020148970188
2013-10-10 14:00:00,0.0
2013-10-10 15:00:00,0.0
2013-10-10 16:00:00,0.0
2013-10-10 17:00:00,0.0
2013-10-10 18:00:00,0.0
2013-10-10 19:00:00,0.0
2013-10-10 20:00:00,0.0
2013-10-10 21:00:00,0.0
2013-10-10 22:00:00,0.0
2013-10-10 23:00:00,0.0
2013-10-11 00:00:00,0.0
2013-10-11 01:00:00,0.0
2013-10-11 02:00:00,0.0
2013-10-11 03:00:00,-1.3322635171936401
2013-10-11 04:00:00,0.0
2013-10-11 05:00:00,0.0
2013-10-11 06:00:00,0.0
2013-10-11 07:00:00,0.0
2013-10-11 08:00:00,-0.9518354004507819
2013-10-11 09:00:00,0.0
2013-10-11 10:00:00,0.0
2013-10-11 11:00:00,0.0
2013-10-11 12:00:00,0.0
2013-10-11 13:00:00,0.5683039661068293
2013-10-11 14:00:00,0.5244756406883795
2013-10-11 15:00:00,0.0
2013-10-11 16:00:00,0.0
2013-10-11 17:00:00,0.6472211702002858
2013-10-11 18:00:00,0.0
2013-10-11 19:00:00,0.0
2013-10-11 20:00:00,0.0
2013-10-11 21:00:00,0.0
2013-10-11 22:00:00,0.0
2013-10-11 23:00:00,0.0
2013-10-12 00:00:00,-1.1529737672515368
2013-10-12 01:00:00,0.0
2013-10-12 02:00:00,0.0
2013-10-12 03:00:00,0.0
2013-10-12 04:00:00,0.0
2013-10-12 05:00:00,0.0
2013-10-12 06:00:00,0.0
2013-10-12 07:00:00,0.0
2013-10-12 08:00:00,0.0
2013-10-12 09:00:00,0.0
2013-10-12 10:00:00,0.0
2013-10-12 11:00:00,0.6252851588741944
2013-10-12 12:00:00,0.0
2013-10-12 13:00:00,0.0
2013-10-12 14:00:00,0.0
2013-10-12 15:00:00,0.0
2013-10-12 16:00:00,0.0
2013-10-12 17:00:00,0.0
2013-10-12 18:00:00,0.0
2013-10-12 19:00:00,0.0
2013-10-12 20:00:00,0.0
2013-10-12 21:00:00,0.0
2013-10-12 22:00:00,0.0
2013-10-12 23:00:00,0.05127829676367476
2013-10-13 00:00:00,0.0
2013-10-13 01:00:00,0.0
2013-10-13 02:00:00,0.0
2013-10-13 03:00:00,0.0
2013-10-13 04:00:00,0.0
2013-10-13 05:00:00,0.0
2013-10-13 06:00:00,-1.5902082878268926
2013-10-13 07:00:00,0.0
2013-10-13 08:00:00,0.0
2013-10-13 09:00:00,0.0
2013-10-13 10:00:00,0.0
2013-10-13 11:00:00,0.0
2013-10-13 12:00:00,0.0
2013-10-13 13:00:00,0.0
2013-10-13 14:00:00,0.0
2013-10-13 15:00:00,0.0
2013-10-13 16:00:00,0.0
2013-10-13 17:00:00,0.7085283891056579
2013-10-13 18:00:00,0.0
2013-10-13 19:00:00,0.0
2013-10-13 20:00:00,0.0
2013-10-13 21:00:00,0.25722335927333156
2013-10-13 22:00:00,0.0
2013-10-13 23:00:00,-0.7288047195576569
2013-10-14 00:00:00,0.0
2013-10-14 01:00:00,0.0
2013-10-14 02:00:00,0.0
2013-10-14 03:00:00,0.0
2013-10-14 04:00:00,0.0
2013-10-14 05:00:00,0.0
2013-10-14 06:00:00,0.0
2013-10-14 07:00:00,-0.469330545744299
2013-10-14 08:00:00,0.0
2013-10-14 09:00:00,0.0
2013-10-14 10:00:00,0.0
2013-10-14 11:00:00,0.47190786852645766
2013-10-14 12:00:00,0.450015554434084
2013-10-14 13:00:00,0.0
2013-10-14 14:00:00,0.0
2013-10-14 15:00:00,0.0
2013-10-14 16:00:00,0.0
2013-10-14 17:00:00,0.0
2013-10-14 18:00:00,0.0
2013-10-14 19:00:00,0.0
2013-10-14 20:00:00,0.0
2013-10-14 21:00:00,0.0
2013-10-14 22:00:00,0.0
2013-10-14 23:00:00,0.0
2013-10-15 00:00:00,0.0
2013-10-15 01:00:00,0.0
2013-10-15 02:00:00,0.0
2013-10-15 03:00:00,0.0
2013-10-15 04:00:00,0.0
2013-10-15 05:00:00,-1.3671776069337667
2013-10-15 06:00:00,-1.2316287879426864
2013-10-15 07:00:00,0.0
2013-10-15 08:00:00,0.0
2013-10-15 09:00:00,0.0
2013-10-15 10:00:00,0.0
2013-10-15 11:00:00,0.0
2013-10-15 12:00:00,0.0
2013-10-15 13:00:00,0.0
2013-10-15 14:00:00,0.0
2013-10-15 15:00:00,0.0
2013-10-15 16:00:00,0.0
2013-10-15 17:00:00,0.0
2013-10-15 18:00:00,0.0
2013-10-15 19:00:00,0.0
2013-10-15 20:00:00,0.0
2013-10-15 21:00:00,0.6735269048980947
2013-10-15 22:00:00,0.0
2013-10-15 23:00:00,0.0
2013-10-16 00:00:00,-1.3847001976544067
2013-10-16 01:00:00,0.0
2013-10-16 02:00:00,-1.3934396443978678
2013-10-16 03:00:00,0.0
2013-10-16 04:00:00,0.0
2013-10-16 05:00:00,0.0
2013-10-16 06:00:00,0.0
2013-10-16 07:00:00,0.0
2013-10-16 08:00:00,0.0
2013-10-16 09:00:00,0.0
2013-10-16 10:00:00,0.0
2013-10-16 11:00:00,0.0
2013-10-16 12:00:00,0.7085720863393836
2013-10-16 13:00:00,0.6997889423622007
2013-10-16 14:00:00,0.0
2013-10-16 15:00:00,0.5683913605742577
2013-10-16 16:00:00,0.0
2013-10-16 17:00:00,0.0
2013-10-16 18:00:00,0.0
2013-10-16 19:00:00,0.0
2013-10-16 20:00:00,0.0
2013-10-16 21:00:00,0.0
2013-10-16 22:00:00,0.3097911314352477
2013-10-16 23:00:00,0.01920452721517367
2013-10-17 00:00:00,0.0
2013-10-17 01:00:00,-1.1004933895570543
2013-10-17 02:00:00,0.0
2013-10-17 03:00:00,-1.0829707988364148
2013-10-17 04:00:00,0.0
2013-10-17 05:00:00,0.0
2013-10-17 06:00:00,-1.2622605487785181
2013-10-17 07:00:00,-0.3599563697498835
2013-10-17 08:00:00,0.0
2013-10-17 09:00:00,0.0
2013-10-17 10:00:00,0.0
2013-10-17 11:00:00,0.0
2013-10-17 12:00:00,0.0
2013-10-17 13:00:00,0.0
2013-10-17 14:00:00,0.6472211702002858
2013-10-17 15:00:00,0.0
2013-10-17 16:00:00,0.0
2013-10-17 17:00:00,0.0
2013-10-17 18:00:00,0.0
2013-10-17 19:00:00,0.0
2013-10-17 20:00:00,0.0
2013-10-17 21:00:00,0.0
2013-10-17 22:00:00,0.0
2013-10-17 23:00:00,-0.7725456505086793
2013-10-18 00:00:00,0.0
2013-10-18 01:00:00,0.0
2013-10-18 02:00:00,0.0
2013-10-18 03:00:00,0.0
2013-10-18 04:00:00,0.0
2013-10-18 05:00:00,-1.4678123361847206
2013-10-18 06:00:00,0.0
2013-10-18 07:00:00,-0.25499561436091744
2013-10-18 08:00:00,0.0
2013-10-18 09:00:00,0.0
2013-10-18 10:00:00,0.0
2013-10-18 11:00:00,0.0
2013-10-18 12:00:00,0.0
2013-10-18 13:00:00,0.8005984605480226
2013-10-18 14:00:00,0.0
2013-10-18 15:00:00,0.46312472454928205
2013-10-18 16:00:00,0.0
2013-10-18 17:00:00,0.0
2013-10-18 18:00:00,0.0
2013-10-18 19:00:00,0.0
2013-10-18 20:00:00,1.1379848020793353
2013-10-18 21:00:00,0.7436172677806501
2013-10-18 22:00:00,0.0
2013-10-18 23:00:00,0.0
2013-10-19 00:00:00,0.0
2013-10-19 01:00:00,0.0
2013-10-19 02:00:00,0.0
2013-10-19 03:00:00,-1.2797394422654391
2013-10-19 04:00:00,0.0
2013-10-19 05:00:00,0.0
2013-10-19 06:00:00,0.0
2013-10-19 07:00:00,0.0
2013-10-19 08:00:00,0.0
2013-10-19 09:00:00,0.0
2013-10-19 10:00:00,0.0
2013-10-19 11:00:00,0.0
2013-10-19 12:00:00,0.0
2013-10-19 13:00:00,0.0
2013-10-19 14:00:00,0.0
2013-10-19 15:00:00,0.8005984605480304
2013-10-19 16:00:00,0.0
2013-10-19 17:00:00,0.0
2013-10-19 18:00:00,0.0
2013-10-19 19:00:00,0.0
2013-10-19 20:00:00,0.0
2013-10-19 21:00:00,0.0
2013-10-19 22:00:00,0.0
2013-10-19 23:00:00,0.0
2013-10-20 00:00:00,0.0
2013-10-20 01:00:00,0.0
2013-10-20 02:00:00,0.0
2013-10-20 03:00:00,0.0
2013-10-20 04:00:00,0.0
2013-10-20 05:00:00,-1.3584381601903062
2013-10-20 06:00:00,0.0
2013-10-20 07:00:00,0.0
2013-10-20 08:00:00,0.0
2013-10-20 09:00:00,0.0
2013-10-20 10:00:00,0.0
2013-10-20 11:00:00,0.0
2013-10-20 12:00:00,0.0
2013-10-20 13:00:00,0.0
2013-10-20 14:00:00,0.0
2013-10-20 15:00:00,0.9496060275240346
2013-10-20 16:00:00,0.0
2013-10-20 17:00:00,0.0
2013-10-20 18:00:00,0.0
2013-10-20 19:00:00,0.0
2013-10-20 20:00:00,0.6383943289893848
2013-10-20 21:00:00,0.3755554681797885
2013-10-20 22:00:00,0.0
2013-10-20 23:00:00,0.0
2013-10-21 00:00:00,0.0
2013-10-21 01:00:00,0.0
2013-10-21 02:00:00,0.0
2013-10-21 03:00:00,0.0
2013-10-21 04:00:00,0.0
2013-10-21 05:00:00,0.0
2013-10-21 06:00:00,0.0
2013-10-21 07:00:00,0.0
2013-10-21 08:00:00,0.0
2013-10-21 09:00:00,0.0
2013-10-21 10:00:00,0.0
2013-10-21 11:00:00,0.0
2013-10-21 12:00:00,0.0
2013-10-21 13:00:00,0.0
2013-10-21 14:00:00,0.6121759887590043
2013-10-21 15:00:00,0.0
2013-10-21 16:00:00,0.0
2013-10-21 17:00:00,0.0
2013-10-21 18:00:00,0.0
2013-10-21 19:00:00,0.0
2013-10-21 20:00:00,0.0
2013-10-21 21:00:00,0.0
2013-10-21 22:00:00,0.0
2013-10-21 23:00:00,0.0
2013-10-22 00:00:00,-1.0742750493266713
2013-10-22 01:00:00,-1.0917539428135925
2013-10-22 02:00:00,0.0
2013-10-22 03:00:00,-1.2447816552915953
2013-10-22 04:00:00,-1.2797831394991572
2013-10-22 05:00:00,-1.3760044481446627
2013-10-22 06:00:00,0.0
2013-10-22 07:00:00,0.0
2013-10-22 08:00:00,0.0
2013-10-22 09:00:00,0.0
2013-10-22 10:00:00,0.0
2013-10-22 11:00:00,0.0
2013-10-22 12:00:00,0.0
2013-10-22 13:00:00,0.664743760920919
2013-10-22 14:00:00,0.0
2013-10-22 15:00:00,0.0
2013-10-22 16:00:00,0.0
2013-10-22 17:00:00,0.0
2013-10-22 18:00:00,0.0
2013-10-22 19:00:00,0.0
2013-10-22 20:00:00,0.0
2013-10-22 21:00:00,0.0
2013-10-22 22:00:00,0.16078356445923972
2013-10-22 23:00:00,0.0
2013-10-23 00:00:00,0.0
2013-10-23 01:00:00,0.0
2013-10-23 02:00:00,0.0
2013-10-23 03:00:00,0.0
2013-10-23 04:00:00,0.0
2013-10-23 05:00:00,0.0
2013-10-23 06:00:00,0.0
2013-10-23 07:00:00,0.0
2013-10-23 08:00:00,0.0
2013-10-23 09:00:00,0.0
2013-10-23 10:00:00,0.0
2013-10-23 11:00:00,0.0
2013-10-23 12:00:00,0.0
2013-10-23 13:00:00,0.0
2013-10-23 14:00:00,0.5420856258764415
2013-10-23 15:00:00,0.0
2013-10-23 16:00:00,0.0
2013-10-23 17:00:00,0.0
2013-10-23 18:00:00,0.0
2013-10-23 19:00:00,0.0
2013-10-23 20:00:00,0.0
2013-10-23 21:00:00,0.0
2013-10-23 22:00:00,0.0
2013-10-23 23:00:00,0.0
2013-10-24 00:00:00,0.0
2013-10-24 01:00:00,0.0
2013-10-24 02:00:00,0.0
2013-10-24 03:00:00,0.0
2013-10-24 04:00:00,0.0
2013-10-24 05:00:00,-1.3628515807957535
2013-10-24 06:00:00,-1.139864597136346
2013-10-24 07:00:00,0.0
2013-10-24 08:00:00,0.0
2013-10-24 09:00:00,-0.1485054557918476
2013-10-24 10:00:00,0.0
2013-10-24 11:00:00,0.4456458310623517
2013-10-24 12:00:00,0.0
2013-10-24 13:00:00,0.0
2013-10-24 14:00:00,0.0
2013-10-24 15:00:00,0.0
2013-10-24 16:00:00,0.4192963991308248
2013-10-24 17:00:00,0.0
2013-10-24 18:00:00,0.0
2013-10-24 19:00:00,0.0
2013-10-24 20:00:00,0.0
2013-10-24 21:00:00,0.0
2013-10-24 22:00:00,0.0
2013-10-24 23:00:00,0.0
2013-10-25 00:00:00,0.0
2013-10-25 01:00:00,0.0
2013-10-25 02:00:00,0.0
2013-10-25 03:00:00,0.0
2013-10-25 04:00:00,0.0
2013-10-25 05:00:00,0.0
2013-10-25 06:00:00,0.0
2013-10-25 07:00:00,0.0
2013-10-25 08:00:00,0.0
2013-10-25 09:00:00,0.0
2013-10-25 10:00:00,0.0
2013-10-25 11:00:00,0.0
2013-10-25 12:00:00,0.0
2013-10-25 13:00:00,0.0
2013-10-25 14:00:00,0.0
2013-10-25 15:00:00,0.0
2013-10-25 16:00:00,0.46316842178299233
2013-10-25 17:00:00,0.0
2013-10-25 18:00:00,0.0
2013-10-25 19:00:00,0.8575796533153882
2013-10-25 20:00:00,0.0
2013-10-25 21:00:00,0.0
2013-10-25 22:00:00,0.0
2013-10-25 23:00:00,0.0
2013-10-26 00:00:00,0.0
2013-10-26 01:00:00,0.0
2013-10-26 02:00:00,0.0
2013-10-26 03:00:00,0.0
2013-10-26 04:00:00,-1.3803304742826763
2013-10-26 05:00:00,-1.4765517829281818
2013-10-26 06:00:00,0.0
2013-10-26 07:00:00,0.0
2013-10-26 08:00:00,0.0
2013-10-26 09:00:00,0.0
2013-10-26 10:00:00,0.0
2013-10-26 11:00:00,0.0
2013-10-26 12:00:00,0.0
2013-10-26 13:00:00,0.0
2013-10-26 14:00:00,0.0
2013-10-26 15:00:00,0.0
2013-10-26 16:00:00,0.0
2013-10-26 17:00:00,0.5069967472014496
2013-10-26 18:00:00,0.6866360750132924
2013-10-26 19:00:00,0.6603740375491863
2013-10-26 20:00:00,1.0064998258239561
2013-10-26 21:00:00,0.0
2013-10-26 22:00:00,0.0
2013-10-26 23:00:00,0.0
2013-10-27 00:00:00,0.0
2013-10-27 01:00:00,0.0
2013-10-27 02:00:00,0.0
2013-10-27 03:00:00,0.0
2013-10-27 04:00:00,0.0
2013-10-27 05:00:00,0.0
2013-10-27 06:00:00,-1.6383189421496462
2013-10-27 07:00:00,0.0
2013-10-27 08:00:00,0.0
2013-10-27 09:00:00,0.0
2013-10-27 10:00:00,0.0
2013-10-27 11:00:00,0.0
2013-10-27 12:00:00,0.7611835557350166
2013-10-27 13:00:00,0.0
2013-10-27 14:00:00,0.0
2013-10-27 15:00:00,0.0
2013-10-27 16:00:00,0.0
2013-10-27 17:00:00,0.0
2013-10-27 18:00:00,0.0
2013-10-27 19:00:00,0.0
2013-10-27 20:00:00,0.0
2013-10-27 21:00:00,-0.16755744969258848
2013-10-27 22:00:00,0.0
2013-10-27 23:00:00,0.0
2013-10-28 00:00:00,0.0
2013-10-28 01:00:00,0.0
2013-10-28 02:00:00,0.0
2013-10-28 03:00:00,0.0
2013-10-28 04:00:00,0.0
2013-10-28 05:00:00,0.0
2013-10-28 06:00:00,0.0
2013-10-28 07:00:00,0.0
2013-10-28 08:00:00,-0.7943942673673314
2013-10-28 09:00:00,0.0
2013-10-28 10:00:00,0.40181750564389446
2013-10-28 11:00:00,0.0
2013-10-28 12:00:00,0.0
2013-10-28 13:00:00,0.0
2013-10-28 14:00:00,0.0
2013-10-28 15:00:00,0.43690638431888634
2013-10-28 16:00:00,0.47632128913190064
2013-10-28 17:00:00,0.0
2013-10-28 18:00:00,0.0
2013-10-28 19:00:00,0.0
2013-10-28 20:00:00,0.0
2013-10-28 21:00:00,0.0
2013-10-28 22:00:00,0.0
2013-10-28 23:00:00,0.0
2013-10-29 00:00:00,0.0
2013-10-29 01:00:00,0.0
2013-10-29 02:00:00,0.0
2013-10-29 03:00:00,-1.4896609530433733
2013-10-29 04:00:00,0.0
2013-10-29 05:00:00,0.0
2013-10-29 06:00:00,0.0
2013-10-29 07:00:00,0.0
2013-10-29 08:00:00,0.0
2013-10-29 09:00:00,-0.26373506110437844
2013-10-29 10:00:00,0.0
2013-10-29 11:00:00,0.0
2013-10-29 12:00:00,0.0
2013-10-29 13:00:00,0.0
2013-10-29 14:00:00,0.0
2013-10-29 15:00:00,0.0
2013-10-29 16:00:00,0.0
2013-10-29 17:00:00,0.0
2013-10-29 18:00:00,0.0
2013-10-29 19:00:00,0.9364094629414081
2013-10-29 20:00:00,0.0
2013-10-29 21:00:00,0.0
2013-10-29 22:00:00,-0.19093546973134704
2013-10-29 23:00:00,0.0
2013-10-30 00:00:00,0.0
2013-10-30 01:00:00,0.0
2013-10-30 02:00:00,0.0
2013-10-30 03:00:00,0.0
2013-10-30 04:00:00,0.0
2013-10-30 05:00:00,-1.6776464524952202
2013-10-30 06:00:00,0.0
2013-10-30 07:00:00,0.0
2013-10-30 08:00:00,0.0
2013-10-30 09:00:00,-0.3467598051672575
2013-10-30 10:00:00,0.0
2013-10-30 11:00:00,0.0
2013-10-30 12:00:00,0.0
2013-10-30 13:00:00,0.5946097008046529
2013-10-30 14:00:00,0.0
2013-10-30 15:00:00,0.0
2013-10-30 16:00:00,0.46316842178299233
2013-10-30 17:00:00,0.0
2013-10-30 18:00:00,0.9145171488490353
2013-10-30 19:00:00,0.9407791863131335
2013-10-30 20:00:00,0.0
2013-10-30 21:00:00,0.2865005058639353
2013-10-30 22:00:00,0.0
2013-10-30 23:00:00,0.0
2013-10-31 00:00:00,-1.3322198199599222
2013-10-31 01:00:00,0.0
2013-10-31 02:00:00,0.0
2013-10-31 03:00:00,-1.5639899475965093
2013-10-31 04:00:00,-1.6426886655213762
2013-10-31 05:00:00,0.0
2013-10-31 06:00:00,-1.686429596472398
2013-10-31 07:00:00,-0.7725019532749612
2013-10-31 08:00:00,0.0
2013-10-31 09:00:00,0.0
2013-10-31 10:00:00,0.0
2013-10-31 11:00:00,0.0
2013-10-31 12:00:00,0.0
2013-10-31 13:00:00,0.0
2013-10-31 14:00:00,0.4543852778058171
2013-10-31 15:00:00,0.5946533980383636
2013-10-31 16:00:00,0.0
2013-10-31 17:00:00,0.0
2013-10-31 18:00:00,0.0
2013-10-31 19:00:00,0.0
2013-10-31 20:00:00,0.0
2013-10-31 21:00:00,0.0
2013-10-31 22:00:00,0.0
2013-10-31 23:00:00,0.0
2013-11-01 00:00:00,-1.4153319584902375
2013-11-01 01:00:00,0.0
2013-11-01 02:00:00,-1.3584818574240236
2013-11-01 03:00:00,0.0
2013-11-01 04:00:00,0.0
2013-11-01 05:00:00,0.0
2013-11-01 06:00:00,-1.4721820595564514
2013-11-01 07:00:00,0.0
2013-11-01 08:00:00,0.0
2013-11-01 09:00:00,0.0
2013-11-01 10:00:00,0.0
2013-11-01 11:00:00,0.0
2013-11-01 12:00:00,0.6559606169437361
2013-11-01 13:00:00,0.0
2013-11-01 14:00:00,0.0
2013-11-01 15:00:00,0.0
2013-11-01 16:00:00,0.0
2013-11-01 17:00:00,0.0
2013-11-01 18:00:00,1.08541702991742
2013-11-01 19:00:00,0.0
2013-11-01 20:00:00,0.0
2013-11-01 21:00:00,0.0
2013-11-01 22:00:00,0.0
2013-11-01 23:00:00,0.0
2013-11-02 00:00:00,0.0
2013-11-02 01:00:00,0.0
2013-11-02 02:00:00,0.0
2013-11-02 03:00:00,-1.4415502987206206
2013-11-02 04:00:00,-1.4809215062999121
2013-11-02 05:00:00,-1.5028138203922823
2013-11-02 06:00:00,0.0
2013-11-02 07:00:00,-0.19224638674286612
2013-11-02 08:00:00,0.0
2013-11-02 09:00:00,0.0
2013-11-02 10:00:00,0.0
2013-11-02 11:00:00,0.0
2013-11-02 12:00:00,0.0
2013-11-02 13:00:00,0.0
2013-11-02 14:00:00,0.0
2013-11-02 15:00:00,0.7173115330828412
2013-11-02 16:00:00,0.0
2013-11-02 17:00:00,1.0109132464294144
2013-11-02 18:00:00,0.0
2013-11-02 19:00:00,0.0
2013-11-02 20:00:00,0.0
2013-11-02 21:00:00,0.0
2013-11-02 22:00:00,0.0
2013-11-02 23:00:00,0.0
2013-11-03 00:00:00,0.0
2013-11-03 01:00:00,0.0
2013-11-03 02:00:00,0.0
2013-11-03 03:00:00,0.0
2013-11-03 04:00:00,0.0
2013-11-03 05:00:00,0.0
2013-11-03 06:00:00,0.0
2013-11-03 07:00:00,0.0
2013-11-03 08:00:00,0.0
2013-11-03 09:00:00,0.0
2013-11-03 10:00:00,0.0
2013-11-03 11:00:00,0.0
2013-11-03 12:00:00,0.0
2013-11-03 13:00:00,0.0
2013-11-03 14:00:00,0.0
2013-11-03 15:00:00,0.0
2013-11-03 16:00:00,0.0
2013-11-03 17:00:00,0.9364094629414086
2013-11-03 18:00:00,0.0
2013-11-03 19:00:00,0.932083436803394
2013-11-03 20:00:00,0.16961040567013386
2013-11-03 21:00:00,0.0
2013-11-03 22:00:00,-0.23904612405409997
2013-11-03 23:00:00,0.0
2013-11-04 00:00:00,0.0
2013-11-04 01:00:00,-1.59025198506061
2013-11-04 02:00:00,-1.45907288944126
2013-11-04 03:00:00,0.0
2013-11-04 04:00:00,-1.6383189421496462
2013-11-04 05:00:00,0.0
2013-11-04 06:00:00,0.0
2013-11-04 07:00:00,0.0
2013-11-04 08:00:00,0.0
2013-11-04 09:00:00,0.0
2013-11-04 10:00:00,0.0
2013-11-04 11:00:00,0.5376285080372878
2013-11-04 12:00:00,0.6647437609209269
2013-11-04 13:00:00,0.0
2013-11-04 14:00:00,0.0
2013-11-04 15:00:00,0.0
2013-11-04 16:00:00,0.0
2013-11-04 17:00:00,0.7305080976654676
2013-11-04 18:00:00,0.0
2013-11-04 19:00:00,1.102939620638061
2013-11-04 20:00:00,0.0
2013-11-04 21:00:00,0.0
2013-11-04 22:00:00,0.0
2013-11-04 23:00:00,0.0
2013-11-05 00:00:00,0.0
2013-11-05 01:00:00,0.0
2013-11-05 02:00:00,0.0
2013-11-05 03:00:00,-1.4678123361847206
2013-11-05 04:00:00,0.0
2013-11-05 05:00:00,0.0
2013-11-05 06:00:00,-1.4240277079999821
2013-11-05 07:00:00,0.0
2013-11-05 08:00:00,-0.5320797733623486
2013-11-05 09:00:00,0.0
2013-11-05 10:00:00,0.0
2013-11-05 11:00:00,0.0
2013-11-05 12:00:00,0.0
2013-11-05 13:00:00,0.0
2013-11-05 14:00:00,0.7129855069448267
2013-11-05 15:00:00,0.0
2013-11-05 16:00:00,0.8180773540349452
2013-11-05 17:00:00,0.0
2013-11-05 18:00:00,0.9846512089653161
2013-11-05 19:00:00,0.0
2013-11-05 20:00:00,0.0
2013-11-05 21:00:00,0.5946533980383615
2013-11-05 22:00:00,0.0
2013-11-05 23:00:00,0.0
2013-11-06 00:00:00,0.0
2013-11-06 01:00:00,-1.4284848258391465
2013-11-06 02:00:00,0.0
2013-11-06 03:00:00,-1.3496987134468448
2013-11-06 04:00:00,-1.4678123361847206
2013-11-06 05:00:00,0.0
2013-11-06 06:00:00,-1.5202927138792035
2013-11-06 07:00:00,0.0
2013-11-06 08:00:00,0.0
2013-11-06 09:00:00,0.0
2013-11-06 10:00:00,0.0
2013-11-06 11:00:00,0.43690638431888634
2013-11-06 12:00:00,0.0
2013-11-06 13:00:00,0.0
2013-11-06 14:00:00,0.0
2013-11-06 15:00:00,0.0
2013-11-06 16:00:00,0.0
2013-11-06 17:00:00,0.0
2013-11-06 18:00:00,0.9627151976392249
2013-11-06 19:00:00,0.0
2013-11-06 20:00:00,0.0
2013-11-06 21:00:00,0.0
2013-11-06 22:00:00,0.0
2013-11-06 23:00:00,0.0
2013-11-07 00:00:00,0.0
2013-11-07 01:00:00,0.0
2013-11-07 02:00:00,0.0
2013-11-07 03:00:00,0.0
2013-11-07 04:00:00,0.0
2013-11-07 05:00:00,-1.5727730915736873
2013-11-07 06:00:00,-1.4241151024674152
2013-11-07 07:00:00,-0.7025426820935556
2013-11-07 08:00:00,0.0
2013-11-07 09:00:00,0.0
2013-11-07 10:00:00,0.0
2013-11-07 11:00:00,0.0
2013-11-07 12:00:00,0.0
2013-11-07 13:00:00,0.9189305694544935
2013-11-07 14:00:00,0.0
2013-11-07 15:00:00,0.0
2013-11-07 16:00:00,0.0
2013-11-07 17:00:00,0.0
2013-11-07 18:00:00,0.0
2013-11-07 19:00:00,1.037218981127231
2013-11-07 20:00:00,0.0
2013-11-07 21:00:00,0.0
2013-11-07 22:00:00,0.0
2013-11-07 23:00:00,-0.9386825331018738
2013-11-08 00:00:00,0.0
2013-11-08 01:00:00,0.0
2013-11-08 02:00:00,-1.2972620329860791
2013-11-08 03:00:00,0.0
2013-11-08 04:00:00,0.0
2013-11-08 05:00:00,0.0
2013-11-08 06:00:00,-1.5334455812281123
2013-11-08 07:00:00,0.0
2013-11-08 08:00:00,0.0
2013-11-08 09:00:00,0.0
2013-11-08 10:00:00,0.0
2013-11-08 11:00:00,0.0
2013-11-08 12:00:00,0.0
2013-11-08 13:00:00,0.927670016197951
2013-11-08 14:00:00,0.6778966282698274
2013-11-08 15:00:00,0.0
2013-11-08 16:00:00,0.0
2013-11-08 17:00:00,0.0
2013-11-08 18:00:00,0.0
2013-11-08 19:00:00,0.0
2013-11-08 20:00:00,0.0
2013-11-08 21:00:00,0.4806910125036329
2013-11-08 22:00:00,0.0
2013-11-08 23:00:00,-0.055342953506550135
2013-11-09 00:00:00,0.0
2013-11-09 01:00:00,0.0
2013-11-09 02:00:00,0.0
2013-11-09 03:00:00,0.0
2013-11-09 04:00:00,0.0
2013-11-09 05:00:00,0.0
2013-11-09 06:00:00,0.0
2013-11-09 07:00:00,0.0
2013-11-09 08:00:00,0.0
2013-11-09 09:00:00,0.0
2013-11-09 10:00:00,0.0
2013-11-09 11:00:00,0.0
2013-11-09 12:00:00,0.0
2013-11-09 13:00:00,0.0
2013-11-09 14:00:00,0.0
2013-11-09 15:00:00,0.5376722052709985
2013-11-09 16:00:00,0.7874018959653889
2013-11-09 17:00:00,0.0
2013-11-09 18:00:00,0.0
2013-11-09 19:00:00,0.0
2013-11-09 20:00:00,0.0
2013-11-09 21:00:00,0.0
2013-11-09 22:00:00,0.0
2013-11-09 23:00:00,0.0
2013-11-10 00:00:00,-1.214193591689482
2013-11-10 01:00:00,0.0
2013-11-10 02:00:00,0.0
2013-11-10 03:00:00,0.0
2013-11-10 04:00:00,0.0
2013-11-10 05:00:00,0.0
2013-11-10 06:00:00,0.0
2013-11-10 07:00:00,0.0
2013-11-10 08:00:00,0.0
2013-11-10 09:00:00,0.0
2013-11-10 10:00:00,0.48069101250363333
2013-11-10 11:00:00,0.0
2013-11-10 12:00:00,0.0
2013-11-10 13:00:00,0.0
2013-11-10 14:00:00,0.0
2013-11-10 15:00:00,0.0
2013-11-10 16:00:00,0.6560043141774615
2013-11-10 17:00:00,0.0
2013-11-10 18:00:00,1.229967479054264
2013-11-10 19:00:00,0.0
2013-11-10 20:00:00,0.0
2013-11-10 21:00:00,0.0
2013-11-10 22:00:00,0.0
2013-11-10 23:00:00,0.0
2013-11-11 00:00:00,-1.445920022092351
2013-11-11 01:00:00,0.0
2013-11-11 02:00:00,-1.406548814513059
2013-11-11 03:00:00,0.0
2013-11-11 04:00:00,-1.5815125383171478
2013-11-11 05:00:00,0.0
2013-11-11 06:00:00,0.0
2013-11-11 07:00:00,0.0
2013-11-11 08:00:00,-0.8206563048314327
2013-11-11 09:00:00,0.0
2013-11-11 10:00:00,0.0
2013-11-11 11:00:00,0.0
2013-11-11 12:00:00,0.0
2013-11-11 13:00:00,0.0
2013-11-11 14:00:00,0.0
2013-11-11 15:00:00,0.0
2013-11-11 16:00:00,0.0
2013-11-11 17:00:00,0.0
2013-11-11 18:00:00,0.0
2013-11-11 19:00:00,0.0
2013-11-11 20:00:00,0.0
2013-11-11 21:00:00,0.0
2013-11-11 22:00:00,0.45442897503953256
2013-11-11 23:00:00,0.0
2013-11-12 00:00:00,0.0
2013-11-12 01:00:00,0.0
2013-11-12 02:00:00,0.0
2013-11-12 03:00:00,0.0
2013-11-12 04:00:00,0.0
2013-11-12 05:00:00,0.0
2013-11-12 06:00:00,0.0
2013-11-12 07:00:00,0.0
2013-11-12 08:00:00,0.0
2013-11-12 09:00:00,0.0
2013-11-12 10:00:00,0.35798918022543724
2013-11-12 11:00:00,0.0
2013-11-12 12:00:00,0.0
2013-11-12 13:00:00,0.0
2013-11-12 14:00:00,0.5507813753861961
2013-11-12 15:00:00,0.5026270238297169
2013-11-12 16:00:00,0.0
2013-11-12 17:00:00,0.6866360750132849
2013-11-12 18:00:00,0.0
2013-11-12 19:00:00,0.0
2013-11-12 20:00:00,0.0
2013-11-12 21:00:00,0.0
2013-11-12 22:00:00,-0.19097916696506512
2013-11-12 23:00:00,0.0
2013-11-13 00:00:00,0.0
2013-11-13 01:00:00,0.0
2013-11-13 02:00:00,0.0
2013-11-13 03:00:00,0.0
2013-11-13 04:00:00,0.0
2013-11-13 05:00:00,0.0
2013-11-13 06:00:00,0.0
2013-11-13 07:00:00,0.0
2013-11-13 08:00:00,0.0
2013-11-13 09:00:00,-0.3746386402788982
2013-11-13 10:00:00,0.0
2013-11-13 11:00:00,0.6034365420155393
2013-11-13 12:00:00,0.0
2013-11-13 13:00:00,0.0
2013-11-13 14:00:00,0.0
2013-11-13 15:00:00,0.0
2013-11-13 16:00:00,0.0
2013-11-13 17:00:00,0.0
2013-11-13 18:00:00,0.0
2013-11-13 19:00:00,0.0
2013-11-13 20:00:00,0.0
2013-11-13 21:00:00,0.0
2013-11-13 22:00:00,0.0
2013-11-13 23:00:00,0.0
2013-11-14 00:00:00,0.0
2013-11-14 01:00:00,-1.59462170843234
2013-11-14 02:00:00,0.0
2013-11-14 03:00:00,0.0
2013-11-14 04:00:00,0.0
2013-11-14 05:00:00,-1.70390848995932
2013-11-14 06:00:00,0.0
2013-11-14 07:00:00,0.0
2013-11-14 08:00:00,0.0
2013-11-14 09:00:00,0.0
2013-11-14 10:00:00,0.0
2013-11-14 11:00:00,0.5333024818992658
2013-11-14 12:00:00,0.0
2013-11-14 13:00:00,0.0
2013-11-14 14:00:00,0.0
2013-11-14 15:00:00,0.0
2013-11-14 16:00:00,0.0
2013-11-14 17:00:00,0.0
2013-11-14 18:00:00,0.6822663516415597
2013-11-14 19:00:00,0.0
2013-11-14 20:00:00,0.0
2013-11-14 21:00:00,0.0
2013-11-14 22:00:00,0.0
2013-11-14 23:00:00,0.0
2013-11-15 00:00:00,0.0
2013-11-15 01:00:00,0.0
2013-11-15 02:00:00,0.0
2013-11-15 03:00:00,0.0
2013-11-15 04:00:00,0.0
2013-11-15 05:00:00,0.0
2013-11-15 06:00:00,0.0
2013-11-15 07:00:00,0.0
2013-11-15 08:00:00,0.0
2013-11-15 09:00:00,-0.5538846929872835
2013-11-15 10:00:00,0.0
2013-11-15 11:00:00,0.0
2013-11-15 12:00:00,0.0
2013-11-15 13:00:00,0.5201059173166472
2013-11-15 14:00:00,0.0
2013-11-15 15:00:00,0.0
2013-11-15 16:00:00,0.0
2013-11-15 17:00:00,0.0
2013-11-15 18:00:00,0.0
2013-11-15 19:00:00,0.0
2013-11-15 20:00:00,0.0
2013-11-15 21:00:00,0.0
2013-11-15 22:00:00,0.0
2013-11-15 23:00:00,0.0
2013-11-16 00:00:00,0.0
2013-11-16 01:00:00,0.0
2013-11-16 02:00:00,0.0
2013-11-16 03:00:00,0.0
2013-11-16 04:00:00,0.0
2013-11-16 05:00:00,0.0
2013-11-16 06:00:00,0.0
2013-11-16 07:00:00,-0.5480729609028824
2013-11-16 08:00:00,0.0
2013-11-16 09:00:00,0.0
2013-11-16 10:00:00,0.0
2013-11-16 11:00:00,0.0
2013-11-16 12:00:00,0.6121759887590043
2013-11-16 13:00:00,0.4150140702265131
2013-11-16 14:00:00,0.0
2013-11-16 15:00:00,0.0
2013-11-16 16:00:00,0.0
2013-11-16 17:00:00,0.0
2013-11-16 18:00:00,1.0328055605217876
2013-11-16 19:00:00,0.0
2013-11-16 20:00:00,0.0
2013-11-16 21:00:00,0.0
2013-11-16 22:00:00,0.0
2013-11-16 23:00:00,-0.11949049260355318
2013-11-17 00:00:00,0.0
2013-11-17 01:00:00,0.0
2013-11-17 02:00:00,0.0
2013-11-17 03:00:00,0.0
2013-11-17 04:00:00,-1.6820161758669512
2013-11-17 05:00:00,0.0
2013-11-17 06:00:00,0.0
2013-11-17 07:00:00,0.0
2013-11-17 08:00:00,0.0
2013-11-17 09:00:00,0.0
2013-11-17 10:00:00,0.1695667084364214
2013-11-17 11:00:00,0.0
2013-11-17 12:00:00,0.0
2013-11-17 13:00:00,0.0
2013-11-17 14:00:00,0.0
2013-11-17 15:00:00,0.0
2013-11-17 16:00:00,0.0
2013-11-17 17:00:00,0.0
2013-11-17 18:00:00,0.0
2013-11-17 19:00:00,1.085417029917413
2013-11-17 20:00:00,0.0
2013-11-17 21:00:00,0.0
2013-11-17 22:00:00,0.0
2013-11-17 23:00:00,0.0
2013-11-18 00:00:00,-1.5202927138792042
2013-11-18 01:00:00,0.0
2013-11-18 02:00:00,0.0
2013-11-18 03:00:00,0.0
2013-11-18 04:00:00,0.0
2013-11-18 05:00:00,0.0
2013-11-18 06:00:00,0.0
2013-11-18 07:00:00,0.0
2013-11-18 08:00:00,0.0
2013-11-18 09:00:00,0.0
2013-11-18 10:00:00,0.45879869841125964
2013-11-18 11:00:00,0.0
2013-11-18 12:00:00,0.0
2013-11-18 13:00:00,0.0
2013-11-18 14:00:00,0.0
2013-11-18 15:00:00,0.0
2013-11-18 16:00:00,0.0
2013-11-18 17:00:00,0.0
2013-11-18 18:00:00,0.0
2013-11-18 19:00:00,0.0
2013-11-18 20:00:00,0.0
2013-11-18 21:00:00,0.6077625681535591
2013-11-18 22:00:00,0.0
2013-11-18 23:00:00,0.0
2013-11-19 00:00:00,-1.5596639214584964
2013-11-19 01:00:00,0.0
2013-11-19 02:00:00,0.0
2013-11-19 03:00:00,0.0
2013-11-19 04:00:00,0.0
2013-11-19 05:00:00,-1.7171050545419462
2013-11-19 06:00:00,0.0
2013-11-19 07:00:00,0.0
2013-11-19 08:00:00,0.0
2013-11-19 09:00:00,-0.13251226825131035
2013-11-19 10:00:00,0.0
2013-11-19 11:00:00,0.6603303403154761
2013-11-19 12:00:00,0.0
2013-11-19 13:00:00,0.6559606169437434
2013-11-19 14:00:00,0.0
2013-11-19 15:00:00,0.0
2013-11-19 16:00:00,0.0
2013-11-19 17:00:00,0.0
2013-11-19 18:00:00,0.0
2013-11-19 19:00:00,0.8268604980121286
2013-11-19 20:00:00,0.7216812564545662
2013-11-19 21:00:00,0.0
2013-11-19 22:00:00,0.0
2013-11-19 23:00:00,0.0
2013-11-20 00:00:00,0.0
2013-11-20 01:00:00,0.0
2013-11-20 02:00:00,-1.5421850279715739
2013-11-20 03:00:00,-1.616470325290993
2013-11-20 04:00:00,0.0
2013-11-20 05:00:00,0.0
2013-11-20 06:00:00,0.0
2013-11-20 07:00:00,0.0
2013-11-20 08:00:00,-0.4270316235059468
2013-11-20 09:00:00,-0.2942794274727749
2013-11-20 10:00:00,0.0
2013-11-20 11:00:00,0.0
2013-11-20 12:00:00,0.0
2013-11-20 13:00:00,0.0
2013-11-20 14:00:00,0.0
2013-11-20 15:00:00,0.5114101678068925
2013-11-20 16:00:00,0.0
2013-11-20 17:00:00,0.0
2013-11-20 18:00:00,1.0064998258239561
2013-11-20 19:00:00,0.0
2013-11-20 20:00:00,0.0
2013-11-20 21:00:00,0.0
2013-11-20 22:00:00,0.0
2013-11-20 23:00:00,-1.0393172623528266
2013-11-21 00:00:00,0.0
2013-11-21 01:00:00,0.0
2013-11-21 02:00:00,0.0
2013-11-21 03:00:00,0.0
2013-11-21 04:00:00,0.0
2013-11-21 05:00:00,0.0
2013-11-21 06:00:00,0.0
2013-11-21 07:00:00,0.0
2013-11-21 08:00:00,0.0
2013-11-21 09:00:00,0.0
2013-11-21 10:00:00,0.0
2013-11-21 11:00:00,0.0
2013-11-21 12:00:00,0.0
2013-11-21 13:00:00,0.0
2013-11-21 14:00:00,0.0
2013-11-21 15:00:00,0.5245193379220902
2013-11-21 16:00:00,0.0
2013-11-21 17:00:00,0.0
2013-11-21 18:00:00,0.0
2013-11-21 19:00:00,0.0
2013-11-21 20:00:00,0.0
2013-11-21 21:00:00,0.0
2013-11-21 22:00:00,-0.2784173316333919
2013-11-21 23:00:00,0.0
2013-11-22 00:00:00,0.0
2013-11-22 01:00:00,0.0
2013-11-22 02:00:00,0.0
2013-11-22 03:00:00,0.0
2013-11-22 04:00:00,0.0
2013-11-22 05:00:00,0.0
2013-11-22 06:00:00,0.0
2013-11-22 07:00:00,0.0
2013-11-22 08:00:00,0.0
2013-11-22 09:00:00,0.0
2013-11-22 10:00:00,0.0
2013-11-22 11:00:00,0.0
2013-11-22 12:00:00,0.0
2013-11-22 13:00:00,0.7348341238034818
2013-11-22 14:00:00,0.0
2013-11-22 15:00:00,0.0
2013-11-22 16:00:00,0.0
2013-11-22 17:00:00,0.0
2013-11-22 18:00:00,0.0
2013-11-22 19:00:00,0.0
2013-11-22 20:00:00,0.0
2013-11-22 21:00:00,0.0
2013-11-22 22:00:00,0.0
2013-11-22 23:00:00,-0.21715380996173062
2013-11-23 00:00:00,0.0
2013-11-23 01:00:00,0.0
2013-11-23 02:00:00,0.0
2013-11-23 03:00:00,0.0
2013-11-23 04:00:00,-1.4897046502770908
2013-11-23 05:00:00,-1.5552505008530488
2013-11-23 06:00:00,0.0
2013-11-23 07:00:00,0.0
2013-11-23 08:00:00,0.0
2013-11-23 09:00:00,0.0
2013-11-23 10:00:00,0.0
2013-11-23 11:00:00,0.0
2013-11-23 12:00:00,1.3483432851944446
2013-11-23 13:00:00,0.0
2013-11-23 14:00:00,0.0
2013-11-23 15:00:00,0.0
2013-11-23 16:00:00,0.0
2013-11-23 17:00:00,0.0
2013-11-23 18:00:00,0.0
2013-11-23 19:00:00,0.0
2013-11-23 20:00:00,1.0064998258239635
2013-11-23 21:00:00,0.0
2013-11-23 22:00:00,0.0
2013-11-23 23:00:00,0.0
2013-11-24 00:00:00,0.0
2013-11-24 01:00:00,0.0
2013-11-24 02:00:00,0.0
2013-11-24 03:00:00,0.0
2013-11-24 04:00:00,0.0
2013-11-24 05:00:00,0.0
2013-11-24 06:00:00,0.0
2013-11-24 07:00:00,0.0
2013-11-24 08:00:00,0.0
2013-11-24 09:00:00,0.0
2013-11-24 10:00:00,0.0
2013-11-24 11:00:00,0.0
2013-11-24 12:00:00,0.0
2013-11-24 13:00:00,0.0
2013-11-24 14:00:00,0.0
2013-11-24 15:00:00,0.47195156576016795
2013-11-24 16:00:00,0.5288453640601126
2013-11-24 17:00:00,0.0
2013-11-24 18:00:00,1.0153266670348577
2013-11-24 19:00:00,0.9627151976392322
2013-11-24 20:00:00,0.0
2013-11-24 21:00:00,-0.11075104586009257
2013-11-24 22:00:00,0.0
2013-11-24 23:00:00,0.0
2013-11-25 00:00:00,0.0
2013-11-25 01:00:00,0.0
2013-11-25 02:00:00,0.0
2013-11-25 03:00:00,-1.5203364111129216
2013-11-25 04:00:00,0.0
2013-11-25 05:00:00,0.0
2013-11-25 06:00:00,-1.2185196178274957
2013-11-25 07:00:00,-0.5713635864742056
2013-11-25 08:00:00,0.0
2013-11-25 09:00:00,-0.21553701231419242
2013-11-25 10:00:00,0.5245193379220902
2013-11-25 11:00:00,0.0
2013-11-25 12:00:00,0.0
2013-11-25 13:00:00,0.0
2013-11-25 14:00:00,0.0
2013-11-25 15:00:00,0.0
2013-11-25 16:00:00,0.0
2013-11-25 17:00:00,0.0
2013-11-25 18:00:00,0.0
2013-11-25 19:00:00,0.0
2013-11-25 20:00:00,0.0
2013-11-25 21:00:00,0.0
2013-11-25 22:00:00,0.0
2013-11-25 23:00:00,0.0
2013-11-26 00:00:00,0.0
2013-11-26 01:00:00,-0.9780100434474471
2013-11-26 02:00:00,0.0
2013-11-26 03:00:00,0.0
2013-11-26 04:00:00,0.0
2013-11-26 05:00:00,0.0
2013-11-26 06:00:00,0.0
2013-11-26 07:00:00,0.0
2013-11-26 08:00:00,0.0
2013-11-26 09:00:00,0.0
2013-11-26 10:00:00,0.0
2013-11-26 11:00:00,0.0
2013-11-26 12:00:00,0.0
2013-11-26 13:00:00,0.0
2013-11-26 14:00:00,0.0
2013-11-26 15:00:00,0.4018612028776052
2013-11-26 16:00:00,0.0
2013-11-26 17:00:00,0.6822663516415675
2013-11-26 18:00:00,0.0
2013-11-26 19:00:00,0.0
2013-11-26 20:00:00,0.0
2013-11-26 21:00:00,0.33465485742039847
2013-11-26 22:00:00,0.0
2013-11-26 23:00:00,0.0
2013-11-27 00:00:00,0.0
2013-11-27 01:00:00,-1.3016317563578101
2013-11-27 02:00:00,0.0
2013-11-27 03:00:00,0.0
2013-11-27 04:00:00,-1.4197016818619679
2013-11-27 05:00:00,0.0
2013-11-27 06:00:00,-1.4109185378847897
2013-11-27 07:00:00,0.0
2013-11-27 08:00:00,-0.6631714745142642
2013-11-27 09:00:00,0.0
2013-11-27 10:00:00,0.0
2013-11-27 11:00:00,0.0
2013-11-27 12:00:00,0.6209154355024696
2013-11-27 13:00:00,0.5639779399688147
2013-11-27 14:00:00,0.0
2013-11-27 15:00:00,0.0
2013-11-27 16:00:00,0.0
2013-11-27 17:00:00,0.0
2013-11-27 18:00:00,0.0
2013-11-27 19:00:00,0.0
2013-11-27 20:00:00,0.0
2013-11-27 21:00:00,0.5946097008046417
2013-11-27 22:00:00,0.0
2013-11-27 23:00:00,-0.9780974379148826
2013-11-28 00:00:00,-1.3234803732164624
2013-11-28 01:00:00,0.0
2013-11-28 02:00:00,0.0
2013-11-28 03:00:00,-1.3016317563578093
2013-11-28 04:00:00,0.0
2013-11-28 05:00:00,0.0
2013-11-28 06:00:00,0.0
2013-11-28 07:00:00,0.0
2013-11-28 08:00:00,0.0
2013-11-28 09:00:00,0.0
2013-11-28 10:00:00,0.0
2013-11-28 11:00:00,0.0
2013-11-28 12:00:00,0.0
2013-11-28 13:00:00,0.0
2013-11-28 14:00:00,0.0
2013-11-28 15:00:00,0.0
2013-11-28 16:00:00,0.5946097008046456
2013-11-28 17:00:00,0.0
2013-11-28 18:00:00,0.9670849210109497
2013-11-28 19:00:00,0.879428270174043
2013-11-28 20:00:00,0.0
2013-11-28 21:00:00,0.0
2013-11-28 22:00:00,0.0
2013-11-28 23:00:00,0.0
2013-11-29 00:00:00,0.0
2013-11-29 01:00:00,0.0
2013-11-29 02:00:00,0.0
2013-11-29 03:00:00,0.0
2013-11-29 04:00:00,0.0
2013-11-29 05:00:00,0.0
2013-11-29 06:00:00,0.0
2013-11-29 07:00:00,0.0
2013-11-29 08:00:00,0.0
2013-11-29 09:00:00,0.0
2013-11-29 10:00:00,0.0
2013-11-29 11:00:00,1.08541702991742
2013-11-29 12:00:00,0.0
2013-11-29 13:00:00,0.0
2013-11-29 14:00:00,0.6647000636872084
2013-11-29 15:00:00,0.0
2013-11-29 16:00:00,0.0
2013-11-29 17:00:00,0.0
2013-11-29 18:00:00,0.0
2013-11-29 19:00:00,0.0
2013-11-29 20:00:00,0.0
2013-11-29 21:00:00,0.0
2013-11-29 22:00:00,0.0
2013-11-29 23:00:00,0.0
2013-11-30 00:00:00,-0.9693142939377037
2013-11-30 01:00:00,0.0
2013-11-30 02:00:00,0.0
2013-11-30 03:00:00,0.0
2013-11-30 04:00:00,0.0
2013-11-30 05:00:00,0.0
2013-11-30 06:00:00,0.0
2013-11-30 07:00:00,0.0
2013-11-30 08:00:00,0.0
2013-11-30 09:00:00,-0.06089250218864682
2013-11-30 10:00:00,0.8093379072914803
2013-11-30 11:00:00,1.1773997068923496
2013-11-30 12:00:00,0.0
2013-11-30 13:00:00,0.0
2013-11-30 14:00:00,0.0
2013-11-30 15:00:00,0.0
2013-11-30 16:00:00,0.0
2013-11-30 17:00:00,0.0
2013-11-30 18:00:00,0.0
2013-11-30 19:00:00,0.0
2013-11-30 20:00:00,0.9145171488490427
2013-11-30 21:00:00,0.0
2013-11-30 22:00:00,0.0
2013-11-30 23:00:00,0.0
2013-12-01 00:00:00,0.0
2013-12-01 01:00:00,0.0
2013-12-01 02:00:00,0.0
2013-12-01 03:00:00,0.0
2013-12-01 04:00:00,0.0
2013-12-01 05:00:00,0.0
2013-12-01 06:00:00,0.0
2013-12-01 07:00:00,0.0
2013-12-01 08:00:00,0.0
2013-12-01 09:00:00,0.0
2013-12-01 10:00:00,0.0
2013-12-01 11:00:00,0.0
2013-12-01 12:00:00,0.0
2013-12-01 13:00:00,0.0
2013-12-01 14:00:00,0.5770871100840128
2013-12-01 15:00:00,0.0
2013-12-01 16:00:00,0.4544289750395274
2013-12-01 17:00:00,0.0
2013-12-01 18:00:00,0.0
2013-12-01 19:00:00,0.8180773540349452
2013-12-01 20:00:00,0.0
2013-12-01 21:00:00,0.0
2013-12-01 22:00:00,0.0
2013-12-01 23:00:00,0.0
2013-12-02 00:00:00,0.0
2013-12-02 01:00:00,-1.4415502987206206
2013-12-02 02:00:00,-1.297218335752361
2013-12-02 03:00:00,0.0
2013-12-02 04:00:00,-1.4284411286054282
2013-12-02 05:00:00,0.0
2013-12-02 06:00:00,-1.253521102035056
2013-12-02 07:00:00,0.0
2013-12-02 08:00:00,0.0
2013-12-02 09:00:00,0.0
2013-12-02 10:00:00,0.0
2013-12-02 11:00:00,0.0
2013-12-02 12:00:00,0.0
2013-12-02 13:00:00,0.0
2013-12-02 14:00:00,0.0
2013-12-02 15:00:00,0.0
2013-12-02 16:00:00,0.0
2013-12-02 17:00:00,0.0
2013-12-02 18:00:00,0.0
2013-12-02 19:00:00,0.0
2013-12-02 20:00:00,0.0
2013-12-02 21:00:00,0.5464116520144543
2013-12-02 22:00:00,0.0
2013-12-02 23:00:00,0.0
2013-12-03 00:00:00,-1.3235240704501796
2013-12-03 01:00:00,0.0
2013-12-03 02:00:00,0.0
2013-12-03 03:00:00,0.0
2013-12-03 04:00:00,0.0
2013-12-03 05:00:00,0.0
2013-12-03 06:00:00,-1.1923012775971122
2013-12-03 07:00:00,0.0
2013-12-03 08:00:00,0.0
2013-12-03 09:00:00,0.0
2013-12-03 10:00:00,0.585870254061188
2013-12-03 11:00:00,0.0
2013-12-03 12:00:00,0.0
2013-12-03 13:00:00,0.0
2013-12-03 14:00:00,0.0
2013-12-03 15:00:00,0.0
2013-12-03 16:00:00,0.0
2013-12-03 17:00:00,0.0
2013-12-03 18:00:00,0.0
2013-12-03 19:00:00,0.0
2013-12-03 20:00:00,0.0
2013-12-03 21:00:00,0.0
2013-12-03 22:00:00,0.0
2013-12-03 23:00:00,0.0
2013-12-04 00:00:00,0.0
2013-12-04 01:00:00,0.0
2013-12-04 02:00:00,0.0
2013-12-04 03:00:00,0.0
2013-12-04 04:00:00,0.0
2013-12-04 05:00:00,0.0
2013-12-04 06:00:00,0.0
2013-12-04 07:00:00,0.0
2013-12-04 08:00:00,0.0
2013-12-04 09:00:00,0.07491850020473739
2013-12-04 10:00:00,0.0
2013-12-04 11:00:00,0.0
2013-12-04 12:00:00,1.2168583089390732
2013-12-04 13:00:00,1.1292016581021598
2013-12-04 14:00:00,0.664700063687201
2013-12-04 15:00:00,0.7041586657339407
2013-12-04 16:00:00,0.0
2013-12-04 17:00:00,0.0
2013-12-04 18:00:00,0.0
2013-12-04 19:00:00,0.0
2013-12-04 20:00:00,0.0
2013-12-04 21:00:00,0.8531662327099396
2013-12-04 22:00:00,0.0
2013-12-04 23:00:00,0.0
2013-12-05 00:00:00,0.0
2013-12-05 01:00:00,0.0
2013-12-05 02:00:00,0.0
2013-12-05 03:00:00,0.0
2013-12-05 04:00:00,0.0
2013-12-05 05:00:00,-1.4109185378847897
2013-12-05 06:00:00,-1.1572997933895506
2013-12-05 07:00:00,0.0
2013-12-05 08:00:00,0.0
2013-12-05 09:00:00,0.0
2013-12-05 10:00:00,0.0
2013-12-05 11:00:00,0.0
2013-12-05 12:00:00,0.0
2013-12-05 13:00:00,0.0
2013-12-05 14:00:00,0.0
2013-12-05 15:00:00,0.0
2013-12-05 16:00:00,0.0
2013-12-05 17:00:00,0.0
2013-12-05 18:00:00,0.0
2013-12-05 19:00:00,0.0
2013-12-05 20:00:00,0.0
2013-12-05 21:00:00,0.0
2013-12-05 22:00:00,0.0
2013-12-05 23:00:00,-1.0349038417473793
2013-12-06 00:00:00,0.0
2013-12-06 01:00:00,0.0
2013-12-06 02:00:00,0.0
2013-12-06 03:00:00,0.0
2013-12-06 04:00:00,0.0
2013-12-06 05:00:00,-1.4721820595564514
2013-12-06 06:00:00,0.0
2013-12-06 07:00:00,0.0
2013-12-06 08:00:00,-0.20841436321826912
2013-12-06 09:00:00,0.0
2013-12-06 10:00:00,0.0
2013-12-06 11:00:00,0.0
2013-12-06 12:00:00,0.0
2013-12-06 13:00:00,0.0
2013-12-06 14:00:00,0.7742927258502064
2013-12-06 15:00:00,0.0
2013-12-06 16:00:00,0.0
2013-12-06 17:00:00,0.0
2013-12-06 18:00:00,0.0
2013-12-06 19:00:00,0.0
2013-12-06 20:00:00,0.0
2013-12-06 21:00:00,0.0
2013-12-06 22:00:00,0.0
2013-12-06 23:00:00,0.0
2013-12-07 00:00:00,-0.8949852993845678
2013-12-07 01:00:00,0.0
2013-12-07 02:00:00,0.0
2013-12-07 03:00:00,0.0
2013-12-07 04:00:00,0.0
2013-12-07 05:00:00,0.0
2013-12-07 06:00:00,0.0
2013-12-07 07:00:00,0.0
2013-12-07 08:00:00,-0.19971861370852573
2013-12-07 09:00:00,0.0
2013-12-07 10:00:00,0.0
2013-12-07 11:00:00,1.3045149597759877
2013-12-07 12:00:00,0.0
2013-12-07 13:00:00,0.0
2013-12-07 14:00:00,0.0
2013-12-07 15:00:00,0.0
2013-12-07 16:00:00,0.0
2013-12-07 17:00:00,0.0
2013-12-07 18:00:00,0.0
2013-12-07 19:00:00,0.0
2013-12-07 20:00:00,1.0678944391967877
2013-12-07 21:00:00,0.524519337922091
2013-12-07 22:00:00,-0.18660944359333415
2013-12-07 23:00:00,0.0
2013-12-08 00:00:00,0.0
2013-12-08 01:00:00,0.0
2013-12-08 02:00:00,0.0
2013-12-08 03:00:00,0.0
2013-12-08 04:00:00,0.0
2013-12-08 05:00:00,0.0
2013-12-08 06:00:00,0.0
2013-12-08 07:00:00,0.0
2013-12-08 08:00:00,0.0
2013-12-08 09:00:00,0.0
2013-12-08 10:00:00,0.0
2013-12-08 11:00:00,0.0
2013-12-08 12:00:00,0.0
2013-12-08 13:00:00,0.0
2013-12-08 14:00:00,0.0
2013-12-08 15:00:00,0.0
2013-12-08 16:00:00,0.0
2013-12-08 17:00:00,0.0
2013-12-08 18:00:00,0.0
2013-12-08 19:00:00,0.0
2013-12-08 20:00:00,0.0
2013-12-08 21:00:00,0.0
2013-12-08 22:00:00,0.0
2013-12-08 23:00:00,-1.218563315061213
2013-12-09 00:00:00,0.0
2013-12-09 01:00:00,0.0
2013-12-09 02:00:00,0.0
2013-12-09 03:00:00,0.0
2013-12-09 04:00:00,0.0
2013-12-09 05:00:00,0.0
2013-12-09 06:00:00,0.0
2013-12-09 07:00:00,0.0
2013-12-09 08:00:00,0.0
2013-12-09 09:00:00,0.0
2013-12-09 10:00:00,0.0
2013-12-09 11:00:00,0.0
2013-12-09 12:00:00,1.0415887044989636
2013-12-09 13:00:00,1.102939620638061
2013-12-09 14:00:00,0.0
2013-12-09 15:00:00,0.0
2013-12-09 16:00:00,1.0109132464294144
2013-12-09 17:00:00,0.0
2013-12-09 18:00:00,0.0
2013-12-09 19:00:00,1.1555073927999686
2013-12-09 20:00:00,0.0
2013-12-09 21:00:00,0.0
2013-12-09 22:00:00,0.0
2013-12-09 23:00:00,0.0
2013-12-10 00:00:00,0.0
2013-12-10 01:00:00,0.0
2013-12-10 02:00:00,0.0
2013-12-10 03:00:00,0.0
2013-12-10 04:00:00,0.0
2013-12-10 05:00:00,0.0
2013-12-10 06:00:00,0.0
2013-12-10 07:00:00,-0.34400687944306735
2013-12-10 08:00:00,0.0
2013-12-10 09:00:00,0.0
2013-12-10 10:00:00,0.7917716193371216
2013-12-10 11:00:00,1.0678507419630618
2013-12-10 12:00:00,0.0
2013-12-10 13:00:00,1.111679067381511
2013-12-10 14:00:00,0.0
2013-12-10 15:00:00,0.0
2013-12-10 16:00:00,0.0
2013-12-10 17:00:00,0.0
2013-12-10 18:00:00,0.0
2013-12-10 19:00:00,1.181813127497792
2013-12-10 20:00:00,0.0
2013-12-10 21:00:00,0.0
2013-12-10 22:00:00,0.0
2013-12-10 23:00:00,0.0
2013-12-11 00:00:00,0.0
2013-12-11 01:00:00,0.0
2013-12-11 02:00:00,0.0
2013-12-11 03:00:00,0.0
2013-12-11 04:00:00,-1.59025198506061
2013-12-11 05:00:00,0.0
2013-12-11 06:00:00,-1.5683596709682404
2013-12-11 07:00:00,0.0
2013-12-11 08:00:00,0.0
2013-12-11 09:00:00,-0.4036536034671878
2013-12-11 10:00:00,0.0
2013-12-11 11:00:00,0.0
2013-12-11 12:00:00,0.0
2013-12-11 13:00:00,0.0
2013-12-11 14:00:00,0.0
2013-12-11 15:00:00,0.6208717382687515
2013-12-11 16:00:00,0.0
2013-12-11 17:00:00,0.0
2013-12-11 18:00:00,0.0
2013-12-11 19:00:00,0.0
2013-12-11 20:00:00,0.0
2013-12-11 21:00:00,0.0
2013-12-11 22:00:00,0.0
2013-12-11 23:00:00,0.0
2013-12-12 00:00:00,0.0
2013-12-12 01:00:00,0.0
2013-12-12 02:00:00,0.0
2013-12-12 03:00:00,0.0
2013-12-12 04:00:00,0.0
2013-12-12 05:00:00,0.0
2013-12-12 06:00:00,0.0
2013-12-12 07:00:00,0.0
2013-12-12 08:00:00,0.0
2013-12-12 09:00:00,0.0
2013-12-12 10:00:00,0.0
2013-12-12 11:00:00,0.0
2013-12-12 12:00:00,0.0
2013-12-12 13:00:00,0.0
2013-12-12 14:00:00,0.0
2013-12-12 15:00:00,0.0
2013-12-12 16:00:00,0.0
2013-12-12 17:00:00,1.0021737996859568
2013-12-12 18:00:00,0.0
2013-12-12 19:00:00,0.0
2013-12-12 20:00:00,0.0
2013-12-12 21:00:00,0.6983469336495317
2013-12-12 22:00:00,0.0
2013-12-12 23:00:00,0.0
2013-12-13 00:00:00,0.0
2013-12-13 01:00:00,0.0
2013-12-13 02:00:00,0.0
2013-12-13 03:00:00,-1.4546594688358123
2013-12-13 04:00:00,0.0
2013-12-13 05:00:00,0.0
2013-12-13 06:00:00,-1.6689507029854762
2013-12-13 07:00:00,0.0
2013-12-13 08:00:00,0.0
2013-12-13 09:00:00,0.06748997047279282
2013-12-13 10:00:00,0.0
2013-12-13 11:00:00,0.8751022440360362
2013-12-13 12:00:00,0.0
2013-12-13 13:00:00,0.875058546802303
2013-12-13 14:00:00,0.0
2013-12-13 15:00:00,0.8049681839197476
2013-12-13 16:00:00,0.0
2013-12-13 17:00:00,0.0
2013-12-13 18:00:00,0.0
2013-12-13 19:00:00,0.0
2013-12-13 20:00:00,0.0
2013-12-13 21:00:00,0.7217249536882882
2013-12-13 22:00:00,0.0
2013-12-13 23:00:00,0.0
2013-12-14 00:00:00,0.0
2013-12-14 01:00:00,-1.5858822616888788
2013-12-14 02:00:00,0.0
2013-12-14 03:00:00,0.0
2013-12-14 04:00:00,-1.6077308785475317
2013-12-14 05:00:00,0.0
2013-12-14 06:00:00,-1.7170176600745124
2013-12-14 07:00:00,0.0
2013-12-14 08:00:00,0.0
2013-12-14 09:00:00,0.0
2013-12-14 10:00:00,0.0
2013-12-14 11:00:00,0.0
2013-12-14 12:00:00,0.0
2013-12-14 13:00:00,0.0
2013-12-14 14:00:00,0.0
2013-12-14 15:00:00,0.0
2013-12-14 16:00:00,0.6165457121307295
2013-12-14 17:00:00,0.8224907746403886
2013-12-14 18:00:00,1.1730736807543267
2013-12-14 19:00:00,0.0
2013-12-14 20:00:00,0.0
2013-12-14 21:00:00,0.0
2013-12-14 22:00:00,0.0
2013-12-14 23:00:00,0.0
2013-12-15 00:00:00,0.0
2013-12-15 01:00:00,0.0
2013-12-15 02:00:00,0.0
2013-12-15 03:00:00,0.0
2013-12-15 04:00:00,0.0
2013-12-15 05:00:00,0.0
2013-12-15 06:00:00,0.0
2013-12-15 07:00:00,0.0
2013-12-15 08:00:00,0.0
2013-12-15 09:00:00,0.0
2013-12-15 10:00:00,0.0
2013-12-15 11:00:00,0.0
2013-12-15 12:00:00,0.0
2013-12-15 13:00:00,0.0
2013-12-15 14:00:00,0.0
2013-12-15 15:00:00,0.0
2013-12-15 16:00:00,0.7962287371762977
2013-12-15 17:00:00,0.0
2013-12-15 18:00:00,0.8355999447555862
2013-12-15 19:00:00,0.0
2013-12-15 20:00:00,0.0
2013-12-15 21:00:00,0.0
2013-12-15 22:00:00,0.0
2013-12-15 23:00:00,-0.44896763483203467
2013-12-16 00:00:00,0.0
2013-12-16 01:00:00,0.0
2013-12-16 02:00:00,0.0
2013-12-16 03:00:00,-1.5596202242247792
2013-12-16 04:00:00,0.0
2013-12-16 05:00:00,0.0
2013-12-16 06:00:00,0.0
2013-12-16 07:00:00,0.0
2013-12-16 08:00:00,0.0
2013-12-16 09:00:00,0.0
2013-12-16 10:00:00,0.0
2013-12-16 11:00:00,0.0
2013-12-16 12:00:00,1.0240661137783154
2013-12-16 13:00:00,0.0
2013-12-16 14:00:00,0.0
2013-12-16 15:00:00,0.0
2013-12-16 16:00:00,0.0
2013-12-16 17:00:00,0.0
2013-12-16 18:00:00,0.0
2013-12-16 19:00:00,0.8969945581284021
2013-12-16 20:00:00,0.0
2013-12-16 21:00:00,0.0
2013-12-16 22:00:00,0.0
2013-12-16 23:00:00,0.0
2013-12-17 00:00:00,0.0
2013-12-17 01:00:00,0.0
2013-12-17 02:00:00,-1.2142372889231992
2013-12-17 03:00:00,0.0
2013-12-17 04:00:00,0.0
2013-12-17 05:00:00,0.0
2013-12-17 06:00:00,0.0
2013-12-17 07:00:00,0.0
2013-12-17 08:00:00,0.0
2013-12-17 09:00:00,0.0
2013-12-17 10:00:00,0.0
2013-12-17 11:00:00,0.9057777021055851
2013-12-17 12:00:00,0.0
2013-12-17 13:00:00,0.0
2013-12-17 14:00:00,0.0
2013-12-17 15:00:00,0.0
2013-12-17 16:00:00,1.1117227646152368
2013-12-17 17:00:00,1.1029396206380533
2013-12-17 18:00:00,0.0
2013-12-17 19:00:00,0.0
2013-12-17 20:00:00,1.2168583089390732
2013-12-17 21:00:00,0.0
2013-12-17 22:00:00,0.0
2013-12-17 23:00:00,0.0
2013-12-18 00:00:00,0.0
2013-12-18 01:00:00,0.0
2013-12-18 02:00:00,0.0
2013-12-18 03:00:00,0.0
2013-12-18 04:00:00,0.0
2013-12-18 05:00:00,0.0
2013-12-18 06:00:00,0.0
2013-12-18 07:00:00,-0.556637618711478
2013-12-18 08:00:00,-0.2783299371659566
2013-12-18 09:00:00,0.10244775744663785
2013-12-18 10:00:00,0.0
2013-12-18 11:00:00,0.0
2013-12-18 12:00:00,0.0
2013-12-18 13:00:00,0.5902399774329129
2013-12-18 14:00:00,0.6428514468285458
2013-12-18 15:00:00,0.0
2013-12-18 16:00:00,0.0
2013-12-18 17:00:00,0.0
2013-12-18 18:00:00,0.0
2013-12-18 19:00:00,0.0
2013-12-18 20:00:00,0.0
2013-12-18 21:00:00,0.0
2013-12-18 22:00:00,-0.06552440896268141
2013-12-18 23:00:00,0.0
2013-12-19 00:00:00,0.0
2013-12-19 01:00:00,0.0
2013-12-19 02:00:00,0.0
2013-12-19 03:00:00,0.0
2013-12-19 04:00:00,0.0
2013-12-19 05:00:00,-1.4852912296716432
2013-12-19 06:00:00,0.0
2013-12-19 07:00:00,0.0
2013-12-19 08:00:00,0.0
2013-12-19 09:00:00,-0.21121098617617692
2013-12-19 10:00:00,0.0
2013-12-19 11:00:00,0.0
2013-12-19 12:00:00,0.0
2013-12-19 13:00:00,0.0
2013-12-19 14:00:00,0.0
2013-12-19 15:00:00,0.0
2013-12-19 16:00:00,0.0
2013-12-19 17:00:00,0.0
2013-12-19 18:00:00,0.0
2013-12-19 19:00:00,0.0
2013-12-19 20:00:00,0.0
2013-12-19 21:00:00,0.0
2013-12-19 22:00:00,0.0
2013-12-19 23:00:00,0.0
2013-12-20 00:00:00,0.0
2013-12-20 01:00:00,0.0
2013-12-20 02:00:00,0.0
2013-12-20 03:00:00,0.0
2013-12-20 04:00:00,-1.410918537884789
2013-12-20 05:00:00,0.0
2013-12-20 06:00:00,0.0
2013-12-20 07:00:00,0.0
2013-12-20 08:00:00,0.0
2013-12-20 09:00:00,0.0
2013-12-20 10:00:00,0.0
2013-12-20 11:00:00,1.3176678271248887
2013-12-20 12:00:00,0.0
2013-12-20 13:00:00,0.0
2013-12-20 14:00:00,0.0
2013-12-20 15:00:00,0.0
2013-12-20 16:00:00,0.0
2013-12-20 17:00:00,0.0
2013-12-20 18:00:00,0.0
2013-12-20 19:00:00,0.0
2013-12-20 20:00:00,0.0
2013-12-20 21:00:00,0.8137076306632129
2013-12-20 22:00:00,0.0
2013-12-20 23:00:00,0.0
2013-12-21 00:00:00,0.0
2013-12-21 01:00:00,0.0
2013-12-21 02:00:00,0.0
2013-12-21 03:00:00,0.0
2013-12-21 04:00:00,0.0
2013-12-21 05:00:00,0.0
2013-12-21 06:00:00,0.0
2013-12-21 07:00:00,0.04542286744555593
2013-12-21 08:00:00,-0.45333735820376436
2013-12-21 09:00:00,0.0
2013-12-21 10:00:00,0.0
2013-12-21 11:00:00,0.0
2013-12-21 12:00:00,0.0
2013-12-21 13:00:00,0.0
2013-12-21 14:00:00,0.0
2013-12-21 15:00:00,1.1073530412435122
2013-12-21 16:00:00,0.0
2013-12-21 17:00:00,1.1029396206380533
2013-12-21 18:00:00,0.0
2013-12-21 19:00:00,0.0
2013-12-21 20:00:00,0.0
2013-12-21 21:00:00,0.0
2013-12-21 22:00:00,-0.18219602298788729
2013-12-21 23:00:00,0.0
2013-12-22 00:00:00,0.0
2013-12-22 01:00:00,0.0
2013-12-22 02:00:00,0.0
2013-12-22 03:00:00,0.0
2013-12-22 04:00:00,0.0
2013-12-22 05:00:00,0.0
2013-12-22 06:00:00,0.0
2013-12-22 07:00:00,0.0
2013-12-22 08:00:00,0.0
2013-12-22 09:00:00,0.004871834555897005
2013-12-22 10:00:00,0.8005984605480231
2013-12-22 11:00:00,0.0
2013-12-22 12:00:00,0.0
2013-12-22 13:00:00,0.0
2013-12-22 14:00:00,0.0
2013-12-22 15:00:00,0.0
2013-12-22 16:00:00,0.0
2013-12-22 17:00:00,0.0
2013-12-22 18:00:00,1.4096068068661063
2013-12-22 19:00:00,0.0
2013-12-22 20:00:00,0.0
2013-12-22 21:00:00,0.0
2013-12-22 22:00:00,0.0
2013-12-22 23:00:00,0.0
2013-12-23 00:00:00,0.0
2013-12-23 01:00:00,-1.472225756790168
2013-12-23 02:00:00,0.0
2013-12-23 03:00:00,0.0
2013-12-23 04:00:00,-1.59025198506061
2013-12-23 05:00:00,0.0
2013-12-23 06:00:00,-1.6033611551758016
2013-12-23 07:00:00,0.0
2013-12-23 08:00:00,0.0
2013-12-23 09:00:00,0.0
2013-12-23 10:00:00,0.0
2013-12-23 11:00:00,0.0
2013-12-23 12:00:00,0.0
2013-12-23 13:00:00,0.0
2013-12-23 14:00:00,0.0
2013-12-23 15:00:00,0.0
2013-12-23 16:00:00,0.0
2013-12-23 17:00:00,0.0
2013-12-23 18:00:00,0.0
2013-12-23 19:00:00,0.0
2013-12-23 20:00:00,0.0
2013-12-23 21:00:00,0.0
2013-12-23 22:00:00,0.0
2013-12-23 23:00:00,-0.2609384381464711
2013-12-24 00:00:00,-0.9430959537073212
2013-12-24 01:00:00,-1.445920022092351
2013-12-24 02:00:00,0.0
2013-12-24 03:00:00,0.0
2013-12-24 04:00:00,-1.45907288944126
2013-12-24 05:00:00,0.0
2013-12-24 06:00:00,0.0
2013-12-24 07:00:00,0.0
2013-12-24 08:00:00,0.0
2013-12-24 09:00:00,0.0
2013-12-24 10:00:00,0.0
2013-12-24 11:00:00,0.0
2013-12-24 12:00:00,0.0
2013-12-24 13:00:00,0.0
2013-12-24 14:00:00,1.3132981037531557
2013-12-24 15:00:00,0.0
2013-12-24 16:00:00,0.0
2013-12-24 17:00:00,0.9802377883598581
2013-12-24 18:00:00,0.0
2013-12-24 19:00:00,0.0
2013-12-24 20:00:00,0.0
2013-12-24 21:00:00,-1.2929360068480662
2013-12-24 22:00:00,-1.3584818574240236
2013-12-24 23:00:00,-1.4459637193260684
2013-12-25 00:00:00,0.0
2013-12-25 01:00:00,0.0
2013-12-25 02:00:00,0.0
2013-12-25 03:00:00,-1.5421850279715739
2013-12-25 04:00:00,0.0
2013-12-25 05:00:00,0.0
2013-12-25 06:00:00,0.0
2013-12-25 07:00:00,0.0
2013-12-25 08:00:00,0.0
2013-12-25 09:00:00,0.0
2013-12-25 10:00:00,0.0
2013-12-25 11:00:00,0.0
2013-12-25 12:00:00,0.0
2013-12-25 13:00:00,0.0
2013-12-25 14:00:00,0.0
2013-12-25 15:00:00,0.0
2013-12-25 16:00:00,0.0
2013-12-25 17:00:00,0.0
2013-12-25 18:00:00,-1.4765517829281811
2013-12-25 19:00:00,0.0
2013-12-25 20:00:00,0.0
2013-12-25 21:00:00,-1.533401883994395
2013-12-25 22:00:00,0.0
2013-12-25 23:00:00,0.0
2013-12-26 00:00:00,0.0
2013-12-26 01:00:00,0.0
2013-12-26 02:00:00,0.0
2013-12-26 03:00:00,-1.332263517193641
2013-12-26 04:00:00,-1.3978093677695982
2013-12-26 05:00:00,0.0
2013-12-26 06:00:00,0.0
2013-12-26 07:00:00,0.0
2013-12-26 08:00:00,-0.6063650706817666
2013-12-26 09:00:00,0.0
2013-12-26 10:00:00,0.0
2013-12-26 11:00:00,0.0
2013-12-26 12:00:00,0.0
2013-12-26 13:00:00,0.0
2013-12-26 14:00:00,0.5639779399688147
2013-12-26 15:00:00,0.0
2013-12-26 16:00:00,0.0
2013-12-26 17:00:00,0.0
2013-12-26 18:00:00,0.0
2013-12-26 19:00:00,0.0
2013-12-26 20:00:00,0.0
2013-12-26 21:00:00,0.642807749594836
2013-12-26 22:00:00,0.0
2013-12-26 23:00:00,0.0
2013-12-27 00:00:00,0.0
2013-12-27 01:00:00,0.0
2013-12-27 02:00:00,0.0
2013-12-27 03:00:00,0.0
2013-12-27 04:00:00,0.0
2013-12-27 05:00:00,0.0
2013-12-27 06:00:00,0.0
2013-12-27 07:00:00,0.0
2013-12-27 08:00:00,0.0
2013-12-27 09:00:00,0.0
2013-12-27 10:00:00,0.0
2013-12-27 11:00:00,0.0
2013-12-27 12:00:00,0.0
2013-12-27 13:00:00,1.1292016581021518
2013-12-27 14:00:00,0.0
2013-12-27 15:00:00,0.0
2013-12-27 16:00:00,0.0
2013-12-27 17:00:00,0.0
2013-12-27 18:00:00,0.0
2013-12-27 19:00:00,1.1861828508695254
2013-12-27 20:00:00,0.0
2013-12-27 21:00:00,0.0
2013-12-27 22:00:00,-0.14719453878032462
2013-12-27 23:00:00,0.0
2013-12-28 00:00:00,0.0
2013-12-28 01:00:00,0.0
2013-12-28 02:00:00,-0.9867931874246264
2013-12-28 03:00:00,0.0
2013-12-28 04:00:00,0.0
2013-12-28 05:00:00,0.0
2013-12-28 06:00:00,0.0
2013-12-28 07:00:00,0.0
2013-12-28 08:00:00,0.0
2013-12-28 09:00:00,0.0
2013-12-28 10:00:00,0.6822663516415675
2013-12-28 11:00:00,0.0
2013-12-28 12:00:00,0.0
2013-12-28 13:00:00,0.0
2013-12-28 14:00:00,0.0
2013-12-28 15:00:00,0.0
2013-12-28 16:00:00,0.927626318964233
2013-12-28 17:00:00,0.0
2013-12-28 18:00:00,0.0
2013-12-28 19:00:00,0.0
2013-12-28 20:00:00,0.0
2013-12-28 21:00:00,0.0
2013-12-28 22:00:00,0.0
2013-12-28 23:00:00,-0.26526446428448397
2013-12-29 00:00:00,-1.214193591689482
2013-12-29 01:00:00,0.0
2013-12-29 02:00:00,0.0
2013-12-29 03:00:00,0.0
2013-12-29 04:00:00,0.0
2013-12-29 05:00:00,0.0
2013-12-29 06:00:00,0.0
2013-12-29 07:00:00,0.0
2013-12-29 08:00:00,0.0
2013-12-29 09:00:00,0.0
2013-12-29 10:00:00,0.0
2013-12-29 11:00:00,0.0
2013-12-29 12:00:00,0.0
2013-12-29 13:00:00,0.0
2013-12-29 14:00:00,0.0
2013-12-29 15:00:00,0.0
2013-12-29 16:00:00,0.0
2013-12-29 17:00:00,0.0
2013-12-29 18:00:00,0.0
2013-12-29 19:00:00,0.0
2013-12-29 20:00:00,0.0
2013-12-29 21:00:00,0.08632347820495247
2013-12-29 22:00:00,0.0
2013-12-29 23:00:00,0.0
2013-12-30 00:00:00,0.0
2013-12-30 01:00:00,0.0
2013-12-30 02:00:00,0.0
2013-12-30 03:00:00,0.0
2013-12-30 04:00:00,0.0
2013-12-30 05:00:00,-1.7302142246571386
2013-12-30 06:00:00,-1.642688665521377
2013-12-30 07:00:00,-0.44018449085485556
2013-12-30 08:00:00,0.0
2013-12-30 09:00:00,0.0
2013-12-30 10:00:00,0.0
2013-12-30 11:00:00,0.8137076306632129
2013-12-30 12:00:00,0.0
2013-12-30 13:00:00,0.0
2013-12-30 14:00:00,0.0
2013-12-30 15:00:00,0.8137076306632129
2013-12-30 16:00:00,0.0
2013-12-30 17:00:00,0.0
2013-12-30 18:00:00,0.0
2013-12-30 19:00:00,0.0
2013-12-30 20:00:00,0.0
2013-12-30 21:00:00,0.0
2013-12-30 22:00:00,0.0
2013-12-30 23:00:00,0.0
2013-12-31 00:00:00,0.0
2013-12-31 01:00:00,0.0
2013-12-31 02:00:00,0.0
2013-12-31 03:00:00,0.0
2013-12-31 04:00:00,-1.5159229905074738
2013-12-31 05:00:00,0.0
2013-12-31 06:00:00,0.0
2013-12-31 07:00:00,-0.3090053952355055
2013-12-31 08:00:00,0.0
2013-12-31 09:00:00,0.0
2013-12-31 10:00:00,0.0
2013-12-31 11:00:00,0.0
2013-12-31 12:00:00,0.0
2013-12-31 13:00:00,0.0
2013-12-31 14:00:00,0.0
2013-12-31 15:00:00,0.8093379072914803
2013-12-31 16:00:00,0.0
2013-12-31 17:00:00,0.0
2013-12-31 18:00:00,0.0
2013-12-31 19:00:00,-0.024623798203284013
2013-12-31 20:00:00,0.0
2013-12-31 21:00:00,0.0
2013-12-31 22:00:00,0.0
2013-12-31 23:00:00,0.0
2014-01-01 00:00:00,0.0
2014-01-01 01:00:00,0.0
2014-01-01 02:00:00,0.0
2014-01-01 03:00:00,0.0
2014-01-01 04:00:00,0.0
2014-01-01 05:00:00,0.0
2014-01-01 06:00:00,0.0
2014-01-01 07:00:00,0.0
2014-01-01 08:00:00,0.0
2014-01-01 09:00:00,0.0
2014-01-01 10:00:00,0.0
2014-01-01 11:00:00,-1.432767154743442
2014-01-01 12:00:00,0.0
2014-01-01 13:00:00,-1.4547031660695289
2014-01-01 14:00:00,0.0
2014-01-01 15:00:00,0.0
2014-01-01 16:00:00,-1.3891136182598545
2014-01-01 17:00:00,0.0
2014-01-01 18:00:00,0.0
2014-01-01 19:00:00,0.0
2014-01-01 20:00:00,0.0
2014-01-01 21:00:00,0.0
2014-01-01 22:00:00,0.0
2014-01-01 23:00:00,0.0
2014-01-02 00:00:00,0.0
2014-01-02 01:00:00,-1.4984440970205515
2014-01-02 02:00:00,-1.4153319584902375
2014-01-02 03:00:00,0.0
2014-01-02 04:00:00,0.0
2014-01-02 05:00:00,-1.568403368201957
2014-01-02 06:00:00,0.0
2014-01-02 07:00:00,0.0
2014-01-02 08:00:00,0.0
2014-01-02 09:00:00,0.0
2014-01-02 10:00:00,0.0
2014-01-02 11:00:00,0.0
2014-01-02 12:00:00,0.0
2014-01-02 13:00:00,0.6515471963382926
2014-01-02 14:00:00,0.0
2014-01-02 15:00:00,0.0
2014-01-02 16:00:00,0.6384380262231102
2014-01-02 17:00:00,0.0
2014-01-02 18:00:00,0.0
2014-01-02 19:00:00,0.0
2014-01-02 20:00:00,0.0
2014-01-02 21:00:00,0.0
2014-01-02 22:00:00,0.0
2014-01-02 23:00:00,0.0
2014-01-03 00:00:00,0.0
2014-01-03 01:00:00,0.0
2014-01-03 02:00:00,0.0
2014-01-03 03:00:00,0.0
2014-01-03 04:00:00,0.0
2014-01-03 05:00:00,0.0
2014-01-03 06:00:00,0.0
2014-01-03 07:00:00,0.0
2014-01-03 08:00:00,0.0
2014-01-03 09:00:00,-0.025759926279936878
2014-01-03 10:00:00,0.0
2014-01-03 11:00:00,0.0
2014-01-03 12:00:00,0.0
2014-01-03 13:00:00,1.1248756319641455
2014-01-03 14:00:00,0.0
2014-01-03 15:00:00,0.0
2014-01-03 16:00:00,0.0
2014-01-03 17:00:00,0.0
2014-01-03 18:00:00,0.0
2014-01-03 19:00:00,0.0
2014-01-03 20:00:00,0.0
2014-01-03 21:00:00,0.0
2014-01-03 22:00:00,0.0
2014-01-03 23:00:00,0.0
2014-01-04 00:00:00,0.0
2014-01-04 01:00:00,0.0
2014-01-04 02:00:00,0.0
2014-01-04 03:00:00,0.0
2014-01-04 04:00:00,0.0
2014-01-04 05:00:00,0.0
2014-01-04 06:00:00,0.0
2014-01-04 07:00:00,0.0
2014-01-04 08:00:00,0.0
2014-01-04 09:00:00,0.0
2014-01-04 10:00:00,0.0
2014-01-04 11:00:00,0.8093379072914803
2014-01-04 12:00:00,0.0
2014-01-04 13:00:00,1.1993794154521433
2014-01-04 14:00:00,0.0
2014-01-04 15:00:00,0.0
2014-01-04 16:00:00,0.0
2014-01-04 17:00:00,0.8312739186175716
2014-01-04 18:00:00,0.0
2014-01-04 19:00:00,0.0
2014-01-04 20:00:00,0.0
2014-01-04 21:00:00,0.0
2014-01-04 22:00:00,0.0
2014-01-04 23:00:00,0.0
2014-01-05 00:00:00,0.0
2014-01-05 01:00:00,0.0
2014-01-05 02:00:00,0.0
2014-01-05 03:00:00,0.0
2014-01-05 04:00:00,0.0
2014-01-05 05:00:00,-1.717061357308229
2014-01-05 06:00:00,0.0
2014-01-05 07:00:00,0.0
2014-01-05 08:00:00,0.0
2014-01-05 09:00:00,0.0
2014-01-05 10:00:00,0.0
2014-01-05 11:00:00,0.0
2014-01-05 12:00:00,0.932083436803394
2014-01-05 13:00:00,0.0
2014-01-05 14:00:00,0.0
2014-01-05 15:00:00,0.0
2014-01-05 16:00:00,1.037262678360949
2014-01-05 17:00:00,0.0
2014-01-05 18:00:00,0.0
2014-01-05 19:00:00,0.0
2014-01-05 20:00:00,0.0
2014-01-05 21:00:00,0.0
2014-01-05 22:00:00,0.0
2014-01-05 23:00:00,0.0
2014-01-06 00:00:00,0.0
2014-01-06 01:00:00,0.0
2014-01-06 02:00:00,0.0
2014-01-06 03:00:00,0.0
2014-01-06 04:00:00,0.0
2014-01-06 05:00:00,-1.5640336448302274
2014-01-06 06:00:00,0.0
2014-01-06 07:00:00,-0.26089474091275344
2014-01-06 08:00:00,0.0
2014-01-06 09:00:00,-0.03327585047930979
2014-01-06 10:00:00,0.0
2014-01-06 11:00:00,0.0
2014-01-06 12:00:00,0.0
2014-01-06 13:00:00,0.0
2014-01-06 14:00:00,0.0
2014-01-06 15:00:00,0.0
2014-01-06 16:00:00,0.0
2014-01-06 17:00:00,0.0
2014-01-06 18:00:00,0.0
2014-01-06 19:00:00,0.0
2014-01-06 20:00:00,0.0
2014-01-06 21:00:00,0.37415715670084243
2014-01-06 22:00:00,0.0
2014-01-06 23:00:00,0.0
2014-01-07 00:00:00,0.0
2014-01-07 01:00:00,0.0
2014-01-07 02:00:00,-1.4721820595564514
2014-01-07 03:00:00,-1.5246624372509345
2014-01-07 04:00:00,0.0
2014-01-07 05:00:00,-1.6907993198441282
2014-01-07 06:00:00,0.0
2014-01-07 07:00:00,-0.6981729587218252
2014-01-07 08:00:00,0.0
2014-01-07 09:00:00,0.0
2014-01-07 10:00:00,0.0
2014-01-07 11:00:00,0.0
2014-01-07 12:00:00,0.0
2014-01-07 13:00:00,0.0
2014-01-07 14:00:00,0.0
2014-01-07 15:00:00,0.0
2014-01-07 16:00:00,0.0
2014-01-07 17:00:00,0.0
2014-01-07 18:00:00,0.0
2014-01-07 19:00:00,0.0
2014-01-07 20:00:00,0.0
2014-01-07 21:00:00,0.0
2014-01-07 22:00:00,0.0
2014-01-07 23:00:00,0.0
2014-01-08 00:00:00,-1.4940306764151037
2014-01-08 01:00:00,-1.572773091573688
2014-01-08 02:00:00,-1.4371805753488898
2014-01-08 03:00:00,0.0
2014-01-08 04:00:00,0.0
2014-01-08 05:00:00,0.0
2014-01-08 06:00:00,0.0
2014-01-08 07:00:00,0.0
2014-01-08 08:00:00,0.0
2014-01-08 09:00:00,0.0
2014-01-08 10:00:00,0.0
2014-01-08 11:00:00,0.6735269048980947
2014-01-08 12:00:00,0.0
2014-01-08 13:00:00,0.590283674666631
2014-01-08 14:00:00,0.0
2014-01-08 15:00:00,0.0
2014-01-08 16:00:00,0.0
2014-01-08 17:00:00,0.0
2014-01-08 18:00:00,0.0
2014-01-08 19:00:00,0.8969945581284021
2014-01-08 20:00:00,0.0
2014-01-08 21:00:00,0.0
2014-01-08 22:00:00,0.0
2014-01-08 23:00:00,-0.9605748471942431
2014-01-09 00:00:00,0.0
2014-01-09 01:00:00,0.0
2014-01-09 02:00:00,-1.5334455812281131
2014-01-09 03:00:00,0.0
2014-01-09 04:00:00,0.0
2014-01-09 05:00:00,0.0
2014-01-09 06:00:00,0.0
2014-01-09 07:00:00,0.0
2014-01-09 08:00:00,0.0
2014-01-09 09:00:00,0.0
2014-01-09 10:00:00,0.0
2014-01-09 11:00:00,0.0
2014-01-09 12:00:00,0.0
2014-01-09 13:00:00,0.0
2014-01-09 14:00:00,0.0
2014-01-09 15:00:00,0.46758184238843525
2014-01-09 16:00:00,0.0
2014-01-09 17:00:00,0.0
2014-01-09 18:00:00,0.0
2014-01-09 19:00:00,1.0503281512424207
2014-01-09 20:00:00,0.0
2014-01-09 21:00:00,0.5376285080372726
2014-01-09 22:00:00,0.0
2014-01-09 23:00:00,0.0
2014-01-10 00:00:00,0.0
2014-01-10 01:00:00,0.0
2014-01-10 02:00:00,0.0
2014-01-10 03:00:00,0.0
2014-01-10 04:00:00,-1.5989914318040712
2014-01-10 05:00:00,0.0
2014-01-10 06:00:00,0.0
2014-01-10 07:00:00,0.0
2014-01-10 08:00:00,-0.8119168580879703
2014-01-10 09:00:00,0.0
2014-01-10 10:00:00,0.0
2014-01-10 11:00:00,0.0
2014-01-10 12:00:00,0.0
2014-01-10 13:00:00,0.0
2014-01-10 14:00:00,0.8531662327099375
2014-01-10 15:00:00,0.0
2014-01-10 16:00:00,0.0
2014-01-10 17:00:00,0.0
2014-01-10 18:00:00,1.0897867532891454
2014-01-10 19:00:00,1.2211843350770883
2014-01-10 20:00:00,0.0
2014-01-10 21:00:00,0.0
2014-01-10 22:00:00,0.06438746687886633
2014-01-10 23:00:00,0.0
2014-01-11 00:00:00,0.0
2014-01-11 01:00:00,0.0
2014-01-11 02:00:00,0.0
2014-01-11 03:00:00,0.0
2014-01-11 04:00:00,0.0
2014-01-11 05:00:00,0.0
2014-01-11 06:00:00,-1.6427323627550936
2014-01-11 07:00:00,0.0
2014-01-11 08:00:00,0.0
2014-01-11 09:00:00,0.0
2014-01-11 10:00:00,0.0
2014-01-11 11:00:00,0.0
2014-01-11 12:00:00,0.0
2014-01-11 13:00:00,0.0
2014-01-11 14:00:00,0.0
2014-01-11 15:00:00,1.133571381473885
2014-01-11 16:00:00,0.0
2014-01-11 17:00:00,1.2782529223118824
2014-01-11 18:00:00,0.0
2014-01-11 19:00:00,1.194922297612982
2014-01-11 20:00:00,0.0
2014-01-11 21:00:00,0.0
2014-01-11 22:00:00,-0.05818327369817428
2014-01-11 23:00:00,0.0
2014-01-12 00:00:00,-1.0436869857245572
2014-01-12 01:00:00,-1.480921506299913
2014-01-12 02:00:00,0.0
2014-01-12 03:00:00,0.0
2014-01-12 04:00:00,0.0
2014-01-12 05:00:00,-1.6470583888931067
2014-01-12 06:00:00,0.0
2014-01-12 07:00:00,0.0
2014-01-12 08:00:00,0.0
2014-01-12 09:00:00,0.0
2014-01-12 10:00:00,0.0
2014-01-12 11:00:00,0.0
2014-01-12 12:00:00,0.0
2014-01-12 13:00:00,0.0
2014-01-12 14:00:00,0.8181210512686636
2014-01-12 15:00:00,0.7392475444089248
2014-01-12 16:00:00,0.0
2014-01-12 17:00:00,0.0
2014-01-12 18:00:00,0.0
2014-01-12 19:00:00,1.0723078598022302
2014-01-12 20:00:00,0.0
2014-01-12 21:00:00,0.0
2014-01-12 22:00:00,0.0
2014-01-12 23:00:00,0.0
2014-01-13 00:00:00,0.0
2014-01-13 01:00:00,-1.6689070057517597
2014-01-13 02:00:00,0.0
2014-01-13 03:00:00,0.0
2014-01-13 04:00:00,-1.6426886655213762
2014-01-13 05:00:00,0.0
2014-01-13 06:00:00,-1.161713213994998
2014-01-13 07:00:00,0.0
2014-01-13 08:00:00,-0.24337215019211286
2014-01-13 09:00:00,0.0
2014-01-13 10:00:00,0.0
2014-01-13 11:00:00,0.0
2014-01-13 12:00:00,0.0
2014-01-13 13:00:00,0.0
2014-01-13 14:00:00,0.0
2014-01-13 15:00:00,0.0
2014-01-13 16:00:00,0.0
2014-01-13 17:00:00,1.1599208134054266
2014-01-13 18:00:00,1.3790187432639858
2014-01-13 19:00:00,0.0
2014-01-13 20:00:00,0.0
2014-01-13 21:00:00,0.0
2014-01-13 22:00:00,-0.34400687944306735
2014-01-13 23:00:00,0.0
2014-01-14 00:00:00,0.0
2014-01-14 01:00:00,-1.550924474715035
2014-01-14 02:00:00,0.0
2014-01-14 03:00:00,0.0
2014-01-14 04:00:00,0.0
2014-01-14 05:00:00,0.0
2014-01-14 06:00:00,0.0
2014-01-14 07:00:00,-0.5844727565893972
2014-01-14 08:00:00,0.0
2014-01-14 09:00:00,-0.28549628349559797
2014-01-14 10:00:00,0.7392038471752145
2014-01-14 11:00:00,0.0
2014-01-14 12:00:00,0.0
2014-01-14 13:00:00,0.0
2014-01-14 14:00:00,0.0
2014-01-14 15:00:00,0.0
2014-01-14 16:00:00,0.7304207031980311
2014-01-14 17:00:00,0.0
2014-01-14 18:00:00,0.0
2014-01-14 19:00:00,0.0
2014-01-14 20:00:00,0.0
2014-01-14 21:00:00,0.6296548822459285
2014-01-14 22:00:00,-0.28278705500512324
2014-01-14 23:00:00,0.0
2014-01-15 00:00:00,0.0
2014-01-15 01:00:00,0.0
2014-01-15 02:00:00,0.0
2014-01-15 03:00:00,0.0
2014-01-15 04:00:00,0.0
2014-01-15 05:00:00,0.0
2014-01-15 06:00:00,0.0
2014-01-15 07:00:00,0.0
2014-01-15 08:00:00,0.0
2014-01-15 09:00:00,0.0
2014-01-15 10:00:00,0.0
2014-01-15 11:00:00,0.0
2014-01-15 12:00:00,0.0
2014-01-15 13:00:00,0.0
2014-01-15 14:00:00,0.9714983416164005
2014-01-15 15:00:00,0.0
2014-01-15 16:00:00,0.0
2014-01-15 17:00:00,0.0
2014-01-15 18:00:00,0.0
2014-01-15 19:00:00,1.0328492577555057
2014-01-15 20:00:00,0.0
2014-01-15 21:00:00,0.0
2014-01-15 22:00:00,0.0
2014-01-15 23:00:00,0.0
2014-01-16 00:00:00,0.0
2014-01-16 01:00:00,0.0
2014-01-16 02:00:00,0.0
2014-01-16 03:00:00,0.0
2014-01-16 04:00:00,0.0
2014-01-16 05:00:00,0.0
2014-01-16 06:00:00,0.0
2014-01-16 07:00:00,0.0
2014-01-16 08:00:00,0.0
2014-01-16 09:00:00,0.04109684130754348
2014-01-16 10:00:00,0.0
2014-01-16 11:00:00,0.0
2014-01-16 12:00:00,0.0
2014-01-16 13:00:00,0.0
2014-01-16 14:00:00,0.0
2014-01-16 15:00:00,0.0
2014-01-16 16:00:00,0.0
2014-01-16 17:00:00,0.0
2014-01-16 18:00:00,0.8575359560816623
2014-01-16 19:00:00,0.0
2014-01-16 20:00:00,0.9407791863131335
2014-01-16 21:00:00,0.0
2014-01-16 22:00:00,0.036858209636965
2014-01-16 23:00:00,0.0
2014-01-17 00:00:00,0.0
2014-01-17 01:00:00,-1.6558415328702851
2014-01-17 02:00:00,0.0
2014-01-17 03:00:00,0.0
2014-01-17 04:00:00,0.0
2014-01-17 05:00:00,0.0
2014-01-17 06:00:00,0.0
2014-01-17 07:00:00,0.0
2014-01-17 08:00:00,0.0
2014-01-17 09:00:00,0.0
2014-01-17 10:00:00,0.6953755217567499
2014-01-17 11:00:00,1.041545007265238
2014-01-17 12:00:00,0.9539320536620418
2014-01-17 13:00:00,0.0
2014-01-17 14:00:00,0.9057777021055851
2014-01-17 15:00:00,0.0
2014-01-17 16:00:00,0.0
2014-01-17 17:00:00,0.9802814855935834
2014-01-17 18:00:00,0.0
2014-01-17 19:00:00,0.0
2014-01-17 20:00:00,0.0
2014-01-17 21:00:00,0.0
2014-01-17 22:00:00,0.0
2014-01-17 23:00:00,0.0
2014-01-18 00:00:00,0.0
2014-01-18 01:00:00,0.0
2014-01-18 02:00:00,0.0
2014-01-18 03:00:00,0.0
2014-01-18 04:00:00,0.0
2014-01-18 05:00:00,0.0
2014-01-18 06:00:00,0.0
2014-01-18 07:00:00,0.0
2014-01-18 08:00:00,0.0
2014-01-18 09:00:00,0.0
2014-01-18 10:00:00,0.0
2014-01-18 11:00:00,0.0
2014-01-18 12:00:00,1.2913183951933618
2014-01-18 13:00:00,1.1861828508695254
2014-01-18 14:00:00,0.0
2014-01-18 15:00:00,0.0
2014-01-18 16:00:00,0.0
2014-01-18 17:00:00,0.0
2014-01-18 18:00:00,1.1861828508695254
2014-01-18 19:00:00,0.0
2014-01-18 20:00:00,0.0
2014-01-18 21:00:00,0.5639779399688186
2014-01-18 22:00:00,-0.05674126498550404
2014-01-18 23:00:00,0.0
2014-01-19 00:00:00,-1.2098238683177507
2014-01-19 01:00:00,0.0
2014-01-19 02:00:00,0.0
2014-01-19 03:00:00,-1.5290758578563823
2014-01-19 04:00:00,0.0
2014-01-19 05:00:00,0.0
2014-01-19 06:00:00,0.0
2014-01-19 07:00:00,0.0
2014-01-19 08:00:00,0.0
2014-01-19 09:00:00,-0.02125911120705172
2014-01-19 10:00:00,0.7918153165708396
2014-01-19 11:00:00,0.0
2014-01-19 12:00:00,0.0
2014-01-19 13:00:00,0.8005984605480231
2014-01-19 14:00:00,0.8312739186175716
2014-01-19 15:00:00,0.0
2014-01-19 16:00:00,0.0
2014-01-19 17:00:00,0.0
2014-01-19 18:00:00,0.0
2014-01-19 19:00:00,1.17744340412606
2014-01-19 20:00:00,0.0
2014-01-19 21:00:00,0.0
2014-01-19 22:00:00,0.0
2014-01-19 23:00:00,0.0
2014-01-20 00:00:00,0.0
2014-01-20 01:00:00,0.0
2014-01-20 02:00:00,0.0
2014-01-20 03:00:00,0.0
2014-01-20 04:00:00,-1.6908430170778463
2014-01-20 05:00:00,0.0
2014-01-20 06:00:00,-1.7564762621212384
2014-01-20 07:00:00,0.0
2014-01-20 08:00:00,0.0
2014-01-20 09:00:00,0.053026186112364114
2014-01-20 10:00:00,0.4982573004579842
2014-01-20 11:00:00,0.0
2014-01-20 12:00:00,0.0
2014-01-20 13:00:00,0.0
2014-01-20 14:00:00,0.8487965093382126
2014-01-20 15:00:00,0.0
2014-01-20 16:00:00,0.0
2014-01-20 17:00:00,0.0
2014-01-20 18:00:00,0.0
2014-01-20 19:00:00,0.0
2014-01-20 20:00:00,0.0
2014-01-20 21:00:00,0.0
2014-01-20 22:00:00,-0.20841436321827
2014-01-20 23:00:00,-1.2623042460122345
2014-01-21 00:00:00,0.0
2014-01-21 01:00:00,-1.6995387665875905
2014-01-21 02:00:00,0.0
2014-01-21 03:00:00,0.0
2014-01-21 04:00:00,0.0
2014-01-21 05:00:00,-1.7126916339364995
2014-01-21 06:00:00,0.0
2014-01-21 07:00:00,0.0
2014-01-21 08:00:00,0.0
2014-01-21 09:00:00,0.0
2014-01-21 10:00:00,0.0
2014-01-21 11:00:00,0.0
2014-01-21 12:00:00,0.0
2014-01-21 13:00:00,0.6515908935720185
2014-01-21 14:00:00,0.0
2014-01-21 15:00:00,0.6384380262231029
2014-01-21 16:00:00,0.0
2014-01-21 17:00:00,0.0
2014-01-21 18:00:00,0.0
2014-01-21 19:00:00,1.0415887044989711
2014-01-21 20:00:00,0.0
2014-01-21 21:00:00,0.0
2014-01-21 22:00:00,0.0
2014-01-21 23:00:00,0.0
2014-01-22 00:00:00,0.0
2014-01-22 01:00:00,0.0
2014-01-22 02:00:00,0.0
2014-01-22 03:00:00,0.0
2014-01-22 04:00:00,0.0
2014-01-22 05:00:00,0.0
2014-01-22 06:00:00,0.0
2014-01-22 07:00:00,0.0
2014-01-22 08:00:00,-0.47081625169068775
2014-01-22 09:00:00,0.0
2014-01-22 10:00:00,0.0
2014-01-22 11:00:00,0.5946097008046529
2014-01-22 12:00:00,0.5289327585275331
2014-01-22 13:00:00,0.0
2014-01-22 14:00:00,0.0
2014-01-22 15:00:00,0.0
2014-01-22 16:00:00,0.5683476633405474
2014-01-22 17:00:00,0.0
2014-01-22 18:00:00,0.0
2014-01-22 19:00:00,0.0
2014-01-22 20:00:00,0.0
2014-01-22 21:00:00,0.0
2014-01-22 22:00:00,0.0
2014-01-22 23:00:00,0.0
2014-01-23 00:00:00,0.0
2014-01-23 01:00:00,0.0
2014-01-23 02:00:00,0.0
2014-01-23 03:00:00,0.0
2014-01-23 04:00:00,0.0
2014-01-23 05:00:00,0.0
2014-01-23 06:00:00,0.0
2014-01-23 07:00:00,0.0
2014-01-23 08:00:00,0.0
2014-01-23 09:00:00,0.0
2014-01-23 10:00:00,0.0
2014-01-23 11:00:00,1.0591549924533223
2014-01-23 12:00:00,0.0
2014-01-23 13:00:00,0.0
2014-01-23 14:00:00,0.0
2014-01-23 15:00:00,0.0
2014-01-23 16:00:00,0.0
2014-01-23 17:00:00,0.0
2014-01-23 18:00:00,0.0
2014-01-23 19:00:00,0.0
2014-01-23 20:00:00,0.0
2014-01-23 21:00:00,0.0
2014-01-23 22:00:00,0.0
2014-01-23 23:00:00,-0.9605748471942434
2014-01-24 00:00:00,-0.9649445705659727
2014-01-24 01:00:00,0.0
2014-01-24 02:00:00,0.0
2014-01-24 03:00:00,0.0
2014-01-24 04:00:00,-1.6208400486627235
2014-01-24 05:00:00,0.0
2014-01-24 06:00:00,-1.3978530650033147
2014-01-24 07:00:00,0.0
2014-01-24 08:00:00,0.0
2014-01-24 09:00:00,0.0
2014-01-24 10:00:00,0.0
2014-01-24 11:00:00,0.0
2014-01-24 12:00:00,0.0
2014-01-24 13:00:00,0.0
2014-01-24 14:00:00,0.0
2014-01-24 15:00:00,0.0
2014-01-24 16:00:00,0.0
2014-01-24 17:00:00,0.0
2014-01-24 18:00:00,0.0
2014-01-24 19:00:00,0.0
2014-01-24 20:00:00,0.0
2014-01-24 21:00:00,0.0
2014-01-24 22:00:00,-0.18219602298788687
2014-01-24 23:00:00,0.0
2014-01-25 00:00:00,0.0
2014-01-25 01:00:00,0.0
2014-01-25 02:00:00,0.0
2014-01-25 03:00:00,0.0
2014-01-25 04:00:00,0.0
2014-01-25 05:00:00,0.0
2014-01-25 06:00:00,0.0
2014-01-25 07:00:00,0.0
2014-01-25 08:00:00,0.0
2014-01-25 09:00:00,0.0
2014-01-25 10:00:00,0.6647437609209265
2014-01-25 11:00:00,0.0
2014-01-25 12:00:00,0.0
2014-01-25 13:00:00,0.8969945581284021
2014-01-25 14:00:00,0.79622873717629
2014-01-25 15:00:00,0.0
2014-01-25 16:00:00,0.0
2014-01-25 17:00:00,0.0
2014-01-25 18:00:00,1.17744340412606
2014-01-25 19:00:00,0.0
2014-01-25 20:00:00,0.0
2014-01-25 21:00:00,0.0
2014-01-25 22:00:00,0.0
2014-01-25 23:00:00,0.0
2014-01-26 00:00:00,0.0
2014-01-26 01:00:00,0.0
2014-01-26 02:00:00,-1.415288261256521
2014-01-26 03:00:00,0.0
2014-01-26 04:00:00,0.0
2014-01-26 05:00:00,0.0
2014-01-26 06:00:00,0.0
2014-01-26 07:00:00,0.0
2014-01-26 08:00:00,-0.37022521967345046
2014-01-26 09:00:00,0.0
2014-01-26 10:00:00,0.0
2014-01-26 11:00:00,0.0
2014-01-26 12:00:00,0.0
2014-01-26 13:00:00,0.0
2014-01-26 14:00:00,0.7567264378958551
2014-01-26 15:00:00,0.0
2014-01-26 16:00:00,0.0
2014-01-26 17:00:00,0.0
2014-01-26 18:00:00,0.0
2014-01-26 19:00:00,0.0
2014-01-26 20:00:00,0.0
2014-01-26 21:00:00,-0.09178644642678262
2014-01-26 22:00:00,0.0
2014-01-26 23:00:00,0.0
2014-01-27 00:00:00,0.0
2014-01-27 01:00:00,0.0
2014-01-27 02:00:00,0.0
2014-01-27 03:00:00,-1.4809215062999121
2014-01-27 04:00:00,0.0
2014-01-27 05:00:00,0.0
2014-01-27 06:00:00,0.0
2014-01-27 07:00:00,-0.5932559005665763
2014-01-27 08:00:00,0.0
2014-01-27 09:00:00,0.0
2014-01-27 10:00:00,0.5114101678068925
2014-01-27 11:00:00,0.0
2014-01-27 12:00:00,0.0
2014-01-27 13:00:00,0.0
2014-01-27 14:00:00,0.0
2014-01-27 15:00:00,0.0
2014-01-27 16:00:00,0.0
2014-01-27 17:00:00,0.0
2014-01-27 18:00:00,0.0
2014-01-27 19:00:00,0.0
2014-01-27 20:00:00,0.0
2014-01-27 21:00:00,0.0
2014-01-27 22:00:00,0.0
2014-01-27 23:00:00,0.0
2014-01-28 00:00:00,0.0
2014-01-28 01:00:00,0.0
2014-01-28 02:00:00,0.0
2014-01-28 03:00:00,0.0
2014-01-28 04:00:00,0.0
2014-01-28 05:00:00,-1.6033611551758016
2014-01-28 06:00:00,0.0
2014-01-28 07:00:00,0.0
2014-01-28 08:00:00,0.0
2014-01-28 09:00:00,-0.1104888624577872
2014-01-28 10:00:00,0.0
2014-01-28 11:00:00,1.0678507419630618
2014-01-28 12:00:00,0.0
2014-01-28 13:00:00,0.0
2014-01-28 14:00:00,0.8488402065719306
2014-01-28 15:00:00,0.0
2014-01-28 16:00:00,0.0
2014-01-28 17:00:00,0.0
2014-01-28 18:00:00,0.0
2014-01-28 19:00:00,0.0
2014-01-28 20:00:00,0.0
2014-01-28 21:00:00,0.4530306635605735
2014-01-28 22:00:00,-0.18656574635961695
2014-01-28 23:00:00,0.0
2014-01-29 00:00:00,0.0
2014-01-29 01:00:00,0.0
2014-01-29 02:00:00,-1.419701681861967
2014-01-29 03:00:00,-1.4765517829281818
2014-01-29 04:00:00,0.0
2014-01-29 05:00:00,0.0
2014-01-29 06:00:00,0.0
2014-01-29 07:00:00,0.0
2014-01-29 08:00:00,0.0
2014-01-29 09:00:00,0.0
2014-01-29 10:00:00,0.0
2014-01-29 11:00:00,0.5946097008046529
2014-01-29 12:00:00,0.0
2014-01-29 13:00:00,0.0
2014-01-29 14:00:00,0.0
2014-01-29 15:00:00,0.3755554681797885
2014-01-29 16:00:00,0.0
2014-01-29 17:00:00,0.0
2014-01-29 18:00:00,0.9013642815001344
2014-01-29 19:00:00,0.0
2014-01-29 20:00:00,0.9846075117315907
2014-01-29 21:00:00,0.5114101678069016
2014-01-29 22:00:00,0.0
2014-01-29 23:00:00,-1.1398208999026287
2014-01-30 00:00:00,-1.5771428149454185
2014-01-30 01:00:00,0.0
2014-01-30 02:00:00,0.0
2014-01-30 03:00:00,0.0
2014-01-30 04:00:00,0.0
2014-01-30 05:00:00,0.0
2014-01-30 06:00:00,0.0
2014-01-30 07:00:00,0.0
2014-01-30 08:00:00,-0.6850637886066335
2014-01-30 09:00:00,-0.27216862721182083
2014-01-30 10:00:00,0.0
2014-01-30 11:00:00,1.0591549924533223
2014-01-30 12:00:00,0.0
2014-01-30 13:00:00,0.0
2014-01-30 14:00:00,0.0
2014-01-30 15:00:00,0.0
2014-01-30 16:00:00,0.0
2014-01-30 17:00:00,0.0
2014-01-30 18:00:00,0.8794719674077537
2014-01-30 19:00:00,0.927670016197951
2014-01-30 20:00:00,0.0
2014-01-30 21:00:00,0.0
2014-01-30 22:00:00,0.0
2014-01-30 23:00:00,0.0
2014-01-31 00:00:00,0.0
2014-01-31 01:00:00,0.0
2014-01-31 02:00:00,0.0
2014-01-31 03:00:00,0.0
2014-01-31 04:00:00,0.0
2014-01-31 05:00:00,0.0
2014-01-31 06:00:00,0.0
2014-01-31 07:00:00,0.0
2014-01-31 08:00:00,-0.7900245439956018
2014-01-31 09:00:00,0.0
2014-01-31 10:00:00,0.5990231214100963
2014-01-31 11:00:00,0.0
2014-01-31 12:00:00,0.0
2014-01-31 13:00:00,0.0
2014-01-31 14:00:00,0.0
2014-01-31 15:00:00,0.0
2014-01-31 16:00:00,0.0
2014-01-31 17:00:00,0.7830758698273821
2014-01-31 18:00:00,0.0
2014-01-31 19:00:00,0.988977235103323
2014-01-31 20:00:00,0.0
2014-01-31 21:00:00,0.0
2014-01-31 22:00:00,0.0
2014-01-31 23:00:00,0.0
2014-02-01 00:00:00,0.0
2014-02-01 01:00:00,0.0
2014-02-01 02:00:00,0.0
2014-02-01 03:00:00,0.0
2014-02-01 04:00:00,-1.6295794954061846
2014-02-01 05:00:00,0.0
2014-02-01 06:00:00,0.0
2014-02-01 07:00:00,0.0
2014-02-01 08:00:00,0.0
2014-02-01 09:00:00,0.0
2014-02-01 10:00:00,0.6647437609209265
2014-02-01 11:00:00,0.0
2014-02-01 12:00:00,0.9057340048718596
2014-02-01 13:00:00,0.8969945581284021
2014-02-01 14:00:00,0.0
2014-02-01 15:00:00,0.0
2014-02-01 16:00:00,0.0
2014-02-01 17:00:00,1.1862265481032432
2014-02-01 18:00:00,1.17744340412606
2014-02-01 19:00:00,1.0415887044989631
2014-02-01 20:00:00,0.0
2014-02-01 21:00:00,0.0
2014-02-01 22:00:00,0.0
2014-02-01 23:00:00,0.0
2014-02-02 00:00:00,0.0
2014-02-02 01:00:00,0.0
2014-02-02 02:00:00,0.0
2014-02-02 03:00:00,0.0
2014-02-02 04:00:00,0.0
2014-02-02 05:00:00,0.0
2014-02-02 06:00:00,0.0
2014-02-02 07:00:00,-0.49117916260295075
2014-02-02 08:00:00,0.0
2014-02-02 09:00:00,0.0
2014-02-02 10:00:00,0.5815005306894553
2014-02-02 11:00:00,0.0
2014-02-02 12:00:00,0.0
2014-02-02 13:00:00,0.0
2014-02-02 14:00:00,0.7567264378958551
2014-02-02 15:00:00,0.0
2014-02-02 16:00:00,0.0
2014-02-02 17:00:00,0.0
2014-02-02 18:00:00,0.8838416907794864
2014-02-02 19:00:00,0.0
2014-02-02 20:00:00,0.2046555871114094
2014-02-02 21:00:00,0.0
2014-02-02 22:00:00,0.0
2014-02-02 23:00:00,0.0
2014-02-03 00:00:00,0.0
2014-02-03 01:00:00,0.0
2014-02-03 02:00:00,0.0
2014-02-03 03:00:00,0.0
2014-02-03 04:00:00,0.0
2014-02-03 05:00:00,-1.6208400486627235
2014-02-03 06:00:00,0.0
2014-02-03 07:00:00,0.0
2014-02-03 08:00:00,0.0
2014-02-03 09:00:00,0.0
2014-02-03 10:00:00,0.5114101678068925
2014-02-03 11:00:00,0.0
2014-02-03 12:00:00,0.0
2014-02-03 13:00:00,0.0
2014-02-03 14:00:00,0.0
2014-02-03 15:00:00,0.0
2014-02-03 16:00:00,0.0
2014-02-03 17:00:00,0.0
2014-02-03 18:00:00,0.0
2014-02-03 19:00:00,0.0
2014-02-03 20:00:00,0.0
2014-02-03 21:00:00,0.0
2014-02-03 22:00:00,0.0
2014-02-03 23:00:00,0.0
2014-02-04 00:00:00,0.0
2014-02-04 01:00:00,0.0
2014-02-04 02:00:00,0.0
2014-02-04 03:00:00,0.0
2014-02-04 04:00:00,0.0
2014-02-04 05:00:00,0.0
2014-02-04 06:00:00,-1.2666739693839657
2014-02-04 07:00:00,0.0
2014-02-04 08:00:00,0.0
2014-02-04 09:00:00,0.0
2014-02-04 10:00:00,0.9583017770337741
2014-02-04 11:00:00,0.0
2014-02-04 12:00:00,1.0591549924533223
2014-02-04 13:00:00,0.0
2014-02-04 14:00:00,0.0
2014-02-04 15:00:00,0.0
2014-02-04 16:00:00,0.0
2014-02-04 17:00:00,0.0
2014-02-04 18:00:00,0.0
2014-02-04 19:00:00,0.0
2014-02-04 20:00:00,0.8575359560816698
2014-02-04 21:00:00,0.0
2014-02-04 22:00:00,0.0
2014-02-04 23:00:00,0.0
2014-02-05 00:00:00,0.0
2014-02-05 01:00:00,0.0
2014-02-05 02:00:00,0.0
2014-02-05 03:00:00,0.0
2014-02-05 04:00:00,0.0
2014-02-05 05:00:00,-1.607730878547532
2014-02-05 06:00:00,0.0
2014-02-05 07:00:00,0.0
2014-02-05 08:00:00,0.0
2014-02-05 09:00:00,0.0
2014-02-05 10:00:00,0.0
2014-02-05 11:00:00,0.5946097008046529
2014-02-05 12:00:00,0.0
2014-02-05 13:00:00,0.0
2014-02-05 14:00:00,0.0
2014-02-05 15:00:00,0.0
2014-02-05 16:00:00,0.0
2014-02-05 17:00:00,0.0
2014-02-05 18:00:00,0.9013642815001344
2014-02-05 19:00:00,0.0
2014-02-05 20:00:00,0.0
2014-02-05 21:00:00,0.0
2014-02-05 22:00:00,0.0
2014-02-05 23:00:00,0.0
2014-02-06 00:00:00,-1.5771428149454185
2014-02-06 01:00:00,0.0
2014-02-06 02:00:00,0.0
2014-02-06 03:00:00,-1.7170613573082303
2014-02-06 04:00:00,0.0
2014-02-06 05:00:00,0.0
2014-02-06 06:00:00,0.0
2014-02-06 07:00:00,0.0
2014-02-06 08:00:00,0.0
2014-02-06 09:00:00,0.0
2014-02-06 10:00:00,0.0
2014-02-06 11:00:00,0.0
2014-02-06 12:00:00,0.0
2014-02-06 13:00:00,0.0
2014-02-06 14:00:00,0.0
2014-02-06 15:00:00,0.0
2014-02-06 16:00:00,0.0
2014-02-06 17:00:00,0.0
2014-02-06 18:00:00,0.0
2014-02-06 19:00:00,0.0
2014-02-06 20:00:00,0.988977235103323
2014-02-06 21:00:00,0.0
2014-02-06 22:00:00,-0.20264632836758556
2014-02-06 23:00:00,0.0
2014-02-07 00:00:00,0.0
2014-02-07 01:00:00,0.0
2014-02-07 02:00:00,-1.4502897454640813
2014-02-07 03:00:00,0.0
2014-02-07 04:00:00,0.0
2014-02-07 05:00:00,0.0
2014-02-07 06:00:00,0.0
2014-02-07 07:00:00,0.0
2014-02-07 08:00:00,0.0
2014-02-07 09:00:00,-0.35112952853898544
2014-02-07 10:00:00,0.0
2014-02-07 11:00:00,0.0
2014-02-07 12:00:00,0.5420419286427307
2014-02-07 13:00:00,0.0
2014-02-07 14:00:00,0.0
2014-02-07 15:00:00,0.0
2014-02-07 16:00:00,0.0
2014-02-07 17:00:00,0.0
2014-02-07 18:00:00,0.0
2014-02-07 19:00:00,0.0
2014-02-07 20:00:00,0.0
2014-02-07 21:00:00,0.0
2014-02-07 22:00:00,0.0
2014-02-07 23:00:00,0.0
2014-02-08 00:00:00,0.0
2014-02-08 01:00:00,0.0
2014-02-08 02:00:00,0.0
2014-02-08 03:00:00,-1.5246187400172189
2014-02-08 04:00:00,0.0
2014-02-08 05:00:00,0.0
2014-02-08 06:00:00,0.0
2014-02-08 07:00:00,0.0
2014-02-08 08:00:00,0.0
2014-02-08 09:00:00,0.0
2014-02-08 10:00:00,0.0
2014-02-08 11:00:00,0.0
2014-02-08 12:00:00,0.0
2014-02-08 13:00:00,0.0
2014-02-08 14:00:00,0.0
2014-02-08 15:00:00,0.0
2014-02-08 16:00:00,0.0
2014-02-08 17:00:00,0.0
2014-02-08 18:00:00,1.17744340412606
2014-02-08 19:00:00,0.0
2014-02-08 20:00:00,0.0
2014-02-08 21:00:00,0.5990231214100985
2014-02-08 22:00:00,0.0
2014-02-08 23:00:00,0.0
2014-02-09 00:00:00,0.0
2014-02-09 01:00:00,-1.472225756790168
2014-02-09 02:00:00,-1.415288261256521
2014-02-09 03:00:00,0.0
2014-02-09 04:00:00,0.0
2014-02-09 05:00:00,0.0
2014-02-09 06:00:00,-1.5334455812281123
2014-02-09 07:00:00,0.0
2014-02-09 08:00:00,0.0
2014-02-09 09:00:00,-0.1280988476458648
2014-02-09 10:00:00,0.5815005306894553
2014-02-09 11:00:00,0.0
2014-02-09 12:00:00,0.0
2014-02-09 13:00:00,0.0
2014-02-09 14:00:00,0.0
2014-02-09 15:00:00,0.0
2014-02-09 16:00:00,0.0
2014-02-09 17:00:00,0.0
2014-02-09 18:00:00,0.0
2014-02-09 19:00:00,0.0
2014-02-09 20:00:00,0.0
2014-02-09 21:00:00,0.0
2014-02-09 22:00:00,0.0
2014-02-09 23:00:00,0.0
2014-02-10 00:00:00,-1.4808778090661956
2014-02-10 01:00:00,0.0
2014-02-10 02:00:00,0.0
2014-02-10 03:00:00,-1.4809215062999121
2014-02-10 04:00:00,-1.6034048524095181
2014-02-10 05:00:00,-1.6208400486627235
2014-02-10 06:00:00,0.0
2014-02-10 07:00:00,-0.5932559005665763
2014-02-10 08:00:00,0.0
2014-02-10 09:00:00,0.0
2014-02-10 10:00:00,0.0
2014-02-10 11:00:00,0.0
2014-02-10 12:00:00,0.0
2014-02-10 13:00:00,0.6735269048981021
2014-02-10 14:00:00,0.6647874581546371
2014-02-10 15:00:00,0.0
2014-02-10 16:00:00,0.0
2014-02-10 17:00:00,0.0
2014-02-10 18:00:00,0.0
2014-02-10 19:00:00,0.0
2014-02-10 20:00:00,0.0
2014-02-10 21:00:00,0.0
2014-02-10 22:00:00,0.0
2014-02-10 23:00:00,0.0
2014-02-11 00:00:00,0.0
2014-02-11 01:00:00,0.0
2014-02-11 02:00:00,0.0
2014-02-11 03:00:00,0.0
2014-02-11 04:00:00,0.0
2014-02-11 05:00:00,-1.6033611551758016
2014-02-11 06:00:00,0.0
2014-02-11 07:00:00,0.0
2014-02-11 08:00:00,-0.5757333098459366
2014-02-11 09:00:00,0.0
2014-02-11 10:00:00,0.0
2014-02-11 11:00:00,1.0678507419630618
2014-02-11 12:00:00,1.0591549924533223
2014-02-11 13:00:00,0.0
2014-02-11 14:00:00,0.8488402065719306
2014-02-11 15:00:00,0.0
2014-02-11 16:00:00,0.0
2014-02-11 17:00:00,0.0
2014-02-11 18:00:00,0.8575359560816775
2014-02-11 19:00:00,0.0
2014-02-11 20:00:00,0.8575359560816698
2014-02-11 21:00:00,0.0
2014-02-11 22:00:00,-0.18656574635961695
2014-02-11 23:00:00,-0.8206126075977146
2014-02-12 00:00:00,-1.013011527655009
2014-02-12 01:00:00,0.0
2014-02-12 02:00:00,0.0
2014-02-12 03:00:00,0.0
2014-02-12 04:00:00,-1.5640336448302259
2014-02-12 05:00:00,-1.607730878547532
2014-02-12 06:00:00,-1.4984003997868347
2014-02-12 07:00:00,0.0
2014-02-12 08:00:00,0.0
2014-02-12 09:00:00,-0.1499037672707989
2014-02-12 10:00:00,0.6603303403154761
2014-02-12 11:00:00,0.5946097008046529
2014-02-12 12:00:00,0.0
2014-02-12 13:00:00,0.0
2014-02-12 14:00:00,0.0
2014-02-12 15:00:00,0.0
2014-02-12 16:00:00,0.0
2014-02-12 17:00:00,0.0
2014-02-12 18:00:00,0.0
2014-02-12 19:00:00,0.0
2014-02-12 20:00:00,0.0
2014-02-12 21:00:00,0.0
2014-02-12 22:00:00,0.0
2014-02-12 23:00:00,0.0
2014-02-13 00:00:00,0.0
2014-02-13 01:00:00,-1.725800804051691
2014-02-13 02:00:00,0.0
2014-02-13 03:00:00,-1.7170613573082303
2014-02-13 04:00:00,0.0
2014-02-13 05:00:00,0.0
2014-02-13 06:00:00,0.0
2014-02-13 07:00:00,0.0
2014-02-13 08:00:00,-0.6850637886066335
2014-02-13 09:00:00,0.0
2014-02-13 10:00:00,0.0
2014-02-13 11:00:00,0.0
2014-02-13 12:00:00,0.0
2014-02-13 13:00:00,0.0
2014-02-13 14:00:00,0.0
2014-02-13 15:00:00,0.6910057983850251
2014-02-13 16:00:00,0.0
2014-02-13 17:00:00,0.0
2014-02-13 18:00:00,0.8794719674077537
2014-02-13 19:00:00,0.927670016197951
2014-02-13 20:00:00,0.0
2014-02-13 21:00:00,0.0
2014-02-13 22:00:00,0.0
2014-02-13 23:00:00,0.0
2014-02-14 00:00:00,-0.9649445705659727
2014-02-14 01:00:00,0.0
2014-02-14 02:00:00,0.0
2014-02-14 03:00:00,-1.5202927138792042
2014-02-14 04:00:00,0.0
2014-02-14 05:00:00,-1.7039521871930372
2014-02-14 06:00:00,0.0
2014-02-14 07:00:00,0.0
2014-02-14 08:00:00,0.0
2014-02-14 09:00:00,0.0
2014-02-14 10:00:00,0.0
2014-02-14 11:00:00,0.0
2014-02-14 12:00:00,0.0
2014-02-14 13:00:00,0.0
2014-02-14 14:00:00,0.0
2014-02-14 15:00:00,0.0
2014-02-14 16:00:00,0.0
2014-02-14 17:00:00,0.0
2014-02-14 18:00:00,0.0
2014-02-14 19:00:00,0.0
2014-02-14 20:00:00,0.8838416907794864
2014-02-14 21:00:00,0.0
2014-02-14 22:00:00,0.0
2014-02-14 23:00:00,0.0
2014-02-15 00:00:00,0.0
2014-02-15 01:00:00,0.0
2014-02-15 02:00:00,0.0
2014-02-15 03:00:00,0.0
2014-02-15 04:00:00,0.0
2014-02-15 05:00:00,0.0
2014-02-15 06:00:00,0.0
2014-02-15 07:00:00,-0.4474382316519283
2014-02-15 08:00:00,0.0
2014-02-15 09:00:00,0.0
2014-02-15 10:00:00,0.0
2014-02-15 11:00:00,0.0
2014-02-15 12:00:00,0.0
2014-02-15 13:00:00,0.0
2014-02-15 14:00:00,0.0
2014-02-15 15:00:00,0.0
2014-02-15 16:00:00,0.0
2014-02-15 17:00:00,0.0
2014-02-15 18:00:00,0.0
2014-02-15 19:00:00,1.0415887044989631
2014-02-15 20:00:00,0.0
2014-02-15 21:00:00,0.0
2014-02-15 22:00:00,0.0
2014-02-15 23:00:00,0.0
2014-02-16 00:00:00,0.0
2014-02-16 01:00:00,0.0
2014-02-16 02:00:00,0.0
2014-02-16 03:00:00,0.0
2014-02-16 04:00:00,-1.502770123158565
2014-02-16 05:00:00,-1.6077308785475326
2014-02-16 06:00:00,0.0
2014-02-16 07:00:00,0.0
2014-02-16 08:00:00,-0.37022521967345046
2014-02-16 09:00:00,0.0
2014-02-16 10:00:00,0.0
2014-02-16 11:00:00,0.6822663516415675
2014-02-16 12:00:00,0.0
2014-02-16 13:00:00,0.0
2014-02-16 14:00:00,0.7567264378958551
2014-02-16 15:00:00,0.0
2014-02-16 16:00:00,0.0
2014-02-16 17:00:00,0.7830758698273821
2014-02-16 18:00:00,0.0
2014-02-16 19:00:00,0.0
2014-02-16 20:00:00,0.0
2014-02-16 21:00:00,0.0
2014-02-16 22:00:00,-0.1909354697313479
2014-02-16 23:00:00,0.0
2014-02-17 00:00:00,0.0
2014-02-17 01:00:00,0.0
2014-02-17 02:00:00,0.0
2014-02-17 03:00:00,0.0
2014-02-17 04:00:00,-1.6034048524095181
2014-02-17 05:00:00,0.0
2014-02-17 06:00:00,0.0
2014-02-17 07:00:00,0.0
2014-02-17 08:00:00,-0.842504921690084
2014-02-17 09:00:00,0.0
2014-02-17 10:00:00,0.0
2014-02-17 11:00:00,0.0
2014-02-17 12:00:00,0.0
2014-02-17 13:00:00,0.0
2014-02-17 14:00:00,0.0
2014-02-17 15:00:00,0.0
2014-02-17 16:00:00,0.9101037282435841
2014-02-17 17:00:00,0.0
2014-02-17 18:00:00,0.0
2014-02-17 19:00:00,0.0
2014-02-17 20:00:00,1.3264072738683532
2014-02-17 21:00:00,0.0
2014-02-17 22:00:00,0.0
2014-02-17 23:00:00,-1.0874279166755796
2014-02-18 00:00:00,0.0
2014-02-18 01:00:00,-1.5946217084323402
2014-02-18 02:00:00,0.0
2014-02-18 03:00:00,0.0
2014-02-18 04:00:00,0.0
2014-02-18 05:00:00,-1.6033611551758016
2014-02-18 06:00:00,0.0
2014-02-18 07:00:00,0.0
2014-02-18 08:00:00,0.0
2014-02-18 09:00:00,0.0
2014-02-18 10:00:00,0.0
2014-02-18 11:00:00,1.0678507419630618
2014-02-18 12:00:00,1.0591549924533223
2014-02-18 13:00:00,1.225641452916249
2014-02-18 14:00:00,0.0
2014-02-18 15:00:00,0.0
2014-02-18 16:00:00,0.0
2014-02-18 17:00:00,0.0
2014-02-18 18:00:00,0.0
2014-02-18 19:00:00,0.0
2014-02-18 20:00:00,0.0
2014-02-18 21:00:00,0.0
2014-02-18 22:00:00,-0.18656574635961695
2014-02-18 23:00:00,-0.8206126075977146
2014-02-19 00:00:00,-1.013011527655009
2014-02-19 01:00:00,-1.5159229905074734
2014-02-19 02:00:00,-1.419701681861967
2014-02-19 03:00:00,0.0
2014-02-19 04:00:00,-1.5640336448302259
2014-02-19 05:00:00,0.0
2014-02-19 06:00:00,-1.4984003997868347
2014-02-19 07:00:00,0.0
2014-02-19 08:00:00,0.0
2014-02-19 09:00:00,0.0
2014-02-19 10:00:00,0.0
2014-02-19 11:00:00,0.5946097008046529
2014-02-19 12:00:00,0.0
2014-02-19 13:00:00,0.0
2014-02-19 14:00:00,0.0
2014-02-19 15:00:00,0.0
2014-02-19 16:00:00,0.0
2014-02-19 17:00:00,0.0
2014-02-19 18:00:00,0.0
2014-02-19 19:00:00,0.0
2014-02-19 20:00:00,0.0
2014-02-19 21:00:00,0.0
2014-02-19 22:00:00,-0.1151207692318231
2014-02-19 23:00:00,0.0
2014-02-20 00:00:00,0.0
2014-02-20 01:00:00,-1.725800804051691
2014-02-20 02:00:00,0.0
2014-02-20 03:00:00,0.0
2014-02-20 04:00:00,0.0
2014-02-20 05:00:00,0.0
2014-02-20 06:00:00,0.0
2014-02-20 07:00:00,-0.7098401201243456
2014-02-20 08:00:00,0.0
2014-02-20 09:00:00,0.0
2014-02-20 10:00:00,0.0
2014-02-20 11:00:00,1.0591549924533223
2014-02-20 12:00:00,0.0
2014-02-20 13:00:00,0.0
2014-02-20 14:00:00,0.0
2014-02-20 15:00:00,0.0
2014-02-20 16:00:00,0.8356436419892964
2014-02-20 17:00:00,0.0
2014-02-20 18:00:00,0.8794719674077537
2014-02-20 19:00:00,0.0
2014-02-20 20:00:00,0.988977235103323
2014-02-20 21:00:00,0.0
2014-02-20 22:00:00,0.0
2014-02-20 23:00:00,0.0
2014-02-21 00:00:00,0.0
2014-02-21 01:00:00,0.0
2014-02-21 02:00:00,0.0
2014-02-21 03:00:00,-1.5202927138792042
2014-02-21 04:00:00,0.0
2014-02-21 05:00:00,0.0
2014-02-21 06:00:00,0.0
2014-02-21 07:00:00,0.0
2014-02-21 08:00:00,0.0
2014-02-21 09:00:00,0.0
2014-02-21 10:00:00,0.0
2014-02-21 11:00:00,0.0
2014-02-21 12:00:00,0.0
2014-02-21 13:00:00,0.0
2014-02-21 14:00:00,0.0
2014-02-21 15:00:00,0.0
2014-02-21 16:00:00,0.0
2014-02-21 17:00:00,0.0
2014-02-21 18:00:00,0.0
2014-02-21 19:00:00,0.0
2014-02-21 20:00:00,0.0
2014-02-21 21:00:00,0.0
2014-02-21 22:00:00,0.0
2014-02-21 23:00:00,0.0
2014-02-22 00:00:00,0.0
2014-02-22 01:00:00,0.0
2014-02-22 02:00:00,0.0
2014-02-22 03:00:00,0.0
2014-02-22 04:00:00,0.0
2014-02-22 05:00:00,0.0
2014-02-22 06:00:00,-1.6033611551758016
2014-02-22 07:00:00,0.0
2014-02-22 08:00:00,0.0
2014-02-22 09:00:00,0.0
2014-02-22 10:00:00,0.0
2014-02-22 11:00:00,0.0
2014-02-22 12:00:00,0.0
2014-02-22 13:00:00,0.0
2014-02-22 14:00:00,0.0
2014-02-22 15:00:00,0.0
2014-02-22 16:00:00,0.0
2014-02-22 17:00:00,0.9057340048718518
2014-02-22 18:00:00,1.0503718484761388
2014-02-22 19:00:00,0.0
2014-02-22 20:00:00,0.0
2014-02-22 21:00:00,0.6560043141774615
2014-02-22 22:00:00,0.0
2014-02-22 23:00:00,0.0
2014-02-23 00:00:00,0.0
2014-02-23 01:00:00,0.0
2014-02-23 02:00:00,0.0
2014-02-23 03:00:00,-1.4984003997868347
2014-02-23 04:00:00,0.0
2014-02-23 05:00:00,0.0
2014-02-23 06:00:00,0.0
2014-02-23 07:00:00,0.0
2014-02-23 08:00:00,0.0
2014-02-23 09:00:00,0.0
2014-02-23 10:00:00,0.0
2014-02-23 11:00:00,0.0
2014-02-23 12:00:00,0.8575796533153878
2014-02-23 13:00:00,1.0372189811272305
2014-02-23 14:00:00,0.0
2014-02-23 15:00:00,0.0
2014-02-23 16:00:00,0.0
2014-02-23 17:00:00,0.0
2014-02-23 18:00:00,0.0
2014-02-23 19:00:00,0.0
2014-02-23 20:00:00,0.0
2014-02-23 21:00:00,0.0
2014-02-23 22:00:00,0.0
2014-02-23 23:00:00,0.0
2014-02-24 00:00:00,0.0
2014-02-24 01:00:00,0.0
2014-02-24 02:00:00,0.0
2014-02-24 03:00:00,0.0
2014-02-24 04:00:00,0.0
2014-02-24 05:00:00,0.0
2014-02-24 06:00:00,0.0
2014-02-24 07:00:00,0.0
2014-02-24 08:00:00,0.0
2014-02-24 09:00:00,0.0
2014-02-24 10:00:00,0.0
2014-02-24 11:00:00,0.0
2014-02-24 12:00:00,0.0
2014-02-24 13:00:00,0.0
2014-02-24 14:00:00,0.0
2014-02-24 15:00:00,0.0
2014-02-24 16:00:00,1.010913246429407
2014-02-24 17:00:00,1.0942438711283138
2014-02-24 18:00:00,0.0
2014-02-24 19:00:00,1.3132544065194454
2014-02-24 20:00:00,0.0
2014-02-24 21:00:00,0.0
2014-02-24 22:00:00,0.0
2014-02-24 23:00:00,-1.0392735651191085
2014-02-25 00:00:00,-1.4546594688358125
2014-02-25 01:00:00,0.0
2014-02-25 02:00:00,0.0
2014-02-25 03:00:00,0.0
2014-02-25 04:00:00,-1.5290321606226656
2014-02-25 05:00:00,0.0
2014-02-25 06:00:00,0.0
2014-02-25 07:00:00,0.0
2014-02-25 08:00:00,-0.4183795712299206
2014-02-25 09:00:00,0.0
2014-02-25 10:00:00,0.0
2014-02-25 11:00:00,0.0
2014-02-25 12:00:00,0.0
2014-02-25 13:00:00,0.0
2014-02-25 14:00:00,0.0
2014-02-25 15:00:00,0.7567701351295658
2014-02-25 16:00:00,0.0
2014-02-25 17:00:00,0.0
2014-02-25 18:00:00,1.0415887044989554
2014-02-25 19:00:00,0.0
2014-02-25 20:00:00,1.0810473065456878
2014-02-25 21:00:00,0.0
2014-02-25 22:00:00,0.0
2014-02-25 23:00:00,0.0
2014-02-26 00:00:00,-1.0436432884908398
2014-02-26 01:00:00,0.0
2014-02-26 02:00:00,-1.2228893411992252
2014-02-26 03:00:00,0.0
2014-02-26 04:00:00,0.0
2014-02-26 05:00:00,0.0
2014-02-26 06:00:00,0.0
2014-02-26 07:00:00,0.0
2014-02-26 08:00:00,0.0
2014-02-26 09:00:00,0.0
2014-02-26 10:00:00,0.9320397395696759
2014-02-26 11:00:00,1.1116790673815187
2014-02-26 12:00:00,0.8181210512686632
2014-02-26 13:00:00,0.0
2014-02-26 14:00:00,0.0
2014-02-26 15:00:00,0.0
2014-02-26 16:00:00,0.8444267859664799
2014-02-26 17:00:00,0.9714546443826898
2014-02-26 18:00:00,0.0
2014-02-26 19:00:00,0.0
2014-02-26 20:00:00,0.0
2014-02-26 21:00:00,0.0
2014-02-26 22:00:00,0.0
2014-02-26 23:00:00,0.0
2014-02-27 00:00:00,0.0
2014-02-27 01:00:00,0.0
2014-02-27 02:00:00,0.0
2014-02-27 03:00:00,-1.4852912296716432
2014-02-27 04:00:00,-1.5508807774813176
2014-02-27 05:00:00,0.0
2014-02-27 06:00:00,0.0
2014-02-27 07:00:00,0.0
2014-02-27 08:00:00,-0.26526446428448397
2014-02-27 09:00:00,0.0
2014-02-27 10:00:00,0.7787061464556572
2014-02-27 11:00:00,0.0
2014-02-27 12:00:00,0.0
2014-02-27 13:00:00,0.0
2014-02-27 14:00:00,0.0
2014-02-27 15:00:00,0.0
2014-02-27 16:00:00,0.0
2014-02-27 17:00:00,0.0
2014-02-27 18:00:00,1.1117227646152446
2014-02-27 19:00:00,0.0
2014-02-27 20:00:00,0.0
2014-02-27 21:00:00,0.0
2014-02-27 22:00:00,-0.2521989914030096
2014-02-27 23:00:00,0.0
2014-02-28 00:00:00,0.0
2014-02-28 01:00:00,0.0
2014-02-28 02:00:00,0.0
2014-02-28 03:00:00,0.0
2014-02-28 04:00:00,0.0
2014-02-28 05:00:00,0.0
2014-02-28 06:00:00,-1.5770991177117017
2014-02-28 07:00:00,0.0
2014-02-28 08:00:00,0.0
2014-02-28 09:00:00,0.0
2014-02-28 10:00:00,0.0
2014-02-28 11:00:00,0.8355999447555784
2014-02-28 12:00:00,0.0
2014-02-28 13:00:00,0.0
2014-02-28 14:00:00,0.0
2014-02-28 15:00:00,0.0
2014-02-28 16:00:00,0.0
2014-02-28 17:00:00,1.0591112952195965
2014-02-28 18:00:00,1.0503281512424207
2014-02-28 19:00:00,0.0
2014-02-28 20:00:00,1.3483432851944446
2014-02-28 21:00:00,0.0
2014-02-28 22:00:00,0.0
2014-02-28 23:00:00,-0.22593695393890884
2014-03-01 00:00:00,0.0
2014-03-01 01:00:00,0.0
2014-03-01 02:00:00,0.0
2014-03-01 03:00:00,0.0
2014-03-01 04:00:00,0.0
2014-03-01 05:00:00,0.0
2014-03-01 06:00:00,0.0
2014-03-01 07:00:00,0.0
2014-03-01 08:00:00,0.0
2014-03-01 09:00:00,0.0
2014-03-01 10:00:00,0.0
2014-03-01 11:00:00,0.0
2014-03-01 12:00:00,0.0
2014-03-01 13:00:00,0.0
2014-03-01 14:00:00,0.0
2014-03-01 15:00:00,0.0
2014-03-01 16:00:00,0.0
2014-03-01 17:00:00,0.0
2014-03-01 18:00:00,0.0
2014-03-01 19:00:00,1.5849638057736535
2014-03-01 20:00:00,0.0
2014-03-01 21:00:00,0.0
2014-03-01 22:00:00,0.0
2014-03-01 23:00:00,0.0
2014-03-02 00:00:00,0.0
2014-03-02 01:00:00,0.0
2014-03-02 02:00:00,-1.319110649844732
2014-03-02 03:00:00,-1.3891136182598551
2014-03-02 04:00:00,0.0
2014-03-02 05:00:00,0.0
2014-03-02 06:00:00,0.0
2014-03-02 07:00:00,0.0
2014-03-02 08:00:00,0.0
2014-03-02 09:00:00,0.0
2014-03-02 10:00:00,0.0
2014-03-02 11:00:00,0.0
2014-03-02 12:00:00,0.9232565955924928
2014-03-02 13:00:00,0.9670849210109574
2014-03-02 14:00:00,0.0
2014-03-02 15:00:00,0.0
2014-03-02 16:00:00,0.9539320536620491
2014-03-02 17:00:00,0.0
2014-03-02 18:00:00,0.0
2014-03-02 19:00:00,1.0064998258239561
2014-03-02 20:00:00,0.0
2014-03-02 21:00:00,0.0
2014-03-02 22:00:00,0.0
2014-03-02 23:00:00,0.0
2014-03-03 00:00:00,0.0
2014-03-03 01:00:00,0.0
2014-03-03 02:00:00,0.0
2014-03-03 03:00:00,-1.3847001976544058
2014-03-03 04:00:00,-1.4371805753488904
2014-03-03 05:00:00,0.0
2014-03-03 06:00:00,0.0
2014-03-03 07:00:00,-0.2200378273870724
2014-03-03 08:00:00,0.0
2014-03-03 09:00:00,0.0
2014-03-03 10:00:00,0.0
2014-03-03 11:00:00,0.0
2014-03-03 12:00:00,0.8619493766871205
2014-03-03 13:00:00,0.0
2014-03-03 14:00:00,0.0
2014-03-03 15:00:00,0.0
2014-03-03 16:00:00,0.0
2014-03-03 17:00:00,0.0
2014-03-03 18:00:00,1.1117227646152446
2014-03-03 19:00:00,0.0
2014-03-03 20:00:00,1.085417029917413
2014-03-03 21:00:00,0.0
2014-03-03 22:00:00,0.0
2014-03-03 23:00:00,0.0
2014-03-04 00:00:00,0.0
2014-03-04 01:00:00,0.0
2014-03-04 02:00:00,0.0
2014-03-04 03:00:00,0.0
2014-03-04 04:00:00,0.0
2014-03-04 05:00:00,-1.6645809796137458
2014-03-04 06:00:00,0.0
2014-03-04 07:00:00,-0.5086580560898728
2014-03-04 08:00:00,0.0
2014-03-04 09:00:00,0.0
2014-03-04 10:00:00,0.0
2014-03-04 11:00:00,1.1599645106391447
2014-03-04 12:00:00,0.0
2014-03-04 13:00:00,0.0
2014-03-04 14:00:00,0.0
2014-03-04 15:00:00,0.0
2014-03-04 16:00:00,0.0
2014-03-04 17:00:00,0.0
2014-03-04 18:00:00,0.0
2014-03-04 19:00:00,0.0
2014-03-04 20:00:00,0.0
2014-03-04 21:00:00,0.0
2014-03-04 22:00:00,0.0
2014-03-04 23:00:00,0.0
2014-03-05 00:00:00,0.0
2014-03-05 01:00:00,-1.5683596709682404
2014-03-05 02:00:00,-1.4547031660695295
2014-03-05 03:00:00,0.0
2014-03-05 04:00:00,0.0
2014-03-05 05:00:00,0.0
2014-03-05 06:00:00,0.0
2014-03-05 07:00:00,0.0
2014-03-05 08:00:00,0.0
2014-03-05 09:00:00,0.0
2014-03-05 10:00:00,0.7304644004317495
2014-03-05 11:00:00,0.0
2014-03-05 12:00:00,0.0
2014-03-05 13:00:00,0.0
2014-03-05 14:00:00,0.0
2014-03-05 15:00:00,0.0
2014-03-05 16:00:00,0.0
2014-03-05 17:00:00,0.8005984605480231
2014-03-05 18:00:00,0.0
2014-03-05 19:00:00,0.0
2014-03-05 20:00:00,0.940822883546859
2014-03-05 21:00:00,0.0
2014-03-05 22:00:00,0.0
2014-03-05 23:00:00,0.0
2014-03-06 00:00:00,-1.4809215062999121
2014-03-06 01:00:00,0.0
2014-03-06 02:00:00,0.0
2014-03-06 03:00:00,0.0
2014-03-06 04:00:00,-1.5683596709682404
2014-03-06 05:00:00,0.0
2014-03-06 06:00:00,0.0
2014-03-06 07:00:00,0.0
2014-03-06 08:00:00,0.0
2014-03-06 09:00:00,0.0
2014-03-06 10:00:00,0.0
2014-03-06 11:00:00,0.0
2014-03-06 12:00:00,0.0
2014-03-06 13:00:00,0.0
2014-03-06 14:00:00,0.0
2014-03-06 15:00:00,0.0
2014-03-06 16:00:00,0.0
2014-03-06 17:00:00,0.0
2014-03-06 18:00:00,0.0
2014-03-06 19:00:00,0.0
2014-03-06 20:00:00,0.0
2014-03-06 21:00:00,0.0
2014-03-06 22:00:00,0.0
2014-03-06 23:00:00,0.0
2014-03-07 00:00:00,-1.4590728894412608
2014-03-07 01:00:00,0.0
2014-03-07 02:00:00,0.0
2014-03-07 03:00:00,0.0
2014-03-07 04:00:00,0.0
2014-03-07 05:00:00,-1.6602112562420155
2014-03-07 06:00:00,-1.6383626393833626
2014-03-07 07:00:00,0.0
2014-03-07 08:00:00,0.0
2014-03-07 09:00:00,0.0
2014-03-07 10:00:00,0.0
2014-03-07 11:00:00,0.0
2014-03-07 12:00:00,0.0
2014-03-07 13:00:00,1.0240661137783227
2014-03-07 14:00:00,0.0
2014-03-07 15:00:00,0.0
2014-03-07 16:00:00,0.0
2014-03-07 17:00:00,0.0
2014-03-07 18:00:00,0.0
2014-03-07 19:00:00,0.0
2014-03-07 20:00:00,0.0
2014-03-07 21:00:00,0.0
2014-03-07 22:00:00,0.191502719762508
2014-03-07 23:00:00,0.0
2014-03-08 00:00:00,0.0
2014-03-08 01:00:00,-1.4021790911413285
2014-03-08 02:00:00,-1.310414900334988
2014-03-08 03:00:00,0.0
2014-03-08 04:00:00,0.0
2014-03-08 05:00:00,0.0
2014-03-08 06:00:00,0.0
2014-03-08 07:00:00,0.0
2014-03-08 08:00:00,-0.18499264594579382
2014-03-08 09:00:00,0.0
2014-03-08 10:00:00,0.0
2014-03-08 11:00:00,0.0
2014-03-08 12:00:00,0.0
2014-03-08 13:00:00,0.0
2014-03-08 14:00:00,0.0
2014-03-08 15:00:00,0.0
2014-03-08 16:00:00,0.9276263189642251
2014-03-08 17:00:00,0.9802377883598581
2014-03-08 18:00:00,0.0
2014-03-08 19:00:00,0.0
2014-03-08 20:00:00,0.0
2014-03-08 21:00:00,0.0
2014-03-08 22:00:00,-0.046516112295654256
2014-03-08 23:00:00,0.0
2014-03-09 00:00:00,-0.9518354004507819
2014-03-09 01:00:00,0.0
2014-03-09 02:00:00,0.0
2014-03-09 03:00:00,0.0
2014-03-09 04:00:00,0.0
2014-03-09 05:00:00,0.0
2014-03-09 06:00:00,0.0
2014-03-09 07:00:00,0.0
2014-03-09 08:00:00,0.0
2014-03-09 09:00:00,-0.25503931159463417
2014-03-09 10:00:00,0.0
2014-03-09 11:00:00,0.8224907746404037
2014-03-09 12:00:00,0.0
2014-03-09 13:00:00,0.0
2014-03-09 14:00:00,0.0
2014-03-09 15:00:00,0.0
2014-03-09 16:00:00,0.0
2014-03-09 17:00:00,0.0
2014-03-09 18:00:00,1.1686602601488842
2014-03-09 19:00:00,0.0
2014-03-09 20:00:00,0.0
2014-03-09 21:00:00,0.11695523904078418
2014-03-09 22:00:00,0.0
2014-03-09 23:00:00,0.0
2014-03-10 00:00:00,0.0
2014-03-10 01:00:00,-1.6208400486627235
2014-03-10 02:00:00,0.0
2014-03-10 03:00:00,0.0
2014-03-10 04:00:00,0.0
2014-03-10 05:00:00,0.0
2014-03-10 06:00:00,0.0
2014-03-10 07:00:00,0.0
2014-03-10 08:00:00,0.0
2014-03-10 09:00:00,0.0
2014-03-10 10:00:00,0.6559606169437434
2014-03-10 11:00:00,0.0
2014-03-10 12:00:00,0.6253288561079126
2014-03-10 13:00:00,0.0
2014-03-10 14:00:00,0.5902399774329207
2014-03-10 15:00:00,0.0
2014-03-10 16:00:00,0.0
2014-03-10 17:00:00,0.0
2014-03-10 18:00:00,0.0
2014-03-10 19:00:00,0.9189305694544935
2014-03-10 20:00:00,0.0
2014-03-10 21:00:00,0.0
2014-03-10 22:00:00,-0.2740039110279446
2014-03-10 23:00:00,-0.9999023575398174
2014-03-11 00:00:00,0.0
2014-03-11 01:00:00,-1.5465110541095877
2014-03-11 02:00:00,0.0
2014-03-11 03:00:00,0.0
2014-03-11 04:00:00,0.0
2014-03-11 05:00:00,-1.6514281122648378
2014-03-11 06:00:00,0.0
2014-03-11 07:00:00,0.0
2014-03-11 08:00:00,-0.597625623938306
2014-03-11 09:00:00,0.0
2014-03-11 10:00:00,0.0
2014-03-11 11:00:00,0.0
2014-03-11 12:00:00,0.0
2014-03-11 13:00:00,0.4149703729928028
2014-03-11 14:00:00,0.0
2014-03-11 15:00:00,0.0
2014-03-11 16:00:00,0.0
2014-03-11 17:00:00,0.0
2014-03-11 18:00:00,0.0
2014-03-11 19:00:00,0.0
2014-03-11 20:00:00,0.0
2014-03-11 21:00:00,0.0
2014-03-11 22:00:00,0.0
2014-03-11 23:00:00,0.0
2014-03-12 00:00:00,0.0
2014-03-12 01:00:00,0.0
2014-03-12 02:00:00,0.0
2014-03-12 03:00:00,-1.4809652035336296
2014-03-12 04:00:00,-1.5596202242247792
2014-03-12 05:00:00,0.0
2014-03-12 06:00:00,0.0
2014-03-12 07:00:00,0.0
2014-03-12 08:00:00,0.0
2014-03-12 09:00:00,0.0
2014-03-12 10:00:00,0.0
2014-03-12 11:00:00,0.0
2014-03-12 12:00:00,0.0
2014-03-12 13:00:00,0.0
2014-03-12 14:00:00,0.0
2014-03-12 15:00:00,0.5025833265960061
2014-03-12 16:00:00,0.0
2014-03-12 17:00:00,0.0
2014-03-12 18:00:00,0.0
2014-03-12 19:00:00,0.0
2014-03-12 20:00:00,0.0
2014-03-12 21:00:00,0.0
2014-03-12 22:00:00,-0.19526149586936123
2014-03-12 23:00:00,0.0
2014-03-13 00:00:00,0.0
2014-03-13 01:00:00,-1.3540684368185758
2014-03-13 02:00:00,0.0
2014-03-13 03:00:00,0.0
2014-03-13 04:00:00,0.0
2014-03-13 05:00:00,0.0
2014-03-13 06:00:00,0.0
2014-03-13 07:00:00,0.0
2014-03-13 08:00:00,0.0
2014-03-13 09:00:00,0.0
2014-03-13 10:00:00,0.48947415648080855
2014-03-13 11:00:00,0.0
2014-03-13 12:00:00,0.0
2014-03-13 13:00:00,0.616545712130737
2014-03-13 14:00:00,0.0
2014-03-13 15:00:00,0.0
2014-03-13 16:00:00,0.0
2014-03-13 17:00:00,0.0
2014-03-13 18:00:00,0.765509581873023
2014-03-13 19:00:00,0.0
2014-03-13 20:00:00,0.0
2014-03-13 21:00:00,0.0
2014-03-13 22:00:00,0.0
2014-03-13 23:00:00,0.0
2014-03-14 00:00:00,-1.5771428149454185
2014-03-14 01:00:00,0.0
2014-03-14 02:00:00,0.0
2014-03-14 03:00:00,-1.402222788375045
2014-03-14 04:00:00,0.0
2014-03-14 05:00:00,0.0
2014-03-14 06:00:00,0.0
2014-03-14 07:00:00,0.0
2014-03-14 08:00:00,0.0
2014-03-14 09:00:00,-0.4255459175595585
2014-03-14 10:00:00,0.0
2014-03-14 11:00:00,0.8882551113849367
2014-03-14 12:00:00,0.0
2014-03-14 13:00:00,0.616545712130737
2014-03-14 14:00:00,0.0
2014-03-14 15:00:00,0.0
2014-03-14 16:00:00,0.7743364230839245
2014-03-14 17:00:00,0.0
2014-03-14 18:00:00,0.0
2014-03-14 19:00:00,0.0
2014-03-14 20:00:00,0.0
2014-03-14 21:00:00,0.0
2014-03-14 22:00:00,0.0
2014-03-14 23:00:00,0.0
2014-03-15 00:00:00,0.0
2014-03-15 01:00:00,-1.5771428149454185
2014-03-15 02:00:00,0.0
2014-03-15 03:00:00,0.0
2014-03-15 04:00:00,0.0
2014-03-15 05:00:00,0.0
2014-03-15 06:00:00,0.0
2014-03-15 07:00:00,0.0
2014-03-15 08:00:00,0.0
2014-03-15 09:00:00,0.0
2014-03-15 10:00:00,0.0
2014-03-15 11:00:00,0.0
2014-03-15 12:00:00,0.0
2014-03-15 13:00:00,0.0
2014-03-15 14:00:00,0.0
2014-03-15 15:00:00,0.4456458310623517
2014-03-15 16:00:00,0.0
2014-03-15 17:00:00,0.0
2014-03-15 18:00:00,0.0
2014-03-15 19:00:00,0.0
2014-03-15 20:00:00,0.0
2014-03-15 21:00:00,0.0
2014-03-15 22:00:00,0.0
2014-03-15 23:00:00,0.0
2014-03-16 00:00:00,-1.0436432884908404
2014-03-16 01:00:00,-1.4153319584902375
2014-03-16 02:00:00,0.0
2014-03-16 03:00:00,0.0
2014-03-16 04:00:00,-1.4897046502770908
2014-03-16 05:00:00,0.0
2014-03-16 06:00:00,0.0
2014-03-16 07:00:00,0.0
2014-03-16 08:00:00,0.0
2014-03-16 09:00:00,0.0
2014-03-16 10:00:00,0.0
2014-03-16 11:00:00,0.0
2014-03-16 12:00:00,0.5464116520144634
2014-03-16 13:00:00,0.0
2014-03-16 14:00:00,0.0
2014-03-16 15:00:00,0.0
2014-03-16 16:00:00,0.0
2014-03-16 17:00:00,0.7742927258501986
2014-03-16 18:00:00,0.0
2014-03-16 19:00:00,1.0108695491956963
2014-03-16 20:00:00,0.0
2014-03-16 21:00:00,0.0
2014-03-16 22:00:00,-0.07426385570614333
2014-03-16 23:00:00,0.0
2014-03-17 00:00:00,0.0
2014-03-17 01:00:00,0.0
2014-03-17 02:00:00,0.0
2014-03-17 03:00:00,0.0
2014-03-17 04:00:00,0.0
2014-03-17 05:00:00,0.0
2014-03-17 06:00:00,0.0
2014-03-17 07:00:00,-0.6501060016327894
2014-03-17 08:00:00,0.0
2014-03-17 09:00:00,0.0
2014-03-17 10:00:00,0.0
2014-03-17 11:00:00,0.0
2014-03-17 12:00:00,0.0
2014-03-17 13:00:00,0.0
2014-03-17 14:00:00,0.0
2014-03-17 15:00:00,0.0
2014-03-17 16:00:00,0.0
2014-03-17 17:00:00,0.0
2014-03-17 18:00:00,0.0
2014-03-17 19:00:00,0.0
2014-03-17 20:00:00,0.0
2014-03-17 21:00:00,0.0
2014-03-17 22:00:00,-0.16904315563897854
2014-03-17 23:00:00,0.0
2014-03-18 00:00:00,0.0
2014-03-18 01:00:00,0.0
2014-03-18 02:00:00,0.0
2014-03-18 03:00:00,0.0
2014-03-18 04:00:00,0.0
2014-03-18 05:00:00,0.0
2014-03-18 06:00:00,-1.6339492187779159
2014-03-18 07:00:00,0.0
2014-03-18 08:00:00,0.0
2014-03-18 09:00:00,0.0
2014-03-18 10:00:00,0.0
2014-03-18 11:00:00,0.0
2014-03-18 12:00:00,0.0
2014-03-18 13:00:00,0.4807347097373436
2014-03-18 14:00:00,0.0
2014-03-18 15:00:00,0.0
2014-03-18 16:00:00,0.0
2014-03-18 17:00:00,0.0
2014-03-18 18:00:00,0.0
2014-03-18 19:00:00,0.0
2014-03-18 20:00:00,0.9407791863131335
2014-03-18 21:00:00,0.5069967472014487
2014-03-18 22:00:00,-0.13115765400607365
2014-03-18 23:00:00,0.0
2014-03-19 00:00:00,0.0
2014-03-19 01:00:00,0.0
2014-03-19 02:00:00,0.0
2014-03-19 03:00:00,0.0
2014-03-19 04:00:00,0.0
2014-03-19 05:00:00,0.0
2014-03-19 06:00:00,0.0
2014-03-19 07:00:00,0.0
2014-03-19 08:00:00,0.0
2014-03-19 09:00:00,-0.3162591360325787
2014-03-19 10:00:00,0.3974477822721618
2014-03-19 11:00:00,0.0
2014-03-19 12:00:00,0.0
2014-03-19 13:00:00,0.0
2014-03-19 14:00:00,0.0
2014-03-19 15:00:00,0.0
2014-03-19 16:00:00,0.0
2014-03-19 17:00:00,0.0
2014-03-19 18:00:00,0.0
2014-03-19 19:00:00,0.0
2014-03-19 20:00:00,0.0
2014-03-19 21:00:00,0.0
2014-03-19 22:00:00,0.0
2014-03-19 23:00:00,0.0
2014-03-20 00:00:00,0.0
2014-03-20 01:00:00,0.0
2014-03-20 02:00:00,0.0
2014-03-20 03:00:00,0.0
2014-03-20 04:00:00,-1.3540684368185751
2014-03-20 05:00:00,0.0
2014-03-20 06:00:00,0.0
2014-03-20 07:00:00,-0.5276663527569004
2014-03-20 08:00:00,-0.5539283902210016
2014-03-20 09:00:00,0.0
2014-03-20 10:00:00,0.0
2014-03-20 11:00:00,0.0
2014-03-20 12:00:00,0.6822663516415675
2014-03-20 13:00:00,0.0
2014-03-20 14:00:00,0.0
2014-03-20 15:00:00,0.0
2014-03-20 16:00:00,0.0
2014-03-20 17:00:00,0.0
2014-03-20 18:00:00,0.0
2014-03-20 19:00:00,0.0
2014-03-20 20:00:00,0.0
2014-03-20 21:00:00,0.0
2014-03-20 22:00:00,0.0
2014-03-20 23:00:00,0.0
2014-03-21 00:00:00,0.0
2014-03-21 01:00:00,0.0
2014-03-21 02:00:00,0.0
2014-03-21 03:00:00,-1.5027264259248478
2014-03-21 04:00:00,0.0
2014-03-21 05:00:00,0.0
2014-03-21 06:00:00,0.0
2014-03-21 07:00:00,0.0
2014-03-21 08:00:00,0.0
2014-03-21 09:00:00,0.0
2014-03-21 10:00:00,0.0
2014-03-21 11:00:00,0.6647437609209265
2014-03-21 12:00:00,0.0
2014-03-21 13:00:00,0.8137076306632129
2014-03-21 14:00:00,0.0
2014-03-21 15:00:00,0.607806265387272
2014-03-21 16:00:00,0.0
2014-03-21 17:00:00,0.0
2014-03-21 18:00:00,0.9539757508957672
2014-03-21 19:00:00,0.0
2014-03-21 20:00:00,0.0
2014-03-21 21:00:00,0.0
2014-03-21 22:00:00,0.0
2014-03-21 23:00:00,0.0
2014-03-22 00:00:00,0.0
2014-03-22 01:00:00,0.0
2014-03-22 02:00:00,0.0
2014-03-22 03:00:00,-1.3847001976544058
2014-03-22 04:00:00,-1.4546594688358123
2014-03-22 05:00:00,0.0
2014-03-22 06:00:00,0.0
2014-03-22 07:00:00,0.0
2014-03-22 08:00:00,0.0
2014-03-22 09:00:00,-0.2769316256870036
2014-03-22 10:00:00,0.0
2014-03-22 11:00:00,0.0
2014-03-22 12:00:00,0.0
2014-03-22 13:00:00,0.0
2014-03-22 14:00:00,0.0
2014-03-22 15:00:00,0.0
2014-03-22 16:00:00,0.0
2014-03-22 17:00:00,1.085417029917428
2014-03-22 18:00:00,0.9319960423359578
2014-03-22 19:00:00,0.0
2014-03-22 20:00:00,0.0
2014-03-22 21:00:00,0.0
2014-03-22 22:00:00,0.0
2014-03-22 23:00:00,0.0
2014-03-23 00:00:00,-1.0567961558397496
2014-03-23 01:00:00,0.0
2014-03-23 02:00:00,-1.44155029872062
2014-03-23 03:00:00,0.0
2014-03-23 04:00:00,0.0
2014-03-23 05:00:00,0.0
2014-03-23 06:00:00,0.0
2014-03-23 07:00:00,0.0
2014-03-23 08:00:00,0.0
2014-03-23 09:00:00,0.0
2014-03-23 10:00:00,0.0
2014-03-23 11:00:00,0.7392475444089248
2014-03-23 12:00:00,0.0
2014-03-23 13:00:00,0.0
2014-03-23 14:00:00,0.0
2014-03-23 15:00:00,0.0
2014-03-23 16:00:00,0.0
2014-03-23 17:00:00,0.0
2014-03-23 18:00:00,0.0
2014-03-23 19:00:00,0.0
2014-03-23 20:00:00,0.0
2014-03-23 21:00:00,0.1520878149494963
2014-03-23 22:00:00,0.0
2014-03-23 23:00:00,0.0
2014-03-24 00:00:00,-1.3060014797295396
2014-03-24 01:00:00,0.0
2014-03-24 02:00:00,0.0
2014-03-24 03:00:00,0.0
2014-03-24 04:00:00,0.0
2014-03-24 05:00:00,0.0
2014-03-24 06:00:00,0.0
2014-03-24 07:00:00,0.0
2014-03-24 08:00:00,0.0
2014-03-24 09:00:00,-0.3119331098945658
2014-03-24 10:00:00,0.0
2014-03-24 11:00:00,0.0
2014-03-24 12:00:00,0.0
2014-03-24 13:00:00,0.6735269048981021
2014-03-24 14:00:00,0.0
2014-03-24 15:00:00,0.0
2014-03-24 16:00:00,0.0
2014-03-24 17:00:00,0.0
2014-03-24 18:00:00,0.791815316570847
2014-03-24 19:00:00,0.0
2014-03-24 20:00:00,0.0
2014-03-24 21:00:00,0.0
2014-03-24 22:00:00,-0.24782926803127867
2014-03-24 23:00:00,0.0
2014-03-25 00:00:00,0.0
2014-03-25 01:00:00,0.0
2014-03-25 02:00:00,0.0
2014-03-25 03:00:00,0.0
2014-03-25 04:00:00,0.0
2014-03-25 05:00:00,-1.6732767291234898
2014-03-25 06:00:00,-1.5421413307378564
2014-03-25 07:00:00,0.0
2014-03-25 08:00:00,-0.34396318220934924
2014-03-25 09:00:00,0.0
2014-03-25 10:00:00,0.0
2014-03-25 11:00:00,0.36677232420261285
2014-03-25 12:00:00,0.0
2014-03-25 13:00:00,0.0
2014-03-25 14:00:00,0.0
2014-03-25 15:00:00,0.0
2014-03-25 16:00:00,0.0
2014-03-25 17:00:00,0.0
2014-03-25 18:00:00,0.0
2014-03-25 19:00:00,0.0
2014-03-25 20:00:00,0.0
2014-03-25 21:00:00,0.0
2014-03-25 22:00:00,-0.2653081615182003
2014-03-25 23:00:00,-0.88620215540739
2014-03-26 00:00:00,0.0
2014-03-26 01:00:00,0.0
2014-03-26 02:00:00,0.0
2014-03-26 03:00:00,0.0
2014-03-26 04:00:00,0.0
2014-03-26 05:00:00,0.0
2014-03-26 06:00:00,0.0
2014-03-26 07:00:00,0.0
2014-03-26 08:00:00,0.0
2014-03-26 09:00:00,0.0
2014-03-26 10:00:00,0.0
2014-03-26 11:00:00,0.42812324034171073
2014-03-26 12:00:00,0.0
2014-03-26 13:00:00,0.47195156576016795
2014-03-26 14:00:00,0.37551177094607824
2014-03-26 15:00:00,0.3273137221558961
2014-03-26 16:00:00,0.0
2014-03-26 17:00:00,0.0
2014-03-26 18:00:00,0.0
2014-03-26 19:00:00,0.8662754028251273
2014-03-26 20:00:00,0.0
2014-03-26 21:00:00,0.0
2014-03-26 22:00:00,0.0
2014-03-26 23:00:00,-0.6092490881071101
2014-03-27 00:00:00,0.0
2014-03-27 01:00:00,-1.030534118375648
2014-03-27 02:00:00,-1.4590728894412608
2014-03-27 03:00:00,0.0
2014-03-27 04:00:00,0.0
2014-03-27 05:00:00,0.0
2014-03-27 06:00:00,0.0
2014-03-27 07:00:00,0.0
2014-03-27 08:00:00,-0.6107347940534975
2014-03-27 09:00:00,0.0
2014-03-27 10:00:00,0.0
2014-03-27 11:00:00,0.0
2014-03-27 12:00:00,0.6340683028513779
2014-03-27 13:00:00,0.0
2014-03-27 14:00:00,0.5245193379220902
2014-03-27 15:00:00,0.5113664705731823
2014-03-27 16:00:00,0.46758184238843525
2014-03-27 17:00:00,0.0
2014-03-27 18:00:00,0.0
2014-03-27 19:00:00,0.0
2014-03-27 20:00:00,0.7830321725936717
2014-03-27 21:00:00,0.0
2014-03-27 22:00:00,0.0
2014-03-27 23:00:00,0.0
2014-03-28 00:00:00,0.0
2014-03-28 01:00:00,-1.5508807774813176
2014-03-28 02:00:00,0.0
2014-03-28 03:00:00,0.0
2014-03-28 04:00:00,-1.5596202242247792
2014-03-28 05:00:00,0.0
2014-03-28 06:00:00,0.0
2014-03-28 07:00:00,0.0
2014-03-28 08:00:00,0.0
2014-03-28 09:00:00,0.0
2014-03-28 10:00:00,0.0
2014-03-28 11:00:00,0.0
2014-03-28 12:00:00,0.0
2014-03-28 13:00:00,0.0
2014-03-28 14:00:00,0.0
2014-03-28 15:00:00,0.0
2014-03-28 16:00:00,0.6340683028513702
2014-03-28 17:00:00,0.0
2014-03-28 18:00:00,0.0
2014-03-28 19:00:00,0.0
2014-03-28 20:00:00,0.0
2014-03-28 21:00:00,0.0
2014-03-28 22:00:00,0.0
2014-03-28 23:00:00,0.0
2014-03-29 00:00:00,0.0
2014-03-29 01:00:00,0.0
2014-03-29 02:00:00,0.0
2014-03-29 03:00:00,0.0
2014-03-29 04:00:00,0.0
2014-03-29 05:00:00,-1.5946217084323409
2014-03-29 06:00:00,0.0
2014-03-29 07:00:00,0.0
2014-03-29 08:00:00,-0.5189269060134394
2014-03-29 09:00:00,0.0
2014-03-29 10:00:00,0.0
2014-03-29 11:00:00,0.7173552303165516
2014-03-29 12:00:00,0.0
2014-03-29 13:00:00,0.0
2014-03-29 14:00:00,0.0
2014-03-29 15:00:00,0.0
2014-03-29 16:00:00,0.0
2014-03-29 17:00:00,0.0
2014-03-29 18:00:00,0.0
2014-03-29 19:00:00,0.0
2014-03-29 20:00:00,0.0
2014-03-29 21:00:00,0.0
2014-03-29 22:00:00,0.0
2014-03-29 23:00:00,0.0
2014-03-30 00:00:00,0.0
2014-03-30 01:00:00,0.0
2014-03-30 02:00:00,0.0
2014-03-30 03:00:00,0.0
2014-03-30 04:00:00,0.0
2014-03-30 05:00:00,0.0
2014-03-30 06:00:00,0.0
2014-03-30 07:00:00,0.0
2014-03-30 08:00:00,0.0
2014-03-30 09:00:00,-0.16602804651248299
2014-03-30 10:00:00,0.0
2014-03-30 11:00:00,0.0
2014-03-30 12:00:00,0.0
2014-03-30 13:00:00,1.08541702991742
2014-03-30 14:00:00,0.0
2014-03-30 15:00:00,0.0
2014-03-30 16:00:00,0.0
2014-03-30 17:00:00,0.0
2014-03-30 18:00:00,0.0
2014-03-30 19:00:00,0.0
2014-03-30 20:00:00,0.0
2014-03-30 21:00:00,0.0
2014-03-30 22:00:00,-0.06552440896268186
2014-03-30 23:00:00,0.0
2014-03-31 00:00:00,0.0
2014-03-31 01:00:00,0.0
2014-03-31 02:00:00,0.0
2014-03-31 03:00:00,0.0
2014-03-31 04:00:00,0.0
2014-03-31 05:00:00,0.0
2014-03-31 06:00:00,0.0
2014-03-31 07:00:00,0.0
2014-03-31 08:00:00,0.0
2014-03-31 09:00:00,0.0
2014-03-31 10:00:00,0.0
2014-03-31 11:00:00,0.5025396293622881
2014-03-31 12:00:00,0.0
2014-03-31 13:00:00,0.6603303403154834
2014-03-31 14:00:00,0.0
2014-03-31 15:00:00,0.4719078685264573
2014-03-31 16:00:00,0.0
2014-03-31 17:00:00,0.0
2014-03-31 18:00:00,0.0
2014-03-31 19:00:00,0.7611398585012985
2014-03-31 20:00:00,0.0
2014-03-31 21:00:00,0.0
2014-03-31 22:00:00,0.0
2014-03-31 23:00:00,0.0
2014-04-01 00:00:00,0.0
2014-04-01 01:00:00,0.0
2014-04-01 02:00:00,0.0
2014-04-01 03:00:00,0.0
2014-04-01 04:00:00,-1.4590291922075427
2014-04-01 05:00:00,-1.5465547513433047
2014-04-01 06:00:00,-1.5640336448302266
2014-04-01 07:00:00,0.0
2014-04-01 08:00:00,-0.3658554963017204
2014-04-01 09:00:00,0.0
2014-04-01 10:00:00,0.0
2014-04-01 11:00:00,0.0
2014-04-01 12:00:00,0.0
2014-04-01 13:00:00,0.0
2014-04-01 14:00:00,0.0
2014-04-01 15:00:00,0.0
2014-04-01 16:00:00,0.6910057983850251
2014-04-01 17:00:00,0.0
2014-04-01 18:00:00,0.0
2014-04-01 19:00:00,0.9933906557087737
2014-04-01 20:00:00,0.0
2014-04-01 21:00:00,0.0
2014-04-01 22:00:00,0.0
2014-04-01 23:00:00,0.0
2014-04-02 00:00:00,-1.5508807774813176
2014-04-02 01:00:00,0.0
2014-04-02 02:00:00,0.0
2014-04-02 03:00:00,0.0
2014-04-02 04:00:00,-1.5159229905074734
2014-04-02 05:00:00,0.0
2014-04-02 06:00:00,0.0
2014-04-02 07:00:00,0.0
2014-04-02 08:00:00,0.0
2014-04-02 09:00:00,0.0
2014-04-02 10:00:00,0.0
2014-04-02 11:00:00,0.0
2014-04-02 12:00:00,0.0
2014-04-02 13:00:00,0.0
2014-04-02 14:00:00,0.0
2014-04-02 15:00:00,0.0
2014-04-02 16:00:00,0.0
2014-04-02 17:00:00,0.6165894093644476
2014-04-02 18:00:00,0.6910494956187431
2014-04-02 19:00:00,0.0
2014-04-02 20:00:00,0.0
2014-04-02 21:00:00,0.550781375386197
2014-04-02 22:00:00,0.0
2014-04-02 23:00:00,0.0
2014-04-03 00:00:00,-1.4590291922075425
2014-04-03 01:00:00,0.0
2014-04-03 02:00:00,0.0
2014-04-03 03:00:00,0.0
2014-04-03 04:00:00,0.0
2014-04-03 05:00:00,-1.5159229905074738
2014-04-03 06:00:00,-1.3934833416315844
2014-04-03 07:00:00,0.0
2014-04-03 08:00:00,0.0
2014-04-03 09:00:00,0.0
2014-04-03 10:00:00,0.7568138323632839
2014-04-03 11:00:00,0.0
2014-04-03 12:00:00,0.0
2014-04-03 13:00:00,0.8137076306632129
2014-04-03 14:00:00,0.0
2014-04-03 15:00:00,0.0
2014-04-03 16:00:00,0.0
2014-04-03 17:00:00,0.0
2014-04-03 18:00:00,0.0
2014-04-03 19:00:00,1.06789443919678
2014-04-03 20:00:00,0.0
2014-04-03 21:00:00,0.0
2014-04-03 22:00:00,0.0
2014-04-03 23:00:00,-0.8381351983183539
2014-04-04 00:00:00,0.0
2014-04-04 01:00:00,-0.9867931874246264
2014-04-04 02:00:00,0.0
2014-04-04 03:00:00,0.0
2014-04-04 04:00:00,0.0
2014-04-04 05:00:00,0.0
2014-04-04 06:00:00,0.0
2014-04-04 07:00:00,0.0
2014-04-04 08:00:00,0.0
2014-04-04 09:00:00,0.0
2014-04-04 10:00:00,0.0
2014-04-04 11:00:00,0.0
2014-04-04 12:00:00,0.0
2014-04-04 13:00:00,0.0
2014-04-04 14:00:00,0.0
2014-04-04 15:00:00,0.0
2014-04-04 16:00:00,0.0
2014-04-04 17:00:00,0.0
2014-04-04 18:00:00,0.0
2014-04-04 19:00:00,0.0
2014-04-04 20:00:00,0.0
2014-04-04 21:00:00,0.809337907291488
2014-04-04 22:00:00,0.0
2014-04-04 23:00:00,0.0
2014-04-05 00:00:00,0.0
2014-04-05 01:00:00,0.0
2014-04-05 02:00:00,0.0
2014-04-05 03:00:00,0.0
2014-04-05 04:00:00,-1.3672650014012013
2014-04-05 05:00:00,0.0
2014-04-05 06:00:00,0.0
2014-04-05 07:00:00,0.0
2014-04-05 08:00:00,0.0
2014-04-05 09:00:00,0.0
2014-04-05 10:00:00,0.0
2014-04-05 11:00:00,0.0
2014-04-05 12:00:00,1.0328492577554982
2014-04-05 13:00:00,0.7918153165708475
2014-04-05 14:00:00,0.0
2014-04-05 15:00:00,0.0
2014-04-05 16:00:00,0.0
2014-04-05 17:00:00,0.0
2014-04-05 18:00:00,0.0
2014-04-05 19:00:00,0.0
2014-04-05 20:00:00,0.0
2014-04-05 21:00:00,0.0
2014-04-05 22:00:00,0.0
2014-04-05 23:00:00,0.0
2014-04-06 00:00:00,0.0
2014-04-06 01:00:00,0.0
2014-04-06 02:00:00,0.0
2014-04-06 03:00:00,0.0
2014-04-06 04:00:00,0.0
2014-04-06 05:00:00,0.0
2014-04-06 06:00:00,0.0
2014-04-06 07:00:00,0.0
2014-04-06 08:00:00,-0.5364057995003623
2014-04-06 09:00:00,-0.1485491530255609
2014-04-06 10:00:00,0.0
2014-04-06 11:00:00,0.0
2014-04-06 12:00:00,0.6865923777795738
2014-04-06 13:00:00,0.6865923777795738
2014-04-06 14:00:00,0.9364094629414086
2014-04-06 15:00:00,0.6559606169437434
2014-04-06 16:00:00,0.0
2014-04-06 17:00:00,0.0
2014-04-06 18:00:00,0.0
2014-04-06 19:00:00,0.0
2014-04-06 20:00:00,0.0
2014-04-06 21:00:00,0.0
2014-04-06 22:00:00,0.10825948953103948
2014-04-06 23:00:00,0.0
2014-04-07 00:00:00,-1.3715910275392142
2014-04-07 01:00:00,0.0
2014-04-07 02:00:00,-1.314740926473001
2014-04-07 03:00:00,0.0
2014-04-07 04:00:00,0.0
2014-04-07 05:00:00,0.0
2014-04-07 06:00:00,0.0
2014-04-07 07:00:00,0.0
2014-04-07 08:00:00,0.0
2014-04-07 09:00:00,-0.11787369495601674
2014-04-07 10:00:00,0.2441141891581331
2014-04-07 11:00:00,0.0
2014-04-07 12:00:00,0.4456458310623517
2014-04-07 13:00:00,0.0
2014-04-07 14:00:00,0.0
2014-04-07 15:00:00,0.585870254061188
2014-04-07 16:00:00,0.0
2014-04-07 17:00:00,0.0
2014-04-07 18:00:00,0.0
2014-04-07 19:00:00,0.0
2014-04-07 20:00:00,0.0
2014-04-07 21:00:00,0.5099244618605133
2014-04-07 22:00:00,0.0
2014-04-07 23:00:00,0.0
2014-04-08 00:00:00,0.0
2014-04-08 01:00:00,0.0
2014-04-08 02:00:00,0.0
2014-04-08 03:00:00,0.0
2014-04-08 04:00:00,-1.4371805753488898
2014-04-08 05:00:00,0.0
2014-04-08 06:00:00,0.0
2014-04-08 07:00:00,0.0
2014-04-08 08:00:00,0.0
2014-04-08 09:00:00,0.0
2014-04-08 10:00:00,0.0
2014-04-08 11:00:00,0.7480306883861082
2014-04-08 12:00:00,0.0
2014-04-08 13:00:00,0.0
2014-04-08 14:00:00,0.0
2014-04-08 15:00:00,0.0
2014-04-08 16:00:00,0.8005547633143045
2014-04-08 17:00:00,0.0
2014-04-08 18:00:00,0.0
2014-04-08 19:00:00,0.0
2014-04-08 20:00:00,0.0
2014-04-08 21:00:00,0.0
2014-04-08 22:00:00,-0.036334656839522105
2014-04-08 23:00:00,0.0
2014-04-09 00:00:00,0.0
2014-04-09 01:00:00,0.0
2014-04-09 02:00:00,0.0
2014-04-09 03:00:00,0.0
2014-04-09 04:00:00,-1.4809652035336294
2014-04-09 05:00:00,-1.4371805753488907
2014-04-09 06:00:00,0.0
2014-04-09 07:00:00,0.0
2014-04-09 08:00:00,-0.7463273102782961
2014-04-09 09:00:00,0.0
2014-04-09 10:00:00,0.0
2014-04-09 11:00:00,0.0
2014-04-09 12:00:00,0.0
2014-04-09 13:00:00,0.0
2014-04-09 14:00:00,0.0
2014-04-09 15:00:00,0.0
2014-04-09 16:00:00,0.0
2014-04-09 17:00:00,0.0
2014-04-09 18:00:00,0.0
2014-04-09 19:00:00,0.0
2014-04-09 20:00:00,1.2081188621956158
2014-04-09 21:00:00,0.0
2014-04-09 22:00:00,0.0
2014-04-09 23:00:00,-0.6719546184914429
2014-04-10 00:00:00,0.0
2014-04-10 01:00:00,0.0
2014-04-10 02:00:00,0.0
2014-04-10 03:00:00,0.0
2014-04-10 04:00:00,-1.3191543470784486
2014-04-10 05:00:00,0.0
2014-04-10 06:00:00,0.0
2014-04-10 07:00:00,-0.33666574417855977
2014-04-10 08:00:00,-0.6456925810273422
2014-04-10 09:00:00,0.0
2014-04-10 10:00:00,0.7479869911523898
2014-04-10 11:00:00,0.0
2014-04-10 12:00:00,1.1510939721945253
2014-04-10 13:00:00,1.1773997068923419
2014-04-10 14:00:00,0.0
2014-04-10 15:00:00,0.9320397395696759
2014-04-10 16:00:00,0.0
2014-04-10 17:00:00,0.0
2014-04-10 18:00:00,0.0
2014-04-10 19:00:00,0.0
2014-04-10 20:00:00,1.1336587759413281
2014-04-10 21:00:00,0.0
2014-04-10 22:00:00,0.0
2014-04-10 23:00:00,0.0
2014-04-11 00:00:00,0.0
2014-04-11 01:00:00,0.0
2014-04-11 02:00:00,-1.3759607509109455
2014-04-11 03:00:00,-1.2798268367328747
2014-04-11 04:00:00,0.0
2014-04-11 05:00:00,0.0
2014-04-11 06:00:00,0.0
2014-04-11 07:00:00,0.0
2014-04-11 08:00:00,0.0
2014-04-11 09:00:00,0.0
2014-04-11 10:00:00,0.6603303403154761
2014-04-11 11:00:00,0.0
2014-04-11 12:00:00,0.0
2014-04-11 13:00:00,0.0
2014-04-11 14:00:00,0.0
2014-04-11 15:00:00,0.9407791863131335
2014-04-11 16:00:00,0.8750585468023108
2014-04-11 17:00:00,0.0
2014-04-11 18:00:00,0.0
2014-04-11 19:00:00,0.0
2014-04-11 20:00:00,0.0
2014-04-11 21:00:00,0.0
2014-04-11 22:00:00,0.23528734794724154
2014-04-11 23:00:00,0.0
2014-04-12 00:00:00,0.0
2014-04-12 01:00:00,0.0
2014-04-12 02:00:00,0.0
2014-04-12 03:00:00,0.0
2014-04-12 04:00:00,0.0
2014-04-12 05:00:00,-1.3978530650033156
2014-04-12 06:00:00,0.0
2014-04-12 07:00:00,0.0
2014-04-12 08:00:00,0.0
2014-04-12 09:00:00,0.0
2014-04-12 10:00:00,0.9057340048718592
2014-04-12 11:00:00,0.0
2014-04-12 12:00:00,1.2212717295445168
2014-04-12 13:00:00,0.0
2014-04-12 14:00:00,0.0
2014-04-12 15:00:00,0.0
2014-04-12 16:00:00,0.0
2014-04-12 17:00:00,0.0
2014-04-12 18:00:00,0.0
2014-04-12 19:00:00,0.0
2014-04-12 20:00:00,0.0
2014-04-12 21:00:00,0.0
2014-04-12 22:00:00,0.2834853967374315
2014-04-12 23:00:00,0.0
2014-04-13 00:00:00,-0.7112821288370176
2014-04-13 01:00:00,0.0
2014-04-13 02:00:00,0.0
2014-04-13 03:00:00,0.0
2014-04-13 04:00:00,0.0
2014-04-13 05:00:00,-1.3191543470784493
2014-04-13 06:00:00,-1.44155029872062
2014-04-13 07:00:00,0.0
2014-04-13 08:00:00,0.0
2014-04-13 09:00:00,0.0
2014-04-13 10:00:00,0.0
2014-04-13 11:00:00,0.0
2014-04-13 12:00:00,1.1248319347304265
2014-04-13 13:00:00,0.0
2014-04-13 14:00:00,0.0
2014-04-13 15:00:00,0.0
2014-04-13 16:00:00,0.0
2014-04-13 17:00:00,0.0
2014-04-13 18:00:00,0.0
2014-04-13 19:00:00,1.2212717295445168
2014-04-13 20:00:00,0.0
2014-04-13 21:00:00,0.0
2014-04-13 22:00:00,0.2572233592733385
2014-04-13 23:00:00,0.0
2014-04-14 00:00:00,0.0
2014-04-14 01:00:00,0.0
2014-04-14 02:00:00,-1.3410029639371015
2014-04-14 03:00:00,0.0
2014-04-14 04:00:00,0.0
2014-04-14 05:00:00,0.0
2014-04-14 06:00:00,0.0
2014-04-14 07:00:00,-0.29851805914335294
2014-04-14 08:00:00,0.0
2014-04-14 09:00:00,0.0
2014-04-14 10:00:00,0.0
2014-04-14 11:00:00,0.0
2014-04-14 12:00:00,0.0
2014-04-14 13:00:00,0.0
2014-04-14 14:00:00,0.9057777021055777
2014-04-14 15:00:00,0.8487528121044867
2014-04-14 16:00:00,0.0
2014-04-14 17:00:00,0.0
2014-04-14 18:00:00,0.0
2014-04-14 19:00:00,0.0
2014-04-14 20:00:00,0.0
2014-04-14 21:00:00,0.0
2014-04-14 22:00:00,0.0
2014-04-14 23:00:00,0.0
2014-04-15 00:00:00,0.0
2014-04-15 01:00:00,-1.253564799268774
2014-04-15 02:00:00,0.0
2014-04-15 03:00:00,0.0
2014-04-15 04:00:00,-1.31037120310127
2014-04-15 05:00:00,0.0
2014-04-15 06:00:00,0.0
2014-04-15 07:00:00,0.0
2014-04-15 08:00:00,0.0
2014-04-15 09:00:00,0.0
2014-04-15 10:00:00,0.0
2014-04-15 11:00:00,0.0
2014-04-15 12:00:00,0.0
2014-04-15 13:00:00,0.0
2014-04-15 14:00:00,0.9101911227110285
2014-04-15 15:00:00,1.1028959234043352
2014-04-15 16:00:00,1.0504155457098647
2014-04-15 17:00:00,0.0
2014-04-15 18:00:00,0.0
2014-04-15 19:00:00,0.0
2014-04-15 20:00:00,0.0
2014-04-15 21:00:00,0.0
2014-04-15 22:00:00,0.0
2014-04-15 23:00:00,0.0
2014-04-16 00:00:00,0.0
2014-04-16 01:00:00,0.0
2014-04-16 02:00:00,0.0
2014-04-16 03:00:00,0.0
2014-04-16 04:00:00,-1.1398208999026287
2014-04-16 05:00:00,-1.236085905781852
2014-04-16 06:00:00,0.0
2014-04-16 07:00:00,0.0
2014-04-16 08:00:00,-0.37896466641691107
2014-04-16 09:00:00,0.0
2014-04-16 10:00:00,0.8269041952458389
2014-04-16 11:00:00,0.0
2014-04-16 12:00:00,0.0
2014-04-16 13:00:00,0.0
2014-04-16 14:00:00,1.1160924879869698
2014-04-16 15:00:00,0.0
2014-04-16 16:00:00,0.0
2014-04-16 17:00:00,0.0
2014-04-16 18:00:00,0.0
2014-04-16 19:00:00,0.0
2014-04-16 20:00:00,0.0
2014-04-16 21:00:00,0.0
2014-04-16 22:00:00,0.0
2014-04-16 23:00:00,0.0
2014-04-17 00:00:00,0.0
2014-04-17 01:00:00,0.0
2014-04-17 02:00:00,0.0
2014-04-17 03:00:00,0.0
2014-04-17 04:00:00,0.0
2014-04-17 05:00:00,0.0
2014-04-17 06:00:00,0.0
2014-04-17 07:00:00,0.0
2014-04-17 08:00:00,0.0
2014-04-17 09:00:00,0.0
2014-04-17 10:00:00,0.0
2014-04-17 11:00:00,0.9627588948729506
2014-04-17 12:00:00,0.0
2014-04-17 13:00:00,0.0
2014-04-17 14:00:00,1.1116790673815187
2014-04-17 15:00:00,0.0
2014-04-17 16:00:00,0.0
2014-04-17 17:00:00,0.0
2014-04-17 18:00:00,0.0
2014-04-17 19:00:00,0.0
2014-04-17 20:00:00,1.4228033714487331
2014-04-17 21:00:00,0.0
2014-04-17 22:00:00,0.30105168469179316
2014-04-17 23:00:00,0.0
2014-04-18 00:00:00,0.0
2014-04-18 01:00:00,0.0
2014-04-18 02:00:00,0.0
2014-04-18 03:00:00,0.0
2014-04-18 04:00:00,0.0
2014-04-18 05:00:00,-1.3322198199599227
2014-04-18 06:00:00,-1.3715910275392151
2014-04-18 07:00:00,0.0
2014-04-18 08:00:00,-0.2740476082616618
2014-04-18 09:00:00,0.0
2014-04-18 10:00:00,0.0
2014-04-18 11:00:00,0.0
2014-04-18 12:00:00,0.0
2014-04-18 13:00:00,1.0766338859402453
2014-04-18 14:00:00,0.0
2014-04-18 15:00:00,0.0
2014-04-18 16:00:00,0.0
2014-04-18 17:00:00,0.0
2014-04-18 18:00:00,1.273795804472721
2014-04-18 19:00:00,0.0
2014-04-18 20:00:00,0.0
2014-04-18 21:00:00,0.0
2014-04-18 22:00:00,0.0
2014-04-18 23:00:00,0.0
2014-04-19 00:00:00,0.0
2014-04-19 01:00:00,-1.284152862870887
2014-04-19 02:00:00,0.0
2014-04-19 03:00:00,0.0
2014-04-19 04:00:00,0.0
2014-04-19 05:00:00,-1.3234803732164624
2014-04-19 06:00:00,0.0
2014-04-19 07:00:00,0.0
2014-04-19 08:00:00,0.0
2014-04-19 09:00:00,0.0
2014-04-19 10:00:00,0.0
2014-04-19 11:00:00,0.0
2014-04-19 12:00:00,0.0
2014-04-19 13:00:00,0.0
2014-04-19 14:00:00,0.8882114141512186
2014-04-19 15:00:00,0.0
2014-04-19 16:00:00,0.0
2014-04-19 17:00:00,0.0
2014-04-19 18:00:00,0.0
2014-04-19 19:00:00,0.0
2014-04-19 20:00:00,1.054741571847864
2014-04-19 21:00:00,0.0
2014-04-19 22:00:00,0.0
2014-04-19 23:00:00,0.0
2014-04-20 00:00:00,0.0
2014-04-20 01:00:00,0.0
2014-04-20 02:00:00,0.0
2014-04-20 03:00:00,0.0
2014-04-20 04:00:00,0.0
2014-04-20 05:00:00,0.0
2014-04-20 06:00:00,0.0
2014-04-20 07:00:00,-0.08151759650321476
2014-04-20 08:00:00,0.0
2014-04-20 09:00:00,0.0
2014-04-20 10:00:00,0.0
2014-04-20 11:00:00,0.0
2014-04-20 12:00:00,0.0
2014-04-20 13:00:00,0.0
2014-04-20 14:00:00,0.0
2014-04-20 15:00:00,0.0
2014-04-20 16:00:00,0.0
2014-04-20 17:00:00,0.0
2014-04-20 18:00:00,0.0
2014-04-20 19:00:00,0.13452152699513895
2014-04-20 20:00:00,0.0
2014-04-20 21:00:00,0.0
2014-04-20 22:00:00,0.0
2014-04-20 23:00:00,0.0
2014-04-21 00:00:00,0.0
2014-04-21 01:00:00,0.0
2014-04-21 02:00:00,0.0
2014-04-21 03:00:00,0.0
2014-04-21 04:00:00,0.0
2014-04-21 05:00:00,0.0
2014-04-21 06:00:00,0.0
2014-04-21 07:00:00,0.0
2014-04-21 08:00:00,-0.8206563048314318
2014-04-21 09:00:00,0.0
2014-04-21 10:00:00,0.45438527780581667
2014-04-21 11:00:00,0.0
2014-04-21 12:00:00,0.0
2014-04-21 13:00:00,0.0
2014-04-21 14:00:00,0.0
2014-04-21 15:00:00,0.0
2014-04-21 16:00:00,0.0
2014-04-21 17:00:00,0.0
2014-04-21 18:00:00,0.0
2014-04-21 19:00:00,0.0
2014-04-21 20:00:00,0.0
2014-04-21 21:00:00,0.0
2014-04-21 22:00:00,0.0
2014-04-21 23:00:00,0.0
2014-04-22 00:00:00,0.0
2014-04-22 01:00:00,0.0
2014-04-22 02:00:00,0.0
2014-04-22 03:00:00,0.0
2014-04-22 04:00:00,0.0
2014-04-22 05:00:00,-1.4327671547434429
2014-04-22 06:00:00,0.0
2014-04-22 07:00:00,0.0
2014-04-22 08:00:00,0.0
2014-04-22 09:00:00,0.0
2014-04-22 10:00:00,0.0
2014-04-22 11:00:00,0.0
2014-04-22 12:00:00,0.0
2014-04-22 13:00:00,0.6340683028513702
2014-04-22 14:00:00,0.677896628269827
2014-04-22 15:00:00,0.616545712130737
2014-04-22 16:00:00,0.5420419286427307
2014-04-22 17:00:00,0.0
2014-04-22 18:00:00,0.0
2014-04-22 19:00:00,0.0
2014-04-22 20:00:00,0.0
2014-04-22 21:00:00,0.0
2014-04-22 22:00:00,0.0
2014-04-22 23:00:00,0.0
2014-04-23 00:00:00,0.0
2014-04-23 01:00:00,0.0
2014-04-23 02:00:00,0.0
2014-04-23 03:00:00,0.0
2014-04-23 04:00:00,0.0
2014-04-23 05:00:00,0.0
2014-04-23 06:00:00,0.0
2014-04-23 07:00:00,0.0
2014-04-23 08:00:00,-0.47518597506241694
2014-04-23 09:00:00,0.026895240349424046
2014-04-23 10:00:00,0.0
2014-04-23 11:00:00,0.7611398585012907
2014-04-23 12:00:00,0.0
2014-04-23 13:00:00,0.0
2014-04-23 14:00:00,0.0
2014-04-23 15:00:00,0.0
2014-04-23 16:00:00,0.0
2014-04-23 17:00:00,0.0
2014-04-23 18:00:00,0.9495623302903164
2014-04-23 19:00:00,0.0
2014-04-23 20:00:00,0.0
2014-04-23 21:00:00,0.61213229152529
2014-04-23 22:00:00,0.0
2014-04-23 23:00:00,0.0
2014-04-24 00:00:00,-1.0043157781452656
2014-04-24 01:00:00,0.0
2014-04-24 02:00:00,0.0
2014-04-24 03:00:00,0.0
2014-04-24 04:00:00,0.0
2014-04-24 05:00:00,0.0
2014-04-24 06:00:00,0.0
2014-04-24 07:00:00,0.0
2014-04-24 08:00:00,0.0
2014-04-24 09:00:00,0.0
2014-04-24 10:00:00,0.0
2014-04-24 11:00:00,0.0
2014-04-24 12:00:00,0.0
2014-04-24 13:00:00,0.8575796533153955
2014-04-24 14:00:00,0.791815316570847
2014-04-24 15:00:00,0.0
2014-04-24 16:00:00,0.0
2014-04-24 17:00:00,0.0
2014-04-24 18:00:00,0.0
2014-04-24 19:00:00,0.9583017770337818
2014-04-24 20:00:00,0.0
2014-04-24 21:00:00,0.0
2014-04-24 22:00:00,0.0
2014-04-24 23:00:00,0.0
2014-04-25 00:00:00,0.0
2014-04-25 01:00:00,-1.3016754535915274
2014-04-25 02:00:00,-1.3235240704501796
2014-04-25 03:00:00,0.0
2014-04-25 04:00:00,0.0
2014-04-25 05:00:00,-1.3802867770489582
2014-04-25 06:00:00,0.0
2014-04-25 07:00:00,0.0
2014-04-25 08:00:00,0.0
2014-04-25 09:00:00,0.02663305694711391
2014-04-25 10:00:00,0.0
2014-04-25 11:00:00,0.0
2014-04-25 12:00:00,0.0
2014-04-25 13:00:00,0.0
2014-04-25 14:00:00,0.0
2014-04-25 15:00:00,0.0
2014-04-25 16:00:00,0.0
2014-04-25 17:00:00,0.0
2014-04-25 18:00:00,0.0
2014-04-25 19:00:00,0.0
2014-04-25 20:00:00,0.3580328774591553
2014-04-25 21:00:00,0.2966382640863498
2014-04-25 22:00:00,0.0
2014-04-25 23:00:00,0.0
2014-04-26 00:00:00,0.0
2014-04-26 01:00:00,-1.3672650014012013
2014-04-26 02:00:00,-1.3847001976544058
2014-04-26 03:00:00,-1.292892309614349
2014-04-26 04:00:00,0.0
2014-04-26 05:00:00,0.0
2014-04-26 06:00:00,0.0
2014-04-26 07:00:00,0.0
2014-04-26 08:00:00,0.0
2014-04-26 09:00:00,0.0
2014-04-26 10:00:00,0.0
2014-04-26 11:00:00,0.0
2014-04-26 12:00:00,0.0
2014-04-26 13:00:00,0.0
2014-04-26 14:00:00,0.0
2014-04-26 15:00:00,0.0
2014-04-26 16:00:00,0.0
2014-04-26 17:00:00,0.9714983416164078
2014-04-26 18:00:00,0.0
2014-04-26 19:00:00,0.0
2014-04-26 20:00:00,0.0
2014-04-26 21:00:00,0.6209154355024618
2014-04-26 22:00:00,0.0
2014-04-26 23:00:00,0.0
2014-04-27 00:00:00,0.0
2014-04-27 01:00:00,-1.332263517193641
2014-04-27 02:00:00,0.0
2014-04-27 03:00:00,0.0
2014-04-27 04:00:00,-1.410918537884789
2014-04-27 05:00:00,0.0
2014-04-27 06:00:00,0.0
2014-04-27 07:00:00,0.0
2014-04-27 08:00:00,0.0
2014-04-27 09:00:00,0.0
2014-04-27 10:00:00,0.0
2014-04-27 11:00:00,0.0
2014-04-27 12:00:00,0.0
2014-04-27 13:00:00,0.0
2014-04-27 14:00:00,0.6822663516415597
2014-04-27 15:00:00,0.0
2014-04-27 16:00:00,0.0
2014-04-27 17:00:00,0.0
2014-04-27 18:00:00,0.0
2014-04-27 19:00:00,0.0
2014-04-27 20:00:00,0.0
2014-04-27 21:00:00,0.0
2014-04-27 22:00:00,0.04979259081728645
2014-04-27 23:00:00,-0.8599401179432888
2014-04-28 00:00:00,0.0
2014-04-28 01:00:00,0.0
2014-04-28 02:00:00,0.0
2014-04-28 03:00:00,0.0
2014-04-28 04:00:00,-1.3890699210261377
2014-04-28 05:00:00,0.0
2014-04-28 06:00:00,0.0
2014-04-28 07:00:00,0.0
2014-04-28 08:00:00,0.0
2014-04-28 09:00:00,0.0
2014-04-28 10:00:00,0.0
2014-04-28 11:00:00,0.0
2014-04-28 12:00:00,0.0
2014-04-28 13:00:00,0.0
2014-04-28 14:00:00,0.7874018959653962
2014-04-28 15:00:00,0.0
2014-04-28 16:00:00,0.0
2014-04-28 17:00:00,0.0
2014-04-28 18:00:00,0.0
2014-04-28 19:00:00,0.0
2014-04-28 20:00:00,0.0
2014-04-28 21:00:00,0.4368626870851722
2014-04-28 22:00:00,0.0074499713452175105
2014-04-28 23:00:00,0.0
2014-04-29 00:00:00,0.0
2014-04-29 01:00:00,-1.2448253525253128
2014-04-29 02:00:00,-1.2273027618046741
2014-04-29 03:00:00,0.0
2014-04-29 04:00:00,0.0
2014-04-29 05:00:00,0.0
2014-04-29 06:00:00,0.0
2014-04-29 07:00:00,0.0
2014-04-29 08:00:00,0.0
2014-04-29 09:00:00,0.0
2014-04-29 10:00:00,0.0
2014-04-29 11:00:00,0.0
2014-04-29 12:00:00,0.6822663516415597
2014-04-29 13:00:00,0.8400133653610369
2014-04-29 14:00:00,0.0
2014-04-29 15:00:00,0.7347904265697486
2014-04-29 16:00:00,0.0
2014-04-29 17:00:00,0.0
2014-04-29 18:00:00,0.0
2014-04-29 19:00:00,0.0
2014-04-29 20:00:00,0.9627151976392249
2014-04-29 21:00:00,0.0
2014-04-29 22:00:00,0.0
2014-04-29 23:00:00,-0.8905718787791201
2014-04-30 00:00:00,0.0
2014-04-30 01:00:00,0.0
2014-04-30 02:00:00,-1.3715910275392151
2014-04-30 03:00:00,0.0
2014-04-30 04:00:00,-1.3715910275392151
2014-04-30 05:00:00,0.0
2014-04-30 06:00:00,0.0
2014-04-30 07:00:00,0.0
2014-04-30 08:00:00,0.0
2014-04-30 09:00:00,0.0
2014-04-30 10:00:00,0.0
2014-04-30 11:00:00,0.0
2014-04-30 12:00:00,0.0
2014-04-30 13:00:00,0.7304644004317418
2014-04-30 14:00:00,0.0
2014-04-30 15:00:00,0.0
2014-04-30 16:00:00,0.0
2014-04-30 17:00:00,0.0
2014-04-30 18:00:00,0.0
2014-04-30 19:00:00,0.0
2014-04-30 20:00:00,0.0
2014-04-30 21:00:00,0.0
2014-04-30 22:00:00,0.0
2014-04-30 23:00:00,-0.17638429090348523
2014-05-01 00:00:00,0.0
2014-05-01 01:00:00,0.0
2014-05-01 02:00:00,0.0
2014-05-01 03:00:00,-1.1748223841101906
2014-05-01 04:00:00,-1.2010844215742904
2014-05-01 05:00:00,0.0
2014-05-01 06:00:00,0.0
2014-05-01 07:00:00,0.0
2014-05-01 08:00:00,0.0
2014-05-01 09:00:00,0.0
2014-05-01 10:00:00,0.0
2014-05-01 11:00:00,0.7961850399425797
2014-05-01 12:00:00,0.0
2014-05-01 13:00:00,0.0
2014-05-01 14:00:00,0.0
2014-05-01 15:00:00,0.0
2014-05-01 16:00:00,0.0
2014-05-01 17:00:00,1.4622619734954578
2014-05-01 18:00:00,0.0
2014-05-01 19:00:00,0.0
2014-05-01 20:00:00,0.9714546443826824
2014-05-01 21:00:00,0.0
2014-05-01 22:00:00,0.21339503385487954
2014-05-01 23:00:00,0.0
2014-05-02 00:00:00,0.0
2014-05-02 01:00:00,0.0
2014-05-02 02:00:00,0.0
2014-05-02 03:00:00,0.0
2014-05-02 04:00:00,-1.2578908254067862
2014-05-02 05:00:00,0.0
2014-05-02 06:00:00,-1.266673969383965
2014-05-02 07:00:00,-0.12788036147727447
2014-05-02 08:00:00,0.0
2014-05-02 09:00:00,0.0
2014-05-02 10:00:00,0.0
2014-05-02 11:00:00,0.0
2014-05-02 12:00:00,0.0
2014-05-02 13:00:00,0.0
2014-05-02 14:00:00,1.0635247158250476
2014-05-02 15:00:00,0.0
2014-05-02 16:00:00,0.0
2014-05-02 17:00:00,0.0
2014-05-02 18:00:00,0.0
2014-05-02 19:00:00,0.0
2014-05-02 20:00:00,1.589377226379096
2014-05-02 21:00:00,1.1862265481032355
2014-05-02 22:00:00,0.0
2014-05-02 23:00:00,0.0
2014-05-03 00:00:00,0.0
2014-05-03 01:00:00,0.0
2014-05-03 02:00:00,0.0
2014-05-03 03:00:00,0.0
2014-05-03 04:00:00,0.0
2014-05-03 05:00:00,0.0
2014-05-03 06:00:00,-1.319110649844732
2014-05-03 07:00:00,0.0
2014-05-03 08:00:00,0.0
2014-05-03 09:00:00,0.0
2014-05-03 10:00:00,0.0
2014-05-03 11:00:00,0.0
2014-05-03 12:00:00,0.0
2014-05-03 13:00:00,0.0
2014-05-03 14:00:00,0.0
2014-05-03 15:00:00,0.0
2014-05-03 16:00:00,1.4184336480770001
2014-05-03 17:00:00,0.0
2014-05-03 18:00:00,0.0
2014-05-03 19:00:00,0.0
2014-05-03 20:00:00,1.5674849122867227
2014-05-03 21:00:00,0.0
2014-05-03 22:00:00,0.0
2014-05-03 23:00:00,0.0
2014-05-04 00:00:00,-0.868723261920468
2014-05-04 01:00:00,-1.2404556291535822
2014-05-04 02:00:00,-1.2754571133611436
2014-05-04 03:00:00,0.0
2014-05-04 04:00:00,0.0
2014-05-04 05:00:00,0.0
2014-05-04 06:00:00,0.0
2014-05-04 07:00:00,0.0
2014-05-04 08:00:00,0.0
2014-05-04 09:00:00,0.0
2014-05-04 10:00:00,0.0
2014-05-04 11:00:00,0.0
2014-05-04 12:00:00,0.0
2014-05-04 13:00:00,0.0
2014-05-04 14:00:00,0.0
2014-05-04 15:00:00,0.0
2014-05-04 16:00:00,1.2694260811009885
2014-05-04 17:00:00,0.0
2014-05-04 18:00:00,0.0
2014-05-04 19:00:00,0.0
2014-05-04 20:00:00,0.0
2014-05-04 21:00:00,0.0
2014-05-04 22:00:00,0.0
2014-05-04 23:00:00,0.0
2014-05-05 00:00:00,0.0
2014-05-05 01:00:00,0.0
2014-05-05 02:00:00,0.0
2014-05-05 03:00:00,0.0
2014-05-05 04:00:00,0.0
2014-05-05 05:00:00,0.0
2014-05-05 06:00:00,0.0
2014-05-05 07:00:00,0.0
2014-05-05 08:00:00,0.0
2014-05-05 09:00:00,0.01784991296993134
2014-05-05 10:00:00,0.0
2014-05-05 11:00:00,0.0
2014-05-05 12:00:00,0.0
2014-05-05 13:00:00,0.0
2014-05-05 14:00:00,0.0
2014-05-05 15:00:00,0.0
2014-05-05 16:00:00,0.0
2014-05-05 17:00:00,0.0
2014-05-05 18:00:00,0.0
2014-05-05 19:00:00,1.273839501706431
2014-05-05 20:00:00,0.0
2014-05-05 21:00:00,0.0
2014-05-05 22:00:00,0.0
2014-05-05 23:00:00,0.0
2014-05-06 00:00:00,0.0
2014-05-06 01:00:00,0.0
2014-05-06 02:00:00,0.0
2014-05-06 03:00:00,0.0
2014-05-06 04:00:00,0.0
2014-05-06 05:00:00,0.0
2014-05-06 06:00:00,0.0
2014-05-06 07:00:00,-0.1587306084816965
2014-05-06 08:00:00,0.0
2014-05-06 09:00:00,0.0
2014-05-06 10:00:00,0.6121322915252861
2014-05-06 11:00:00,0.8312302213838462
2014-05-06 12:00:00,0.0
2014-05-06 13:00:00,0.0
2014-05-06 14:00:00,0.0
2014-05-06 15:00:00,0.9364094629414008
2014-05-06 16:00:00,0.0
2014-05-06 17:00:00,1.0240661137783227
2014-05-06 18:00:00,1.2343808996597065
2014-05-06 19:00:00,0.0
2014-05-06 20:00:00,0.0
2014-05-06 21:00:00,0.0
2014-05-06 22:00:00,0.0
2014-05-06 23:00:00,0.0
2014-05-07 00:00:00,0.0
2014-05-07 01:00:00,-1.2404556291535824
2014-05-07 02:00:00,0.0
2014-05-07 03:00:00,-1.205410447712304
2014-05-07 04:00:00,-1.3060014797295405
2014-05-07 05:00:00,0.0
2014-05-07 06:00:00,-1.2623042460122353
2014-05-07 07:00:00,-0.3090490924692236
2014-05-07 08:00:00,0.0
2014-05-07 09:00:00,0.039742227062304174
2014-05-07 10:00:00,0.0
2014-05-07 11:00:00,0.0
2014-05-07 12:00:00,0.0
2014-05-07 13:00:00,0.0
2014-05-07 14:00:00,1.418477345310718
2014-05-07 15:00:00,0.0
2014-05-07 16:00:00,0.0
2014-05-07 17:00:00,0.0
2014-05-07 18:00:00,0.0
2014-05-07 19:00:00,1.0546978746141462
2014-05-07 20:00:00,1.1686602601488765
2014-05-07 21:00:00,0.0
2014-05-07 22:00:00,0.0
2014-05-07 23:00:00,0.0
2014-05-08 00:00:00,0.0
2014-05-08 01:00:00,0.0
2014-05-08 02:00:00,0.0
2014-05-08 03:00:00,0.0
2014-05-08 04:00:00,0.0
2014-05-08 05:00:00,0.0
2014-05-08 06:00:00,0.0
2014-05-08 07:00:00,0.0
2014-05-08 08:00:00,0.0
2014-05-08 09:00:00,0.0922663019905057
2014-05-08 10:00:00,0.7610961612675726
2014-05-08 11:00:00,0.9495623302903164
2014-05-08 12:00:00,0.0
2014-05-08 13:00:00,0.0
2014-05-08 14:00:00,0.0
2014-05-08 15:00:00,0.0
2014-05-08 16:00:00,0.0
2014-05-08 17:00:00,0.0
2014-05-08 18:00:00,0.0
2014-05-08 19:00:00,0.0
2014-05-08 20:00:00,0.0
2014-05-08 21:00:00,0.0
2014-05-08 22:00:00,0.0
2014-05-08 23:00:00,0.0
2014-05-09 00:00:00,0.0
2014-05-09 01:00:00,0.0
2014-05-09 02:00:00,0.0
2014-05-09 03:00:00,0.0
2014-05-09 04:00:00,0.0
2014-05-09 05:00:00,0.0
2014-05-09 06:00:00,0.0
2014-05-09 07:00:00,0.0
2014-05-09 08:00:00,0.0
2014-05-09 09:00:00,0.0
2014-05-09 10:00:00,0.0
2014-05-09 11:00:00,0.0
2014-05-09 12:00:00,1.1204622113587022
2014-05-09 13:00:00,1.3439735618227124
2014-05-09 14:00:00,0.0
2014-05-09 15:00:00,0.0
2014-05-09 16:00:00,0.0
2014-05-09 17:00:00,0.0
2014-05-09 18:00:00,0.0
2014-05-09 19:00:00,0.0
2014-05-09 20:00:00,0.0
2014-05-09 21:00:00,0.0
2014-05-09 22:00:00,0.4193400963645355
2014-05-09 23:00:00,0.0
2014-05-10 00:00:00,0.0
2014-05-10 01:00:00,0.0
2014-05-10 02:00:00,0.0
2014-05-10 03:00:00,0.0
2014-05-10 04:00:00,0.0
2014-05-10 05:00:00,0.0
2014-05-10 06:00:00,0.0
2014-05-10 07:00:00,0.0
2014-05-10 08:00:00,0.0
2014-05-10 09:00:00,0.0
2014-05-10 10:00:00,0.0
2014-05-10 11:00:00,1.370235599286811
2014-05-10 12:00:00,0.0
2014-05-10 13:00:00,0.0
2014-05-10 14:00:00,1.3964976367509165
2014-05-10 15:00:00,0.0
2014-05-10 16:00:00,0.0
2014-05-10 17:00:00,0.0
2014-05-10 18:00:00,0.0
2014-05-10 19:00:00,0.0
2014-05-10 20:00:00,0.0
2014-05-10 21:00:00,0.0
2014-05-10 22:00:00,0.0
2014-05-10 23:00:00,0.0
2014-05-11 00:00:00,0.0
2014-05-11 01:00:00,0.0
2014-05-11 02:00:00,0.0
2014-05-11 03:00:00,0.0
2014-05-11 04:00:00,0.0
2014-05-11 05:00:00,0.0
2014-05-11 06:00:00,0.0
2014-05-11 07:00:00,0.0
2014-05-11 08:00:00,-0.3789646664169106
2014-05-11 09:00:00,0.15055841176939297
2014-05-11 10:00:00,0.0
2014-05-11 11:00:00,0.0
2014-05-11 12:00:00,0.0
2014-05-11 13:00:00,0.0
2014-05-11 14:00:00,1.3482995879607265
2014-05-11 15:00:00,0.0
2014-05-11 16:00:00,0.0
2014-05-11 17:00:00,0.0
2014-05-11 18:00:00,0.0
2014-05-11 19:00:00,1.0766775831739626
2014-05-11 20:00:00,0.0
2014-05-11 21:00:00,0.0
2014-05-11 22:00:00,0.0
2014-05-11 23:00:00,0.0
2014-05-12 00:00:00,0.0
2014-05-12 01:00:00,-1.3060451769632577
2014-05-12 02:00:00,0.0
2014-05-12 03:00:00,0.0
2014-05-12 04:00:00,0.0
2014-05-12 05:00:00,-1.3934833416315844
2014-05-12 06:00:00,0.0
2014-05-12 07:00:00,0.0
2014-05-12 08:00:00,0.0
2014-05-12 09:00:00,0.0
2014-05-12 10:00:00,0.0
2014-05-12 11:00:00,0.0
2014-05-12 12:00:00,0.0
2014-05-12 13:00:00,1.0021737996859494
2014-05-12 14:00:00,1.2387506230314396
2014-05-12 15:00:00,0.0
2014-05-12 16:00:00,0.0
2014-05-12 17:00:00,0.0
2014-05-12 18:00:00,0.0
2014-05-12 19:00:00,0.0
2014-05-12 20:00:00,0.0
2014-05-12 21:00:00,0.0
2014-05-12 22:00:00,0.0
2014-05-12 23:00:00,-0.45626507286282464
2014-05-13 00:00:00,-0.5276663527569013
2014-05-13 01:00:00,0.0
2014-05-13 02:00:00,0.0
2014-05-13 03:00:00,0.0
2014-05-13 04:00:00,0.0
2014-05-13 05:00:00,-1.227259064570956
2014-05-13 06:00:00,0.0
2014-05-13 07:00:00,-0.25066958822290325
2014-05-13 08:00:00,0.0
2014-05-13 09:00:00,0.0
2014-05-13 10:00:00,0.0
2014-05-13 11:00:00,0.0
2014-05-13 12:00:00,0.0
2014-05-13 13:00:00,0.0
2014-05-13 14:00:00,0.9714546443826898
2014-05-13 15:00:00,0.0
2014-05-13 16:00:00,0.0
2014-05-13 17:00:00,0.0
2014-05-13 18:00:00,0.0
2014-05-13 19:00:00,0.0
2014-05-13 20:00:00,0.0
2014-05-13 21:00:00,0.0
2014-05-13 22:00:00,0.0
2014-05-13 23:00:00,0.0
2014-05-14 00:00:00,0.0
2014-05-14 01:00:00,0.0
2014-05-14 02:00:00,0.0
2014-05-14 03:00:00,0.0
2014-05-14 04:00:00,0.0
2014-05-14 05:00:00,0.0
2014-05-14 06:00:00,-1.4328545492108768
2014-05-14 07:00:00,0.0
2014-05-14 08:00:00,0.0
2014-05-14 09:00:00,0.0
2014-05-14 10:00:00,0.0
2014-05-14 11:00:00,0.0
2014-05-14 12:00:00,0.8487965093382122
2014-05-14 13:00:00,0.0
2014-05-14 14:00:00,0.0
2014-05-14 15:00:00,0.0
2014-05-14 16:00:00,0.0
2014-05-14 17:00:00,0.0
2014-05-14 18:00:00,0.0
2014-05-14 19:00:00,0.0
2014-05-14 20:00:00,1.2913183951933618
2014-05-14 21:00:00,0.0
2014-05-14 22:00:00,0.0
2014-05-14 23:00:00,0.0
2014-05-15 00:00:00,0.0
2014-05-15 01:00:00,0.0
2014-05-15 02:00:00,-1.2973057302197966
2014-05-15 03:00:00,0.0
2014-05-15 04:00:00,0.0
2014-05-15 05:00:00,0.0
2014-05-15 06:00:00,0.0
2014-05-15 07:00:00,0.0
2014-05-15 08:00:00,0.0
2014-05-15 09:00:00,0.0
2014-05-15 10:00:00,0.0
2014-05-15 11:00:00,0.9978040763142245
2014-05-15 12:00:00,1.133571381473885
2014-05-15 13:00:00,0.0
2014-05-15 14:00:00,0.0
2014-05-15 15:00:00,1.2869923690553398
2014-05-15 16:00:00,0.0
2014-05-15 17:00:00,1.532308639144302
2014-05-15 18:00:00,0.0
2014-05-15 19:00:00,0.0
2014-05-15 20:00:00,0.0
2014-05-15 21:00:00,0.0
2014-05-15 22:00:00,0.0
2014-05-15 23:00:00,0.0
2014-05-16 00:00:00,0.0
2014-05-16 01:00:00,-1.319110649844732
2014-05-16 02:00:00,0.0
2014-05-16 03:00:00,0.0
2014-05-16 04:00:00,0.0
2014-05-16 05:00:00,0.0
2014-05-16 06:00:00,0.0
2014-05-16 07:00:00,0.0
2014-05-16 08:00:00,0.0
2014-05-16 09:00:00,0.09370831070317812
2014-05-16 10:00:00,0.0
2014-05-16 11:00:00,0.9758243677544151
2014-05-16 12:00:00,1.1642905367771441
2014-05-16 13:00:00,1.624422407820377
2014-05-16 14:00:00,0.0
2014-05-16 15:00:00,0.0
2014-05-16 16:00:00,0.0
2014-05-16 17:00:00,0.0
2014-05-16 18:00:00,0.0
2014-05-16 19:00:00,0.0
2014-05-16 20:00:00,0.0
2014-05-16 21:00:00,0.0
2014-05-16 22:00:00,0.7085720863393836
2014-05-16 23:00:00,0.0
2014-05-17 00:00:00,0.0
2014-05-17 01:00:00,0.0
2014-05-17 02:00:00,0.0
2014-05-17 03:00:00,0.0
2014-05-17 04:00:00,0.0
2014-05-17 05:00:00,0.0
2014-05-17 06:00:00,0.0
2014-05-17 07:00:00,0.0
2014-05-17 08:00:00,0.0
2014-05-17 09:00:00,0.0
2014-05-17 10:00:00,0.0
2014-05-17 11:00:00,0.0
2014-05-17 12:00:00,1.3878018872411615
2014-05-17 13:00:00,0.0
2014-05-17 14:00:00,0.0
2014-05-17 15:00:00,1.37023559928681
2014-05-17 16:00:00,0.0
2014-05-17 17:00:00,0.0
2014-05-17 18:00:00,0.0
2014-05-17 19:00:00,1.475414840844358
2014-05-17 20:00:00,0.0
2014-05-17 21:00:00,1.2519471876140655
2014-05-17 22:00:00,0.0
2014-05-17 23:00:00,0.0
2014-05-18 00:00:00,0.0
2014-05-18 01:00:00,0.0
2014-05-18 02:00:00,0.0
2014-05-18 03:00:00,0.0
2014-05-18 04:00:00,0.0
2014-05-18 05:00:00,0.0
2014-05-18 06:00:00,0.0
2014-05-18 07:00:00,0.0
2014-05-18 08:00:00,-0.3921175337658198
2014-05-18 09:00:00,0.010465080471712627
2014-05-18 10:00:00,0.0
2014-05-18 11:00:00,0.0
2014-05-18 12:00:00,0.0
2014-05-18 13:00:00,1.1423545254510676
2014-05-18 14:00:00,0.0
2014-05-18 15:00:00,0.0
2014-05-18 16:00:00,0.0
2014-05-18 17:00:00,0.0
2014-05-18 18:00:00,0.0
2014-05-18 19:00:00,0.0
2014-05-18 20:00:00,0.0
2014-05-18 21:00:00,0.0
2014-05-18 22:00:00,0.0
2014-05-18 23:00:00,0.0
2014-05-19 00:00:00,0.0
2014-05-19 01:00:00,-1.2054104477123033
2014-05-19 02:00:00,-1.2709999955219786
2014-05-19 03:00:00,0.0
2014-05-19 04:00:00,0.0
2014-05-19 05:00:00,-1.3409592667033843
2014-05-19 06:00:00,0.0
2014-05-19 07:00:00,0.0
2014-05-19 08:00:00,0.0
2014-05-19 09:00:00,0.0
2014-05-19 10:00:00,0.0
2014-05-19 11:00:00,0.0
2014-05-19 12:00:00,0.0
2014-05-19 13:00:00,0.6735269048980947
2014-05-19 14:00:00,0.0
2014-05-19 15:00:00,0.0
2014-05-19 16:00:00,0.0
2014-05-19 17:00:00,0.0
2014-05-19 18:00:00,0.7611398585012985
2014-05-19 19:00:00,0.0
2014-05-19 20:00:00,0.0
2014-05-19 21:00:00,0.0
2014-05-19 22:00:00,0.0
2014-05-19 23:00:00,-0.8380915010846363
2014-05-20 00:00:00,0.0
2014-05-20 01:00:00,0.0
2014-05-20 02:00:00,0.0
2014-05-20 03:00:00,0.0
2014-05-20 04:00:00,0.0
2014-05-20 05:00:00,0.0
2014-05-20 06:00:00,0.0
2014-05-20 07:00:00,0.0
2014-05-20 08:00:00,0.0
2014-05-20 09:00:00,0.0
2014-05-20 10:00:00,0.0
2014-05-20 11:00:00,0.0
2014-05-20 12:00:00,0.0
2014-05-20 13:00:00,0.7787061464556494
2014-05-20 14:00:00,0.0
2014-05-20 15:00:00,0.4588423956449703
2014-05-20 16:00:00,0.0
2014-05-20 17:00:00,0.0
2014-05-20 18:00:00,0.6296548822459271
2014-05-20 19:00:00,0.0
2014-05-20 20:00:00,0.0
2014-05-20 21:00:00,0.0
2014-05-20 22:00:00,0.0
2014-05-20 23:00:00,0.0
2014-05-21 00:00:00,0.0
2014-05-21 01:00:00,0.0
2014-05-21 02:00:00,0.0
2014-05-21 03:00:00,0.0
2014-05-21 04:00:00,0.0
2014-05-21 05:00:00,0.0
2014-05-21 06:00:00,0.0
2014-05-21 07:00:00,0.0
2014-05-21 08:00:00,0.0
2014-05-21 09:00:00,0.0
2014-05-21 10:00:00,0.0
2014-05-21 11:00:00,0.8137076306632051
2014-05-21 12:00:00,0.8092942100577699
2014-05-21 13:00:00,0.0
2014-05-21 14:00:00,0.0
2014-05-21 15:00:00,0.0
2014-05-21 16:00:00,0.0
2014-05-21 17:00:00,0.0
2014-05-21 18:00:00,0.0
2014-05-21 19:00:00,0.0
2014-05-21 20:00:00,0.0
2014-05-21 21:00:00,0.0
2014-05-21 22:00:00,0.0
2014-05-21 23:00:00,0.0
2014-05-22 00:00:00,0.0
2014-05-22 01:00:00,0.0
2014-05-22 02:00:00,0.0
2014-05-22 03:00:00,-1.122385703649424
2014-05-22 04:00:00,0.0
2014-05-22 05:00:00,0.0
2014-05-22 06:00:00,0.0
2014-05-22 07:00:00,0.0
2014-05-22 08:00:00,0.0
2014-05-22 09:00:00,0.0
2014-05-22 10:00:00,0.0
2014-05-22 11:00:00,0.6471774729665678
2014-05-22 12:00:00,0.0
2014-05-22 13:00:00,0.0
2014-05-22 14:00:00,0.7260946770600243
2014-05-22 15:00:00,0.6252851588742019
2014-05-22 16:00:00,0.6516345908057288
2014-05-22 17:00:00,0.0
2014-05-22 18:00:00,0.0
2014-05-22 19:00:00,0.0
2014-05-22 20:00:00,0.0
2014-05-22 21:00:00,0.0
2014-05-22 22:00:00,0.0
2014-05-22 23:00:00,0.0
2014-05-23 00:00:00,-1.3715910275392142
2014-05-23 01:00:00,0.0
2014-05-23 02:00:00,0.0
2014-05-23 03:00:00,0.0
2014-05-23 04:00:00,0.0
2014-05-23 05:00:00,0.0
2014-05-23 06:00:00,0.0
2014-05-23 07:00:00,0.0
2014-05-23 08:00:00,0.0
2014-05-23 09:00:00,0.0
2014-05-23 10:00:00,0.0
2014-05-23 11:00:00,0.0
2014-05-23 12:00:00,0.0
2014-05-23 13:00:00,0.0
2014-05-23 14:00:00,0.0
2014-05-23 15:00:00,0.0
2014-05-23 16:00:00,0.6384380262231029
2014-05-23 17:00:00,0.7392038471752145
2014-05-23 18:00:00,0.8662754028251273
2014-05-23 19:00:00,0.0
2014-05-23 20:00:00,0.0
2014-05-23 21:00:00,0.0
2014-05-23 22:00:00,0.0
2014-05-23 23:00:00,0.0
2014-05-24 00:00:00,0.0
2014-05-24 01:00:00,0.0
2014-05-24 02:00:00,0.0
2014-05-24 03:00:00,-1.069861628721223
2014-05-24 04:00:00,0.0
2014-05-24 05:00:00,0.0
2014-05-24 06:00:00,0.0
2014-05-24 07:00:00,0.0
2014-05-24 08:00:00,0.0
2014-05-24 09:00:00,0.0
2014-05-24 10:00:00,0.6735269048981021
2014-05-24 11:00:00,0.0
2014-05-24 12:00:00,0.0
2014-05-24 13:00:00,0.0
2014-05-24 14:00:00,0.0
2014-05-24 15:00:00,0.0
2014-05-24 16:00:00,0.0
2014-05-24 17:00:00,0.0
2014-05-24 18:00:00,0.0
2014-05-24 19:00:00,0.0
2014-05-24 20:00:00,0.0
2014-05-24 21:00:00,0.0
2014-05-24 22:00:00,0.0
2014-05-24 23:00:00,0.0
2014-05-25 00:00:00,0.0
2014-05-25 01:00:00,0.0
2014-05-25 02:00:00,0.0
2014-05-25 03:00:00,0.0
2014-05-25 04:00:00,-1.3759607509109446
2014-05-25 05:00:00,0.0
2014-05-25 06:00:00,0.0
2014-05-25 07:00:00,-0.29441051917392563
2014-05-25 08:00:00,0.0
2014-05-25 09:00:00,0.0
2014-05-25 10:00:00,0.0
2014-05-25 11:00:00,0.0
2014-05-25 12:00:00,0.0
2014-05-25 13:00:00,0.0
2014-05-25 14:00:00,0.0
2014-05-25 15:00:00,0.0
2014-05-25 16:00:00,0.9583454742674999
2014-05-25 17:00:00,1.1510939721945253
2014-05-25 18:00:00,0.0
2014-05-25 19:00:00,0.0
2014-05-25 20:00:00,0.46316842178299233
2014-05-25 21:00:00,0.3798814943178105
2014-05-25 22:00:00,0.0
2014-05-25 23:00:00,0.0
2014-05-26 00:00:00,0.0
2014-05-26 01:00:00,0.0
2014-05-26 02:00:00,-1.3322635171936401
2014-05-26 03:00:00,0.0
2014-05-26 04:00:00,0.0
2014-05-26 05:00:00,0.0
2014-05-26 06:00:00,-1.1529300700178202
2014-05-26 07:00:00,-0.12670053616690916
2014-05-26 08:00:00,0.0
2014-05-26 09:00:00,0.0
2014-05-26 10:00:00,0.5508250726199064
2014-05-26 11:00:00,0.0
2014-05-26 12:00:00,0.0
2014-05-26 13:00:00,0.6471774729665604
2014-05-26 14:00:00,0.721724953688292
2014-05-26 15:00:00,0.0
2014-05-26 16:00:00,0.0
2014-05-26 17:00:00,0.0
2014-05-26 18:00:00,0.0
2014-05-26 19:00:00,0.0
2014-05-26 20:00:00,0.0
2014-05-26 21:00:00,0.0
2014-05-26 22:00:00,0.0
2014-05-26 23:00:00,0.0
2014-05-27 00:00:00,0.0
2014-05-27 01:00:00,0.0
2014-05-27 02:00:00,0.0
2014-05-27 03:00:00,0.0
2014-05-27 04:00:00,0.0
2014-05-27 05:00:00,0.0
2014-05-27 06:00:00,0.0
2014-05-27 07:00:00,0.0
2014-05-27 08:00:00,0.0
2014-05-27 09:00:00,0.0
2014-05-27 10:00:00,0.467538145154725
2014-05-27 11:00:00,0.0
2014-05-27 12:00:00,0.0
2014-05-27 13:00:00,0.0
2014-05-27 14:00:00,0.0
2014-05-27 15:00:00,0.0
2014-05-27 16:00:00,0.0
2014-05-27 17:00:00,0.8794719674077689
2014-05-27 18:00:00,0.0
2014-05-27 19:00:00,0.0
2014-05-27 20:00:00,0.0
2014-05-27 21:00:00,0.0
2014-05-27 22:00:00,0.0
2014-05-27 23:00:00,0.0
2014-05-28 00:00:00,0.0
2014-05-28 01:00:00,0.0
2014-05-28 02:00:00,0.0
2014-05-28 03:00:00,0.0
2014-05-28 04:00:00,0.0
2014-05-28 05:00:00,0.0
2014-05-28 06:00:00,0.0
2014-05-28 07:00:00,0.0
2014-05-28 08:00:00,0.0
2014-05-28 09:00:00,0.0
2014-05-28 10:00:00,0.0
2014-05-28 11:00:00,0.0
2014-05-28 12:00:00,0.0
2014-05-28 13:00:00,0.0
2014-05-28 14:00:00,0.651590893572003
2014-05-28 15:00:00,0.6341120000850882
2014-05-28 16:00:00,0.0
2014-05-28 17:00:00,0.0
2014-05-28 18:00:00,0.0
2014-05-28 19:00:00,0.0
2014-05-28 20:00:00,0.0
2014-05-28 21:00:00,0.6559606169437434
2014-05-28 22:00:00,0.0
2014-05-28 23:00:00,-0.5713635864742065
2014-05-29 00:00:00,0.0
2014-05-29 01:00:00,-1.096079968951607
2014-05-29 02:00:00,0.0
2014-05-29 03:00:00,-1.2054541449460205
2014-05-29 04:00:00,0.0
2014-05-29 05:00:00,0.0
2014-05-29 06:00:00,0.0
2014-05-29 07:00:00,0.0
2014-05-29 08:00:00,0.0
2014-05-29 09:00:00,0.0
2014-05-29 10:00:00,0.0
2014-05-29 11:00:00,0.0
2014-05-29 12:00:00,0.0
2014-05-29 13:00:00,1.0459584278706886
2014-05-29 14:00:00,0.0
2014-05-29 15:00:00,0.0
2014-05-29 16:00:00,0.0
2014-05-29 17:00:00,0.0
2014-05-29 18:00:00,0.0
2014-05-29 19:00:00,0.0
2014-05-29 20:00:00,0.0
2014-05-29 21:00:00,0.0
2014-05-29 22:00:00,0.0
2014-05-29 23:00:00,0.0
2014-05-30 00:00:00,0.0
2014-05-30 01:00:00,0.0
2014-05-30 02:00:00,0.0
2014-05-30 03:00:00,0.0
2014-05-30 04:00:00,0.0
2014-05-30 05:00:00,0.0
2014-05-30 06:00:00,0.0
2014-05-30 07:00:00,-0.260894740912753
2014-05-30 08:00:00,0.0
2014-05-30 09:00:00,0.0
2014-05-30 10:00:00,0.0
2014-05-30 11:00:00,0.0
2014-05-30 12:00:00,0.0
2014-05-30 13:00:00,0.9539757508957599
2014-05-30 14:00:00,0.0
2014-05-30 15:00:00,0.0
2014-05-30 16:00:00,0.0
2014-05-30 17:00:00,0.0
2014-05-30 18:00:00,0.0
2014-05-30 19:00:00,1.1204185141249763
2014-05-30 20:00:00,1.1423545254510676
2014-05-30 21:00:00,0.0
2014-05-30 22:00:00,0.0
2014-05-30 23:00:00,0.20902531048314207
2014-05-31 00:00:00,0.0
2014-05-31 01:00:00,-1.2622168515448
2014-05-31 02:00:00,0.0
2014-05-31 03:00:00,0.0
2014-05-31 04:00:00,0.0
2014-05-31 05:00:00,0.0
2014-05-31 06:00:00,0.0
2014-05-31 07:00:00,0.0
2014-05-31 08:00:00,0.0
2014-05-31 09:00:00,0.0
2014-05-31 10:00:00,0.0
2014-05-31 11:00:00,0.0
2014-05-31 12:00:00,0.0
2014-05-31 13:00:00,0.0
2014-05-31 14:00:00,0.0
2014-05-31 15:00:00,0.0
2014-05-31 16:00:00,0.0
2014-05-31 17:00:00,0.0
2014-05-31 18:00:00,0.0
2014-05-31 19:00:00,0.0
2014-05-31 20:00:00,0.0
2014-05-31 21:00:00,1.3088409859139951
2014-05-31 22:00:00,0.0
2014-05-31 23:00:00,0.22213448059833668
2014-06-01 00:00:00,0.0
2014-06-01 01:00:00,0.0
2014-06-01 02:00:00,-1.3628515807957535
2014-06-01 03:00:00,-1.2098238683177516
2014-06-01 04:00:00,0.0
2014-06-01 05:00:00,0.0
2014-06-01 06:00:00,-1.2884788890089003
2014-06-01 07:00:00,0.0
2014-06-01 08:00:00,0.0
2014-06-01 09:00:00,0.0
2014-06-01 10:00:00,0.0
2014-06-01 11:00:00,0.0
2014-06-01 12:00:00,0.0
2014-06-01 13:00:00,1.010913246429407
2014-06-01 14:00:00,1.0109132464294144
2014-06-01 15:00:00,0.0
2014-06-01 16:00:00,0.0
2014-06-01 17:00:00,0.0
2014-06-01 18:00:00,0.0
2014-06-01 19:00:00,1.2606866343575387
2014-06-01 20:00:00,0.0
2014-06-01 21:00:00,0.5201496145503575
2014-06-01 22:00:00,0.0
2014-06-01 23:00:00,0.0
2014-06-02 00:00:00,0.0
2014-06-02 01:00:00,0.0
2014-06-02 02:00:00,0.0
2014-06-02 03:00:00,0.0
2014-06-02 04:00:00,0.0
2014-06-02 05:00:00,0.0
2014-06-02 06:00:00,0.0
2014-06-02 07:00:00,0.0
2014-06-02 08:00:00,0.0
2014-06-02 09:00:00,0.0
2014-06-02 10:00:00,0.0
2014-06-02 11:00:00,0.9363657657076905
2014-06-02 12:00:00,0.0
2014-06-02 13:00:00,0.0
2014-06-02 14:00:00,0.0
2014-06-02 15:00:00,1.444783080008527
2014-06-02 16:00:00,0.0
2014-06-02 17:00:00,0.0
2014-06-02 18:00:00,0.0
2014-06-02 19:00:00,0.0
2014-06-02 20:00:00,0.0
2014-06-02 21:00:00,0.0
2014-06-02 22:00:00,0.0
2014-06-02 23:00:00,0.0
2014-06-03 00:00:00,0.0
2014-06-03 01:00:00,0.0
2014-06-03 02:00:00,-1.2710436927556958
2014-06-03 03:00:00,0.0
2014-06-03 04:00:00,0.0
2014-06-03 05:00:00,0.0
2014-06-03 06:00:00,0.0
2014-06-03 07:00:00,-0.26216196069055836
2014-06-03 08:00:00,0.0
2014-06-03 09:00:00,0.0
2014-06-03 10:00:00,0.0
2014-06-03 11:00:00,0.9714546443826898
2014-06-03 12:00:00,0.8707325206642961
2014-06-03 13:00:00,0.0
2014-06-03 14:00:00,0.0
2014-06-03 15:00:00,0.8619056794534024
2014-06-03 16:00:00,0.8882114141512264
2014-06-03 17:00:00,0.0
2014-06-03 18:00:00,0.0
2014-06-03 19:00:00,0.0
2014-06-03 20:00:00,0.0
2014-06-03 21:00:00,0.0
2014-06-03 22:00:00,0.1783498524135975
2014-06-03 23:00:00,-0.5145571826417088
2014-06-04 00:00:00,0.0
2014-06-04 01:00:00,0.0
2014-06-04 02:00:00,0.0
2014-06-04 03:00:00,0.0
2014-06-04 04:00:00,-1.1616695167612816
2014-06-04 05:00:00,0.0
2014-06-04 06:00:00,0.0
2014-06-04 07:00:00,0.0
2014-06-04 08:00:00,0.0
2014-06-04 09:00:00,0.0
2014-06-04 10:00:00,0.0
2014-06-04 11:00:00,0.0
2014-06-04 12:00:00,0.0
2014-06-04 13:00:00,0.0
2014-06-04 14:00:00,0.8181210512686636
2014-06-04 15:00:00,0.7961850399425718
2014-06-04 16:00:00,0.0
2014-06-04 17:00:00,0.0
2014-06-04 18:00:00,1.0152829698011396
2014-06-04 19:00:00,0.0
2014-06-04 20:00:00,0.0
2014-06-04 21:00:00,0.0
2014-06-04 22:00:00,0.0
2014-06-04 23:00:00,0.0
2014-06-05 00:00:00,0.0
2014-06-05 01:00:00,0.0
2014-06-05 02:00:00,0.0
2014-06-05 03:00:00,-1.1967146982025598
2014-06-05 04:00:00,0.0
2014-06-05 05:00:00,0.0
2014-06-05 06:00:00,0.0
2014-06-05 07:00:00,-0.260894740912753
2014-06-05 08:00:00,0.0
2014-06-05 09:00:00,0.0
2014-06-05 10:00:00,0.0
2014-06-05 11:00:00,0.0
2014-06-05 12:00:00,0.0
2014-06-05 13:00:00,0.0
2014-06-05 14:00:00,0.9144734516153172
2014-06-05 15:00:00,0.0
2014-06-05 16:00:00,0.0
2014-06-05 17:00:00,0.0
2014-06-05 18:00:00,1.1379411048456172
2014-06-05 19:00:00,0.0
2014-06-05 20:00:00,0.0
2014-06-05 21:00:00,0.0
2014-06-05 22:00:00,0.24844021529615767
2014-06-05 23:00:00,-0.7069561026990034
2014-06-06 00:00:00,0.0
2014-06-06 01:00:00,0.0
2014-06-06 02:00:00,0.0
2014-06-06 03:00:00,0.0
2014-06-06 04:00:00,-1.109232836300516
2014-06-06 05:00:00,0.0
2014-06-06 06:00:00,0.0
2014-06-06 07:00:00,0.0
2014-06-06 08:00:00,0.0
2014-06-06 09:00:00,-0.01706417677019087
2014-06-06 10:00:00,0.0
2014-06-06 11:00:00,0.0
2014-06-06 12:00:00,0.0
2014-06-06 13:00:00,1.0327618632880622
2014-06-06 14:00:00,0.8969508608946685
2014-06-06 15:00:00,0.0
2014-06-06 16:00:00,0.0
2014-06-06 17:00:00,0.0
2014-06-06 18:00:00,0.0
2014-06-06 19:00:00,0.0
2014-06-06 20:00:00,0.0
2014-06-06 21:00:00,0.0
2014-06-06 22:00:00,0.0
2014-06-06 23:00:00,0.0
2014-06-07 00:00:00,0.0
2014-06-07 01:00:00,0.0
2014-06-07 02:00:00,0.0
2014-06-07 03:00:00,-1.1879315542253814
2014-06-07 04:00:00,0.0
2014-06-07 05:00:00,0.0
2014-06-07 06:00:00,0.0
2014-06-07 07:00:00,0.0
2014-06-07 08:00:00,0.0
2014-06-07 09:00:00,0.0
2014-06-07 10:00:00,0.0
2014-06-07 11:00:00,0.0
2014-06-07 12:00:00,1.181769430264074
2014-06-07 13:00:00,0.8925811375229435
2014-06-07 14:00:00,0.9013642815001269
2014-06-07 15:00:00,0.7742490286164884
2014-06-07 16:00:00,0.0
2014-06-07 17:00:00,0.0
2014-06-07 18:00:00,0.0
2014-06-07 19:00:00,0.0
2014-06-07 20:00:00,0.0
2014-06-07 21:00:00,0.896950860894684
2014-06-07 22:00:00,0.2835290939711457
2014-06-07 23:00:00,0.0
2014-06-08 00:00:00,0.0
2014-06-08 01:00:00,0.0
2014-06-08 02:00:00,0.0
2014-06-08 03:00:00,0.0
2014-06-08 04:00:00,0.0
2014-06-08 05:00:00,0.0
2014-06-08 06:00:00,0.0
2014-06-08 07:00:00,0.0
2014-06-08 08:00:00,0.0
2014-06-08 09:00:00,0.0
2014-06-08 10:00:00,0.0
2014-06-08 11:00:00,0.8005984605480304
2014-06-08 12:00:00,0.0
2014-06-08 13:00:00,0.8444267859664799
2014-06-08 14:00:00,0.8005984605480304
2014-06-08 15:00:00,0.0
2014-06-08 16:00:00,0.0
2014-06-08 17:00:00,0.989020932337041
2014-06-08 18:00:00,0.0
2014-06-08 19:00:00,0.0
2014-06-08 20:00:00,0.0
2014-06-08 21:00:00,0.38866463829499176
2014-06-08 22:00:00,0.0
2014-06-08 23:00:00,0.0
2014-06-09 00:00:00,0.0
2014-06-09 01:00:00,0.0
2014-06-09 02:00:00,0.0
2014-06-09 03:00:00,-1.1660392401330109
2014-06-09 04:00:00,0.0
2014-06-09 05:00:00,0.0
2014-06-09 06:00:00,0.0
2014-06-09 07:00:00,0.0
2014-06-09 08:00:00,0.0
2014-06-09 09:00:00,0.0
2014-06-09 10:00:00,0.0
2014-06-09 11:00:00,0.0
2014-06-09 12:00:00,0.0
2014-06-09 13:00:00,0.0
2014-06-09 14:00:00,0.0
2014-06-09 15:00:00,0.0
2014-06-09 16:00:00,0.0
2014-06-09 17:00:00,1.2080751649618908
2014-06-09 18:00:00,0.0
2014-06-09 19:00:00,0.0
2014-06-09 20:00:00,0.0
2014-06-09 21:00:00,0.0
2014-06-09 22:00:00,0.0
2014-06-09 23:00:00,0.0
2014-06-10 00:00:00,0.0
2014-06-10 01:00:00,0.0
2014-06-10 02:00:00,0.0
2014-06-10 03:00:00,0.0
2014-06-10 04:00:00,0.0
2014-06-10 05:00:00,-1.349742410680562
2014-06-10 06:00:00,-1.345416384542549
2014-06-10 07:00:00,-0.2986928480782244
2014-06-10 08:00:00,0.0
2014-06-10 09:00:00,-0.07400167230384012
2014-06-10 10:00:00,0.818077354034953
2014-06-10 11:00:00,0.0
2014-06-10 12:00:00,0.0
2014-06-10 13:00:00,0.0
2014-06-10 14:00:00,0.0
2014-06-10 15:00:00,1.24316404363689
2014-06-10 16:00:00,0.0
2014-06-10 17:00:00,0.0
2014-06-10 18:00:00,0.0
2014-06-10 19:00:00,0.0
2014-06-10 20:00:00,0.0
2014-06-10 21:00:00,0.0
2014-06-10 22:00:00,0.0
2014-06-10 23:00:00,-0.5844727565893972
2014-06-11 00:00:00,0.0
2014-06-11 01:00:00,0.0
2014-06-11 02:00:00,0.0
2014-06-11 03:00:00,-1.227259064570956
2014-06-11 04:00:00,0.0
2014-06-11 05:00:00,-1.402222788375046
2014-06-11 06:00:00,0.0
2014-06-11 07:00:00,0.0
2014-06-11 08:00:00,0.0
2014-06-11 09:00:00,0.0
2014-06-11 10:00:00,0.0
2014-06-11 11:00:00,1.1204185141249763
2014-06-11 12:00:00,0.0
2014-06-11 13:00:00,0.0
2014-06-11 14:00:00,0.0
2014-06-11 15:00:00,0.0
2014-06-11 16:00:00,1.7076219408181232
2014-06-11 17:00:00,0.0
2014-06-11 18:00:00,0.0
2014-06-11 19:00:00,0.0
2014-06-11 20:00:00,0.0
2014-06-11 21:00:00,0.0
2014-06-11 22:00:00,0.0
2014-06-11 23:00:00,0.0
2014-06-12 00:00:00,0.0
2014-06-12 01:00:00,0.0
2014-06-12 02:00:00,-1.1835618308536517
2014-06-12 03:00:00,-1.0436432884908404
2014-06-12 04:00:00,0.0
2014-06-12 05:00:00,-1.2491950758970445
2014-06-12 06:00:00,0.0
2014-06-12 07:00:00,0.0
2014-06-12 08:00:00,0.0
2014-06-12 09:00:00,0.0
2014-06-12 10:00:00,0.0
2014-06-12 11:00:00,0.875058546802303
2014-06-12 12:00:00,0.0
2014-06-12 13:00:00,0.0
2014-06-12 14:00:00,0.0
2014-06-12 15:00:00,0.0
2014-06-12 16:00:00,0.0
2014-06-12 17:00:00,0.0
2014-06-12 18:00:00,0.0
2014-06-12 19:00:00,0.0
2014-06-12 20:00:00,0.0
2014-06-12 21:00:00,1.4271730948204577
2014-06-12 22:00:00,0.0
2014-06-12 23:00:00,-0.4999186093464122
2014-06-13 00:00:00,0.0
2014-06-13 01:00:00,0.0
2014-06-13 02:00:00,0.0
2014-06-13 03:00:00,0.0
2014-06-13 04:00:00,0.0
2014-06-13 05:00:00,0.0
2014-06-13 06:00:00,0.0
2014-06-13 07:00:00,0.0
2014-06-13 08:00:00,0.0
2014-06-13 09:00:00,0.0
2014-06-13 10:00:00,0.0
2014-06-13 11:00:00,0.0
2014-06-13 12:00:00,0.0
2014-06-13 13:00:00,0.0
2014-06-13 14:00:00,0.0
2014-06-13 15:00:00,0.0
2014-06-13 16:00:00,0.0
2014-06-13 17:00:00,1.8609992311658679
2014-06-13 18:00:00,0.0
2014-06-13 19:00:00,0.0
2014-06-13 20:00:00,0.0
2014-06-13 21:00:00,0.0
2014-06-13 22:00:00,0.9627151976392249
2014-06-13 23:00:00,0.0
2014-06-14 00:00:00,0.0
2014-06-14 01:00:00,0.0
2014-06-14 02:00:00,0.0
2014-06-14 03:00:00,0.0
2014-06-14 04:00:00,-1.0567961558397494
2014-06-14 05:00:00,0.0
2014-06-14 06:00:00,0.0
2014-06-14 07:00:00,0.0
2014-06-14 08:00:00,0.0
2014-06-14 09:00:00,0.0
2014-06-14 10:00:00,0.0
2014-06-14 11:00:00,0.0
2014-06-14 12:00:00,2.0275293888625203
2014-06-14 13:00:00,0.0
2014-06-14 14:00:00,0.0
2014-06-14 15:00:00,0.0
2014-06-14 16:00:00,1.9311332912821413
2014-06-14 17:00:00,0.0
2014-06-14 18:00:00,0.0
2014-06-14 19:00:00,0.0
2014-06-14 20:00:00,0.0
2014-06-14 21:00:00,0.0
2014-06-14 22:00:00,0.0
2014-06-14 23:00:00,0.6822663516415675
2014-06-15 00:00:00,0.0
2014-06-15 01:00:00,0.0
2014-06-15 02:00:00,0.0
2014-06-15 03:00:00,0.0
2014-06-15 04:00:00,0.0
2014-06-15 05:00:00,0.0
2014-06-15 06:00:00,0.0
2014-06-15 07:00:00,0.0
2014-06-15 08:00:00,0.0
2014-06-15 09:00:00,0.20753960453675768
2014-06-15 10:00:00,0.0
2014-06-15 11:00:00,0.0
2014-06-15 12:00:00,0.0
2014-06-15 13:00:00,0.0
2014-06-15 14:00:00,1.1905962714749834
2014-06-15 15:00:00,0.0
2014-06-15 16:00:00,0.0
2014-06-15 17:00:00,0.0
2014-06-15 18:00:00,0.0
2014-06-15 19:00:00,1.1861391536358072
2014-06-15 20:00:00,0.0
2014-06-15 21:00:00,0.0
2014-06-15 22:00:00,0.0
2014-06-15 23:00:00,0.0
2014-06-16 00:00:00,0.0
2014-06-16 01:00:00,0.0
2014-06-16 02:00:00,-1.1179722830439764
2014-06-16 03:00:00,0.0
2014-06-16 04:00:00,0.0
2014-06-16 05:00:00,0.0
2014-06-16 06:00:00,0.0
2014-06-16 07:00:00,0.0
2014-06-16 08:00:00,0.0
2014-06-16 09:00:00,0.26893421790957184
2014-06-16 10:00:00,0.0
2014-06-16 11:00:00,0.0
2014-06-16 12:00:00,0.0
2014-06-16 13:00:00,0.0
2014-06-16 14:00:00,0.0
2014-06-16 15:00:00,0.0
2014-06-16 16:00:00,0.0
2014-06-16 17:00:00,0.0
2014-06-16 18:00:00,0.0
2014-06-16 19:00:00,0.0
2014-06-16 20:00:00,0.0
2014-06-16 21:00:00,0.0
2014-06-16 22:00:00,0.0
2014-06-16 23:00:00,0.0
2014-06-17 00:00:00,0.0
2014-06-17 01:00:00,0.0
2014-06-17 02:00:00,0.0
2014-06-17 03:00:00,-1.0742750493266713
2014-06-17 04:00:00,-1.1748223841101906
2014-06-17 05:00:00,0.0
2014-06-17 06:00:00,0.0
2014-06-17 07:00:00,0.0
2014-06-17 08:00:00,0.0
2014-06-17 09:00:00,0.0
2014-06-17 10:00:00,0.0
2014-06-17 11:00:00,0.9890209323370488
2014-06-17 12:00:00,1.1730299835206086
2014-06-17 13:00:00,0.0
2014-06-17 14:00:00,0.0
2014-06-17 15:00:00,0.0
2014-06-17 16:00:00,0.0
2014-06-17 17:00:00,0.0
2014-06-17 18:00:00,1.576224359030188
2014-06-17 19:00:00,0.0
2014-06-17 20:00:00,0.0
2014-06-17 21:00:00,1.2169020061727913
2014-06-17 22:00:00,0.0
2014-06-17 23:00:00,0.0
2014-06-18 00:00:00,0.0
2014-06-18 01:00:00,0.0
2014-06-18 02:00:00,0.0
2014-06-18 03:00:00,0.0
2014-06-18 04:00:00,0.0
2014-06-18 05:00:00,-1.2797831394991566
2014-06-18 06:00:00,-1.2359985113144174
2014-06-18 07:00:00,0.0
2014-06-18 08:00:00,0.0
2014-06-18 09:00:00,0.0
2014-06-18 10:00:00,0.0
2014-06-18 11:00:00,1.1336587759413204
2014-06-18 12:00:00,0.0
2014-06-18 13:00:00,0.0
2014-06-18 14:00:00,0.0
2014-06-18 15:00:00,0.0
2014-06-18 16:00:00,0.0
2014-06-18 17:00:00,0.0
2014-06-18 18:00:00,1.5017205755421814
2014-06-18 19:00:00,0.0
2014-06-18 20:00:00,0.0
2014-06-18 21:00:00,0.0
2014-06-18 22:00:00,0.0
2014-06-18 23:00:00,0.0
2014-06-19 00:00:00,0.0
2014-06-19 01:00:00,0.0
2014-06-19 02:00:00,0.0
2014-06-19 03:00:00,0.0
2014-06-19 04:00:00,-1.1529300700178202
2014-06-19 05:00:00,0.0
2014-06-19 06:00:00,0.0
2014-06-19 07:00:00,0.0
2014-06-19 08:00:00,0.0
2014-06-19 09:00:00,0.0
2014-06-19 10:00:00,0.9714983416164078
2014-06-19 11:00:00,0.0
2014-06-19 12:00:00,0.0
2014-06-19 13:00:00,1.5017205755421814
2014-06-19 14:00:00,0.0
2014-06-19 15:00:00,0.0
2014-06-19 16:00:00,0.0
2014-06-19 17:00:00,0.0
2014-06-19 18:00:00,0.0
2014-06-19 19:00:00,0.0
2014-06-19 20:00:00,0.0
2014-06-19 21:00:00,0.0
2014-06-19 22:00:00,0.0
2014-06-19 23:00:00,0.0
2014-06-20 00:00:00,0.0
2014-06-20 01:00:00,0.0
2014-06-20 02:00:00,-1.240411931919865
2014-06-20 03:00:00,0.0
2014-06-20 04:00:00,-1.1529737672515374
2014-06-20 05:00:00,0.0
2014-06-20 06:00:00,0.0
2014-06-20 07:00:00,0.0
2014-06-20 08:00:00,0.0
2014-06-20 09:00:00,0.0
2014-06-20 10:00:00,0.0
2014-06-20 11:00:00,0.0
2014-06-20 12:00:00,0.0
2014-06-20 13:00:00,0.0
2014-06-20 14:00:00,0.0
2014-06-20 15:00:00,0.0
2014-06-20 16:00:00,0.0
2014-06-20 17:00:00,1.383432163869437
2014-06-20 18:00:00,0.0
2014-06-20 19:00:00,0.0
2014-06-20 20:00:00,0.0
2014-06-20 21:00:00,0.0
2014-06-20 22:00:00,0.3404665895047997
2014-06-20 23:00:00,0.0
2014-06-21 00:00:00,0.0
2014-06-21 01:00:00,0.0
2014-06-21 02:00:00,-1.139864597136346
2014-06-21 03:00:00,-1.039229867885392
2014-06-21 04:00:00,0.0
2014-06-21 05:00:00,-1.2535647992687746
2014-06-21 06:00:00,0.0
2014-06-21 07:00:00,0.0
2014-06-21 08:00:00,0.0
2014-06-21 09:00:00,0.0
2014-06-21 10:00:00,0.6778529310361016
2014-06-21 11:00:00,0.0
2014-06-21 12:00:00,1.5235691924008445
2014-06-21 13:00:00,1.6243787105866598
2014-06-21 14:00:00,0.0
2014-06-21 15:00:00,0.0
2014-06-21 16:00:00,0.0
2014-06-21 17:00:00,1.181813127497792
2014-06-21 18:00:00,0.0
2014-06-21 19:00:00,0.0
2014-06-21 20:00:00,0.0
2014-06-21 21:00:00,0.0
2014-06-21 22:00:00,0.0
2014-06-21 23:00:00,0.24848391252986882
2014-06-22 00:00:00,0.0
2014-06-22 01:00:00,0.0
2014-06-22 02:00:00,-1.2841965601046048
2014-06-22 03:00:00,0.0
2014-06-22 04:00:00,0.0
2014-06-22 05:00:00,0.0
2014-06-22 06:00:00,0.0
2014-06-22 07:00:00,0.0
2014-06-22 08:00:00,-0.23472009791608708
2014-06-22 09:00:00,0.04406825320032096
2014-06-22 10:00:00,0.8092942100577621
2014-06-22 11:00:00,0.0
2014-06-22 12:00:00,1.1598771161717076
2014-06-22 13:00:00,0.0
2014-06-22 14:00:00,0.0
2014-06-22 15:00:00,1.2080751649618908
2014-06-22 16:00:00,0.0
2014-06-22 17:00:00,0.0
2014-06-22 18:00:00,0.0
2014-06-22 19:00:00,0.0
2014-06-22 20:00:00,0.0
2014-06-22 21:00:00,0.0
2014-06-22 22:00:00,0.0
2014-06-22 23:00:00,0.0
2014-06-23 00:00:00,-1.1748223841101906
2014-06-23 01:00:00,0.0
2014-06-23 02:00:00,0.0
2014-06-23 03:00:00,0.0
2014-06-23 04:00:00,-1.1748223841101906
2014-06-23 05:00:00,0.0
2014-06-23 06:00:00,0.0
2014-06-23 07:00:00,0.0
2014-06-23 08:00:00,0.0
2014-06-23 09:00:00,0.0
2014-06-23 10:00:00,0.0
2014-06-23 11:00:00,0.0
2014-06-23 12:00:00,0.9145171488490353
2014-06-23 13:00:00,1.085417029917413
2014-06-23 14:00:00,0.0
2014-06-23 15:00:00,0.0
2014-06-23 16:00:00,0.0
2014-06-23 17:00:00,1.1949222976129827
2014-06-23 18:00:00,0.0
2014-06-23 19:00:00,1.194922297612982
2014-06-23 20:00:00,0.9758680649881332
2014-06-23 21:00:00,0.7874018959653967
2014-06-23 22:00:00,0.0
2014-06-23 23:00:00,0.0
2014-06-24 00:00:00,0.0
2014-06-24 01:00:00,0.0
2014-06-24 02:00:00,0.0
2014-06-24 03:00:00,0.0
2014-06-24 04:00:00,0.0
2014-06-24 05:00:00,0.0
2014-06-24 06:00:00,0.0
2014-06-24 07:00:00,0.0
2014-06-24 08:00:00,0.0
2014-06-24 09:00:00,0.0
2014-06-24 10:00:00,0.0
2014-06-24 11:00:00,0.7173115330828412
2014-06-24 12:00:00,0.0
2014-06-24 13:00:00,0.0
2014-06-24 14:00:00,0.0
2014-06-24 15:00:00,0.0
2014-06-24 16:00:00,0.0
2014-06-24 17:00:00,0.0
2014-06-24 18:00:00,0.0
2014-06-24 19:00:00,0.0
2014-06-24 20:00:00,0.0
2014-06-24 21:00:00,0.0
2014-06-24 22:00:00,0.0
2014-06-24 23:00:00,0.0
2014-06-25 00:00:00,0.0
2014-06-25 01:00:00,-1.2142372889231992
2014-06-25 02:00:00,0.0
2014-06-25 03:00:00,0.0
2014-06-25 04:00:00,0.0
2014-06-25 05:00:00,0.0
2014-06-25 06:00:00,0.0
2014-06-25 07:00:00,0.0
2014-06-25 08:00:00,0.0
2014-06-25 09:00:00,0.0
2014-06-25 10:00:00,0.0
2014-06-25 11:00:00,0.8224907746403959
2014-06-25 12:00:00,0.0
2014-06-25 13:00:00,0.0
2014-06-25 14:00:00,0.0
2014-06-25 15:00:00,0.0
2014-06-25 16:00:00,0.8443830887327618
2014-06-25 17:00:00,0.0
2014-06-25 18:00:00,0.0
2014-06-25 19:00:00,0.0
2014-06-25 20:00:00,0.0
2014-06-25 21:00:00,0.0
2014-06-25 22:00:00,0.0
2014-06-25 23:00:00,0.0
2014-06-26 00:00:00,0.0
2014-06-26 01:00:00,0.0
2014-06-26 02:00:00,0.0
2014-06-26 03:00:00,0.0
2014-06-26 04:00:00,0.0
2014-06-26 05:00:00,0.0
2014-06-26 06:00:00,0.0
2014-06-26 07:00:00,0.0
2014-06-26 08:00:00,0.0
2014-06-26 09:00:00,0.0
2014-06-26 10:00:00,0.0
2014-06-26 11:00:00,0.0
2014-06-26 12:00:00,0.6077188709198432
2014-06-26 13:00:00,0.0
2014-06-26 14:00:00,0.0
2014-06-26 15:00:00,0.0
2014-06-26 16:00:00,0.0
2014-06-26 17:00:00,0.0
2014-06-26 18:00:00,0.0
2014-06-26 19:00:00,0.0
2014-06-26 20:00:00,0.0
2014-06-26 21:00:00,0.0
2014-06-26 22:00:00,0.0
2014-06-26 23:00:00,0.0
2014-06-27 00:00:00,-1.1441906232743597
2014-06-27 01:00:00,0.0
2014-06-27 02:00:00,-1.2754134161274269
2014-06-27 03:00:00,0.0
2014-06-27 04:00:00,0.0
2014-06-27 05:00:00,0.0
2014-06-27 06:00:00,0.0
2014-06-27 07:00:00,0.0
2014-06-27 08:00:00,-0.1166064751782114
2014-06-27 09:00:00,0.0
2014-06-27 10:00:00,0.0
2014-06-27 11:00:00,0.9188431749870495
2014-06-27 12:00:00,1.0766338859402376
2014-06-27 13:00:00,0.0
2014-06-27 14:00:00,0.0
2014-06-27 15:00:00,0.0
2014-06-27 16:00:00,1.1599208134054189
2014-06-27 17:00:00,1.2212280323107987
2014-06-27 18:00:00,1.2300111762879822
2014-06-27 19:00:00,0.0
2014-06-27 20:00:00,1.5411354803551958
2014-06-27 21:00:00,0.0
2014-06-27 22:00:00,0.0
2014-06-27 23:00:00,0.0
2014-06-28 00:00:00,0.0
2014-06-28 01:00:00,0.0
2014-06-28 02:00:00,0.0
2014-06-28 03:00:00,0.0
2014-06-28 04:00:00,0.0
2014-06-28 05:00:00,-1.2754571133611436
2014-06-28 06:00:00,0.0
2014-06-28 07:00:00,0.0
2014-06-28 08:00:00,0.0
2014-06-28 09:00:00,0.0
2014-06-28 10:00:00,0.0
2014-06-28 11:00:00,0.0
2014-06-28 12:00:00,1.1423982226847857
2014-06-28 13:00:00,0.0
2014-06-28 14:00:00,0.0
2014-06-28 15:00:00,0.0
2014-06-28 16:00:00,1.3790187432639935
2014-06-28 17:00:00,0.0
2014-06-28 18:00:00,0.0
2014-06-28 19:00:00,0.0
2014-06-28 20:00:00,0.0
2014-06-28 21:00:00,0.0
2014-06-28 22:00:00,0.3667286269689026
2014-06-28 23:00:00,0.0
2014-06-29 00:00:00,-0.7943942673673323
2014-06-29 01:00:00,0.0
2014-06-29 02:00:00,0.0
2014-06-29 03:00:00,0.0
2014-06-29 04:00:00,-1.2885662834763358
2014-06-29 05:00:00,0.0
2014-06-29 06:00:00,0.0
2014-06-29 07:00:00,-0.13264335995246282
2014-06-29 08:00:00,0.0
2014-06-29 09:00:00,0.07924452634275417
2014-06-29 10:00:00,0.0
2014-06-29 11:00:00,0.9846512089653161
2014-06-29 12:00:00,0.0
2014-06-29 13:00:00,0.0
2014-06-29 14:00:00,0.0
2014-06-29 15:00:00,0.0
2014-06-29 16:00:00,0.0
2014-06-29 17:00:00,1.4973071549367312
2014-06-29 18:00:00,1.5060466016801966
2014-06-29 19:00:00,0.0
2014-06-29 20:00:00,0.0
2014-06-29 21:00:00,0.0
2014-06-29 22:00:00,0.0
2014-06-29 23:00:00,0.0
2014-06-30 00:00:00,0.0
2014-06-30 01:00:00,0.0
2014-06-30 02:00:00,0.0
2014-06-30 03:00:00,0.0
2014-06-30 04:00:00,0.0
2014-06-30 05:00:00,-1.345372687308832
2014-06-30 06:00:00,0.0
2014-06-30 07:00:00,0.0
2014-06-30 08:00:00,-0.23904612405409997
2014-06-30 09:00:00,-0.004086098356157837
2014-06-30 10:00:00,0.0
2014-06-30 11:00:00,0.0
2014-06-30 12:00:00,0.0
2014-06-30 13:00:00,0.0
2014-06-30 14:00:00,1.24316404363689
2014-06-30 15:00:00,1.2914057896607902
2014-06-30 16:00:00,0.0
2014-06-30 17:00:00,0.0
2014-06-30 18:00:00,1.4053244779618024
2014-06-30 19:00:00,1.370235599286811
2014-06-30 20:00:00,1.4271730948204655
2014-06-30 21:00:00,0.0
2014-06-30 22:00:00,0.0
2014-06-30 23:00:00,-0.7288047195576569
2014-07-01 00:00:00,0.0
2014-07-01 01:00:00,-1.1529737672515374
2014-07-01 02:00:00,0.0
2014-07-01 03:00:00,0.0
2014-07-01 04:00:00,-1.131081453159167
2014-07-01 05:00:00,0.0
2014-07-01 06:00:00,0.0
2014-07-01 07:00:00,0.0
2014-07-01 08:00:00,0.0
2014-07-01 09:00:00,0.0
2014-07-01 10:00:00,0.0
2014-07-01 11:00:00,0.9057340048718596
2014-07-01 12:00:00,0.0
2014-07-01 13:00:00,0.0
2014-07-01 14:00:00,0.0
2014-07-01 15:00:00,1.2650563577292555
2014-07-01 16:00:00,0.0
2014-07-01 17:00:00,0.0
2014-07-01 18:00:00,0.0
2014-07-01 19:00:00,0.0
2014-07-01 20:00:00,0.0
2014-07-01 21:00:00,0.0
2014-07-01 22:00:00,0.0
2014-07-01 23:00:00,-0.8162428842259837
2014-07-02 00:00:00,0.0
2014-07-02 01:00:00,0.0
2014-07-02 02:00:00,0.0
2014-07-02 03:00:00,0.0
2014-07-02 04:00:00,0.0
2014-07-02 05:00:00,0.0
2014-07-02 06:00:00,0.0
2014-07-02 07:00:00,0.0
2014-07-02 08:00:00,0.0
2014-07-02 09:00:00,0.0
2014-07-02 10:00:00,0.6691571815263698
2014-07-02 11:00:00,0.0
2014-07-02 12:00:00,0.0
2014-07-02 13:00:00,1.3219938532629107
2014-07-02 14:00:00,0.0
2014-07-02 15:00:00,0.0
2014-07-02 16:00:00,0.0
2014-07-02 17:00:00,0.0
2014-07-02 18:00:00,0.0
2014-07-02 19:00:00,1.3877581900074512
2014-07-02 20:00:00,0.0
2014-07-02 21:00:00,0.0
2014-07-02 22:00:00,0.49384387985254125
2014-07-02 23:00:00,0.0
2014-07-03 00:00:00,0.0
2014-07-03 01:00:00,0.0
2014-07-03 02:00:00,0.0
2014-07-03 03:00:00,0.0
2014-07-03 04:00:00,0.0
2014-07-03 05:00:00,0.0
2014-07-03 06:00:00,0.0
2014-07-03 07:00:00,0.0
2014-07-03 08:00:00,0.0
2014-07-03 09:00:00,0.0
2014-07-03 10:00:00,0.6340683028513775
2014-07-03 11:00:00,0.0
2014-07-03 12:00:00,0.0
2014-07-03 13:00:00,0.0
2014-07-03 14:00:00,1.3964976367509088
2014-07-03 15:00:00,0.0
2014-07-03 16:00:00,1.4534788295182821
2014-07-03 17:00:00,0.0
2014-07-03 18:00:00,0.0
2014-07-03 19:00:00,0.0
2014-07-03 20:00:00,0.0
2014-07-03 21:00:00,0.0
2014-07-03 22:00:00,0.0
2014-07-03 23:00:00,0.0
2014-07-04 00:00:00,-1.1967146982025598
2014-07-04 01:00:00,0.0
2014-07-04 02:00:00,-1.2054541449460212
2014-07-04 03:00:00,-1.1529300700178202
2014-07-04 04:00:00,0.0
2014-07-04 05:00:00,0.0
2014-07-04 06:00:00,0.0
2014-07-04 07:00:00,0.0
2014-07-04 08:00:00,0.0
2014-07-04 09:00:00,0.0
2014-07-04 10:00:00,0.8400133653610369
2014-07-04 11:00:00,0.0
2014-07-04 12:00:00,0.0
2014-07-04 13:00:00,0.0
2014-07-04 14:00:00,0.0
2014-07-04 15:00:00,0.0
2014-07-04 16:00:00,0.0
2014-07-04 17:00:00,0.0
2014-07-04 18:00:00,0.0
2014-07-04 19:00:00,0.0
2014-07-04 20:00:00,0.0
2014-07-04 21:00:00,0.0
2014-07-04 22:00:00,0.0
2014-07-04 23:00:00,0.0
2014-07-05 00:00:00,0.0
2014-07-05 01:00:00,-1.1354948737646149
2014-07-05 02:00:00,0.0
2014-07-05 03:00:00,-1.1136025596722454
2014-07-05 04:00:00,0.0
2014-07-05 05:00:00,0.0
2014-07-05 06:00:00,0.0
2014-07-05 07:00:00,0.0
2014-07-05 08:00:00,0.0
2014-07-05 09:00:00,0.3171322666997609
2014-07-05 10:00:00,0.0
2014-07-05 11:00:00,0.0
2014-07-05 12:00:00,0.0
2014-07-05 13:00:00,1.3746490198922534
2014-07-05 14:00:00,0.0
2014-07-05 15:00:00,0.0
2014-07-05 16:00:00,1.3001452364042556
2014-07-05 17:00:00,0.0
2014-07-05 18:00:00,0.0
2014-07-05 19:00:00,0.0
2014-07-05 20:00:00,1.2913183951933618
2014-07-05 21:00:00,0.0
2014-07-05 22:00:00,0.0
2014-07-05 23:00:00,0.0
2014-07-06 00:00:00,0.0
2014-07-06 01:00:00,-1.1091891390667978
2014-07-06 02:00:00,0.0
2014-07-06 03:00:00,-1.0480567090962882
2014-07-06 04:00:00,0.0
2014-07-06 05:00:00,-1.2666739693839657
2014-07-06 06:00:00,0.0
2014-07-06 07:00:00,0.0
2014-07-06 08:00:00,0.0
2014-07-06 09:00:00,0.4456458310623487
2014-07-06 10:00:00,0.0
2014-07-06 11:00:00,0.0
2014-07-06 12:00:00,0.0
2014-07-06 13:00:00,0.0
2014-07-06 14:00:00,1.1861828508695322
2014-07-06 15:00:00,0.0
2014-07-06 16:00:00,0.0
2014-07-06 17:00:00,0.0
2014-07-06 18:00:00,0.0
2014-07-06 19:00:00,0.0
2014-07-06 20:00:00,0.0
2014-07-06 21:00:00,0.0
2014-07-06 22:00:00,0.0
2014-07-06 23:00:00,0.0
2014-07-07 00:00:00,0.0
2014-07-07 01:00:00,0.0
2014-07-07 02:00:00,0.0
2014-07-07 03:00:00,0.0
2014-07-07 04:00:00,0.0
2014-07-07 05:00:00,-1.402222788375045
2014-07-07 06:00:00,0.0
2014-07-07 07:00:00,0.0
2014-07-07 08:00:00,0.0
2014-07-07 09:00:00,0.0
2014-07-07 10:00:00,0.0
2014-07-07 11:00:00,0.0
2014-07-07 12:00:00,0.0
2014-07-07 13:00:00,0.0
2014-07-07 14:00:00,0.0
2014-07-07 15:00:00,0.0
2014-07-07 16:00:00,0.0
2014-07-07 17:00:00,0.0
2014-07-07 18:00:00,1.3746490198922534
2014-07-07 19:00:00,0.0
2014-07-07 20:00:00,0.0
2014-07-07 21:00:00,0.90577770210557
2014-07-07 22:00:00,0.26596280601679045
2014-07-07 23:00:00,0.0
2014-07-08 00:00:00,-1.0524264324680175
2014-07-08 01:00:00,0.0
2014-07-08 02:00:00,0.0
2014-07-08 03:00:00,0.0
2014-07-08 04:00:00,0.0
2014-07-08 05:00:00,0.0
2014-07-08 06:00:00,0.0
2014-07-08 07:00:00,0.0
2014-07-08 08:00:00,-0.2215235333334607
2014-07-08 09:00:00,0.0
2014-07-08 10:00:00,0.0
2014-07-08 11:00:00,0.0
2014-07-08 12:00:00,0.0
2014-07-08 13:00:00,0.0
2014-07-08 14:00:00,0.901407978733845
2014-07-08 15:00:00,0.0
2014-07-08 16:00:00,1.0240661137783154
2014-07-08 17:00:00,0.0
2014-07-08 18:00:00,0.0
2014-07-08 19:00:00,0.0
2014-07-08 20:00:00,0.0
2014-07-08 21:00:00,0.0
2014-07-08 22:00:00,0.0
2014-07-08 23:00:00,-0.5714072837079228
2014-07-09 00:00:00,0.0
2014-07-09 01:00:00,-1.0654919053494927
2014-07-09 02:00:00,0.0
2014-07-09 03:00:00,0.0
2014-07-09 04:00:00,0.0
2014-07-09 05:00:00,0.0
2014-07-09 06:00:00,0.0
2014-07-09 07:00:00,-0.1745927043210748
2014-07-09 08:00:00,0.0
2014-07-09 09:00:00,0.17987925559370127
2014-07-09 10:00:00,0.0
2014-07-09 11:00:00,0.0
2014-07-09 12:00:00,0.0
2014-07-09 13:00:00,1.4534788295182821
2014-07-09 14:00:00,0.0
2014-07-09 15:00:00,0.0
2014-07-09 16:00:00,0.0
2014-07-09 17:00:00,0.0
2014-07-09 18:00:00,1.611225843237751
2014-07-09 19:00:00,0.0
2014-07-09 20:00:00,1.5148734428910902
2014-07-09 21:00:00,1.2914057896607902
2014-07-09 22:00:00,0.0
2014-07-09 23:00:00,0.0
2014-07-10 00:00:00,0.0
2014-07-10 01:00:00,-1.166082937366729
2014-07-10 02:00:00,0.0
2014-07-10 03:00:00,-1.0917539428135934
2014-07-10 04:00:00,0.0
2014-07-10 05:00:00,-1.2928486123806315
2014-07-10 06:00:00,0.0
2014-07-10 07:00:00,0.0
2014-07-10 08:00:00,0.0
2014-07-10 09:00:00,0.0
2014-07-10 10:00:00,0.0
2014-07-10 11:00:00,1.2913183951933618
2014-07-10 12:00:00,1.2694697783347066
2014-07-10 13:00:00,0.0
2014-07-10 14:00:00,0.0
2014-07-10 15:00:00,1.3307769972400865
2014-07-10 16:00:00,1.308884683147721
2014-07-10 17:00:00,0.0
2014-07-10 18:00:00,0.0
2014-07-10 19:00:00,0.0
2014-07-10 20:00:00,0.0
2014-07-10 21:00:00,0.0
2014-07-10 22:00:00,0.0
2014-07-10 23:00:00,-0.6151482146589461
2014-07-11 00:00:00,0.0
2014-07-11 01:00:00,0.0
2014-07-11 02:00:00,0.0
2014-07-11 03:00:00,0.0
2014-07-11 04:00:00,-1.2054541449460205
2014-07-11 05:00:00,0.0
2014-07-11 06:00:00,0.0
2014-07-11 07:00:00,0.0
2014-07-11 08:00:00,0.0
2014-07-11 09:00:00,0.0
2014-07-11 10:00:00,0.0
2014-07-11 11:00:00,0.0
2014-07-11 12:00:00,1.247533767008623
2014-07-11 13:00:00,1.3483432851944377
2014-07-11 14:00:00,0.0
2014-07-11 15:00:00,0.0
2014-07-11 16:00:00,1.4359999360313513
2014-07-11 17:00:00,1.558701768309547
2014-07-11 18:00:00,1.5411354803551889
2014-07-11 19:00:00,0.0
2014-07-11 20:00:00,0.0
2014-07-11 21:00:00,0.0
2014-07-11 22:00:00,0.0
2014-07-11 23:00:00,0.0
2014-07-12 00:00:00,0.0
2014-07-12 01:00:00,0.0
2014-07-12 02:00:00,0.0
2014-07-12 03:00:00,0.0
2014-07-12 04:00:00,0.0
2014-07-12 05:00:00,0.0
2014-07-12 06:00:00,0.0
2014-07-12 07:00:00,0.0
2014-07-12 08:00:00,0.0
2014-07-12 09:00:00,0.0
2014-07-12 10:00:00,0.0
2014-07-12 11:00:00,0.0
2014-07-12 12:00:00,0.0
2014-07-12 13:00:00,0.0
2014-07-12 14:00:00,0.0
2014-07-12 15:00:00,0.0
2014-07-12 16:00:00,0.0
2014-07-12 17:00:00,0.0
2014-07-12 18:00:00,0.0
2014-07-12 19:00:00,1.5323960336117313
2014-07-12 20:00:00,0.0
2014-07-12 21:00:00,1.3833447694020087
2014-07-12 22:00:00,0.0
2014-07-12 23:00:00,0.0
2014-07-13 00:00:00,0.0
2014-07-13 01:00:00,-1.0392735651191094
2014-07-13 02:00:00,0.0
2014-07-13 03:00:00,0.0
2014-07-13 04:00:00,0.0
2014-07-13 05:00:00,0.0
2014-07-13 06:00:00,0.0
2014-07-13 07:00:00,0.0
2014-07-13 08:00:00,0.0
2014-07-13 09:00:00,0.19303212294261307
2014-07-13 10:00:00,0.7742927258502142
2014-07-13 11:00:00,0.0
2014-07-13 12:00:00,0.0
2014-07-13 13:00:00,0.0
2014-07-13 14:00:00,0.0
2014-07-13 15:00:00,0.0
2014-07-13 16:00:00,0.0
2014-07-13 17:00:00,0.0
2014-07-13 18:00:00,1.3483432851944523
2014-07-13 19:00:00,0.0
2014-07-13 20:00:00,0.8487528121044945
2014-07-13 21:00:00,0.0
2014-07-13 22:00:00,0.0
2014-07-13 23:00:00,0.0
2014-07-14 00:00:00,0.0
2014-07-14 01:00:00,0.0
2014-07-14 02:00:00,-1.0480130118625708
2014-07-14 03:00:00,0.0
2014-07-14 04:00:00,0.0
2014-07-14 05:00:00,0.0
2014-07-14 06:00:00,-1.231672485176403
2014-07-14 07:00:00,0.0
2014-07-14 08:00:00,0.0
2014-07-14 09:00:00,0.0
2014-07-14 10:00:00,0.0
2014-07-14 11:00:00,0.8663191000588532
2014-07-14 12:00:00,0.0
2014-07-14 13:00:00,0.0
2014-07-14 14:00:00,0.0
2014-07-14 15:00:00,0.0
2014-07-14 16:00:00,0.0
2014-07-14 17:00:00,0.0
2014-07-14 18:00:00,0.0
2014-07-14 19:00:00,0.0
2014-07-14 20:00:00,1.6594238920279334
2014-07-14 21:00:00,0.0
2014-07-14 22:00:00,0.0
2014-07-14 23:00:00,0.0
2014-07-15 00:00:00,0.0
2014-07-15 01:00:00,0.0
2014-07-15 02:00:00,0.0
2014-07-15 03:00:00,0.0
2014-07-15 04:00:00,0.0
2014-07-15 05:00:00,-1.2885225862426177
2014-07-15 06:00:00,-1.201040724340573
2014-07-15 07:00:00,0.0
2014-07-15 08:00:00,0.0
2014-07-15 09:00:00,0.0
2014-07-15 10:00:00,0.0
2014-07-15 11:00:00,1.414107621938978
2014-07-15 12:00:00,0.0
2014-07-15 13:00:00,0.0
2014-07-15 14:00:00,0.0
2014-07-15 15:00:00,0.0
2014-07-15 16:00:00,0.0
2014-07-15 17:00:00,0.0
2014-07-15 18:00:00,0.0
2014-07-15 19:00:00,1.2387943202651577
2014-07-15 20:00:00,0.0
2014-07-15 21:00:00,1.0503281512424207
2014-07-15 22:00:00,0.0
2014-07-15 23:00:00,-0.5801467304513848
2014-07-16 00:00:00,0.0
2014-07-16 01:00:00,0.0
2014-07-16 02:00:00,0.0
2014-07-16 03:00:00,0.0
2014-07-16 04:00:00,0.0
2014-07-16 05:00:00,0.0
2014-07-16 06:00:00,-1.310414900334988
2014-07-16 07:00:00,0.08090502122400565
2014-07-16 08:00:00,0.0
2014-07-16 09:00:00,0.22217817783205648
2014-07-16 10:00:00,0.0
2014-07-16 11:00:00,0.0
2014-07-16 12:00:00,0.0
2014-07-16 13:00:00,1.46663169686719
2014-07-16 14:00:00,0.0
2014-07-16 15:00:00,0.0
2014-07-16 16:00:00,0.0
2014-07-16 17:00:00,1.957439025979957
2014-07-16 18:00:00,0.0
2014-07-16 19:00:00,0.0
2014-07-16 20:00:00,0.0
2014-07-16 21:00:00,1.0591112952196042
2014-07-16 22:00:00,0.5639779399688147
2014-07-16 23:00:00,0.0
2014-07-17 00:00:00,0.0
2014-07-17 01:00:00,-1.0654919053494927
2014-07-17 02:00:00,0.0
2014-07-17 03:00:00,0.0
2014-07-17 04:00:00,0.0
2014-07-17 05:00:00,0.0
2014-07-17 06:00:00,0.0
2014-07-17 07:00:00,0.0
2014-07-17 08:00:00,0.0
2014-07-17 09:00:00,0.15068950347054197
2014-07-17 10:00:00,0.8181210512686636
2014-07-17 11:00:00,0.0
2014-07-17 12:00:00,1.1335713814738841
2014-07-17 13:00:00,0.0
2014-07-17 14:00:00,0.0
2014-07-17 15:00:00,0.0
2014-07-17 16:00:00,0.0
2014-07-17 17:00:00,0.0
2014-07-17 18:00:00,0.0
2014-07-17 19:00:00,0.0
2014-07-17 20:00:00,0.0
2014-07-17 21:00:00,0.8531662327099375
2014-07-17 22:00:00,0.0
2014-07-17 23:00:00,-0.6486202956864016
2014-07-18 00:00:00,0.0
2014-07-18 01:00:00,0.0
2014-07-18 02:00:00,0.0
2014-07-18 03:00:00,-1.1748223841101897
2014-07-18 04:00:00,-1.2360422085481348
2014-07-18 05:00:00,0.0
2014-07-18 06:00:00,0.0
2014-07-18 07:00:00,0.0
2014-07-18 08:00:00,0.0
2014-07-18 09:00:00,0.0
2014-07-18 10:00:00,0.0
2014-07-18 11:00:00,0.0
2014-07-18 12:00:00,0.0
2014-07-18 13:00:00,0.9758680649881332
2014-07-18 14:00:00,0.0
2014-07-18 15:00:00,0.0
2014-07-18 16:00:00,0.0
2014-07-18 17:00:00,0.0
2014-07-18 18:00:00,1.611225843237751
2014-07-18 19:00:00,0.0
2014-07-18 20:00:00,0.0
2014-07-18 21:00:00,0.0
2014-07-18 22:00:00,0.0
2014-07-18 23:00:00,0.0
2014-07-19 00:00:00,0.0
2014-07-19 01:00:00,0.0
2014-07-19 02:00:00,0.0
2014-07-19 03:00:00,-1.0436432884908398
2014-07-19 04:00:00,0.0
2014-07-19 05:00:00,0.0
2014-07-19 06:00:00,0.0
2014-07-19 07:00:00,0.0
2014-07-19 08:00:00,-0.2987802425456566
2014-07-19 09:00:00,0.0
2014-07-19 10:00:00,0.9714546443826824
2014-07-19 11:00:00,1.1379848020793353
2014-07-19 12:00:00,1.3571264291716125
2014-07-19 13:00:00,0.0
2014-07-19 14:00:00,0.0
2014-07-19 15:00:00,0.0
2014-07-19 16:00:00,0.0
2014-07-19 17:00:00,0.0
2014-07-19 18:00:00,0.0
2014-07-19 19:00:00,0.0
2014-07-19 20:00:00,1.4491091061465489
2014-07-19 21:00:00,0.0
2014-07-19 22:00:00,0.0
2014-07-19 23:00:00,0.0
2014-07-20 00:00:00,0.0
2014-07-20 01:00:00,0.0
2014-07-20 02:00:00,0.0
2014-07-20 03:00:00,0.0
2014-07-20 04:00:00,0.0
2014-07-20 05:00:00,0.0
2014-07-20 06:00:00,0.0
2014-07-20 07:00:00,0.0
2014-07-20 08:00:00,0.0
2014-07-20 09:00:00,0.0
2014-07-20 10:00:00,0.7216812564545739
2014-07-20 11:00:00,0.0
2014-07-20 12:00:00,0.0
2014-07-20 13:00:00,0.0
2014-07-20 14:00:00,0.0
2014-07-20 15:00:00,0.0
2014-07-20 16:00:00,0.0
2014-07-20 17:00:00,0.0
2014-07-20 18:00:00,0.0
2014-07-20 19:00:00,0.0
2014-07-20 20:00:00,0.0
2014-07-20 21:00:00,0.0
2014-07-20 22:00:00,0.0
2014-07-20 23:00:00,-0.6325834109121505
2014-07-21 00:00:00,0.0
2014-07-21 01:00:00,0.0
2014-07-21 02:00:00,0.0
2014-07-21 03:00:00,-1.1791921074819198
2014-07-21 04:00:00,0.0
2014-07-21 05:00:00,0.0
2014-07-21 06:00:00,0.0
2014-07-21 07:00:00,0.0
2014-07-21 08:00:00,0.0
2014-07-21 09:00:00,-0.043369911468011
2014-07-21 10:00:00,0.0
2014-07-21 11:00:00,0.0
2014-07-21 12:00:00,0.0
2014-07-21 13:00:00,0.0
2014-07-21 14:00:00,0.0
2014-07-21 15:00:00,0.0
2014-07-21 16:00:00,0.0
2014-07-21 17:00:00,0.0
2014-07-21 18:00:00,0.0
2014-07-21 19:00:00,0.0
2014-07-21 20:00:00,0.0
2014-07-21 21:00:00,0.7567701351295658
2014-07-21 22:00:00,0.0
2014-07-21 23:00:00,0.0
2014-07-22 00:00:00,0.0
2014-07-22 01:00:00,-1.1004933895570537
2014-07-22 02:00:00,0.0
2014-07-22 03:00:00,-1.1004933895570537
2014-07-22 04:00:00,0.0
2014-07-22 05:00:00,0.0
2014-07-22 06:00:00,0.0
2014-07-22 07:00:00,-0.15707011360043724
2014-07-22 08:00:00,0.0
2014-07-22 09:00:00,0.0
2014-07-22 10:00:00,0.0
2014-07-22 11:00:00,0.0
2014-07-22 12:00:00,0.0
2014-07-22 13:00:00,0.0
2014-07-22 14:00:00,0.0
2014-07-22 15:00:00,0.0
2014-07-22 16:00:00,0.0
2014-07-22 17:00:00,0.0
2014-07-22 18:00:00,0.0
2014-07-22 19:00:00,1.7952785916550378
2014-07-22 20:00:00,1.68572962672575
2014-07-22 21:00:00,0.0
2014-07-22 22:00:00,0.0
2014-07-22 23:00:00,0.0
2014-07-23 00:00:00,0.0
2014-07-23 01:00:00,-1.1398208999026294
2014-07-23 02:00:00,0.0
2014-07-23 03:00:00,0.0
2014-07-23 04:00:00,0.0
2014-07-23 05:00:00,0.0
2014-07-23 06:00:00,0.0
2014-07-23 07:00:00,0.0
2014-07-23 08:00:00,0.0
2014-07-23 09:00:00,0.0
2014-07-23 10:00:00,0.0
2014-07-23 11:00:00,0.0
2014-07-23 12:00:00,0.0
2014-07-23 13:00:00,0.0
2014-07-23 14:00:00,0.0
2014-07-23 15:00:00,1.146767946056511
2014-07-23 16:00:00,0.0
2014-07-23 17:00:00,1.1861828508695245
2014-07-23 18:00:00,0.0
2014-07-23 19:00:00,0.0
2014-07-23 20:00:00,0.0
2014-07-23 21:00:00,0.0
2014-07-23 22:00:00,0.5990231214100963
2014-07-23 23:00:00,-0.6544757250045208
2014-07-24 00:00:00,-1.0655356025832106
2014-07-24 01:00:00,0.0
2014-07-24 02:00:00,0.0
2014-07-24 03:00:00,0.0
2014-07-24 04:00:00,-1.0480567090962882
2014-07-24 05:00:00,-1.2097801710840341
2014-07-24 06:00:00,0.0
2014-07-24 07:00:00,0.0
2014-07-24 08:00:00,0.0
2014-07-24 09:00:00,0.0
2014-07-24 10:00:00,0.0
2014-07-24 11:00:00,0.0
2014-07-24 12:00:00,0.0
2014-07-24 13:00:00,0.0
2014-07-24 14:00:00,0.0
2014-07-24 15:00:00,0.0
2014-07-24 16:00:00,1.2212280323108065
2014-07-24 17:00:00,0.0
2014-07-24 18:00:00,0.0
2014-07-24 19:00:00,0.0
2014-07-24 20:00:00,0.0
2014-07-24 21:00:00,0.0
2014-07-24 22:00:00,0.0
2014-07-24 23:00:00,-0.6224019554560184
2014-07-25 00:00:00,0.0
2014-07-25 01:00:00,0.0
2014-07-25 02:00:00,0.0
2014-07-25 03:00:00,0.0
2014-07-25 04:00:00,0.0
2014-07-25 05:00:00,0.0
2014-07-25 06:00:00,0.0
2014-07-25 07:00:00,0.0
2014-07-25 08:00:00,0.0
2014-07-25 09:00:00,0.0
2014-07-25 10:00:00,0.0
2014-07-25 11:00:00,0.8487965093382122
2014-07-25 12:00:00,1.12050590859242
2014-07-25 13:00:00,1.527982613006288
2014-07-25 14:00:00,0.0
2014-07-25 15:00:00,1.5542883477041045
2014-07-25 16:00:00,1.5498749270986611
2014-07-25 17:00:00,0.0
2014-07-25 18:00:00,0.0
2014-07-25 19:00:00,1.6112695404714623
2014-07-25 20:00:00,0.0
2014-07-25 21:00:00,1.4885240109595554
2014-07-25 22:00:00,0.0
2014-07-25 23:00:00,0.0
2014-07-26 00:00:00,0.0
2014-07-26 01:00:00,0.0
2014-07-26 02:00:00,0.0
2014-07-26 03:00:00,-1.0786010754646842
2014-07-26 04:00:00,-1.1354074792971809
2014-07-26 05:00:00,0.0
2014-07-26 06:00:00,0.0
2014-07-26 07:00:00,0.027026332050573487
2014-07-26 08:00:00,0.014791106609725515
2014-07-26 09:00:00,0.33330024317515616
2014-07-26 10:00:00,0.0
2014-07-26 11:00:00,0.0
2014-07-26 12:00:00,0.0
2014-07-26 13:00:00,0.0
2014-07-26 14:00:00,0.0
2014-07-26 15:00:00,1.8609992311658679
2014-07-26 16:00:00,0.0
2014-07-26 17:00:00,0.0
2014-07-26 18:00:00,0.0
2014-07-26 19:00:00,0.0
2014-07-26 20:00:00,1.7295579521442146
2014-07-26 21:00:00,0.0
2014-07-26 22:00:00,0.0
2014-07-26 23:00:00,0.0
2014-07-27 00:00:00,0.0
2014-07-27 01:00:00,-0.8599838151770061
2014-07-27 02:00:00,0.0
2014-07-27 03:00:00,0.0
2014-07-27 04:00:00,0.0
2014-07-27 05:00:00,-1.1267117297874372
2014-07-27 06:00:00,-1.1660829373667292
2014-07-27 07:00:00,0.0
2014-07-27 08:00:00,-0.03917497703114755
2014-07-27 09:00:00,0.0
2014-07-27 10:00:00,0.0
2014-07-27 11:00:00,0.0
2014-07-27 12:00:00,1.91356700332779
2014-07-27 13:00:00,1.9048712538180428
2014-07-27 14:00:00,0.0
2014-07-27 15:00:00,0.0
2014-07-27 16:00:00,0.0
2014-07-27 17:00:00,0.0
2014-07-27 18:00:00,0.0
2014-07-27 19:00:00,0.0
2014-07-27 20:00:00,0.0
2014-07-27 21:00:00,0.0
2014-07-27 22:00:00,0.0
2014-07-27 23:00:00,0.0
2014-07-28 00:00:00,-1.0567087613723138
2014-07-28 01:00:00,0.0
2014-07-28 02:00:00,-1.0829707988364152
2014-07-28 03:00:00,0.0
2014-07-28 04:00:00,0.0
2014-07-28 05:00:00,0.0
2014-07-28 06:00:00,0.0
2014-07-28 07:00:00,0.0
2014-07-28 08:00:00,0.0
2014-07-28 09:00:00,0.2922685407146154
2014-07-28 10:00:00,1.1598771161717008
2014-07-28 11:00:00,0.0
2014-07-28 12:00:00,0.0
2014-07-28 13:00:00,0.0
2014-07-28 14:00:00,0.0
2014-07-28 15:00:00,0.0
2014-07-28 16:00:00,0.0
2014-07-28 17:00:00,0.0
2014-07-28 18:00:00,0.0
2014-07-28 19:00:00,0.0
2014-07-28 20:00:00,0.0
2014-07-28 21:00:00,0.0
2014-07-28 22:00:00,0.0
2014-07-28 23:00:00,0.0
2014-07-29 00:00:00,-0.9824671612866127
2014-07-29 01:00:00,0.0
2014-07-29 02:00:00,-1.166082937366729
2014-07-29 03:00:00,0.0
2014-07-29 04:00:00,0.0
2014-07-29 05:00:00,0.0
2014-07-29 06:00:00,0.0
2014-07-29 07:00:00,0.0
2014-07-29 08:00:00,0.0
2014-07-29 09:00:00,0.0
2014-07-29 10:00:00,1.0415887044989558
2014-07-29 11:00:00,0.0
2014-07-29 12:00:00,0.0
2014-07-29 13:00:00,0.0
2014-07-29 14:00:00,0.0
2014-07-29 15:00:00,0.0
2014-07-29 16:00:00,0.0
2014-07-29 17:00:00,0.0
2014-07-29 18:00:00,0.0
2014-07-29 19:00:00,0.0
2014-07-29 20:00:00,0.0
2014-07-29 21:00:00,1.40091105735636
2014-07-29 22:00:00,0.0
2014-07-29 23:00:00,0.0
2014-07-30 00:00:00,0.0
2014-07-30 01:00:00,0.0
2014-07-30 02:00:00,0.0
2014-07-30 03:00:00,-0.995532634168087
2014-07-30 04:00:00,0.0
2014-07-30 05:00:00,0.0
2014-07-30 06:00:00,-1.0961236661853235
2014-07-30 07:00:00,0.0
2014-07-30 08:00:00,-0.14431052135498285
2014-07-30 09:00:00,0.31577765245452116
2014-07-30 10:00:00,0.0
2014-07-30 11:00:00,0.0
2014-07-30 12:00:00,0.0
2014-07-30 13:00:00,0.0
2014-07-30 14:00:00,0.0
2014-07-30 15:00:00,0.0
2014-07-30 16:00:00,1.3088846831477123
2014-07-30 17:00:00,0.0
2014-07-30 18:00:00,0.0
2014-07-30 19:00:00,0.0
2014-07-30 20:00:00,0.0
2014-07-30 21:00:00,0.0
2014-07-30 22:00:00,0.0
2014-07-30 23:00:00,-0.6588017511425337
2014-07-31 00:00:00,0.0
2014-07-31 01:00:00,0.0
2014-07-31 02:00:00,0.0
2014-07-31 03:00:00,0.0
2014-07-31 04:00:00,0.0
2014-07-31 05:00:00,0.0
2014-07-31 06:00:00,0.0
2014-07-31 07:00:00,0.0
2014-07-31 08:00:00,0.0
2014-07-31 09:00:00,0.0
2014-07-31 10:00:00,0.0
2014-07-31 11:00:00,0.0
2014-07-31 12:00:00,1.5060466016802043
2014-07-31 13:00:00,1.7164050847953067
2014-07-31 14:00:00,0.0
2014-07-31 15:00:00,0.0
2014-07-31 16:00:00,0.0
2014-07-31 17:00:00,0.0
2014-07-31 18:00:00,0.0
2014-07-31 19:00:00,0.0
2014-07-31 20:00:00,0.0
2014-07-31 21:00:00,0.0
2014-07-31 22:00:00,0.0
2014-07-31 23:00:00,0.0
2014-08-01 00:00:00,0.0
2014-08-01 01:00:00,0.0
2014-08-01 02:00:00,-1.0305341183756482
2014-08-01 03:00:00,0.0
2014-08-01 04:00:00,0.0
2014-08-01 05:00:00,0.0
2014-08-01 06:00:00,0.0
2014-08-01 07:00:00,0.0
2014-08-01 08:00:00,0.0
2014-08-01 09:00:00,0.0
2014-08-01 10:00:00,0.0
2014-08-01 11:00:00,1.08104730654568
2014-08-01 12:00:00,0.0
2014-08-01 13:00:00,0.0
2014-08-01 14:00:00,1.1862265481032432
2014-08-01 15:00:00,1.2650563577292633
2014-08-01 16:00:00,0.0
2014-08-01 17:00:00,0.0
2014-08-01 18:00:00,0.0
2014-08-01 19:00:00,0.0
2014-08-01 20:00:00,0.0
2014-08-01 21:00:00,1.072264162568512
2014-08-01 22:00:00,0.0
2014-08-01 23:00:00,0.0
2014-08-02 00:00:00,0.0
2014-08-02 01:00:00,0.0
2014-08-02 02:00:00,0.0
2014-08-02 03:00:00,0.0
2014-08-02 04:00:00,0.0
2014-08-02 05:00:00,-1.1617132139949988
2014-08-02 06:00:00,0.0
2014-08-02 07:00:00,0.0
2014-08-02 08:00:00,0.0
2014-08-02 09:00:00,0.0
2014-08-02 10:00:00,0.0
2014-08-02 11:00:00,0.0
2014-08-02 12:00:00,0.0
2014-08-02 13:00:00,1.4578922501237246
2014-08-02 14:00:00,0.0
2014-08-02 15:00:00,0.0
2014-08-02 16:00:00,1.4140639247052678
2014-08-02 17:00:00,0.0
2014-08-02 18:00:00,0.0
2014-08-02 19:00:00,0.0
2014-08-02 20:00:00,0.0
2014-08-02 21:00:00,0.0
2014-08-02 22:00:00,0.0
2014-08-02 23:00:00,0.0
2014-08-03 00:00:00,0.0
2014-08-03 01:00:00,0.0
2014-08-03 02:00:00,0.0
2014-08-03 03:00:00,-0.9911629107963568
2014-08-03 04:00:00,-1.0830144960701327
2014-08-03 05:00:00,0.0
2014-08-03 06:00:00,0.0
2014-08-03 07:00:00,0.0
2014-08-03 08:00:00,0.0
2014-08-03 09:00:00,0.0
2014-08-03 10:00:00,0.0
2014-08-03 11:00:00,0.0
2014-08-03 12:00:00,0.0
2014-08-03 13:00:00,0.0
2014-08-03 14:00:00,0.0
2014-08-03 15:00:00,0.0
2014-08-03 16:00:00,0.0
2014-08-03 17:00:00,0.0
2014-08-03 18:00:00,0.0
2014-08-03 19:00:00,0.0
2014-08-03 20:00:00,0.0
2014-08-03 21:00:00,0.0
2014-08-03 22:00:00,0.0
2014-08-03 23:00:00,0.0
2014-08-04 00:00:00,0.0
2014-08-04 01:00:00,0.0
2014-08-04 02:00:00,0.0
2014-08-04 03:00:00,0.0
2014-08-04 04:00:00,-1.1223420064157075
2014-08-04 05:00:00,0.0
2014-08-04 06:00:00,-1.2754134161274262
2014-08-04 07:00:00,0.0
2014-08-04 08:00:00,0.0
2014-08-04 09:00:00,0.0
2014-08-04 10:00:00,0.0
2014-08-04 11:00:00,0.0
2014-08-04 12:00:00,0.9320397395696832
2014-08-04 13:00:00,0.0
2014-08-04 14:00:00,1.1204622113586864
2014-08-04 15:00:00,0.0
2014-08-04 16:00:00,0.0
2014-08-04 17:00:00,0.0
2014-08-04 18:00:00,0.0
2014-08-04 19:00:00,0.0
2014-08-04 20:00:00,0.0
2014-08-04 21:00:00,0.0
2014-08-04 22:00:00,0.0
2014-08-04 23:00:00,0.0
2014-08-05 00:00:00,0.0
2014-08-05 01:00:00,0.0
2014-08-05 02:00:00,0.0
2014-08-05 03:00:00,0.0
2014-08-05 04:00:00,0.0
2014-08-05 05:00:00,0.0
2014-08-05 06:00:00,0.0
2014-08-05 07:00:00,0.0
2014-08-05 08:00:00,0.0
2014-08-05 09:00:00,0.0
2014-08-05 10:00:00,0.0
2014-08-05 11:00:00,0.0
2014-08-05 12:00:00,0.0
2014-08-05 13:00:00,0.0
2014-08-05 14:00:00,0.0
2014-08-05 15:00:00,0.0
2014-08-05 16:00:00,0.0
2014-08-05 17:00:00,1.2869923690553546
2014-08-05 18:00:00,1.339560141217262
2014-08-05 19:00:00,0.0
2014-08-05 20:00:00,0.0
2014-08-05 21:00:00,1.2562732137520798
2014-08-05 22:00:00,0.0
2014-08-05 23:00:00,-0.47802629525404194
2014-08-06 00:00:00,-0.9824234640528955
2014-08-06 01:00:00,-0.9518354004507827
2014-08-06 02:00:00,0.0
2014-08-06 03:00:00,0.0
2014-08-06 04:00:00,0.0
2014-08-06 05:00:00,0.0
2014-08-06 06:00:00,-1.2054541449460205
2014-08-06 07:00:00,0.0
2014-08-06 08:00:00,0.0
2014-08-06 09:00:00,0.0
2014-08-06 10:00:00,0.0
2014-08-06 11:00:00,0.0
2014-08-06 12:00:00,0.0
2014-08-06 13:00:00,0.0
2014-08-06 14:00:00,0.0
2014-08-06 15:00:00,0.0
2014-08-06 16:00:00,0.0
2014-08-06 17:00:00,1.6375315779355757
2014-08-06 18:00:00,0.0
2014-08-06 19:00:00,1.6594238920279412
2014-08-06 20:00:00,0.0
2014-08-06 21:00:00,0.0
2014-08-06 22:00:00,0.0
2014-08-06 23:00:00,0.0
2014-08-07 00:00:00,-0.9343128097301425
2014-08-07 01:00:00,0.0
2014-08-07 02:00:00,0.0
2014-08-07 03:00:00,0.0
2014-08-07 04:00:00,-0.995532634168087
2014-08-07 05:00:00,0.0
2014-08-07 06:00:00,0.0
2014-08-07 07:00:00,0.0
2014-08-07 08:00:00,0.0
2014-08-07 09:00:00,0.0
2014-08-07 10:00:00,0.0
2014-08-07 11:00:00,0.0
2014-08-07 12:00:00,0.0
2014-08-07 13:00:00,0.0
2014-08-07 14:00:00,1.3526693113324597
2014-08-07 15:00:00,1.2651000549629656
2014-08-07 16:00:00,1.3789750460302754
2014-08-07 17:00:00,0.0
2014-08-07 18:00:00,1.6024863964942866
2014-08-07 19:00:00,0.0
2014-08-07 20:00:00,0.0
2014-08-07 21:00:00,1.768972856957229
2014-08-07 22:00:00,0.0
2014-08-07 23:00:00,0.0
2014-08-08 00:00:00,0.0
2014-08-08 01:00:00,0.0
2014-08-08 02:00:00,0.0
2014-08-08 03:00:00,0.0
2014-08-08 04:00:00,0.0
2014-08-08 05:00:00,0.0
2014-08-08 06:00:00,0.0
2014-08-08 07:00:00,0.0
2014-08-08 08:00:00,0.2265479012037831
2014-08-08 09:00:00,0.0
2014-08-08 10:00:00,0.0
2014-08-08 11:00:00,1.4315865154259089
2014-08-08 12:00:00,0.0
2014-08-08 13:00:00,0.0
2014-08-08 14:00:00,0.0
2014-08-08 15:00:00,0.0
2014-08-08 16:00:00,0.0
2014-08-08 17:00:00,0.0
2014-08-08 18:00:00,0.0
2014-08-08 19:00:00,0.0
2014-08-08 20:00:00,0.0
2014-08-08 21:00:00,0.0
2014-08-08 22:00:00,0.0
2014-08-08 23:00:00,0.0
2014-08-09 00:00:00,0.0
2014-08-09 01:00:00,0.0
2014-08-09 02:00:00,0.0
2014-08-09 03:00:00,0.0
2014-08-09 04:00:00,0.0
2014-08-09 05:00:00,0.0
2014-08-09 06:00:00,0.0
2014-08-09 07:00:00,0.0
2014-08-09 08:00:00,0.2659628060167961
2014-08-09 09:00:00,0.0
2014-08-09 10:00:00,0.8443830887327618
2014-08-09 11:00:00,0.9451926069185842
2014-08-09 12:00:00,1.0942001738945957
2014-08-09 13:00:00,1.0941564766608776
2014-08-09 14:00:00,0.0
2014-08-09 15:00:00,0.0
2014-08-09 16:00:00,0.0
2014-08-09 17:00:00,0.0
2014-08-09 18:00:00,0.0
2014-08-09 19:00:00,0.0
2014-08-09 20:00:00,0.0
2014-08-09 21:00:00,0.0
2014-08-09 22:00:00,0.0
2014-08-09 23:00:00,0.0
2014-08-10 00:00:00,0.0
2014-08-10 01:00:00,0.0
2014-08-10 02:00:00,-1.030534118375648
2014-08-10 03:00:00,0.0
2014-08-10 04:00:00,0.0
2014-08-10 05:00:00,-1.1660392401330117
2014-08-10 06:00:00,0.0
2014-08-10 07:00:00,0.0
2014-08-10 08:00:00,0.038125429414765995
2014-08-10 09:00:00,0.0
2014-08-10 10:00:00,0.0
2014-08-10 11:00:00,0.0
2014-08-10 12:00:00,1.46663169686719
2014-08-10 13:00:00,0.0
2014-08-10 14:00:00,0.0
2014-08-10 15:00:00,1.339560141217262
2014-08-10 16:00:00,0.0
2014-08-10 17:00:00,0.0
2014-08-10 18:00:00,0.0
2014-08-10 19:00:00,0.0
2014-08-10 20:00:00,0.0
2014-08-10 21:00:00,0.0
2014-08-10 22:00:00,0.0
2014-08-10 23:00:00,0.0
2014-08-11 00:00:00,0.0
2014-08-11 01:00:00,0.0
2014-08-11 02:00:00,0.0
2014-08-11 03:00:00,0.0
2014-08-11 04:00:00,-0.9780974379148824
2014-08-11 05:00:00,0.0
2014-08-11 06:00:00,0.0
2014-08-11 07:00:00,0.0
2014-08-11 08:00:00,0.0
2014-08-11 09:00:00,0.0
2014-08-11 10:00:00,0.0
2014-08-11 11:00:00,0.0
2014-08-11 12:00:00,0.0
2014-08-11 13:00:00,0.0
2014-08-11 14:00:00,0.0
2014-08-11 15:00:00,0.0
2014-08-11 16:00:00,1.4403259621693743
2014-08-11 17:00:00,0.0
2014-08-11 18:00:00,0.0
2014-08-11 19:00:00,0.0
2014-08-11 20:00:00,0.0
2014-08-11 21:00:00,0.0
2014-08-11 22:00:00,0.0
2014-08-11 23:00:00,0.0
2014-08-12 00:00:00,0.0
2014-08-12 01:00:00,0.0
2014-08-12 02:00:00,0.0
2014-08-12 03:00:00,0.0
2014-08-12 04:00:00,0.0
2014-08-12 05:00:00,0.0
2014-08-12 06:00:00,-1.2359985113144176
2014-08-12 07:00:00,0.0
2014-08-12 08:00:00,0.0
2014-08-12 09:00:00,0.0
2014-08-12 10:00:00,0.0
2014-08-12 11:00:00,1.1643342340108769
2014-08-12 12:00:00,0.0
2014-08-12 13:00:00,1.243120346403172
2014-08-12 14:00:00,0.0
2014-08-12 15:00:00,0.0
2014-08-12 16:00:00,0.0
2014-08-12 17:00:00,1.2694697783347144
2014-08-12 18:00:00,0.0
2014-08-12 19:00:00,1.5761369645627596
2014-08-12 20:00:00,1.479828261449809
2014-08-12 21:00:00,0.0
2014-08-12 22:00:00,0.0
2014-08-12 23:00:00,0.0
2014-08-13 00:00:00,0.0
2014-08-13 01:00:00,0.0
2014-08-13 02:00:00,0.0
2014-08-13 03:00:00,0.0
2014-08-13 04:00:00,0.0
2014-08-13 05:00:00,0.0
2014-08-13 06:00:00,-1.0042720809115477
2014-08-13 07:00:00,0.0
2014-08-13 08:00:00,-0.5189269060134389
2014-08-13 09:00:00,0.0
2014-08-13 10:00:00,0.7348341238034897
2014-08-13 11:00:00,0.0
2014-08-13 12:00:00,0.0
2014-08-13 13:00:00,0.0
2014-08-13 14:00:00,0.0
2014-08-13 15:00:00,0.0
2014-08-13 16:00:00,0.0
2014-08-13 17:00:00,0.0
2014-08-13 18:00:00,0.0
2014-08-13 19:00:00,0.0
2014-08-13 20:00:00,1.5673975178192943
2014-08-13 21:00:00,0.0
2014-08-13 22:00:00,0.0
2014-08-13 23:00:00,-0.5932559005665758
2014-08-14 00:00:00,-1.0961236661853244
2014-08-14 01:00:00,0.0
2014-08-14 02:00:00,0.0
2014-08-14 03:00:00,0.0
2014-08-14 04:00:00,0.0
2014-08-14 05:00:00,0.0
2014-08-14 06:00:00,0.0
2014-08-14 07:00:00,0.0
2014-08-14 08:00:00,0.0
2014-08-14 09:00:00,0.0
2014-08-14 10:00:00,0.0
2014-08-14 11:00:00,0.0
2014-08-14 12:00:00,0.0
2014-08-14 13:00:00,1.037218981127231
2014-08-14 14:00:00,0.0
2014-08-14 15:00:00,0.0
2014-08-14 16:00:00,0.0
2014-08-14 17:00:00,0.0
2014-08-14 18:00:00,0.0
2014-08-14 19:00:00,0.0
2014-08-14 20:00:00,0.0
2014-08-14 21:00:00,0.0
2014-08-14 22:00:00,0.7392475444089248
2014-08-14 23:00:00,0.15645753832122813
2014-08-15 00:00:00,0.0
2014-08-15 01:00:00,-1.0436432884908398
2014-08-15 02:00:00,-1.0917539428135925
2014-08-15 03:00:00,0.0
2014-08-15 04:00:00,0.0
2014-08-15 05:00:00,0.0
2014-08-15 06:00:00,0.0
2014-08-15 07:00:00,0.0
2014-08-15 08:00:00,-0.263822455571812
2014-08-15 09:00:00,0.2163664457476553
2014-08-15 10:00:00,0.0
2014-08-15 11:00:00,0.0
2014-08-15 12:00:00,0.0
2014-08-15 13:00:00,0.0
2014-08-15 14:00:00,0.0
2014-08-15 15:00:00,1.4622619734954578
2014-08-15 16:00:00,0.0
2014-08-15 17:00:00,0.0
2014-08-15 18:00:00,0.0
2014-08-15 19:00:00,0.0
2014-08-15 20:00:00,0.0
2014-08-15 21:00:00,0.0
2014-08-15 22:00:00,0.6647437609209265
2014-08-15 23:00:00,0.37551177094607824
2014-08-16 00:00:00,0.0
2014-08-16 01:00:00,0.0
2014-08-16 02:00:00,0.0
2014-08-16 03:00:00,0.0
2014-08-16 04:00:00,0.0
2014-08-16 05:00:00,0.0
2014-08-16 06:00:00,0.0
2014-08-16 07:00:00,0.0
2014-08-16 08:00:00,0.0
2014-08-16 09:00:00,0.0
2014-08-16 10:00:00,0.0
2014-08-16 11:00:00,0.0
2014-08-16 12:00:00,0.0
2014-08-16 13:00:00,0.0
2014-08-16 14:00:00,0.0
2014-08-16 15:00:00,0.0
2014-08-16 16:00:00,0.0
2014-08-16 17:00:00,0.0
2014-08-16 18:00:00,1.5980729758888432
2014-08-16 19:00:00,0.0
2014-08-16 20:00:00,0.0
2014-08-16 21:00:00,0.0
2014-08-16 22:00:00,0.8355999447555862
2014-08-16 23:00:00,0.0
2014-08-17 00:00:00,0.0
2014-08-17 01:00:00,-1.0217946716321875
2014-08-17 02:00:00,0.0
2014-08-17 03:00:00,0.0
2014-08-17 04:00:00,0.0
2014-08-17 05:00:00,0.0
2014-08-17 06:00:00,0.0
2014-08-17 07:00:00,0.0
2014-08-17 08:00:00,-0.32207086811697905
2014-08-17 09:00:00,0.0
2014-08-17 10:00:00,0.0
2014-08-17 11:00:00,0.0
2014-08-17 12:00:00,0.0
2014-08-17 13:00:00,0.0
2014-08-17 14:00:00,0.0
2014-08-17 15:00:00,0.0
2014-08-17 16:00:00,0.0
2014-08-17 17:00:00,0.0
2014-08-17 18:00:00,0.0
2014-08-17 19:00:00,1.7163613875615886
2014-08-17 20:00:00,0.0
2014-08-17 21:00:00,0.0
2014-08-17 22:00:00,0.0
2014-08-17 23:00:00,-0.37306553986507546
2014-08-18 00:00:00,0.0
2014-08-18 01:00:00,0.0
2014-08-18 02:00:00,0.0
2014-08-18 03:00:00,-0.8949852993845678
2014-08-18 04:00:00,0.0
2014-08-18 05:00:00,0.0
2014-08-18 06:00:00,-0.9037247461280293
2014-08-18 07:00:00,0.0
2014-08-18 08:00:00,0.0
2014-08-18 09:00:00,0.0
2014-08-18 10:00:00,0.0
2014-08-18 11:00:00,0.9188868722207754
2014-08-18 12:00:00,0.0
2014-08-18 13:00:00,0.0
2014-08-18 14:00:00,1.427260489287886
2014-08-18 15:00:00,0.0
2014-08-18 16:00:00,0.0
2014-08-18 17:00:00,0.0
2014-08-18 18:00:00,0.0
2014-08-18 19:00:00,1.6769464827485743
2014-08-18 20:00:00,1.782169421539855
2014-08-18 21:00:00,0.0
2014-08-18 22:00:00,0.0
2014-08-18 23:00:00,-0.2550830088283514
2014-08-19 00:00:00,0.0
2014-08-19 01:00:00,0.0
2014-08-19 02:00:00,-0.7988076879727788
2014-08-19 03:00:00,0.0
2014-08-19 04:00:00,-0.9211599423812331
2014-08-19 05:00:00,0.0
2014-08-19 06:00:00,0.0
2014-08-19 07:00:00,0.0
2014-08-19 08:00:00,0.0
2014-08-19 09:00:00,0.0
2014-08-19 10:00:00,0.0
2014-08-19 11:00:00,0.0
2014-08-19 12:00:00,0.9846075117315981
2014-08-19 13:00:00,0.0
2014-08-19 14:00:00,0.0
2014-08-19 15:00:00,0.0
2014-08-19 16:00:00,0.0
2014-08-19 17:00:00,1.1029396206380533
2014-08-19 18:00:00,0.0
2014-08-19 19:00:00,0.0
2014-08-19 20:00:00,1.1248319347304274
2014-08-19 21:00:00,0.8224470774066857
2014-08-19 22:00:00,0.16519698506468658
2014-08-19 23:00:00,0.0
2014-08-20 00:00:00,0.0
2014-08-20 01:00:00,0.0
2014-08-20 02:00:00,0.0
2014-08-20 03:00:00,-0.9430522564736031
2014-08-20 04:00:00,0.0
2014-08-20 05:00:00,-1.1267117297874372
2014-08-20 06:00:00,-1.008685501516996
2014-08-20 07:00:00,0.0
2014-08-20 08:00:00,0.0
2014-08-20 09:00:00,0.0
2014-08-20 10:00:00,0.0
2014-08-20 11:00:00,0.6209154355024696
2014-08-20 12:00:00,0.0
2014-08-20 13:00:00,0.0
2014-08-20 14:00:00,0.0
2014-08-20 15:00:00,0.0
2014-08-20 16:00:00,0.0
2014-08-20 17:00:00,0.0
2014-08-20 18:00:00,0.0
2014-08-20 19:00:00,0.0
2014-08-20 20:00:00,0.0
2014-08-20 21:00:00,0.0
2014-08-20 22:00:00,0.134565224228857
2014-08-20 23:00:00,0.0
2014-08-21 00:00:00,0.0
2014-08-21 01:00:00,0.0
2014-08-21 02:00:00,0.0
2014-08-21 03:00:00,-0.973684017309434
2014-08-21 04:00:00,0.0
2014-08-21 05:00:00,0.0
2014-08-21 06:00:00,0.0
2014-08-21 07:00:00,-0.20404463984653862
2014-08-21 08:00:00,0.0
2014-08-21 09:00:00,0.0
2014-08-21 10:00:00,0.5990231214100963
2014-08-21 11:00:00,0.0
2014-08-21 12:00:00,0.0
2014-08-21 13:00:00,0.0
2014-08-21 14:00:00,0.0
2014-08-21 15:00:00,0.0
2014-08-21 16:00:00,0.0
2014-08-21 17:00:00,0.0
2014-08-21 18:00:00,1.0415887044989631
2014-08-21 19:00:00,0.0
2014-08-21 20:00:00,0.0
2014-08-21 21:00:00,0.5946533980383636
2014-08-21 22:00:00,0.0
2014-08-21 23:00:00,0.0
2014-08-22 00:00:00,0.0
2014-08-22 01:00:00,-0.978053740681165
2014-08-22 02:00:00,0.0
2014-08-22 03:00:00,0.0
2014-08-22 04:00:00,-1.0042720809115484
2014-08-22 05:00:00,0.0
2014-08-22 06:00:00,0.0
2014-08-22 07:00:00,0.0
2014-08-22 08:00:00,-0.4008132832755637
2014-08-22 09:00:00,0.0
2014-08-22 10:00:00,0.0
2014-08-22 11:00:00,0.0
2014-08-22 12:00:00,0.0
2014-08-22 13:00:00,0.0
2014-08-22 14:00:00,0.0
2014-08-22 15:00:00,1.1073530412435044
2014-08-22 16:00:00,0.0
2014-08-22 17:00:00,1.238838017498875
2014-08-22 18:00:00,0.0
2014-08-22 19:00:00,0.0
2014-08-22 20:00:00,0.0
2014-08-22 21:00:00,0.0
2014-08-22 22:00:00,0.0
2014-08-22 23:00:00,0.0
2014-08-23 00:00:00,0.0
2014-08-23 01:00:00,0.0
2014-08-23 02:00:00,0.0
2014-08-23 03:00:00,-0.8949852993845678
2014-08-23 04:00:00,0.0
2014-08-23 05:00:00,0.0
2014-08-23 06:00:00,0.0
2014-08-23 07:00:00,0.0
2014-08-23 08:00:00,0.0
2014-08-23 09:00:00,0.0
2014-08-23 10:00:00,0.0
2014-08-23 11:00:00,0.0
2014-08-23 12:00:00,0.0
2014-08-23 13:00:00,0.0
2014-08-23 14:00:00,0.0
2014-08-23 15:00:00,0.9802377883598659
2014-08-23 16:00:00,0.848752812104494
2014-08-23 17:00:00,0.0
2014-08-23 18:00:00,0.0
2014-08-23 19:00:00,0.0
2014-08-23 20:00:00,0.0
2014-08-23 21:00:00,0.0
2014-08-23 22:00:00,0.07758403146148883
2014-08-23 23:00:00,0.0
2014-08-24 00:00:00,0.0
2014-08-24 01:00:00,0.0
2014-08-24 02:00:00,0.0
2014-08-24 03:00:00,0.0
2014-08-24 04:00:00,0.0
2014-08-24 05:00:00,0.0
2014-08-24 06:00:00,-1.4546594688358117
2014-08-24 07:00:00,-0.37297814539763763
2014-08-24 08:00:00,-0.4227492946016511
2014-08-24 09:00:00,-0.020122983130403622
2014-08-24 10:00:00,0.0
2014-08-24 11:00:00,0.0
2014-08-24 12:00:00,0.0
2014-08-24 13:00:00,0.0
2014-08-24 14:00:00,0.0
2014-08-24 15:00:00,0.0
2014-08-24 16:00:00,0.0
2014-08-24 17:00:00,0.0
2014-08-24 18:00:00,0.9714983416164005
2014-08-24 19:00:00,0.0
2014-08-24 20:00:00,0.0
2014-08-24 21:00:00,0.0
2014-08-24 22:00:00,0.0
2014-08-24 23:00:00,0.0
2014-08-25 00:00:00,0.0
2014-08-25 01:00:00,0.0
2014-08-25 02:00:00,0.0
2014-08-25 03:00:00,0.0
2014-08-25 04:00:00,0.0
2014-08-25 05:00:00,0.0
2014-08-25 06:00:00,0.0
2014-08-25 07:00:00,0.0
2014-08-25 08:00:00,0.0
2014-08-25 09:00:00,0.0016382392608154494
2014-08-25 10:00:00,0.0
2014-08-25 11:00:00,0.0
2014-08-25 12:00:00,0.0
2014-08-25 13:00:00,0.0
2014-08-25 14:00:00,0.0
2014-08-25 15:00:00,0.0
2014-08-25 16:00:00,0.0
2014-08-25 17:00:00,0.0
2014-08-25 18:00:00,0.0
2014-08-25 19:00:00,0.0
2014-08-25 20:00:00,0.0
2014-08-25 21:00:00,0.0
2014-08-25 22:00:00,0.0
2014-08-25 23:00:00,-0.15724490253530862
2014-08-26 00:00:00,0.0
2014-08-26 01:00:00,0.0
2014-08-26 02:00:00,0.0
2014-08-26 03:00:00,0.0
2014-08-26 04:00:00,-0.8993113255225816
2014-08-26 05:00:00,0.0
2014-08-26 06:00:00,0.0
2014-08-26 07:00:00,0.0
2014-08-26 08:00:00,0.0
2014-08-26 09:00:00,0.0
2014-08-26 10:00:00,0.8663191000588454
2014-08-26 11:00:00,0.0
2014-08-26 12:00:00,0.0
2014-08-26 13:00:00,0.0
2014-08-26 14:00:00,0.0
2014-08-26 15:00:00,0.0
2014-08-26 16:00:00,0.0
2014-08-26 17:00:00,0.0
2014-08-26 18:00:00,0.0
2014-08-26 19:00:00,0.0
2014-08-26 20:00:00,0.0
2014-08-26 21:00:00,0.9451926069185769
2014-08-26 22:00:00,0.2878988173428801
2014-08-26 23:00:00,0.0
2014-08-27 00:00:00,0.0
2014-08-27 01:00:00,0.0
2014-08-27 02:00:00,0.0
2014-08-27 03:00:00,0.0
2014-08-27 04:00:00,0.0
2014-08-27 05:00:00,0.0
2014-08-27 06:00:00,0.14929119199159283
2014-08-27 07:00:00,0.0
2014-08-27 08:00:00,0.0
2014-08-27 09:00:00,0.0
2014-08-27 10:00:00,0.0
2014-08-27 11:00:00,0.0
2014-08-27 12:00:00,0.0
2014-08-27 13:00:00,0.0
2014-08-27 14:00:00,0.0
2014-08-27 15:00:00,0.0
2014-08-27 16:00:00,0.0
2014-08-27 17:00:00,0.0
2014-08-27 18:00:00,0.0
2014-08-27 19:00:00,0.0
2014-08-27 20:00:00,0.0
2014-08-27 21:00:00,0.0
2014-08-27 22:00:00,0.0
2014-08-27 23:00:00,-0.2506258909891865
2014-08-28 00:00:00,0.0
2014-08-28 01:00:00,0.0
2014-08-28 02:00:00,0.0
2014-08-28 03:00:00,-0.9124641928714897
2014-08-28 04:00:00,0.0
2014-08-28 05:00:00,0.0
2014-08-28 06:00:00,0.0
2014-08-28 07:00:00,0.0
2014-08-28 08:00:00,0.0
2014-08-28 09:00:00,0.0
2014-08-28 10:00:00,0.0
2014-08-28 11:00:00,0.0
2014-08-28 12:00:00,0.0
2014-08-28 13:00:00,0.0
2014-08-28 14:00:00,0.8969945581283942
2014-08-28 15:00:00,0.7874455931991148
2014-08-28 16:00:00,0.8706888234305932
2014-08-28 17:00:00,0.0
2014-08-28 18:00:00,0.0
2014-08-28 19:00:00,0.0
2014-08-28 20:00:00,1.1511376694282354
2014-08-28 21:00:00,0.6997889423622002
2014-08-28 22:00:00,0.13452152699513592
2014-08-28 23:00:00,0.0
2014-08-29 00:00:00,0.0
2014-08-29 01:00:00,0.0
2014-08-29 02:00:00,0.0
2014-08-29 03:00:00,-1.139864597136346
2014-08-29 04:00:00,0.0
2014-08-29 05:00:00,0.0
2014-08-29 06:00:00,0.0
2014-08-29 07:00:00,0.0
2014-08-29 08:00:00,0.0
2014-08-29 09:00:00,0.0
2014-08-29 10:00:00,0.0
2014-08-29 11:00:00,0.7173115330828412
2014-08-29 12:00:00,0.0
2014-08-29 13:00:00,1.0153266670348577
2014-08-29 14:00:00,0.0
2014-08-29 15:00:00,0.0
2014-08-29 16:00:00,1.1423982226847857
2014-08-29 17:00:00,0.0
2014-08-29 18:00:00,0.0
2014-08-29 19:00:00,0.0
2014-08-29 20:00:00,1.1379411048456243
2014-08-29 21:00:00,0.9364094629414086
2014-08-29 22:00:00,0.0
2014-08-29 23:00:00,0.0
2014-08-30 00:00:00,0.0
2014-08-30 01:00:00,0.0
2014-08-30 02:00:00,0.0
2014-08-30 03:00:00,0.0
2014-08-30 04:00:00,0.0
2014-08-30 05:00:00,0.0
2014-08-30 06:00:00,-1.240411931919865
2014-08-30 07:00:00,0.010639869406578835
2014-08-30 08:00:00,-0.22445124799252097
2014-08-30 09:00:00,0.0
2014-08-30 10:00:00,0.0
2014-08-30 11:00:00,0.0
2014-08-30 12:00:00,0.0
2014-08-30 13:00:00,1.1510939721945253
2014-08-30 14:00:00,0.0
2014-08-30 15:00:00,0.0
2014-08-30 16:00:00,0.0
2014-08-30 17:00:00,0.0
2014-08-30 18:00:00,0.0
2014-08-30 19:00:00,0.0
2014-08-30 20:00:00,1.12050590859242
2014-08-30 21:00:00,0.0
2014-08-30 22:00:00,0.0
2014-08-30 23:00:00,0.0
2014-08-31 00:00:00,0.0
2014-08-31 01:00:00,0.0
2014-08-31 02:00:00,0.0
2014-08-31 03:00:00,0.0
2014-08-31 04:00:00,0.0
2014-08-31 05:00:00,0.0
2014-08-31 06:00:00,0.0
2014-08-31 07:00:00,0.0
2014-08-31 08:00:00,0.0
2014-08-31 09:00:00,0.0
2014-08-31 10:00:00,0.0
2014-08-31 11:00:00,0.8399696681273189
2014-08-31 12:00:00,0.0
2014-08-31 13:00:00,0.0
2014-08-31 14:00:00,0.0
2014-08-31 15:00:00,0.0
2014-08-31 16:00:00,0.0
2014-08-31 17:00:00,0.0
2014-08-31 18:00:00,1.0240661137783227
2014-08-31 19:00:00,0.0
2014-08-31 20:00:00,0.0
2014-08-31 21:00:00,0.0
2014-08-31 22:00:00,0.0
2014-08-31 23:00:00,0.0
2014-09-01 00:00:00,-1.0480130118625708
2014-09-01 01:00:00,-1.074231352092954
2014-09-01 02:00:00,0.0
2014-09-01 03:00:00,0.0
2014-09-01 04:00:00,0.0
2014-09-01 05:00:00,-1.2972620329860791
2014-09-01 06:00:00,0.0
2014-09-01 07:00:00,-0.4384802987398847
2014-09-01 08:00:00,0.0
2014-09-01 09:00:00,0.0
2014-09-01 10:00:00,0.0
2014-09-01 11:00:00,0.0
2014-09-01 12:00:00,0.0
2014-09-01 13:00:00,0.0
2014-09-01 14:00:00,0.0
2014-09-01 15:00:00,0.0
2014-09-01 16:00:00,0.0
2014-09-01 17:00:00,0.0
2014-09-01 18:00:00,0.0
2014-09-01 19:00:00,1.2825789484498964
2014-09-01 20:00:00,0.0
2014-09-01 21:00:00,0.0
2014-09-01 22:00:00,0.0
2014-09-01 23:00:00,0.0
2014-09-02 00:00:00,0.0
2014-09-02 01:00:00,0.0
2014-09-02 02:00:00,-1.0392735651191094
2014-09-02 03:00:00,-0.9124641928714904
2014-09-02 04:00:00,-0.9343128097301419
2014-09-02 05:00:00,0.0
2014-09-02 06:00:00,-1.1397772026689106
2014-09-02 07:00:00,0.0
2014-09-02 08:00:00,0.0
2014-09-02 09:00:00,0.0
2014-09-02 10:00:00,0.0
2014-09-02 11:00:00,0.0
2014-09-02 12:00:00,0.0
2014-09-02 13:00:00,1.0284358371500475
2014-09-02 14:00:00,0.0
2014-09-02 15:00:00,0.0
2014-09-02 16:00:00,0.0
2014-09-02 17:00:00,0.0
2014-09-02 18:00:00,1.1467242488227998
2014-09-02 19:00:00,0.0
2014-09-02 20:00:00,1.0591112952195965
2014-09-02 21:00:00,0.8355999447555862
2014-09-02 22:00:00,0.0
2014-09-02 23:00:00,0.0
2014-09-03 00:00:00,0.0
2014-09-03 01:00:00,0.0
2014-09-03 02:00:00,0.0
2014-09-03 03:00:00,0.0
2014-09-03 04:00:00,0.0
2014-09-03 05:00:00,-1.030534118375649
2014-09-03 06:00:00,0.0
2014-09-03 07:00:00,0.20024216650596643
2014-09-03 08:00:00,0.0
2014-09-03 09:00:00,0.06167823838839465
2014-09-03 10:00:00,0.0
2014-09-03 11:00:00,0.0
2014-09-03 12:00:00,0.0
2014-09-03 13:00:00,0.0
2014-09-03 14:00:00,0.0
2014-09-03 15:00:00,0.0
2014-09-03 16:00:00,0.0
2014-09-03 17:00:00,1.225641452916249
2014-09-03 18:00:00,1.3220375504966289
2014-09-03 19:00:00,0.0
2014-09-03 20:00:00,0.0
2014-09-03 21:00:00,0.0
2014-09-03 22:00:00,0.37114204757434555
2014-09-03 23:00:00,0.0
2014-09-04 00:00:00,0.0
2014-09-04 01:00:00,0.0
2014-09-04 02:00:00,0.0
2014-09-04 03:00:00,0.0
2014-09-04 04:00:00,0.0
2014-09-04 05:00:00,0.0
2014-09-04 06:00:00,0.0
2014-09-04 07:00:00,0.0
2014-09-04 08:00:00,-0.10782333120103316
2014-09-04 09:00:00,0.0
2014-09-04 10:00:00,0.0
2014-09-04 11:00:00,0.0
2014-09-04 12:00:00,0.9320397395696759
2014-09-04 13:00:00,0.0
2014-09-04 14:00:00,0.0
2014-09-04 15:00:00,0.9801940911261395
2014-09-04 16:00:00,1.0591549924533223
2014-09-04 17:00:00,0.0
2014-09-04 18:00:00,0.0
2014-09-04 19:00:00,0.0
2014-09-04 20:00:00,0.0
2014-09-04 21:00:00,0.0
2014-09-04 22:00:00,0.0
2014-09-04 23:00:00,0.0
2014-09-05 00:00:00,0.0
2014-09-05 01:00:00,0.0
2014-09-05 02:00:00,0.0
2014-09-05 03:00:00,0.0
2014-09-05 04:00:00,0.0
2014-09-05 05:00:00,-1.0043157781452656
2014-09-05 06:00:00,-1.1791921074819207
2014-09-05 07:00:00,0.0
2014-09-05 08:00:00,0.0
2014-09-05 09:00:00,0.0
2014-09-05 10:00:00,0.0
2014-09-05 11:00:00,0.0
2014-09-05 12:00:00,0.0
2014-09-05 13:00:00,1.5191994690291122
2014-09-05 14:00:00,1.4754148408443657
2014-09-05 15:00:00,0.0
2014-09-05 16:00:00,0.0
2014-09-05 17:00:00,0.0
2014-09-05 18:00:00,1.6857296267257569
2014-09-05 19:00:00,0.0
2014-09-05 20:00:00,1.5673538205855762
2014-09-05 21:00:00,0.0
2014-09-05 22:00:00,0.0
2014-09-05 23:00:00,0.0
2014-09-06 00:00:00,0.0
2014-09-06 01:00:00,0.0
2014-09-06 02:00:00,0.0
2014-09-06 03:00:00,-1.0830144960701327
2014-09-06 04:00:00,-1.0611658792114798
2014-09-06 05:00:00,0.0
2014-09-06 06:00:00,-1.0349038417473793
2014-09-06 07:00:00,0.0
2014-09-06 08:00:00,0.0
2014-09-06 09:00:00,0.0
2014-09-06 10:00:00,0.0
2014-09-06 11:00:00,0.0
2014-09-06 12:00:00,1.4096942013335356
2014-09-06 13:00:00,0.0
2014-09-06 14:00:00,0.0
2014-09-06 15:00:00,0.0
2014-09-06 16:00:00,0.0
2014-09-06 17:00:00,0.0
2014-09-06 18:00:00,0.0
2014-09-06 19:00:00,0.0
2014-09-06 20:00:00,0.0
2014-09-06 21:00:00,0.0
2014-09-06 22:00:00,0.0
2014-09-06 23:00:00,0.06880088748431405
2014-09-07 00:00:00,0.0
2014-09-07 01:00:00,0.0
2014-09-07 02:00:00,0.0
2014-09-07 03:00:00,-1.0654919053494927
2014-09-07 04:00:00,0.0
2014-09-07 05:00:00,0.0
2014-09-07 06:00:00,0.0
2014-09-07 07:00:00,0.0
2014-09-07 08:00:00,0.0
2014-09-07 09:00:00,0.0
2014-09-07 10:00:00,0.0
2014-09-07 11:00:00,0.0
2014-09-07 12:00:00,0.0
2014-09-07 13:00:00,0.0
2014-09-07 14:00:00,1.5147860484236688
2014-09-07 15:00:00,0.0
2014-09-07 16:00:00,0.0
2014-09-07 17:00:00,0.0
2014-09-07 18:00:00,1.4140639247052755
2014-09-07 19:00:00,0.0
2014-09-07 20:00:00,0.8356436419892964
2014-09-07 21:00:00,0.0
2014-09-07 22:00:00,0.0
2014-09-07 23:00:00,0.0
2014-09-08 00:00:00,0.0
2014-09-08 01:00:00,0.0
2014-09-08 02:00:00,0.0
2014-09-08 03:00:00,-0.9999023575398172
2014-09-08 04:00:00,-1.0305341183756482
2014-09-08 05:00:00,0.0
2014-09-08 06:00:00,0.0
2014-09-08 07:00:00,-0.25018891865201054
2014-09-08 08:00:00,0.0
2014-09-08 09:00:00,0.1099636816460151
2014-09-08 10:00:00,0.0
2014-09-08 11:00:00,0.0
2014-09-08 12:00:00,0.0
2014-09-08 13:00:00,0.0
2014-09-08 14:00:00,0.0
2014-09-08 15:00:00,1.1160924879869611
2014-09-08 16:00:00,1.1555510900337023
2014-09-08 17:00:00,1.1599208134054266
2014-09-08 18:00:00,0.0
2014-09-08 19:00:00,0.0
2014-09-08 20:00:00,0.0
2014-09-08 21:00:00,1.2168583089390732
2014-09-08 22:00:00,0.0
2014-09-08 23:00:00,0.0
2014-09-09 00:00:00,-0.7987639907390625
2014-09-09 01:00:00,0.0
2014-09-09 02:00:00,0.0
2014-09-09 03:00:00,0.0
2014-09-09 04:00:00,0.0
2014-09-09 05:00:00,0.0
2014-09-09 06:00:00,0.0
2014-09-09 07:00:00,0.0
2014-09-09 08:00:00,-0.01584065422610534
2014-09-09 09:00:00,0.0
2014-09-09 10:00:00,0.0
2014-09-09 11:00:00,0.0
2014-09-09 12:00:00,0.0
2014-09-09 13:00:00,0.0
2014-09-09 14:00:00,0.0
2014-09-09 15:00:00,1.418477345310718
2014-09-09 16:00:00,0.0
2014-09-09 17:00:00,0.0
2014-09-09 18:00:00,1.4052807807280923
2014-09-09 19:00:00,1.2957318157988045
2014-09-09 20:00:00,1.5410917831214708
2014-09-09 21:00:00,0.0
2014-09-09 22:00:00,0.0
2014-09-09 23:00:00,-0.20679756557073095
2014-09-10 00:00:00,0.0
2014-09-10 01:00:00,0.0
2014-09-10 02:00:00,-0.9343128097301425
2014-09-10 03:00:00,-1.0261643950039179
2014-09-10 04:00:00,0.0
2014-09-10 05:00:00,0.0
2014-09-10 06:00:00,0.0
2014-09-10 07:00:00,-0.18765817720255001
2014-09-10 08:00:00,0.0
2014-09-10 09:00:00,0.0
2014-09-10 10:00:00,0.0
2014-09-10 11:00:00,1.2080751649618977
2014-09-10 12:00:00,0.0
2014-09-10 13:00:00,0.0
2014-09-10 14:00:00,0.0
2014-09-10 15:00:00,0.0
2014-09-10 16:00:00,0.0
2014-09-10 17:00:00,0.0
2014-09-10 18:00:00,0.0
2014-09-10 19:00:00,0.0
2014-09-10 20:00:00,0.0
2014-09-10 21:00:00,0.0
2014-09-10 22:00:00,0.0
2014-09-10 23:00:00,0.0
2014-09-11 00:00:00,-0.982379766819178
2014-09-11 01:00:00,0.0
2014-09-11 02:00:00,-1.0567961558397487
2014-09-11 03:00:00,0.0
2014-09-11 04:00:00,0.0
2014-09-11 05:00:00,0.0
2014-09-11 06:00:00,0.0
2014-09-11 07:00:00,0.0
2014-09-11 08:00:00,0.0
2014-09-11 09:00:00,0.0
2014-09-11 10:00:00,0.0
2014-09-11 11:00:00,1.3702355992868187
2014-09-11 12:00:00,0.0
2014-09-11 13:00:00,0.0
2014-09-11 14:00:00,0.0
2014-09-11 15:00:00,0.0
2014-09-11 16:00:00,1.427260489287886
2014-09-11 17:00:00,0.0
2014-09-11 18:00:00,0.0
2014-09-11 19:00:00,0.0
2014-09-11 20:00:00,0.0
2014-09-11 21:00:00,0.0
2014-09-11 22:00:00,0.0
2014-09-11 23:00:00,0.0
2014-09-12 00:00:00,0.0
2014-09-12 01:00:00,0.0
2014-09-12 02:00:00,0.0
2014-09-12 03:00:00,0.0
2014-09-12 04:00:00,0.0
2014-09-12 05:00:00,0.0
2014-09-12 06:00:00,0.0
2014-09-12 07:00:00,0.0
2014-09-12 08:00:00,0.0
2014-09-12 09:00:00,0.3653303154899444
2014-09-12 10:00:00,0.0
2014-09-12 11:00:00,0.0
2014-09-12 12:00:00,0.0
2014-09-12 13:00:00,0.0
2014-09-12 14:00:00,0.0
2014-09-12 15:00:00,0.0
2014-09-12 16:00:00,0.0
2014-09-12 17:00:00,1.6813599033540325
2014-09-12 18:00:00,0.0
2014-09-12 19:00:00,0.0
2014-09-12 20:00:00,1.589377226379096
2014-09-12 21:00:00,0.0
2014-09-12 22:00:00,0.0
2014-09-12 23:00:00,0.0
2014-09-13 00:00:00,0.0
2014-09-13 01:00:00,0.0
2014-09-13 02:00:00,0.0
2014-09-13 03:00:00,0.0
2014-09-13 04:00:00,0.0
2014-09-13 05:00:00,-1.091710245579875
2014-09-13 06:00:00,0.0
2014-09-13 07:00:00,0.0
2014-09-13 08:00:00,0.3624026008308806
2014-09-13 09:00:00,0.5683476633405474
2014-09-13 10:00:00,1.0634810185913295
2014-09-13 11:00:00,1.3439298645889866
2014-09-13 12:00:00,0.0
2014-09-13 13:00:00,0.0
2014-09-13 14:00:00,0.0
2014-09-13 15:00:00,0.0
2014-09-13 16:00:00,0.0
2014-09-13 17:00:00,0.0
2014-09-13 18:00:00,0.0
2014-09-13 19:00:00,1.7164050847953136
2014-09-13 20:00:00,0.0
2014-09-13 21:00:00,0.0
2014-09-13 22:00:00,0.0
2014-09-13 23:00:00,0.0
2014-09-14 00:00:00,0.0
2014-09-14 01:00:00,0.0
2014-09-14 02:00:00,0.0
2014-09-14 03:00:00,0.0
2014-09-14 04:00:00,0.0
2014-09-14 05:00:00,0.0
2014-09-14 06:00:00,-1.2535211020350567
2014-09-14 07:00:00,-0.047564845904870985
2014-09-14 08:00:00,0.0
2014-09-14 09:00:00,0.22960670756399498
2014-09-14 10:00:00,0.0
2014-09-14 11:00:00,0.0
2014-09-14 12:00:00,0.0
2014-09-14 13:00:00,0.0
2014-09-14 14:00:00,0.0
2014-09-14 15:00:00,0.0
2014-09-14 16:00:00,0.0
2014-09-14 17:00:00,1.7251445315387643
2014-09-14 18:00:00,0.0
2014-09-14 19:00:00,0.0
2014-09-14 20:00:00,0.0
2014-09-14 21:00:00,0.0
2014-09-14 22:00:00,0.0
2014-09-14 23:00:00,0.0
2014-09-15 00:00:00,0.0
2014-09-15 01:00:00,0.0
2014-09-15 02:00:00,0.0
2014-09-15 03:00:00,0.0
2014-09-15 04:00:00,0.0
2014-09-15 05:00:00,0.0
2014-09-15 06:00:00,0.0
2014-09-15 07:00:00,0.0
2014-09-15 08:00:00,0.0
2014-09-15 09:00:00,0.0
2014-09-15 10:00:00,0.0
2014-09-15 11:00:00,0.0
2014-09-15 12:00:00,0.0
2014-09-15 13:00:00,1.1687039573825946
2014-09-15 14:00:00,0.0
2014-09-15 15:00:00,1.2562732137520807
2014-09-15 16:00:00,0.0
2014-09-15 17:00:00,0.0
2014-09-15 18:00:00,0.0
2014-09-15 19:00:00,0.0
2014-09-15 20:00:00,0.0
2014-09-15 21:00:00,0.0
2014-09-15 22:00:00,0.0
2014-09-15 23:00:00,0.0
2014-09-16 00:00:00,0.0
2014-09-16 01:00:00,-1.0611221819777623
2014-09-16 02:00:00,0.0
2014-09-16 03:00:00,-1.0173812510267402
2014-09-16 04:00:00,0.0
2014-09-16 05:00:00,0.0
2014-09-16 06:00:00,0.0
2014-09-16 07:00:00,0.0
2014-09-16 08:00:00,0.08636717543867141
2014-09-16 09:00:00,0.0
2014-09-16 10:00:00,0.0
2014-09-16 11:00:00,1.2212717295445168
2014-09-16 12:00:00,0.0
2014-09-16 13:00:00,0.0
2014-09-16 14:00:00,1.2651000549629743
2014-09-16 15:00:00,0.0
2014-09-16 16:00:00,1.2344245968934247
2014-09-16 17:00:00,0.0
2014-09-16 18:00:00,1.3264509711020713
2014-09-16 19:00:00,0.0
2014-09-16 20:00:00,0.0
2014-09-16 21:00:00,0.0
2014-09-16 22:00:00,0.0
2014-09-16 23:00:00,0.0
2014-09-17 00:00:00,0.0
2014-09-17 01:00:00,0.0
2014-09-17 02:00:00,0.0
2014-09-17 03:00:00,0.0
2014-09-17 04:00:00,0.0
2014-09-17 05:00:00,0.0
2014-09-17 06:00:00,-0.9605311499605259
2014-09-17 07:00:00,0.0
2014-09-17 08:00:00,0.0
2014-09-17 09:00:00,0.5026270238297221
2014-09-17 10:00:00,0.0
2014-09-17 11:00:00,0.0
2014-09-17 12:00:00,0.0
2014-09-17 13:00:00,0.0
2014-09-17 14:00:00,0.0
2014-09-17 15:00:00,0.0
2014-09-17 16:00:00,0.0
2014-09-17 17:00:00,0.0
2014-09-17 18:00:00,0.0
2014-09-17 19:00:00,0.0
2014-09-17 20:00:00,0.0
2014-09-17 21:00:00,0.9933906557087737
2014-09-17 22:00:00,0.43686268708517606
2014-09-17 23:00:00,0.0
2014-09-18 00:00:00,0.0
2014-09-18 01:00:00,0.0
2014-09-18 02:00:00,0.0
2014-09-18 03:00:00,-0.9255733629866815
2014-09-18 04:00:00,0.0
2014-09-18 05:00:00,0.0
2014-09-18 06:00:00,0.0
2014-09-18 07:00:00,0.0
2014-09-18 08:00:00,-0.13696938609047526
2014-09-18 09:00:00,0.0
2014-09-18 10:00:00,0.0
2014-09-18 11:00:00,0.0
2014-09-18 12:00:00,0.0
2014-09-18 13:00:00,0.0
2014-09-18 14:00:00,1.2344245968934324
2014-09-18 15:00:00,0.0
2014-09-18 16:00:00,0.0
2014-09-18 17:00:00,1.0021301024522313
2014-09-18 18:00:00,0.0
2014-09-18 19:00:00,1.0328492577555057
2014-09-18 20:00:00,0.0
2014-09-18 21:00:00,0.0
2014-09-18 22:00:00,0.0
2014-09-18 23:00:00,-0.562624139730745
2014-09-19 00:00:00,0.0
2014-09-19 01:00:00,0.0
2014-09-19 02:00:00,0.0
2014-09-19 03:00:00,0.0
2014-09-19 04:00:00,0.0
2014-09-19 05:00:00,-1.2884788890089012
2014-09-19 06:00:00,0.0
2014-09-19 07:00:00,0.0
2014-09-19 08:00:00,0.0
2014-09-19 09:00:00,0.0
2014-09-19 10:00:00,0.6735706021318127
2014-09-19 11:00:00,0.0
2014-09-19 12:00:00,0.0
2014-09-19 13:00:00,0.0
2014-09-19 14:00:00,0.0
2014-09-19 15:00:00,0.9320397395696759
2014-09-19 16:00:00,0.0
2014-09-19 17:00:00,0.0
2014-09-19 18:00:00,0.0
2014-09-19 19:00:00,0.0
2014-09-19 20:00:00,1.1773997068923496
2014-09-19 21:00:00,0.8181210512686636
2014-09-19 22:00:00,0.0
2014-09-19 23:00:00,0.13889125036687164
2014-09-20 00:00:00,0.0
2014-09-20 01:00:00,-1.253564799268774
2014-09-20 02:00:00,0.0
2014-09-20 03:00:00,0.0
2014-09-20 04:00:00,0.0
2014-09-20 05:00:00,0.0
2014-09-20 06:00:00,0.0
2014-09-20 07:00:00,0.0
2014-09-20 08:00:00,0.0
2014-09-20 09:00:00,0.0
2014-09-20 10:00:00,0.0
2014-09-20 11:00:00,0.0
2014-09-20 12:00:00,1.1292453553358777
2014-09-20 13:00:00,0.0
2014-09-20 14:00:00,0.0
2014-09-20 15:00:00,0.0
2014-09-20 16:00:00,1.019652693172872
2014-09-20 17:00:00,0.0
2014-09-20 18:00:00,0.0
2014-09-20 19:00:00,0.0
2014-09-20 20:00:00,0.0
2014-09-20 21:00:00,0.0
2014-09-20 22:00:00,0.0
2014-09-20 23:00:00,0.0
2014-09-21 00:00:00,0.0
2014-09-21 01:00:00,0.0
2014-09-21 02:00:00,0.0
2014-09-21 03:00:00,0.0
2014-09-21 04:00:00,0.0
2014-09-21 05:00:00,0.0
2014-09-21 06:00:00,0.0
2014-09-21 07:00:00,-0.18057922534034782
2014-09-21 08:00:00,0.0
2014-09-21 09:00:00,0.026633056947114344
2014-09-21 10:00:00,0.0
2014-09-21 11:00:00,0.0
2014-09-21 12:00:00,0.0
2014-09-21 13:00:00,0.0
2014-09-21 14:00:00,1.3921279133791842
2014-09-21 15:00:00,0.0
2014-09-21 16:00:00,0.0
2014-09-21 17:00:00,0.0
2014-09-21 18:00:00,0.0
2014-09-21 19:00:00,0.0
2014-09-21 20:00:00,0.0
2014-09-21 21:00:00,0.0
2014-09-21 22:00:00,0.0
2014-09-21 23:00:00,0.0
2014-09-22 00:00:00,0.0
2014-09-22 01:00:00,0.0
2014-09-22 02:00:00,0.0
2014-09-22 03:00:00,0.0
2014-09-22 04:00:00,0.0
2014-09-22 05:00:00,0.0
2014-09-22 06:00:00,-1.1573434906232685
2014-09-22 07:00:00,0.0
2014-09-22 08:00:00,0.30974743420152967
2014-09-22 09:00:00,0.0
2014-09-22 10:00:00,1.0021737996859568
2014-09-22 11:00:00,1.1686602601488765
2014-09-22 12:00:00,1.243207740870616
2014-09-22 13:00:00,0.0
2014-09-22 14:00:00,1.2212280323108065
2014-09-22 15:00:00,0.0
2014-09-22 16:00:00,0.0
2014-09-22 17:00:00,0.0
2014-09-22 18:00:00,0.0
2014-09-22 19:00:00,0.0
2014-09-22 20:00:00,0.0
2014-09-22 21:00:00,0.0
2014-09-22 22:00:00,0.0
2014-09-22 23:00:00,0.0
2014-09-23 00:00:00,0.0
2014-09-23 01:00:00,0.0
2014-09-23 02:00:00,-0.8818324320356591
2014-09-23 03:00:00,0.0
2014-09-23 04:00:00,0.0
2014-09-23 05:00:00,0.0
2014-09-23 06:00:00,0.0
2014-09-23 07:00:00,0.0
2014-09-23 08:00:00,0.0
2014-09-23 09:00:00,0.0
2014-09-23 10:00:00,0.0
2014-09-23 11:00:00,0.0
2014-09-23 12:00:00,1.1379848020793353
2014-09-23 13:00:00,0.0
2014-09-23 14:00:00,0.0
2014-09-23 15:00:00,0.0
2014-09-23 16:00:00,0.0
2014-09-23 17:00:00,0.0
2014-09-23 18:00:00,0.0
2014-09-23 19:00:00,0.0
2014-09-23 20:00:00,1.30451495977598
2014-09-23 21:00:00,0.984651208965301
2014-09-23 22:00:00,0.0
2014-09-23 23:00:00,0.0
2014-09-24 00:00:00,-1.2186070122949295
2014-09-24 01:00:00,0.0
2014-09-24 02:00:00,0.0
2014-09-24 03:00:00,0.0
2014-09-24 04:00:00,0.0
2014-09-24 05:00:00,0.0
2014-09-24 06:00:00,0.0
2014-09-24 07:00:00,0.0
2014-09-24 08:00:00,0.0
2014-09-24 09:00:00,0.0
2014-09-24 10:00:00,0.0
2014-09-24 11:00:00,0.0
2014-09-24 12:00:00,0.8312739186175716
2014-09-24 13:00:00,1.0985262000326108
2014-09-24 14:00:00,0.0
2014-09-24 15:00:00,0.0
2014-09-24 16:00:00,0.0
2014-09-24 17:00:00,0.0
2014-09-24 18:00:00,0.0
2014-09-24 19:00:00,1.2913620924270721
2014-09-24 20:00:00,0.0
2014-09-24 21:00:00,0.0
2014-09-24 22:00:00,0.34042289227108635
2014-09-24 23:00:00,0.0
2014-09-25 00:00:00,0.0
2014-09-25 01:00:00,0.0
2014-09-25 02:00:00,0.0
2014-09-25 03:00:00,-0.8293957515748933
2014-09-25 04:00:00,0.0
2014-09-25 05:00:00,-1.0086418042832785
2014-09-25 06:00:00,-1.0742750493266722
2014-09-25 07:00:00,0.0
2014-09-25 08:00:00,0.0
2014-09-25 09:00:00,0.0
2014-09-25 10:00:00,0.0
2014-09-25 11:00:00,0.0
2014-09-25 12:00:00,0.940822883546859
2014-09-25 13:00:00,1.177443404126059
2014-09-25 14:00:00,1.0722641625685052
2014-09-25 15:00:00,1.0109132464294144
2014-09-25 16:00:00,0.0
2014-09-25 17:00:00,1.400954754590078
2014-09-25 18:00:00,0.0
2014-09-25 19:00:00,1.3352341150792393
2014-09-25 20:00:00,0.0
2014-09-25 21:00:00,0.0
2014-09-25 22:00:00,0.2572233592733312
2014-09-25 23:00:00,-0.6325834109121505
2014-09-26 00:00:00,0.0
2014-09-26 01:00:00,0.0
2014-09-26 02:00:00,0.0
2014-09-26 03:00:00,0.0
2014-09-26 04:00:00,0.0
2014-09-26 05:00:00,-1.3016754535915274
2014-09-26 06:00:00,0.0
2014-09-26 07:00:00,0.0
2014-09-26 08:00:00,0.0
2014-09-26 09:00:00,0.0
2014-09-26 10:00:00,0.29663826408634286
2014-09-26 11:00:00,0.0
2014-09-26 12:00:00,0.0
2014-09-26 13:00:00,0.0
2014-09-26 14:00:00,0.0
2014-09-26 15:00:00,0.0
2014-09-26 16:00:00,0.0
2014-09-26 17:00:00,0.0
2014-09-26 18:00:00,1.1555510900336936
2014-09-26 19:00:00,0.0
2014-09-26 20:00:00,0.0
2014-09-26 21:00:00,0.0
2014-09-26 22:00:00,0.3536631540874308
2014-09-26 23:00:00,0.0
2014-09-27 00:00:00,0.0
2014-09-27 01:00:00,0.0
2014-09-27 02:00:00,0.0
2014-09-27 03:00:00,0.0
2014-09-27 04:00:00,-1.3497424106805629
2014-09-27 05:00:00,0.0
2014-09-27 06:00:00,-1.441593995954338
2014-09-27 07:00:00,0.0
2014-09-27 08:00:00,-0.039131279797431216
2014-09-27 09:00:00,0.0
2014-09-27 10:00:00,0.0
2014-09-27 11:00:00,0.0
2014-09-27 12:00:00,0.0
2014-09-27 13:00:00,0.0
2014-09-27 14:00:00,0.0
2014-09-27 15:00:00,0.0
2014-09-27 16:00:00,0.0
2014-09-27 17:00:00,0.0
2014-09-27 18:00:00,0.0
2014-09-27 19:00:00,1.0328492577555062
2014-09-27 20:00:00,0.0
2014-09-27 21:00:00,0.8837979935457683
2014-09-27 22:00:00,0.33605316889935366
2014-09-27 23:00:00,0.0
2014-09-28 00:00:00,0.0
2014-09-28 01:00:00,0.0
2014-09-28 02:00:00,0.0
2014-09-28 03:00:00,0.0
2014-09-28 04:00:00,0.0
2014-09-28 05:00:00,0.0
2014-09-28 06:00:00,0.0
2014-09-28 07:00:00,0.0
2014-09-28 08:00:00,0.3273137221558909
2014-09-28 09:00:00,0.21641014298136557
2014-09-28 10:00:00,0.0
2014-09-28 11:00:00,0.0
2014-09-28 12:00:00,0.0
2014-09-28 13:00:00,0.0
2014-09-28 14:00:00,1.2650563577292555
2014-09-28 15:00:00,0.0
2014-09-28 16:00:00,0.0
2014-09-28 17:00:00,0.0
2014-09-28 18:00:00,0.0
2014-09-28 19:00:00,0.0
2014-09-28 20:00:00,0.8925811375229513
2014-09-28 21:00:00,0.0
2014-09-28 22:00:00,0.0
2014-09-28 23:00:00,0.0
2014-09-29 00:00:00,0.0
2014-09-29 01:00:00,0.0
2014-09-29 02:00:00,0.0
2014-09-29 03:00:00,-1.1004496923233362
2014-09-29 04:00:00,0.0
2014-09-29 05:00:00,0.0
2014-09-29 06:00:00,0.0
2014-09-29 07:00:00,0.0
2014-09-29 08:00:00,0.0
2014-09-29 09:00:00,0.0
2014-09-29 10:00:00,0.0
2014-09-29 11:00:00,0.0
2014-09-29 12:00:00,0.0
2014-09-29 13:00:00,0.0
2014-09-29 14:00:00,0.0
2014-09-29 15:00:00,0.0
2014-09-29 16:00:00,0.0
2014-09-29 17:00:00,0.0
2014-09-29 18:00:00,0.0
2014-09-29 19:00:00,0.0
2014-09-29 20:00:00,0.0
2014-09-29 21:00:00,0.0
2014-09-29 22:00:00,0.0
2014-09-29 23:00:00,-0.44018449085485645
2014-09-30 00:00:00,0.0
2014-09-30 01:00:00,-1.2273464590383907
2014-09-30 02:00:00,0.0
2014-09-30 03:00:00,-1.0436432884908404
2014-09-30 04:00:00,0.0
2014-09-30 05:00:00,0.0
2014-09-30 06:00:00,-1.3060451769632568
2014-09-30 07:00:00,0.0
2014-09-30 08:00:00,0.0
2014-09-30 09:00:00,0.0310027803188427
2014-09-30 10:00:00,0.40181750564389446
2014-09-30 11:00:00,0.0
2014-09-30 12:00:00,0.0
2014-09-30 13:00:00,0.0
2014-09-30 14:00:00,0.0
2014-09-30 15:00:00,0.9101474254773178
2014-09-30 16:00:00,0.0
2014-09-30 17:00:00,0.0
2014-09-30 18:00:00,0.0
2014-09-30 19:00:00,0.0
2014-09-30 20:00:00,0.0
2014-09-30 21:00:00,0.0
2014-09-30 22:00:00,0.0
2014-09-30 23:00:00,0.0
2014-10-01 00:00:00,0.0
2014-10-01 01:00:00,0.0
2014-10-01 02:00:00,0.0
2014-10-01 03:00:00,-1.1529737672515383
2014-10-01 04:00:00,0.0
2014-10-01 05:00:00,0.0
2014-10-01 06:00:00,0.0
2014-10-01 07:00:00,0.0
2014-10-01 08:00:00,-0.326484288722428
2014-10-01 09:00:00,0.0
2014-10-01 10:00:00,0.0
2014-10-01 11:00:00,0.0
2014-10-01 12:00:00,0.0
2014-10-01 13:00:00,0.0
2014-10-01 14:00:00,0.0
2014-10-01 15:00:00,0.0
2014-10-01 16:00:00,1.4885240109595554
2014-10-01 17:00:00,0.0
2014-10-01 18:00:00,1.3570827319379022
2014-10-01 19:00:00,0.0
2014-10-01 20:00:00,0.0
2014-10-01 21:00:00,1.0459584278706964
2014-10-01 22:00:00,0.318574275412429
2014-10-01 23:00:00,-0.49266486854933944
2014-10-02 00:00:00,0.0
2014-10-02 01:00:00,-1.1748223841101906
2014-10-02 02:00:00,0.0
2014-10-02 03:00:00,0.0
2014-10-02 04:00:00,-1.1966710009688435
2014-10-02 05:00:00,-1.3234803732164624
2014-10-02 06:00:00,0.0
2014-10-02 07:00:00,0.0
2014-10-02 08:00:00,-0.12233081279517863
2014-10-02 09:00:00,0.0
2014-10-02 10:00:00,0.0
2014-10-02 11:00:00,0.0
2014-10-02 12:00:00,0.9188431749870495
2014-10-02 13:00:00,1.037218981127231
2014-10-02 14:00:00,1.0240661137783227
2014-10-02 15:00:00,0.0
2014-10-02 16:00:00,0.0
2014-10-02 17:00:00,0.0
2014-10-02 18:00:00,0.0
2014-10-02 19:00:00,0.0
2014-10-02 20:00:00,0.0
2014-10-02 21:00:00,0.0
2014-10-02 22:00:00,0.0
2014-10-02 23:00:00,-0.7419138896728484
2014-10-03 00:00:00,0.0
2014-10-03 01:00:00,0.0
2014-10-03 02:00:00,0.0
2014-10-03 03:00:00,0.0
2014-10-03 04:00:00,-1.1966710009688433
2014-10-03 05:00:00,-1.3541121340522924
2014-10-03 06:00:00,0.0
2014-10-03 07:00:00,-0.06106729112351606
2014-10-03 08:00:00,0.0
2014-10-03 09:00:00,0.08348315801332183
2014-10-03 10:00:00,0.8005547633143124
2014-10-03 11:00:00,0.0
2014-10-03 12:00:00,0.0
2014-10-03 13:00:00,0.0
2014-10-03 14:00:00,0.0
2014-10-03 15:00:00,1.435956238797641
2014-10-03 16:00:00,1.247490069774904
2014-10-03 17:00:00,0.0
2014-10-03 18:00:00,0.0
2014-10-03 19:00:00,0.0
2014-10-03 20:00:00,0.0
2014-10-03 21:00:00,0.0
2014-10-03 22:00:00,0.0
2014-10-03 23:00:00,0.0
2014-10-04 00:00:00,-0.641322857655612
2014-10-04 01:00:00,-1.0961236661853235
2014-10-04 02:00:00,0.0
2014-10-04 03:00:00,-0.9998586603060999
2014-10-04 04:00:00,0.0
2014-10-04 05:00:00,0.0
2014-10-04 06:00:00,0.0
2014-10-04 07:00:00,0.0
2014-10-04 08:00:00,0.0
2014-10-04 09:00:00,0.0
2014-10-04 10:00:00,0.0
2014-10-04 11:00:00,0.0
2014-10-04 12:00:00,0.0
2014-10-04 13:00:00,0.0
2014-10-04 14:00:00,0.0
2014-10-04 15:00:00,0.0
2014-10-04 16:00:00,0.0
2014-10-04 17:00:00,1.2431640436368823
2014-10-04 18:00:00,0.0
2014-10-04 19:00:00,0.0
2014-10-04 20:00:00,0.0
2014-10-04 21:00:00,0.0
2014-10-04 22:00:00,0.0
2014-10-04 23:00:00,0.0
2014-10-05 00:00:00,0.0
2014-10-05 01:00:00,0.0
2014-10-05 02:00:00,0.0
2014-10-05 03:00:00,0.0
2014-10-05 04:00:00,-1.1092765335342325
2014-10-05 05:00:00,-1.2928923096143488
2014-10-05 06:00:00,-1.2929360068480662
2014-10-05 07:00:00,0.0
2014-10-05 08:00:00,0.04551026191299077
2014-10-05 09:00:00,0.0
2014-10-05 10:00:00,0.0
2014-10-05 11:00:00,0.0
2014-10-05 12:00:00,0.0
2014-10-05 13:00:00,0.0
2014-10-05 14:00:00,0.0
2014-10-05 15:00:00,0.0
2014-10-05 16:00:00,0.0
2014-10-05 17:00:00,1.2650563577292555
2014-10-05 18:00:00,0.0
2014-10-05 19:00:00,0.0
2014-10-05 20:00:00,0.0
2014-10-05 21:00:00,0.5245193379220828
2014-10-05 22:00:00,0.0
2014-10-05 23:00:00,0.0
2014-10-06 00:00:00,-1.2579345226405043
2014-10-06 01:00:00,0.0
2014-10-06 02:00:00,0.0
2014-10-06 03:00:00,0.0
2014-10-06 04:00:00,-1.2622605487785181
2014-10-06 05:00:00,0.0
2014-10-06 06:00:00,0.0
2014-10-06 07:00:00,-0.36869581649334493
2014-10-06 08:00:00,0.0
2014-10-06 09:00:00,0.0
2014-10-06 10:00:00,0.0
2014-10-06 11:00:00,0.9057777021055777
2014-10-06 12:00:00,0.0
2014-10-06 13:00:00,0.0
2014-10-06 14:00:00,0.0
2014-10-06 15:00:00,0.0
2014-10-06 16:00:00,0.0
2014-10-06 17:00:00,0.0
2014-10-06 18:00:00,0.0
2014-10-06 19:00:00,0.0
2014-10-06 20:00:00,0.0
2014-10-06 21:00:00,0.7698793052447561
2014-10-06 22:00:00,0.0
2014-10-06 23:00:00,-0.5189269060134398
2014-10-07 00:00:00,0.0
2014-10-07 01:00:00,0.0
2014-10-07 02:00:00,0.0
2014-10-07 03:00:00,0.0
2014-10-07 04:00:00,0.0
2014-10-07 05:00:00,0.0
2014-10-07 06:00:00,-1.2841965601046046
2014-10-07 07:00:00,0.0
2014-10-07 08:00:00,0.0
2014-10-07 09:00:00,0.0
2014-10-07 10:00:00,0.0
2014-10-07 11:00:00,0.0
2014-10-07 12:00:00,0.0
2014-10-07 13:00:00,0.0
2014-10-07 14:00:00,1.0678944391967722
2014-10-07 15:00:00,0.8925811375229513
2014-10-07 16:00:00,0.0
2014-10-07 17:00:00,0.0
2014-10-07 18:00:00,0.0
2014-10-07 19:00:00,0.0
2014-10-07 20:00:00,1.1862265481032355
2014-10-07 21:00:00,0.0
2014-10-07 22:00:00,0.0
2014-10-07 23:00:00,0.0
2014-10-08 00:00:00,0.0
2014-10-08 01:00:00,0.0
2014-10-08 02:00:00,0.0
2014-10-08 03:00:00,0.0
2014-10-08 04:00:00,0.0
2014-10-08 05:00:00,-1.2491950758970438
2014-10-08 06:00:00,-1.1311688476266026
2014-10-08 07:00:00,0.0
2014-10-08 08:00:00,0.0
2014-10-08 09:00:00,0.0
2014-10-08 10:00:00,0.0
2014-10-08 11:00:00,0.0
2014-10-08 12:00:00,1.054741571847872
2014-10-08 13:00:00,0.9714546443826746
2014-10-08 14:00:00,0.0
2014-10-08 15:00:00,1.1423982226847857
2014-10-08 16:00:00,0.0
2014-10-08 17:00:00,0.0
2014-10-08 18:00:00,0.0
2014-10-08 19:00:00,0.0
2014-10-08 20:00:00,0.0
2014-10-08 21:00:00,0.0
2014-10-08 22:00:00,0.3842949149232539
2014-10-08 23:00:00,0.0
2014-10-09 00:00:00,0.0
2014-10-09 01:00:00,0.0
2014-10-09 02:00:00,0.0
2014-10-09 03:00:00,0.0
2014-10-09 04:00:00,0.0
2014-10-09 05:00:00,0.0
2014-10-09 06:00:00,-1.052382735234301
2014-10-09 07:00:00,0.0
2014-10-09 08:00:00,0.0
2014-10-09 09:00:00,-0.04787072654089009
2014-10-09 10:00:00,0.0
2014-10-09 11:00:00,0.0
2014-10-09 12:00:00,0.7698793052447557
2014-10-09 13:00:00,0.0
2014-10-09 14:00:00,0.0
2014-10-09 15:00:00,0.0
2014-10-09 16:00:00,0.9145171488490353
2014-10-09 17:00:00,0.0
2014-10-09 18:00:00,0.0
2014-10-09 19:00:00,0.0
2014-10-09 20:00:00,0.0
2014-10-09 21:00:00,0.0
2014-10-09 22:00:00,0.20465558711141416
2014-10-09 23:00:00,0.0
2014-10-10 00:00:00,0.0
2014-10-10 01:00:00,0.0
2014-10-10 02:00:00,-1.3628515807957544
2014-10-10 03:00:00,0.0
2014-10-10 04:00:00,0.0
2014-10-10 05:00:00,0.0
2014-10-10 06:00:00,0.0
2014-10-10 07:00:00,-0.29716344489811797
2014-10-10 08:00:00,0.0
2014-10-10 09:00:00,0.0
2014-10-10 10:00:00,0.0
2014-10-10 11:00:00,0.8356873392230223
2014-10-10 12:00:00,0.8312739186175716
2014-10-10 13:00:00,0.0
2014-10-10 14:00:00,0.0
2014-10-10 15:00:00,0.0
2014-10-10 16:00:00,0.0
2014-10-10 17:00:00,0.0
2014-10-10 18:00:00,0.0
2014-10-10 19:00:00,0.0
2014-10-10 20:00:00,0.0
2014-10-10 21:00:00,0.0
2014-10-10 22:00:00,0.0
2014-10-10 23:00:00,0.0
2014-10-11 00:00:00,-0.7593927831597697
2014-10-11 01:00:00,0.0
2014-10-11 02:00:00,0.0
2014-10-11 03:00:00,0.0
2014-10-11 04:00:00,-1.2010407243405736
2014-10-11 05:00:00,0.0
2014-10-11 06:00:00,0.0
2014-10-11 07:00:00,0.0
2014-10-11 08:00:00,-0.3075196892891172
2014-10-11 09:00:00,0.0
2014-10-11 10:00:00,0.0
2014-10-11 11:00:00,0.0
2014-10-11 12:00:00,0.0
2014-10-11 13:00:00,0.0
2014-10-11 14:00:00,0.0
2014-10-11 15:00:00,0.49384387985254125
2014-10-11 16:00:00,0.0
2014-10-11 17:00:00,0.6735269048980947
2014-10-11 18:00:00,0.0
2014-10-11 19:00:00,0.0
2014-10-11 20:00:00,0.0
2014-10-11 21:00:00,0.6296985794796452
2014-10-11 22:00:00,0.0
2014-10-11 23:00:00,0.0
2014-10-12 00:00:00,0.0
2014-10-12 01:00:00,-1.2448253525253128
2014-10-12 02:00:00,0.0
2014-10-12 03:00:00,0.0
2014-10-12 04:00:00,0.0
2014-10-12 05:00:00,0.0
2014-10-12 06:00:00,-1.218563315061212
2014-10-12 07:00:00,-0.13238117655015658
2014-10-12 08:00:00,0.0
2014-10-12 09:00:00,0.0
2014-10-12 10:00:00,0.0
2014-10-12 11:00:00,0.0
2014-10-12 12:00:00,0.0
2014-10-12 13:00:00,0.0
2014-10-12 14:00:00,0.9627151976392249
2014-10-12 15:00:00,0.0
2014-10-12 16:00:00,0.0
2014-10-12 17:00:00,0.0
2014-10-12 18:00:00,0.0
2014-10-12 19:00:00,0.0
2014-10-12 20:00:00,0.0
2014-10-12 21:00:00,0.0
2014-10-12 22:00:00,0.0
2014-10-12 23:00:00,0.0
2014-10-13 00:00:00,0.0
2014-10-13 01:00:00,0.0
2014-10-13 02:00:00,0.0
2014-10-13 03:00:00,0.0
2014-10-13 04:00:00,0.0
2014-10-13 05:00:00,0.0
2014-10-13 06:00:00,0.0
2014-10-13 07:00:00,0.0
2014-10-13 08:00:00,0.0
2014-10-13 09:00:00,0.0
2014-10-13 10:00:00,0.6515908935720107
2014-10-13 11:00:00,0.8751022440360288
2014-10-13 12:00:00,0.0
2014-10-13 13:00:00,0.9320397395696759
2014-10-13 14:00:00,0.0
2014-10-13 15:00:00,0.0
2014-10-13 16:00:00,0.0
2014-10-13 17:00:00,0.8750585468023108
2014-10-13 18:00:00,0.0
2014-10-13 19:00:00,1.0459584278706886
2014-10-13 20:00:00,0.0
2014-10-13 21:00:00,0.0
2014-10-13 22:00:00,0.0
2014-10-13 23:00:00,0.0
2014-10-14 00:00:00,0.0
2014-10-14 01:00:00,0.0
2014-10-14 02:00:00,-1.0611221819777616
2014-10-14 03:00:00,0.0
2014-10-14 04:00:00,0.0
2014-10-14 05:00:00,0.0
2014-10-14 06:00:00,0.0
2014-10-14 07:00:00,0.0
2014-10-14 08:00:00,-0.5407755228720929
2014-10-14 09:00:00,0.0
2014-10-14 10:00:00,0.0
2014-10-14 11:00:00,0.0
2014-10-14 12:00:00,0.0
2014-10-14 13:00:00,0.7918153165708475
2014-10-14 14:00:00,0.0
2014-10-14 15:00:00,0.0
2014-10-14 16:00:00,0.0
2014-10-14 17:00:00,0.0
2014-10-14 18:00:00,0.0
2014-10-14 19:00:00,1.0460021251044145
2014-10-14 20:00:00,0.0
2014-10-14 21:00:00,0.0
2014-10-14 22:00:00,0.0
2014-10-14 23:00:00,0.0
2014-10-15 00:00:00,-1.393439644397868
2014-10-15 01:00:00,0.0
2014-10-15 02:00:00,-1.3410029639371015
2014-10-15 03:00:00,0.0
2014-10-15 04:00:00,0.0
2014-10-15 05:00:00,0.0
2014-10-15 06:00:00,0.0
2014-10-15 07:00:00,0.0
2014-10-15 08:00:00,0.0
2014-10-15 09:00:00,0.0
2014-10-15 10:00:00,0.8093379072914876
2014-10-15 11:00:00,0.0
2014-10-15 12:00:00,0.0
2014-10-15 13:00:00,0.0
2014-10-15 14:00:00,1.050371848476131
2014-10-15 15:00:00,0.0
2014-10-15 16:00:00,0.0
2014-10-15 17:00:00,0.0
2014-10-15 18:00:00,0.0
2014-10-15 19:00:00,0.0
2014-10-15 20:00:00,0.0
2014-10-15 21:00:00,0.0
2014-10-15 22:00:00,0.0
2014-10-15 23:00:00,0.0
2014-10-16 00:00:00,0.0
2014-10-16 01:00:00,0.0
2014-10-16 02:00:00,-1.1660829373667292
2014-10-16 03:00:00,0.0
2014-10-16 04:00:00,0.0
2014-10-16 05:00:00,0.0
2014-10-16 06:00:00,0.0
2014-10-16 07:00:00,0.0
2014-10-16 08:00:00,0.0
2014-10-16 09:00:00,0.0
2014-10-16 10:00:00,0.0
2014-10-16 11:00:00,0.0
2014-10-16 12:00:00,0.0
2014-10-16 13:00:00,1.0021301024522313
2014-10-16 14:00:00,0.9495623302903164
2014-10-16 15:00:00,0.0
2014-10-16 16:00:00,0.861905679453395
2014-10-16 17:00:00,0.0
2014-10-16 18:00:00,0.0
2014-10-16 19:00:00,0.0
2014-10-16 20:00:00,0.0
2014-10-16 21:00:00,0.0
2014-10-16 22:00:00,0.20028586373968668
2014-10-16 23:00:00,0.0
2014-10-17 00:00:00,0.0
2014-10-17 01:00:00,0.0
2014-10-17 02:00:00,0.0
2014-10-17 03:00:00,0.0
2014-10-17 04:00:00,0.0
2014-10-17 05:00:00,-1.201040724340573
2014-10-17 06:00:00,0.0
2014-10-17 07:00:00,0.0
2014-10-17 08:00:00,0.13312321551618678
2014-10-17 09:00:00,0.0
2014-10-17 10:00:00,0.6779403255035454
2014-10-17 11:00:00,0.0
2014-10-17 12:00:00,0.0
2014-10-17 13:00:00,0.0
2014-10-17 14:00:00,0.0
2014-10-17 15:00:00,0.0
2014-10-17 16:00:00,0.0
2014-10-17 17:00:00,0.0
2014-10-17 18:00:00,0.0
2014-10-17 19:00:00,0.0
2014-10-17 20:00:00,1.1598771161717076
2014-10-17 21:00:00,0.0
2014-10-17 22:00:00,0.0
2014-10-17 23:00:00,0.0
2014-10-18 00:00:00,-0.7244349961859259
2014-10-18 01:00:00,0.0
2014-10-18 02:00:00,0.0
2014-10-18 03:00:00,0.0
2014-10-18 04:00:00,0.0
2014-10-18 05:00:00,0.0
2014-10-18 06:00:00,0.0
2014-10-18 07:00:00,0.0
2014-10-18 08:00:00,0.0
2014-10-18 09:00:00,0.0
2014-10-18 10:00:00,0.9539320536620414
2014-10-18 11:00:00,0.0
2014-10-18 12:00:00,0.0
2014-10-18 13:00:00,1.2606866343575232
2014-10-18 14:00:00,0.0
2014-10-18 15:00:00,1.0021737996859568
2014-10-18 16:00:00,0.0
2014-10-18 17:00:00,0.0
2014-10-18 18:00:00,0.0
2014-10-18 19:00:00,0.0
2014-10-18 20:00:00,1.2782092250781643
2014-10-18 21:00:00,0.0
2014-10-18 22:00:00,0.0
2014-10-18 23:00:00,0.0
2014-10-19 00:00:00,-0.7506533364163082
2014-10-19 01:00:00,0.0
2014-10-19 02:00:00,0.0
2014-10-19 03:00:00,0.0
2014-10-19 04:00:00,0.0
2014-10-19 05:00:00,0.0
2014-10-19 06:00:00,0.0
2014-10-19 07:00:00,0.0
2014-10-19 08:00:00,0.0
2014-10-19 09:00:00,0.0
2014-10-19 10:00:00,0.0
2014-10-19 11:00:00,0.0
2014-10-19 12:00:00,0.0
2014-10-19 13:00:00,0.0
2014-10-19 14:00:00,0.0
2014-10-19 15:00:00,0.0
2014-10-19 16:00:00,1.733971372749658
2014-10-19 17:00:00,0.0
2014-10-19 18:00:00,0.0
2014-10-19 19:00:00,1.6725330621431231
2014-10-19 20:00:00,0.0
2014-10-19 21:00:00,0.7304644004317418
2014-10-19 22:00:00,0.0
2014-10-19 23:00:00,0.0
2014-10-20 00:00:00,0.0
2014-10-20 01:00:00,0.0
2014-10-20 02:00:00,0.0
2014-10-20 03:00:00,0.0
2014-10-20 04:00:00,0.0
2014-10-20 05:00:00,0.0
2014-10-20 06:00:00,0.0
2014-10-20 07:00:00,0.019204527215172806
2014-10-20 08:00:00,0.0
2014-10-20 09:00:00,0.0
2014-10-20 10:00:00,0.0
2014-10-20 11:00:00,0.0
2014-10-20 12:00:00,0.0
2014-10-20 13:00:00,0.0
2014-10-20 14:00:00,0.0
2014-10-20 15:00:00,1.1730299835206086
2014-10-20 16:00:00,0.0
2014-10-20 17:00:00,0.0
2014-10-20 18:00:00,0.0
2014-10-20 19:00:00,1.2212717295445246
2014-10-20 20:00:00,0.0
2014-10-20 21:00:00,0.0
2014-10-20 22:00:00,0.2572233592733329
2014-10-20 23:00:00,-0.6982166559555432
2014-10-21 00:00:00,0.0
2014-10-21 01:00:00,0.0
2014-10-21 02:00:00,0.0
2014-10-21 03:00:00,-1.1660829373667283
2014-10-21 04:00:00,-1.209823868317751
2014-10-21 05:00:00,-1.3496987134468448
2014-10-21 06:00:00,0.0
2014-10-21 07:00:00,-0.14120801776105202
2014-10-21 08:00:00,-0.36148577292998985
2014-10-21 09:00:00,0.0
2014-10-21 10:00:00,0.0
2014-10-21 11:00:00,1.041545007265238
2014-10-21 12:00:00,0.0
2014-10-21 13:00:00,0.0
2014-10-21 14:00:00,1.4491091061465489
2014-10-21 15:00:00,0.0
2014-10-21 16:00:00,0.0
2014-10-21 17:00:00,0.0
2014-10-21 18:00:00,0.0
2014-10-21 19:00:00,0.0
2014-10-21 20:00:00,0.0
2014-10-21 21:00:00,0.8268604980121286
2014-10-21 22:00:00,0.0
2014-10-21 23:00:00,-0.3775226577042408
2014-10-22 00:00:00,0.0
2014-10-22 01:00:00,0.0
2014-10-22 02:00:00,0.0
2014-10-22 03:00:00,-0.7769153738804093
2014-10-22 04:00:00,0.0
2014-10-22 05:00:00,0.0
2014-10-22 06:00:00,-1.3016317563578093
2014-10-22 07:00:00,0.0
2014-10-22 08:00:00,-0.21855212144068495
2014-10-22 09:00:00,0.0
2014-10-22 10:00:00,0.47195156576016795
2014-10-22 11:00:00,0.0
2014-10-22 12:00:00,0.0
2014-10-22 13:00:00,0.9451489096848735
2014-10-22 14:00:00,0.0
2014-10-22 15:00:00,0.0
2014-10-22 16:00:00,0.0
2014-10-22 17:00:00,0.0
2014-10-22 18:00:00,0.0
2014-10-22 19:00:00,0.0
2014-10-22 20:00:00,0.0
2014-10-22 21:00:00,1.177399706892341
2014-10-22 22:00:00,0.3141608548069804
2014-10-22 23:00:00,-0.5451452462438229
2014-10-23 00:00:00,0.0
2014-10-23 01:00:00,-1.2097801710840341
2014-10-23 02:00:00,0.0
2014-10-23 03:00:00,0.0
2014-10-23 04:00:00,0.0
2014-10-23 05:00:00,0.0
2014-10-23 06:00:00,0.0
2014-10-23 07:00:00,0.0
2014-10-23 08:00:00,0.0
2014-10-23 09:00:00,0.0
2014-10-23 10:00:00,0.0
2014-10-23 11:00:00,0.0
2014-10-23 12:00:00,1.098569897266321
2014-10-23 13:00:00,1.1774434041260677
2014-10-23 14:00:00,0.0
2014-10-23 15:00:00,0.0
2014-10-23 16:00:00,0.0
2014-10-23 17:00:00,0.0
2014-10-23 18:00:00,0.0
2014-10-23 19:00:00,0.0
2014-10-23 20:00:00,0.0
2014-10-23 21:00:00,0.0
2014-10-23 22:00:00,0.0
2014-10-23 23:00:00,0.0
2014-10-24 00:00:00,0.0
2014-10-24 01:00:00,0.0
2014-10-24 02:00:00,0.0
2014-10-24 03:00:00,0.0
2014-10-24 04:00:00,0.0
2014-10-24 05:00:00,0.0
2014-10-24 06:00:00,0.0
2014-10-24 07:00:00,0.0
2014-10-24 08:00:00,0.0
2014-10-24 09:00:00,0.0
2014-10-24 10:00:00,0.0
2014-10-24 11:00:00,0.0
2014-10-24 12:00:00,0.0
2014-10-24 13:00:00,0.0
2014-10-24 14:00:00,1.0109132464294144
2014-10-24 15:00:00,0.0
2014-10-24 16:00:00,1.1773997068923419
2014-10-24 17:00:00,0.0
2014-10-24 18:00:00,0.0
2014-10-24 19:00:00,0.0
2014-10-24 20:00:00,0.0
2014-10-24 21:00:00,0.9802377883598654
2014-10-24 22:00:00,0.0
2014-10-24 23:00:00,0.0
2014-10-25 00:00:00,0.0
2014-10-25 01:00:00,0.0
2014-10-25 02:00:00,0.0
2014-10-25 03:00:00,0.0
2014-10-25 04:00:00,0.0
2014-10-25 05:00:00,0.0
2014-10-25 06:00:00,0.0
2014-10-25 07:00:00,0.0
2014-10-25 08:00:00,0.0
2014-10-25 09:00:00,-0.12368542704041793
2014-10-25 10:00:00,0.0
2014-10-25 11:00:00,0.0
2014-10-25 12:00:00,0.0
2014-10-25 13:00:00,0.0
2014-10-25 14:00:00,0.0
2014-10-25 15:00:00,0.0
2014-10-25 16:00:00,0.0
2014-10-25 17:00:00,0.0
2014-10-25 18:00:00,0.0
2014-10-25 19:00:00,0.0
2014-10-25 20:00:00,1.488480313725845
2014-10-25 21:00:00,0.0
2014-10-25 22:00:00,0.3624026008308806
2014-10-25 23:00:00,0.0
2014-10-26 00:00:00,0.0
2014-10-26 01:00:00,0.0
2014-10-26 02:00:00,0.046034628717597184
2014-10-26 03:00:00,0.0
2014-10-26 04:00:00,0.0
2014-10-26 05:00:00,0.0
2014-10-26 06:00:00,-1.327893793821909
2014-10-26 07:00:00,0.0
2014-10-26 08:00:00,0.0
2014-10-26 09:00:00,0.0
2014-10-26 10:00:00,0.0
2014-10-26 11:00:00,0.0
2014-10-26 12:00:00,0.0
2014-10-26 13:00:00,0.0
2014-10-26 14:00:00,0.0
2014-10-26 15:00:00,0.0
2014-10-26 16:00:00,0.0
2014-10-26 17:00:00,0.0
2014-10-26 18:00:00,0.0
2014-10-26 19:00:00,0.0
2014-10-26 20:00:00,0.8181647485023817
2014-10-26 21:00:00,0.0
2014-10-26 22:00:00,0.0
2014-10-26 23:00:00,-0.6238439641686895
2014-10-27 00:00:00,-0.956205123822513
2014-10-27 01:00:00,0.0
2014-10-27 02:00:00,0.0
2014-10-27 03:00:00,0.0
2014-10-27 04:00:00,0.0
2014-10-27 05:00:00,0.0
2014-10-27 06:00:00,0.0
2014-10-27 07:00:00,0.0
2014-10-27 08:00:00,-0.3877041131603721
2014-10-27 09:00:00,0.0
2014-10-27 10:00:00,0.0
2014-10-27 11:00:00,0.6910057983850172
2014-10-27 12:00:00,0.0
2014-10-27 13:00:00,0.0
2014-10-27 14:00:00,0.0
2014-10-27 15:00:00,0.0
2014-10-27 16:00:00,0.9627151976392249
2014-10-27 17:00:00,0.0
2014-10-27 18:00:00,0.0
2014-10-27 19:00:00,0.0
2014-10-27 20:00:00,0.0
2014-10-27 21:00:00,0.6735269048980921
2014-10-27 22:00:00,0.0
2014-10-27 23:00:00,-0.40081328327556326
2014-10-28 00:00:00,0.0
2014-10-28 01:00:00,0.0
2014-10-28 02:00:00,0.0
2014-10-28 03:00:00,0.0
2014-10-28 04:00:00,0.0
2014-10-28 05:00:00,0.0
2014-10-28 06:00:00,0.0
2014-10-28 07:00:00,-0.012912939567049819
2014-10-28 08:00:00,0.0
2014-10-28 09:00:00,-0.02156499184307646
2014-10-28 10:00:00,0.0
2014-10-28 11:00:00,0.0
2014-10-28 12:00:00,0.0
2014-10-28 13:00:00,0.0
2014-10-28 14:00:00,0.0
2014-10-28 15:00:00,0.783032172593664
2014-10-28 16:00:00,0.0
2014-10-28 17:00:00,1.3001452364042556
2014-10-28 18:00:00,0.0
2014-10-28 19:00:00,0.0
2014-10-28 20:00:00,0.0
2014-10-28 21:00:00,0.6910057983850254
2014-10-28 22:00:00,0.0
2014-10-28 23:00:00,0.0
2014-10-29 00:00:00,0.0
2014-10-29 01:00:00,0.0
2014-10-29 02:00:00,0.0
2014-10-29 03:00:00,0.0
2014-10-29 04:00:00,0.0
2014-10-29 05:00:00,-1.349742410680562
2014-10-29 06:00:00,-1.345372687308832
2014-10-29 07:00:00,0.0
2014-10-29 08:00:00,0.0
2014-10-29 09:00:00,0.0
2014-10-29 10:00:00,0.0
2014-10-29 11:00:00,0.0
2014-10-29 12:00:00,0.0
2014-10-29 13:00:00,0.0
2014-10-29 14:00:00,0.0
2014-10-29 15:00:00,1.0328492577555057
2014-10-29 16:00:00,0.0
2014-10-29 17:00:00,0.0
2014-10-29 18:00:00,0.0
2014-10-29 19:00:00,0.0
2014-10-29 20:00:00,0.0
2014-10-29 21:00:00,0.0
2014-10-29 22:00:00,0.0
2014-10-29 23:00:00,0.0
2014-10-30 00:00:00,0.0
2014-10-30 01:00:00,0.0
2014-10-30 02:00:00,0.0
2014-10-30 03:00:00,0.0
2014-10-30 04:00:00,0.0
2014-10-30 05:00:00,-1.32789379382191
2014-10-30 06:00:00,-1.2885225862426177
2014-10-30 07:00:00,0.0
2014-10-30 08:00:00,0.0
2014-10-30 09:00:00,0.0
2014-10-30 10:00:00,0.5157798911786252
2014-10-30 11:00:00,0.0
2014-10-30 12:00:00,0.0
2014-10-30 13:00:00,0.0
2014-10-30 14:00:00,0.8707325206643035
2014-10-30 15:00:00,0.0
2014-10-30 16:00:00,0.0
2014-10-30 17:00:00,0.0
2014-10-30 18:00:00,0.0
2014-10-30 19:00:00,0.0
2014-10-30 20:00:00,0.0
2014-10-30 21:00:00,0.0
2014-10-30 22:00:00,-0.020341469298988762
2014-10-30 23:00:00,0.0
2014-10-31 00:00:00,0.0
2014-10-31 01:00:00,-1.2097801710840341
2014-10-31 02:00:00,0.0
2014-10-31 03:00:00,0.0
2014-10-31 04:00:00,0.0
2014-10-31 05:00:00,0.0
2014-10-31 06:00:00,0.0
2014-10-31 07:00:00,0.0
2014-10-31 08:00:00,0.0
2014-10-31 09:00:00,-0.21116728894246234
2014-10-31 10:00:00,0.0
2014-10-31 11:00:00,0.0
2014-10-31 12:00:00,0.0
2014-10-31 13:00:00,0.0
2014-10-31 14:00:00,0.0
2014-10-31 15:00:00,0.0
2014-10-31 16:00:00,0.0
2014-10-31 17:00:00,0.0
2014-10-31 18:00:00,1.2694697783346989
2014-10-31 19:00:00,0.0
2014-10-31 20:00:00,1.0635247158250467
2014-10-31 21:00:00,0.0
2014-10-31 22:00:00,0.15204411771578083
2014-10-31 23:00:00,0.010377686004276925
2014-11-01 00:00:00,0.0
2014-11-01 01:00:00,0.0
2014-11-01 02:00:00,0.0
2014-11-01 03:00:00,0.0
2014-11-01 04:00:00,0.0
2014-11-01 05:00:00,-0.9386388358681563
2014-11-01 06:00:00,0.0
2014-11-01 07:00:00,0.0
2014-11-01 08:00:00,0.0
2014-11-01 09:00:00,0.0
2014-11-01 10:00:00,0.0
2014-11-01 11:00:00,0.9627151976392322
2014-11-01 12:00:00,0.0
2014-11-01 13:00:00,0.0
2014-11-01 14:00:00,0.7611835557350166
2014-11-01 15:00:00,0.0
2014-11-01 16:00:00,0.8269041952458389
2014-11-01 17:00:00,0.0
2014-11-01 18:00:00,0.0
2014-11-01 19:00:00,0.0
2014-11-01 20:00:00,1.1292453553358777
2014-11-01 21:00:00,0.7436172677806497
2014-11-01 22:00:00,0.04109684130754261
2014-11-01 23:00:00,0.0
2014-11-02 00:00:00,0.0
2014-11-02 01:00:00,-1.406548814513059
2014-11-02 02:00:00,-1.2535211020350567
2014-11-02 03:00:00,0.0
2014-11-02 04:00:00,-1.4459637193260684
2014-11-02 05:00:00,-1.507183543764012
2014-11-02 06:00:00,0.0
2014-11-02 07:00:00,0.0
2014-11-02 08:00:00,0.0
2014-11-02 09:00:00,0.0
2014-11-02 10:00:00,0.0
2014-11-02 11:00:00,0.6954192189904753
2014-11-02 12:00:00,0.0
2014-11-02 13:00:00,0.0
2014-11-02 14:00:00,0.0
2014-11-02 15:00:00,0.6910494956187353
2014-11-02 16:00:00,0.8706888234305854
2014-11-02 17:00:00,0.0
2014-11-02 18:00:00,0.0
2014-11-02 19:00:00,0.0
2014-11-02 20:00:00,0.5595645193633718
2014-11-02 21:00:00,0.0
2014-11-02 22:00:00,0.0
2014-11-02 23:00:00,-0.6675848951197123
2014-11-03 00:00:00,0.0
2014-11-03 01:00:00,0.0
2014-11-03 02:00:00,0.0
2014-11-03 03:00:00,0.0
2014-11-03 04:00:00,0.0
2014-11-03 05:00:00,0.0
2014-11-03 06:00:00,0.0
2014-11-03 07:00:00,0.0
2014-11-03 08:00:00,0.0
2014-11-03 09:00:00,0.0
2014-11-03 10:00:00,0.6340683028513775
2014-11-03 11:00:00,0.0
2014-11-03 12:00:00,0.0
2014-11-03 13:00:00,0.0
2014-11-03 14:00:00,0.8706888234305781
2014-11-03 15:00:00,0.0
2014-11-03 16:00:00,0.0
2014-11-03 17:00:00,0.0
2014-11-03 18:00:00,0.0
2014-11-03 19:00:00,0.0
2014-11-03 20:00:00,0.0
2014-11-03 21:00:00,0.0
2014-11-03 22:00:00,0.0
2014-11-03 23:00:00,0.0
2014-11-04 00:00:00,0.0
2014-11-04 01:00:00,0.0
2014-11-04 02:00:00,0.0
2014-11-04 03:00:00,0.0
2014-11-04 04:00:00,0.0
2014-11-04 05:00:00,0.0
2014-11-04 06:00:00,0.0
2014-11-04 07:00:00,0.0
2014-11-04 08:00:00,-0.6501060016327899
2014-11-04 09:00:00,0.0
2014-11-04 10:00:00,0.0
2014-11-04 11:00:00,0.673483207664384
2014-11-04 12:00:00,0.0
2014-11-04 13:00:00,0.0
2014-11-04 14:00:00,0.0
2014-11-04 15:00:00,0.46758184238843525
2014-11-04 16:00:00,0.0
2014-11-04 17:00:00,0.0
2014-11-04 18:00:00,0.0
2014-11-04 19:00:00,0.0
2014-11-04 20:00:00,0.8049244866860372
2014-11-04 21:00:00,0.0
2014-11-04 22:00:00,0.0
2014-11-04 23:00:00,0.0
2014-11-05 00:00:00,0.0
2014-11-05 01:00:00,0.0
2014-11-05 02:00:00,0.0
2014-11-05 03:00:00,0.0
2014-11-05 04:00:00,0.0
2014-11-05 05:00:00,0.0
2014-11-05 06:00:00,0.0
2014-11-05 07:00:00,0.0
2014-11-05 08:00:00,0.0
2014-11-05 09:00:00,0.0
2014-11-05 10:00:00,0.5726736894785693
2014-11-05 11:00:00,0.0
2014-11-05 12:00:00,0.0
2014-11-05 13:00:00,0.0
2014-11-05 14:00:00,0.0
2014-11-05 15:00:00,0.7348341238034818
2014-11-05 16:00:00,0.7742490286164806
2014-11-05 17:00:00,0.0
2014-11-05 18:00:00,0.0
2014-11-05 19:00:00,0.0
2014-11-05 20:00:00,0.0
2014-11-05 21:00:00,0.0
2014-11-05 22:00:00,0.0
2014-11-05 23:00:00,0.0
2014-11-06 00:00:00,0.0
2014-11-06 01:00:00,-1.306045176963257
2014-11-06 02:00:00,0.0
2014-11-06 03:00:00,0.0
2014-11-06 04:00:00,0.0
2014-11-06 05:00:00,0.0
2014-11-06 06:00:00,0.0
2014-11-06 07:00:00,0.0
2014-11-06 08:00:00,0.0
2014-11-06 09:00:00,0.0
2014-11-06 10:00:00,0.0
2014-11-06 11:00:00,0.0
2014-11-06 12:00:00,0.8312302213838535
2014-11-06 13:00:00,0.0
2014-11-06 14:00:00,0.0
2014-11-06 15:00:00,0.765509581873023
2014-11-06 16:00:00,0.8049681839197553
2014-11-06 17:00:00,0.0
2014-11-06 18:00:00,0.0
2014-11-06 19:00:00,0.0
2014-11-06 20:00:00,0.0
2014-11-06 21:00:00,0.6384380262231002
2014-11-06 22:00:00,-0.020297772065270264
2014-11-06 23:00:00,0.0
2014-11-07 00:00:00,0.0
2014-11-07 01:00:00,0.0
2014-11-07 02:00:00,0.0
2014-11-07 03:00:00,-1.2798268367328738
2014-11-07 04:00:00,0.0
2014-11-07 05:00:00,0.0
2014-11-07 06:00:00,0.0
2014-11-07 07:00:00,0.0
2014-11-07 08:00:00,0.0
2014-11-07 09:00:00,0.0
2014-11-07 10:00:00,0.0
2014-11-07 11:00:00,0.0
2014-11-07 12:00:00,0.6428514468285531
2014-11-07 13:00:00,0.0
2014-11-07 14:00:00,0.0
2014-11-07 15:00:00,0.0
2014-11-07 16:00:00,0.0
2014-11-07 17:00:00,0.8137513278969387
2014-11-07 18:00:00,0.0
2014-11-07 19:00:00,0.0
2014-11-07 20:00:00,0.0
2014-11-07 21:00:00,0.5070404444351659
2014-11-07 22:00:00,0.0
2014-11-07 23:00:00,0.0
2014-11-08 00:00:00,0.0
2014-11-08 01:00:00,0.0
2014-11-08 02:00:00,-1.2841528628708874
2014-11-08 03:00:00,0.0
2014-11-08 04:00:00,0.0
2014-11-08 05:00:00,0.0
2014-11-08 06:00:00,0.0
2014-11-08 07:00:00,0.0
2014-11-08 08:00:00,0.0
2014-11-08 09:00:00,-0.008368427260447462
2014-11-08 10:00:00,0.0
2014-11-08 11:00:00,1.111679067381511
2014-11-08 12:00:00,0.0
2014-11-08 13:00:00,1.085373332683695
2014-11-08 14:00:00,0.8969508608946762
2014-11-08 15:00:00,0.0
2014-11-08 16:00:00,0.0
2014-11-08 17:00:00,0.0
2014-11-08 18:00:00,0.0
2014-11-08 19:00:00,0.9671286182446756
2014-11-08 20:00:00,0.8838416907794859
2014-11-08 21:00:00,0.0
2014-11-08 22:00:00,0.0
2014-11-08 23:00:00,0.0
2014-11-09 00:00:00,0.0
2014-11-09 01:00:00,-1.266717666617683
2014-11-09 02:00:00,0.0
2014-11-09 03:00:00,-1.2578908254067878
2014-11-09 04:00:00,0.0
2014-11-09 05:00:00,0.0
2014-11-09 06:00:00,0.0
2014-11-09 07:00:00,0.0
2014-11-09 08:00:00,0.0
2014-11-09 09:00:00,0.0
2014-11-09 10:00:00,0.0
2014-11-09 11:00:00,0.0
2014-11-09 12:00:00,0.0
2014-11-09 13:00:00,0.0
2014-11-09 14:00:00,0.0
2014-11-09 15:00:00,0.0
2014-11-09 16:00:00,0.0
2014-11-09 17:00:00,0.7830758698273821
2014-11-09 18:00:00,0.0
2014-11-09 19:00:00,0.0
2014-11-09 20:00:00,0.0
2014-11-09 21:00:00,0.0
2014-11-09 22:00:00,0.0
2014-11-09 23:00:00,0.0
2014-11-10 00:00:00,0.0
2014-11-10 01:00:00,-1.354068436818575
2014-11-10 02:00:00,0.0
2014-11-10 03:00:00,-1.3104149003349874
2014-11-10 04:00:00,0.0
2014-11-10 05:00:00,-1.45907288944126
2014-11-10 06:00:00,0.0
2014-11-10 07:00:00,0.0
2014-11-10 08:00:00,0.0
2014-11-10 09:00:00,-0.4314887413451117
2014-11-10 10:00:00,0.0
2014-11-10 11:00:00,0.0
2014-11-10 12:00:00,0.0
2014-11-10 13:00:00,0.9714983416164009
2014-11-10 14:00:00,0.0
2014-11-10 15:00:00,0.8224907746403959
2014-11-10 16:00:00,0.0
2014-11-10 17:00:00,0.0
2014-11-10 18:00:00,0.0
2014-11-10 19:00:00,0.0
2014-11-10 20:00:00,1.1116790673815187
2014-11-10 21:00:00,0.0
2014-11-10 22:00:00,0.0
2014-11-10 23:00:00,0.0
2014-11-11 00:00:00,0.0
2014-11-11 01:00:00,0.0
2014-11-11 02:00:00,0.0
2014-11-11 03:00:00,0.0
2014-11-11 04:00:00,0.0
2014-11-11 05:00:00,-1.2185196178274948
2014-11-11 06:00:00,0.0
2014-11-11 07:00:00,0.0
2014-11-11 08:00:00,0.0
2014-11-11 09:00:00,0.0
2014-11-11 10:00:00,0.0
2014-11-11 11:00:00,0.0
2014-11-11 12:00:00,0.8443393914990438
2014-11-11 13:00:00,0.0
2014-11-11 14:00:00,0.8005547633143045
2014-11-11 15:00:00,0.0
2014-11-11 16:00:00,0.0
2014-11-11 17:00:00,0.0
2014-11-11 18:00:00,0.0
2014-11-11 19:00:00,0.0
2014-11-11 20:00:00,1.098569897266329
2014-11-11 21:00:00,0.0
2014-11-11 22:00:00,0.0
2014-11-11 23:00:00,0.0
2014-11-12 00:00:00,0.0
2014-11-12 01:00:00,0.0
2014-11-12 02:00:00,0.0
2014-11-12 03:00:00,-1.2622605487785181
2014-11-12 04:00:00,0.0
2014-11-12 05:00:00,0.0
2014-11-12 06:00:00,0.0
2014-11-12 07:00:00,0.0
2014-11-12 08:00:00,0.004915531789610743
2014-11-12 09:00:00,0.0
2014-11-12 10:00:00,0.0
2014-11-12 11:00:00,0.7523567145241229
2014-11-12 12:00:00,0.7524004117578409
2014-11-12 13:00:00,0.0
2014-11-12 14:00:00,0.0
2014-11-12 15:00:00,0.0
2014-11-12 16:00:00,0.0
2014-11-12 17:00:00,0.7786624492219313
2014-11-12 18:00:00,0.0
2014-11-12 19:00:00,0.0
2014-11-12 20:00:00,1.1336150787076031
2014-11-12 21:00:00,0.0
2014-11-12 22:00:00,0.0
2014-11-12 23:00:00,-0.750653336416309
2014-11-13 00:00:00,0.0
2014-11-13 01:00:00,-1.2797831394991572
2014-11-13 02:00:00,0.0
2014-11-13 03:00:00,0.0
2014-11-13 04:00:00,0.0
2014-11-13 05:00:00,0.0
2014-11-13 06:00:00,0.0
2014-11-13 07:00:00,0.0
2014-11-13 08:00:00,0.0
2014-11-13 09:00:00,0.0
2014-11-13 10:00:00,0.0
2014-11-13 11:00:00,0.0
2014-11-13 12:00:00,0.0
2014-11-13 13:00:00,0.0
2014-11-13 14:00:00,0.0
2014-11-13 15:00:00,0.0
2014-11-13 16:00:00,0.0
2014-11-13 17:00:00,0.0
2014-11-13 18:00:00,0.0
2014-11-13 19:00:00,0.0
2014-11-13 20:00:00,0.0
2014-11-13 21:00:00,0.0
2014-11-13 22:00:00,0.0
2014-11-13 23:00:00,0.0
2014-11-14 00:00:00,0.0
2014-11-14 01:00:00,0.0
2014-11-14 02:00:00,0.0
2014-11-14 03:00:00,0.0
2014-11-14 04:00:00,-1.3847001976544058
2014-11-14 05:00:00,0.0
2014-11-14 06:00:00,0.0
2014-11-14 07:00:00,0.0
2014-11-14 08:00:00,0.0
2014-11-14 09:00:00,0.0
2014-11-14 10:00:00,0.9013642815001269
2014-11-14 11:00:00,0.0
2014-11-14 12:00:00,0.0
2014-11-14 13:00:00,0.0
2014-11-14 14:00:00,0.0
2014-11-14 15:00:00,0.0
2014-11-14 16:00:00,0.0
2014-11-14 17:00:00,0.0
2014-11-14 18:00:00,0.0
2014-11-14 19:00:00,0.0
2014-11-14 20:00:00,0.0
2014-11-14 21:00:00,0.0
2014-11-14 22:00:00,0.0
2014-11-14 23:00:00,0.0
2014-11-15 00:00:00,0.0
2014-11-15 01:00:00,0.0
2014-11-15 02:00:00,0.0
2014-11-15 03:00:00,-1.1923012775971118
2014-11-15 04:00:00,-1.3715910275392142
2014-11-15 05:00:00,0.0
2014-11-15 06:00:00,-1.4197016818619679
2014-11-15 07:00:00,-0.41090734426426184
2014-11-15 08:00:00,0.0
2014-11-15 09:00:00,0.2309176245755175
2014-11-15 10:00:00,0.0
2014-11-15 11:00:00,0.0
2014-11-15 12:00:00,0.0
2014-11-15 13:00:00,0.0
2014-11-15 14:00:00,1.0897867532891454
2014-11-15 15:00:00,0.0
2014-11-15 16:00:00,0.0
2014-11-15 17:00:00,0.0
2014-11-15 18:00:00,0.0
2014-11-15 19:00:00,0.0
2014-11-15 20:00:00,0.0
2014-11-15 21:00:00,0.0
2014-11-15 22:00:00,0.0
2014-11-15 23:00:00,0.0
2014-11-16 00:00:00,0.0
2014-11-16 01:00:00,0.0
2014-11-16 02:00:00,0.0
2014-11-16 03:00:00,0.0
2014-11-16 04:00:00,0.0
2014-11-16 05:00:00,-1.3890699210261364
2014-11-16 06:00:00,0.0
2014-11-16 07:00:00,0.0
2014-11-16 08:00:00,0.0
2014-11-16 09:00:00,0.0
2014-11-16 10:00:00,0.0
2014-11-16 11:00:00,0.0
2014-11-16 12:00:00,0.0
2014-11-16 13:00:00,0.0
2014-11-16 14:00:00,0.0
2014-11-16 15:00:00,0.0
2014-11-16 16:00:00,0.0
2014-11-16 17:00:00,0.0
2014-11-16 18:00:00,0.0
2014-11-16 19:00:00,0.9671286182446756
2014-11-16 20:00:00,0.18713299639078093
2014-11-16 21:00:00,0.0
2014-11-16 22:00:00,0.0
2014-11-16 23:00:00,0.0
2014-11-17 00:00:00,-1.3759607509109455
2014-11-17 01:00:00,0.0
2014-11-17 02:00:00,0.0
2014-11-17 03:00:00,-1.3759607509109453
2014-11-17 04:00:00,0.0
2014-11-17 05:00:00,-1.4547031660695282
2014-11-17 06:00:00,0.0
2014-11-17 07:00:00,-0.5845164538231143
2014-11-17 08:00:00,0.0
2014-11-17 09:00:00,0.0
2014-11-17 10:00:00,0.0
2014-11-17 11:00:00,0.0
2014-11-17 12:00:00,0.0
2014-11-17 13:00:00,0.0
2014-11-17 14:00:00,0.6866360750132924
2014-11-17 15:00:00,0.7742927258502142
2014-11-17 16:00:00,0.0
2014-11-17 17:00:00,0.0
2014-11-17 18:00:00,0.0
2014-11-17 19:00:00,0.0
2014-11-17 20:00:00,0.9320397395696681
2014-11-17 21:00:00,0.0
2014-11-17 22:00:00,0.0
2014-11-17 23:00:00,0.0
2014-11-18 00:00:00,0.0
2014-11-18 01:00:00,0.0
2014-11-18 02:00:00,0.0
2014-11-18 03:00:00,0.0
2014-11-18 04:00:00,0.0
2014-11-18 05:00:00,0.0
2014-11-18 06:00:00,0.0
2014-11-18 07:00:00,0.0
2014-11-18 08:00:00,0.0
2014-11-18 09:00:00,-0.26801739000867547
2014-11-18 10:00:00,0.0
2014-11-18 11:00:00,0.8400133653610369
2014-11-18 12:00:00,0.0
2014-11-18 13:00:00,0.0
2014-11-18 14:00:00,0.0
2014-11-18 15:00:00,0.0
2014-11-18 16:00:00,0.0
2014-11-18 17:00:00,0.9977603790805064
2014-11-18 18:00:00,0.0
2014-11-18 19:00:00,0.0
2014-11-18 20:00:00,1.1599208134054189
2014-11-18 21:00:00,0.0
2014-11-18 22:00:00,0.0
2014-11-18 23:00:00,0.0
2014-11-19 00:00:00,0.0
2014-11-19 01:00:00,0.0
2014-11-19 02:00:00,0.0
2014-11-19 03:00:00,0.0
2014-11-19 04:00:00,0.0
2014-11-19 05:00:00,0.0
2014-11-19 06:00:00,0.0
2014-11-19 07:00:00,-0.3115398347911106
2014-11-19 08:00:00,0.0
2014-11-19 09:00:00,-0.17913721662767454
2014-11-19 10:00:00,0.0
2014-11-19 11:00:00,0.0
2014-11-19 12:00:00,0.0
2014-11-19 13:00:00,0.0
2014-11-19 14:00:00,0.7435735705469394
2014-11-19 15:00:00,0.0
2014-11-19 16:00:00,0.0
2014-11-19 17:00:00,0.0
2014-11-19 18:00:00,0.0
2014-11-19 19:00:00,0.0
2014-11-19 20:00:00,1.0021737996859494
2014-11-19 21:00:00,0.0
2014-11-19 22:00:00,0.0
2014-11-19 23:00:00,0.0
2014-11-20 00:00:00,-1.428441128605429
2014-11-20 01:00:00,0.0
2014-11-20 02:00:00,0.0
2014-11-20 03:00:00,0.0
2014-11-20 04:00:00,0.0
2014-11-20 05:00:00,0.0
2014-11-20 06:00:00,0.0
2014-11-20 07:00:00,0.0
2014-11-20 08:00:00,0.0
2014-11-20 09:00:00,-0.2242764590576552
2014-11-20 10:00:00,0.0
2014-11-20 11:00:00,0.7611835557350166
2014-11-20 12:00:00,0.0
2014-11-20 13:00:00,0.0
2014-11-20 14:00:00,0.0
2014-11-20 15:00:00,0.0
2014-11-20 16:00:00,0.0
2014-11-20 17:00:00,0.0
2014-11-20 18:00:00,1.06789443919678
2014-11-20 19:00:00,0.0
2014-11-20 20:00:00,1.1774434041260677
2014-11-20 21:00:00,0.0
2014-11-20 22:00:00,0.0
2014-11-20 23:00:00,0.0
2014-11-21 00:00:00,-1.0655356025832101
2014-11-21 01:00:00,0.0
2014-11-21 02:00:00,0.0
2014-11-21 03:00:00,-1.013011527655009
2014-11-21 04:00:00,0.0
2014-11-21 05:00:00,0.0
2014-11-21 06:00:00,0.0
2014-11-21 07:00:00,0.0
2014-11-21 08:00:00,0.0
2014-11-21 09:00:00,0.0
2014-11-21 10:00:00,0.0
2014-11-21 11:00:00,0.0
2014-11-21 12:00:00,0.9671286182446756
2014-11-21 13:00:00,0.0
2014-11-21 14:00:00,0.0
2014-11-21 15:00:00,0.8663191000588532
2014-11-21 16:00:00,0.9013642815001348
2014-11-21 17:00:00,0.0
2014-11-21 18:00:00,0.0
2014-11-21 19:00:00,0.0
2014-11-21 20:00:00,0.0
2014-11-21 21:00:00,0.0
2014-11-21 22:00:00,0.0
2014-11-21 23:00:00,-0.050973230134819615
2014-11-22 00:00:00,0.0
2014-11-22 01:00:00,0.0
2014-11-22 02:00:00,0.0
2014-11-22 03:00:00,0.0
2014-11-22 04:00:00,0.0
2014-11-22 05:00:00,0.0
2014-11-22 06:00:00,0.0
2014-11-22 07:00:00,0.0
2014-11-22 08:00:00,0.0
2014-11-22 09:00:00,0.0
2014-11-22 10:00:00,0.0
2014-11-22 11:00:00,0.0
2014-11-22 12:00:00,0.0
2014-11-22 13:00:00,0.0
2014-11-22 14:00:00,0.0
2014-11-22 15:00:00,0.0
2014-11-22 16:00:00,0.0
2014-11-22 17:00:00,0.8706888234305781
2014-11-22 18:00:00,0.0
2014-11-22 19:00:00,0.0
2014-11-22 20:00:00,0.0
2014-11-22 21:00:00,0.0
2014-11-22 22:00:00,0.0
2014-11-22 23:00:00,0.0
2014-11-23 00:00:00,0.0
2014-11-23 01:00:00,0.0
2014-11-23 02:00:00,-1.1485603466460899
2014-11-23 03:00:00,-1.2273464590383907
2014-11-23 04:00:00,-1.3234803732164615
2014-11-23 05:00:00,0.0
2014-11-23 06:00:00,-1.2447816552915953
2014-11-23 07:00:00,0.0
2014-11-23 08:00:00,0.0
2014-11-23 09:00:00,0.0
2014-11-23 10:00:00,0.0
2014-11-23 11:00:00,0.0
2014-11-23 12:00:00,0.0
2014-11-23 13:00:00,0.0
2014-11-23 14:00:00,0.0
2014-11-23 15:00:00,0.8531662327099375
2014-11-23 16:00:00,0.0
2014-11-23 17:00:00,0.0
2014-11-23 18:00:00,1.2782529223118893
2014-11-23 19:00:00,1.1861828508695254
2014-11-23 20:00:00,0.0
2014-11-23 21:00:00,0.07614202274882119
2014-11-23 22:00:00,0.0
2014-11-23 23:00:00,0.0
2014-11-24 00:00:00,0.0
2014-11-24 01:00:00,0.0
2014-11-24 02:00:00,0.0
2014-11-24 03:00:00,0.0
2014-11-24 04:00:00,0.0
2014-11-24 05:00:00,0.0
2014-11-24 06:00:00,-1.349742410680562
2014-11-24 07:00:00,0.0
2014-11-24 08:00:00,0.0
2014-11-24 09:00:00,-0.3162591360325787
2014-11-24 10:00:00,0.0
2014-11-24 11:00:00,0.901407978733845
2014-11-24 12:00:00,0.8312739186175716
2014-11-24 13:00:00,0.9101037282435845
2014-11-24 14:00:00,0.0
2014-11-24 15:00:00,0.0
2014-11-24 16:00:00,0.0
2014-11-24 17:00:00,0.7304644004317495
2014-11-24 18:00:00,0.0
2014-11-24 19:00:00,0.9539757508957599
2014-11-24 20:00:00,0.0
2014-11-24 21:00:00,0.5157361939449093
2014-11-24 22:00:00,0.0
2014-11-24 23:00:00,-0.7638062037652178
2014-11-25 00:00:00,0.0
2014-11-25 01:00:00,0.0
2014-11-25 02:00:00,0.0
2014-11-25 03:00:00,0.0
2014-11-25 04:00:00,-1.1966710009688426
2014-11-25 05:00:00,0.0
2014-11-25 06:00:00,0.0
2014-11-25 07:00:00,0.0
2014-11-25 08:00:00,0.10821579229732357
2014-11-25 09:00:00,0.0
2014-11-25 10:00:00,0.0
2014-11-25 11:00:00,0.0
2014-11-25 12:00:00,0.0
2014-11-25 13:00:00,0.0
2014-11-25 14:00:00,0.0
2014-11-25 15:00:00,0.0
2014-11-25 16:00:00,0.0
2014-11-25 17:00:00,0.0
2014-11-25 18:00:00,0.0
2014-11-25 19:00:00,0.0
2014-11-25 20:00:00,1.0152829698011396
2014-11-25 21:00:00,0.0
2014-11-25 22:00:00,0.0
2014-11-25 23:00:00,0.0
2014-11-26 00:00:00,0.0
2014-11-26 01:00:00,0.0
2014-11-26 02:00:00,0.0
2014-11-26 03:00:00,0.0
2014-11-26 04:00:00,0.0
2014-11-26 05:00:00,0.0
2014-11-26 06:00:00,0.0
2014-11-26 07:00:00,0.0
2014-11-26 08:00:00,0.0
2014-11-26 09:00:00,0.0
2014-11-26 10:00:00,0.5245193379220902
2014-11-26 11:00:00,0.0
2014-11-26 12:00:00,0.8619493766871282
2014-11-26 13:00:00,0.0
2014-11-26 14:00:00,0.7961850399425797
2014-11-26 15:00:00,0.0
2014-11-26 16:00:00,0.0
2014-11-26 17:00:00,0.0
2014-11-26 18:00:00,0.0
2014-11-26 19:00:00,0.0
2014-11-26 20:00:00,0.0
2014-11-26 21:00:00,0.0
2014-11-26 22:00:00,0.0
2014-11-26 23:00:00,-0.8206563048314314
2014-11-27 00:00:00,0.0
2014-11-27 01:00:00,-1.32789379382191
2014-11-27 02:00:00,0.0
2014-11-27 03:00:00,0.0
2014-11-27 04:00:00,0.0
2014-11-27 05:00:00,-1.472138362322735
2014-11-27 06:00:00,0.0
2014-11-27 07:00:00,0.0
2014-11-27 08:00:00,0.0
2014-11-27 09:00:00,0.0
2014-11-27 10:00:00,0.0
2014-11-27 11:00:00,0.0
2014-11-27 12:00:00,0.0
2014-11-27 13:00:00,0.0
2014-11-27 14:00:00,0.585870254061188
2014-11-27 15:00:00,0.6121322915252861
2014-11-27 16:00:00,0.0
2014-11-27 17:00:00,0.0
2014-11-27 18:00:00,0.0
2014-11-27 19:00:00,0.0
2014-11-27 20:00:00,0.0
2014-11-27 21:00:00,0.6778966282698325
2014-11-27 22:00:00,0.0
2014-11-27 23:00:00,0.0
2014-11-28 00:00:00,0.0
2014-11-28 01:00:00,0.0
2014-11-28 02:00:00,-1.3234803732164624
2014-11-28 03:00:00,0.0
2014-11-28 04:00:00,0.0
2014-11-28 05:00:00,0.0
2014-11-28 06:00:00,0.0
2014-11-28 07:00:00,0.0
2014-11-28 08:00:00,0.0
2014-11-28 09:00:00,-0.25503931159463417
2014-11-28 10:00:00,0.0
2014-11-28 11:00:00,0.7479432939186716
2014-11-28 12:00:00,0.0
2014-11-28 13:00:00,0.0
2014-11-28 14:00:00,0.0
2014-11-28 15:00:00,0.0
2014-11-28 16:00:00,0.8005984605480226
2014-11-28 17:00:00,0.0
2014-11-28 18:00:00,0.0
2014-11-28 19:00:00,0.0
2014-11-28 20:00:00,0.0
2014-11-28 21:00:00,0.0
2014-11-28 22:00:00,0.0
2014-11-28 23:00:00,0.0
2014-11-29 00:00:00,0.0
2014-11-29 01:00:00,0.0
2014-11-29 02:00:00,0.0
2014-11-29 03:00:00,-1.4984003997868347
2014-11-29 04:00:00,0.0
2014-11-29 05:00:00,0.0
2014-11-29 06:00:00,0.0
2014-11-29 07:00:00,-0.3423463845618128
2014-11-29 08:00:00,-0.17913721662767845
2014-11-29 09:00:00,0.0
2014-11-29 10:00:00,1.2255977556825386
2014-11-29 11:00:00,0.0
2014-11-29 12:00:00,0.0
2014-11-29 13:00:00,0.0
2014-11-29 14:00:00,0.8575359560816698
2014-11-29 15:00:00,0.0
2014-11-29 16:00:00,0.7304644004317495
2014-11-29 17:00:00,0.9496060275240423
2014-11-29 18:00:00,0.0
2014-11-29 19:00:00,1.08541702991742
2014-11-29 20:00:00,0.9101037282435919
2014-11-29 21:00:00,0.5376285080372812
2014-11-29 22:00:00,0.0
2014-11-29 23:00:00,0.0
2014-11-30 00:00:00,0.0
2014-11-30 01:00:00,0.0
2014-11-30 02:00:00,0.0
2014-11-30 03:00:00,0.0
2014-11-30 04:00:00,0.0
2014-11-30 05:00:00,0.0
2014-11-30 06:00:00,0.0
2014-11-30 07:00:00,-0.4271190179733821
2014-11-30 08:00:00,0.0
2014-11-30 09:00:00,-0.22724787095042748
2014-11-30 10:00:00,0.0
2014-11-30 11:00:00,0.0
2014-11-30 12:00:00,0.0
2014-11-30 13:00:00,0.0
2014-11-30 14:00:00,0.0
2014-11-30 15:00:00,0.0
2014-11-30 16:00:00,1.3001452364042556
2014-11-30 17:00:00,0.0
2014-11-30 18:00:00,0.0
2014-11-30 19:00:00,0.0
2014-11-30 20:00:00,0.0
2014-11-30 21:00:00,0.14623238563137791
2014-11-30 22:00:00,-0.16030370889551618
2014-11-30 23:00:00,-0.8905281815454029
2014-12-01 00:00:00,0.0
2014-12-01 01:00:00,0.0
2014-12-01 02:00:00,0.0
2014-12-01 03:00:00,0.0
2014-12-01 04:00:00,0.0
2014-12-01 05:00:00,0.0
2014-12-01 06:00:00,0.0
2014-12-01 07:00:00,0.0
2014-12-01 08:00:00,0.0
2014-12-01 09:00:00,0.0
2014-12-01 10:00:00,0.0
2014-12-01 11:00:00,0.0
2014-12-01 12:00:00,0.0
2014-12-01 13:00:00,0.0
2014-12-01 14:00:00,0.0
2014-12-01 15:00:00,0.6866360750132845
2014-12-01 16:00:00,0.8355999447555862
2014-12-01 17:00:00,0.0
2014-12-01 18:00:00,0.0
2014-12-01 19:00:00,1.1555510900336945
2014-12-01 20:00:00,0.0
2014-12-01 21:00:00,0.49681529174531786
2014-12-01 22:00:00,0.0
2014-12-01 23:00:00,0.0
2014-12-02 00:00:00,-1.2316287879426873
2014-12-02 01:00:00,0.0
2014-12-02 02:00:00,0.0
2014-12-02 03:00:00,0.0
2014-12-02 04:00:00,0.0
2014-12-02 05:00:00,-1.4547031660695289
2014-12-02 06:00:00,0.0
2014-12-02 07:00:00,0.0
2014-12-02 08:00:00,0.0
2014-12-02 09:00:00,0.0
2014-12-02 10:00:00,0.0
2014-12-02 11:00:00,0.0
2014-12-02 12:00:00,0.0
2014-12-02 13:00:00,0.0
2014-12-02 14:00:00,0.0
2014-12-02 15:00:00,0.7436172677806575
2014-12-02 16:00:00,0.0
2014-12-02 17:00:00,0.0
2014-12-02 18:00:00,0.0
2014-12-02 19:00:00,0.0
2014-12-02 20:00:00,0.0
2014-12-02 21:00:00,0.0
2014-12-02 22:00:00,0.0
2014-12-02 23:00:00,0.0
2014-12-03 00:00:00,0.0
2014-12-03 01:00:00,0.0
2014-12-03 02:00:00,0.0
2014-12-03 03:00:00,0.0
2014-12-03 04:00:00,0.0
2014-12-03 05:00:00,0.0
2014-12-03 06:00:00,-1.55962022422478
2014-12-03 07:00:00,0.0
2014-12-03 08:00:00,0.0
2014-12-03 09:00:00,0.0
2014-12-03 10:00:00,0.0
2014-12-03 11:00:00,0.0
2014-12-03 12:00:00,0.9671286182446756
2014-12-03 13:00:00,0.0
2014-12-03 14:00:00,0.0
2014-12-03 15:00:00,0.0
2014-12-03 16:00:00,0.0
2014-12-03 17:00:00,0.0
2014-12-03 18:00:00,0.0
2014-12-03 19:00:00,0.0
2014-12-03 20:00:00,0.0
2014-12-03 21:00:00,0.0
2014-12-03 22:00:00,0.0
2014-12-03 23:00:00,0.0
2014-12-04 00:00:00,-1.3016754535915274
2014-12-04 01:00:00,0.0
2014-12-04 02:00:00,0.0
2014-12-04 03:00:00,-1.441593995954338
2014-12-04 04:00:00,0.0
2014-12-04 05:00:00,-1.4809215062999121
2014-12-04 06:00:00,0.0
2014-12-04 07:00:00,0.0
2014-12-04 08:00:00,-0.03043553028768521
2014-12-04 09:00:00,-0.18796405783857043
2014-12-04 10:00:00,0.6121322915252861
2014-12-04 11:00:00,0.0
2014-12-04 12:00:00,0.0
2014-12-04 13:00:00,0.0
2014-12-04 14:00:00,0.0
2014-12-04 15:00:00,0.0
2014-12-04 16:00:00,0.0
2014-12-04 17:00:00,0.0
2014-12-04 18:00:00,0.0
2014-12-04 19:00:00,0.0
2014-12-04 20:00:00,0.0
2014-12-04 21:00:00,0.6823100488752756
2014-12-04 22:00:00,0.0
2014-12-04 23:00:00,0.0
2014-12-05 00:00:00,0.0
2014-12-05 01:00:00,0.0
2014-12-05 02:00:00,0.0
2014-12-05 03:00:00,0.0
2014-12-05 04:00:00,-1.3103712031012706
2014-12-05 05:00:00,0.0
2014-12-05 06:00:00,0.0
2014-12-05 07:00:00,0.0
2014-12-05 08:00:00,0.0
2014-12-05 09:00:00,0.0
2014-12-05 10:00:00,0.0
2014-12-05 11:00:00,0.0
2014-12-05 12:00:00,0.0
2014-12-05 13:00:00,0.0
2014-12-05 14:00:00,0.0
2014-12-05 15:00:00,0.0
2014-12-05 16:00:00,0.0
2014-12-05 17:00:00,0.0
2014-12-05 18:00:00,0.0
2014-12-05 19:00:00,0.0
2014-12-05 20:00:00,1.1204622113586944
2014-12-05 21:00:00,0.0
2014-12-05 22:00:00,0.0
2014-12-05 23:00:00,0.0
2014-12-06 00:00:00,-0.8512006711998282
2014-12-06 01:00:00,0.0
2014-12-06 02:00:00,0.0
2014-12-06 03:00:00,0.0
2014-12-06 04:00:00,0.0
2014-12-06 05:00:00,0.0
2014-12-06 06:00:00,0.0
2014-12-06 07:00:00,0.0
2014-12-06 08:00:00,0.0
2014-12-06 09:00:00,0.247041903817199
2014-12-06 10:00:00,0.0
2014-12-06 11:00:00,0.8969945581284021
2014-12-06 12:00:00,0.0
2014-12-06 13:00:00,0.0
2014-12-06 14:00:00,0.0
2014-12-06 15:00:00,0.0
2014-12-06 16:00:00,0.0
2014-12-06 17:00:00,0.0
2014-12-06 18:00:00,0.0
2014-12-06 19:00:00,0.0
2014-12-06 20:00:00,0.0
2014-12-06 21:00:00,0.0
2014-12-06 22:00:00,0.0
2014-12-06 23:00:00,0.0
2014-12-07 00:00:00,0.0
2014-12-07 01:00:00,0.0
2014-12-07 02:00:00,0.0
2014-12-07 03:00:00,0.0
2014-12-07 04:00:00,-1.5639899475965093
2014-12-07 05:00:00,0.0
2014-12-07 06:00:00,0.0
2014-12-07 07:00:00,0.0
2014-12-07 08:00:00,0.0
2014-12-07 09:00:00,0.0
2014-12-07 10:00:00,0.0
2014-12-07 11:00:00,0.0
2014-12-07 12:00:00,1.0854170299174208
2014-12-07 13:00:00,0.0
2014-12-07 14:00:00,0.9890209323370488
2014-12-07 15:00:00,0.0
2014-12-07 16:00:00,1.0460021251044067
2014-12-07 17:00:00,0.0
2014-12-07 18:00:00,0.0
2014-12-07 19:00:00,0.0
2014-12-07 20:00:00,0.0
2014-12-07 21:00:00,0.0
2014-12-07 22:00:00,0.0
2014-12-07 23:00:00,-0.8337654749466229
2014-12-08 00:00:00,0.0
2014-12-08 01:00:00,0.0
2014-12-08 02:00:00,0.0
2014-12-08 03:00:00,-1.502770123158565
2014-12-08 04:00:00,0.0
2014-12-08 05:00:00,0.0
2014-12-08 06:00:00,0.0
2014-12-08 07:00:00,-0.37018152243973323
2014-12-08 08:00:00,0.0
2014-12-08 09:00:00,0.0
2014-12-08 10:00:00,0.7830758698273821
2014-12-08 11:00:00,0.0
2014-12-08 12:00:00,0.9364094629414086
2014-12-08 13:00:00,0.940822883546859
2014-12-08 14:00:00,0.0
2014-12-08 15:00:00,0.7479869911523898
2014-12-08 16:00:00,0.0
2014-12-08 17:00:00,1.0810473065456878
2014-12-08 18:00:00,1.4271730948204655
2014-12-08 19:00:00,0.0
2014-12-08 20:00:00,0.0
2014-12-08 21:00:00,0.0
2014-12-08 22:00:00,0.0
2014-12-08 23:00:00,0.0
2014-12-09 00:00:00,0.0
2014-12-09 01:00:00,-1.2884788890089003
2014-12-09 02:00:00,0.0
2014-12-09 03:00:00,0.0
2014-12-09 04:00:00,-1.3278937938219093
2014-12-09 05:00:00,0.0
2014-12-09 06:00:00,0.0
2014-12-09 07:00:00,0.0
2014-12-09 08:00:00,0.0
2014-12-09 09:00:00,0.0
2014-12-09 10:00:00,0.0
2014-12-09 11:00:00,0.0
2014-12-09 12:00:00,0.0
2014-12-09 13:00:00,0.0
2014-12-09 14:00:00,0.0
2014-12-09 15:00:00,0.0
2014-12-09 16:00:00,0.0
2014-12-09 17:00:00,0.0
2014-12-09 18:00:00,1.1511376694282431
2014-12-09 19:00:00,0.0
2014-12-09 20:00:00,0.0
2014-12-09 21:00:00,0.585870254061182
2014-12-09 22:00:00,0.0
2014-12-09 23:00:00,0.0
2014-12-10 00:00:00,-1.4415066014869033
2014-12-10 01:00:00,0.0
2014-12-10 02:00:00,0.0
2014-12-10 03:00:00,-1.5334455812281123
2014-12-10 04:00:00,0.0
2014-12-10 05:00:00,0.0
2014-12-10 06:00:00,0.0
2014-12-10 07:00:00,0.0
2014-12-10 08:00:00,0.0
2014-12-10 09:00:00,-0.23742932640655834
2014-12-10 10:00:00,0.0
2014-12-10 11:00:00,0.8575359560816698
2014-12-10 12:00:00,0.9232128983587744
2014-12-10 13:00:00,0.809337907291488
2014-12-10 14:00:00,0.0
2014-12-10 15:00:00,0.0
2014-12-10 16:00:00,0.0
2014-12-10 17:00:00,0.0
2014-12-10 18:00:00,0.0
2014-12-10 19:00:00,1.0503718484761388
2014-12-10 20:00:00,0.0
2014-12-10 21:00:00,0.5771308073177291
2014-12-10 22:00:00,0.0
2014-12-10 23:00:00,0.0
2014-12-11 00:00:00,0.0
2014-12-11 01:00:00,0.0
2014-12-11 02:00:00,-1.3191543470784486
2014-12-11 03:00:00,0.0
2014-12-11 04:00:00,0.0
2014-12-11 05:00:00,0.0
2014-12-11 06:00:00,0.0
2014-12-11 07:00:00,0.0
2014-12-11 08:00:00,0.0
2014-12-11 09:00:00,0.0
2014-12-11 10:00:00,0.0
2014-12-11 11:00:00,0.6296985794796452
2014-12-11 12:00:00,0.0
2014-12-11 13:00:00,0.0
2014-12-11 14:00:00,0.0
2014-12-11 15:00:00,0.0
2014-12-11 16:00:00,0.0
2014-12-11 17:00:00,0.0
2014-12-11 18:00:00,0.9846075117315907
2014-12-11 19:00:00,0.0
2014-12-11 20:00:00,0.0
2014-12-11 21:00:00,0.0
2014-12-11 22:00:00,0.0
2014-12-11 23:00:00,0.0
2014-12-12 00:00:00,-1.44155029872062
2014-12-12 01:00:00,-1.502770123158565
2014-12-12 02:00:00,0.0
2014-12-12 03:00:00,0.0
2014-12-12 04:00:00,0.0
2014-12-12 05:00:00,0.0
2014-12-12 06:00:00,-1.6383189421496454
2014-12-12 07:00:00,-0.44459791146030375
2014-12-12 08:00:00,0.0
2014-12-12 09:00:00,0.0
2014-12-12 10:00:00,0.0
2014-12-12 11:00:00,0.0
2014-12-12 12:00:00,0.0
2014-12-12 13:00:00,0.0
2014-12-12 14:00:00,0.0
2014-12-12 15:00:00,0.506953049967734
2014-12-12 16:00:00,0.0
2014-12-12 17:00:00,1.0503718484761388
2014-12-12 18:00:00,0.0
2014-12-12 19:00:00,0.0
2014-12-12 20:00:00,0.0
2014-12-12 21:00:00,0.0
2014-12-12 22:00:00,0.0
2014-12-12 23:00:00,-0.23030667731063936
2014-12-13 00:00:00,0.0
2014-12-13 01:00:00,0.0
2014-12-13 02:00:00,-1.2141935916894826
2014-12-13 03:00:00,0.0
2014-12-13 04:00:00,-1.3935270388653025
2014-12-13 05:00:00,0.0
2014-12-13 06:00:00,-1.5334018839943957
2014-12-13 07:00:00,-0.41099473873169584
2014-12-13 08:00:00,-0.12674423340062635
2014-12-13 09:00:00,0.0
2014-12-13 10:00:00,0.0
2014-12-13 11:00:00,0.0
2014-12-13 12:00:00,0.0
2014-12-13 13:00:00,1.0766338859402376
2014-12-13 14:00:00,0.0
2014-12-13 15:00:00,0.0
2014-12-13 16:00:00,0.0
2014-12-13 17:00:00,1.2212717295445088
2014-12-13 18:00:00,0.0
2014-12-13 19:00:00,0.0
2014-12-13 20:00:00,0.0
2014-12-13 21:00:00,0.0
2014-12-13 22:00:00,0.0
2014-12-13 23:00:00,0.0
2014-12-14 00:00:00,0.0
2014-12-14 01:00:00,0.0
2014-12-14 02:00:00,0.0
2014-12-14 03:00:00,0.0
2014-12-14 04:00:00,0.0
2014-12-14 05:00:00,0.0
2014-12-14 06:00:00,-1.2360422085481348
2014-12-14 07:00:00,0.0
2014-12-14 08:00:00,0.0
2014-12-14 09:00:00,0.0
2014-12-14 10:00:00,0.0
2014-12-14 11:00:00,0.0
2014-12-14 12:00:00,0.0
2014-12-14 13:00:00,0.0
2014-12-14 14:00:00,0.6340683028513775
2014-12-14 15:00:00,0.47190786852645766
2014-12-14 16:00:00,0.7173115330828335
2014-12-14 17:00:00,0.0
2014-12-14 18:00:00,0.0
2014-12-14 19:00:00,0.0
2014-12-14 20:00:00,0.0
2014-12-14 21:00:00,0.0
2014-12-14 22:00:00,0.0
2014-12-14 23:00:00,0.0
2014-12-15 00:00:00,0.0
2014-12-15 01:00:00,-1.3890699210261377
2014-12-15 02:00:00,0.0
2014-12-15 03:00:00,0.0
2014-12-15 04:00:00,0.0
2014-12-15 05:00:00,0.0
2014-12-15 06:00:00,0.0
2014-12-15 07:00:00,0.0
2014-12-15 08:00:00,0.0
2014-12-15 09:00:00,0.0
2014-12-15 10:00:00,0.0
2014-12-15 11:00:00,0.0
2014-12-15 12:00:00,0.0
2014-12-15 13:00:00,0.0
2014-12-15 14:00:00,0.7085720863393836
2014-12-15 15:00:00,0.7216812564545739
2014-12-15 16:00:00,0.0
2014-12-15 17:00:00,0.0
2014-12-15 18:00:00,0.0
2014-12-15 19:00:00,1.1029396206380542
2014-12-15 20:00:00,0.0
2014-12-15 21:00:00,0.0
2014-12-15 22:00:00,0.0
2014-12-15 23:00:00,0.0
2014-12-16 00:00:00,0.0
2014-12-16 01:00:00,0.0
2014-12-16 02:00:00,0.0
2014-12-16 03:00:00,0.0
2014-12-16 04:00:00,0.0
2014-12-16 05:00:00,0.0
2014-12-16 06:00:00,-1.3759607509109455
2014-12-16 07:00:00,0.0
2014-12-16 08:00:00,0.0
2014-12-16 09:00:00,0.0
2014-12-16 10:00:00,0.7698793052447557
2014-12-16 11:00:00,0.9144734516153095
2014-12-16 12:00:00,0.8268168007784027
2014-12-16 13:00:00,0.0
2014-12-16 14:00:00,0.8750585468023108
2014-12-16 15:00:00,0.0
2014-12-16 16:00:00,0.0
2014-12-16 17:00:00,0.0
2014-12-16 18:00:00,0.0
2014-12-16 19:00:00,0.0
2014-12-16 20:00:00,1.0722641625685052
2014-12-16 21:00:00,0.0
2014-12-16 22:00:00,0.0
2014-12-16 23:00:00,0.0
2014-12-17 00:00:00,-1.3847001976544067
2014-12-17 01:00:00,-1.4458763248586344
2014-12-17 02:00:00,0.0
2014-12-17 03:00:00,0.0
2014-12-17 04:00:00,0.0
2014-12-17 05:00:00,0.0
2014-12-17 06:00:00,0.0
2014-12-17 07:00:00,0.0
2014-12-17 08:00:00,0.0
2014-12-17 09:00:00,-0.19810181606098537
2014-12-17 10:00:00,0.0
2014-12-17 11:00:00,0.8269041952458467
2014-12-17 12:00:00,0.0
2014-12-17 13:00:00,0.0
2014-12-17 14:00:00,0.0
2014-12-17 15:00:00,0.0
2014-12-17 16:00:00,0.0
2014-12-17 17:00:00,0.8049244866860372
2014-12-17 18:00:00,0.0
2014-12-17 19:00:00,0.0
2014-12-17 20:00:00,0.9846075117315907
2014-12-17 21:00:00,0.5771308073177221
2014-12-17 22:00:00,0.0
2014-12-17 23:00:00,-0.899398719990016
2014-12-18 00:00:00,-1.3191543470784493
