time,MT_297
2012-01-01 01:00:00,-1.5139267293897434
2012-01-01 02:00:00,0.0
2012-01-01 03:00:00,0.0
2012-01-01 04:00:00,-1.369286305859703
2012-01-01 05:00:00,-1.3413184508426146
2012-01-01 06:00:00,-1.313303982733832
2012-01-01 07:00:00,0.0
2012-01-01 08:00:00,-1.5232959608204681
2012-01-01 09:00:00,-1.140788930370092
2012-01-01 10:00:00,0.0
2012-01-01 11:00:00,-1.2060006456516026
2012-01-01 12:00:00,0.0
2012-01-01 13:00:00,-1.4999428018811993
2012-01-01 14:00:00,-1.3692863058597025
2012-01-01 15:00:00,0.0
2012-01-01 16:00:00,0.0
2012-01-01 17:00:00,-1.3133505958255267
2012-01-01 18:00:00,-1.3973473870601816
2012-01-01 19:00:00,0.0
2012-01-01 20:00:00,0.0
2012-01-01 21:00:00,-1.4393457826775087
2012-01-01 22:00:00,-1.49062018354217
2012-01-01 23:00:00,0.0
2012-01-02 00:00:00,0.0
2012-01-02 01:00:00,0.0
2012-01-02 02:00:00,-1.4113313145687254
2012-01-02 03:00:00,0.0
2012-01-02 04:00:00,-1.3879781556294568
2012-01-02 05:00:00,-1.3319958325035854
2012-01-02 06:00:00,-1.2153698770823254
2012-01-02 07:00:00,-0.2619456995497914
2012-01-02 08:00:00,0.11673905738158463
2012-01-02 09:00:00,0.4299790335729737
2012-01-02 10:00:00,0.35991955675515774
2012-01-02 11:00:00,0.4112871838032146
2012-01-02 12:00:00,0.4486708833427211
2012-01-02 13:00:00,0.5375154361136735
2012-01-02 14:00:00,0.0
2012-01-02 15:00:00,0.41599510606442214
2012-01-02 16:00:00,1.1825473989911113
2012-01-02 17:00:00,0.668404997593645
2012-01-02 18:00:00,1.0237832086774423
2012-01-02 19:00:00,0.9255694244757697
2012-01-02 20:00:00,0.0
2012-01-02 21:00:00,0.0
2012-01-02 22:00:00,0.0
2012-01-02 23:00:00,0.0
2012-01-03 00:00:00,-0.6746114003269299
2012-01-03 01:00:00,-1.2713522002081978
2012-01-03 02:00:00,0.0
2012-01-03 03:00:00,0.0
2012-01-03 04:00:00,-1.5046041110507138
2012-01-03 05:00:00,-1.1007016715122682
2012-01-03 06:00:00,-1.0134419638589502
2012-01-03 07:00:00,-0.08896451626909968
2012-01-03 08:00:00,0.0
2012-01-03 09:00:00,0.0
2012-01-03 10:00:00,0.0
2012-01-03 11:00:00,0.4861011959739218
2012-01-03 12:00:00,0.6356826072236573
2012-01-03 13:00:00,0.0
2012-01-03 14:00:00,0.5702844395753548
2012-01-03 15:00:00,0.0
2012-01-03 16:00:00,0.822740944196272
2012-01-03 17:00:00,0.0
2012-01-03 18:00:00,0.0
2012-01-03 19:00:00,0.0
2012-01-03 20:00:00,1.1452569256349994
2012-01-03 21:00:00,0.0
2012-01-03 22:00:00,0.0
2012-01-03 23:00:00,0.0
2012-01-04 00:00:00,-0.595136078986699
2012-01-04 01:00:00,-1.2666908910386867
2012-01-04 02:00:00,0.0
2012-01-04 03:00:00,-1.294705359147467
2012-01-04 04:00:00,-1.2713522002081996
2012-01-04 05:00:00,-1.2479990412689304
2012-01-04 06:00:00,0.0
2012-01-04 07:00:00,-0.2291766960881095
2012-01-04 08:00:00,0.0
2012-01-04 09:00:00,0.0
2012-01-04 10:00:00,0.0
2012-01-04 11:00:00,0.8742017974277179
2012-01-04 12:00:00,0.0
2012-01-04 13:00:00,0.0
2012-01-04 14:00:00,0.0
2012-01-04 15:00:00,0.7245737730862984
2012-01-04 16:00:00,0.9489691965067302
2012-01-04 17:00:00,0.972322355446002
2012-01-04 18:00:00,1.1921030827886208
2012-01-04 19:00:00,0.0
2012-01-04 20:00:00,1.3416378809466512
2012-01-04 21:00:00,1.420973363011789
2012-01-04 22:00:00,1.2715784041288463
2012-01-04 23:00:00,0.0
2012-01-05 00:00:00,-0.7260256404666708
2012-01-05 01:00:00,0.0
2012-01-05 02:00:00,-1.3786089241987347
2012-01-05 03:00:00,-1.1767276240670501
2012-01-05 04:00:00,0.0
2012-01-05 05:00:00,0.0
2012-01-05 06:00:00,-1.2060938718349976
2012-01-05 07:00:00,-0.43278268061250497
2012-01-05 08:00:00,0.29438154983178905
2012-01-05 09:00:00,0.322489244123957
2012-01-05 10:00:00,0.0
2012-01-05 11:00:00,0.9349386559064905
2012-01-05 12:00:00,0.0
2012-01-05 13:00:00,0.43468695583417566
2012-01-05 14:00:00,0.2102449193220497
2012-01-05 15:00:00,0.0
2012-01-05 16:00:00,0.43468695583417566
2012-01-05 17:00:00,0.41599510606442275
2012-01-05 18:00:00,0.8367714847965171
2012-01-05 19:00:00,0.0
2012-01-05 20:00:00,0.0
2012-01-05 21:00:00,1.1639953884964467
2012-01-05 22:00:00,1.0845200671562205
2012-01-05 23:00:00,-0.13231469154559003
2012-01-06 00:00:00,0.0
2012-01-06 01:00:00,-1.616568757302457
2012-01-06 02:00:00,-1.72382548129299
2012-01-06 03:00:00,0.0
2012-01-06 04:00:00,0.0
2012-01-06 05:00:00,-1.611907448132942
2012-01-06 06:00:00,0.0
2012-01-06 07:00:00,-0.2619456995497908
2012-01-06 08:00:00,-0.4910490452314356
2012-01-06 09:00:00,0.0
2012-01-06 10:00:00,0.0
2012-01-06 11:00:00,0.0
2012-01-06 12:00:00,0.7712800909648315
2012-01-06 13:00:00,0.0
2012-01-06 14:00:00,0.5001317365741614
2012-01-06 15:00:00,0.6497131478238977
2012-01-06 16:00:00,0.7291884691641175
2012-01-06 17:00:00,0.0
2012-01-06 18:00:00,0.0
2012-01-06 19:00:00,1.3462991901161587
2012-01-06 20:00:00,0.0
2012-01-06 21:00:00,0.0
2012-01-06 22:00:00,1.0564589859557414
2012-01-06 23:00:00,0.47673196454319544
2012-01-07 00:00:00,-0.5670749977862249
2012-01-07 01:00:00,0.0
2012-01-07 02:00:00,0.0
2012-01-07 03:00:00,0.0
2012-01-07 04:00:00,0.0
2012-01-07 05:00:00,0.0
2012-01-07 06:00:00,-0.9107999359462378
2012-01-07 07:00:00,0.0
2012-01-07 08:00:00,-0.2338846183493115
2012-01-07 09:00:00,0.0
2012-01-07 10:00:00,0.6544210700850996
2012-01-07 11:00:00,0.8788164935055314
2012-01-07 12:00:00,0.0
2012-01-07 13:00:00,0.42531772440345483
2012-01-07 14:00:00,0.0
2012-01-07 15:00:00,0.0
2012-01-07 16:00:00,0.8274022533657908
2012-01-07 17:00:00,0.5468846675443942
2012-01-07 18:00:00,0.9769836646155103
2012-01-07 19:00:00,0.0
2012-01-07 20:00:00,0.0
2012-01-07 21:00:00,0.9582452017540681
2012-01-07 22:00:00,0.0
2012-01-07 23:00:00,0.0
2012-01-08 00:00:00,0.0
2012-01-08 01:00:00,-1.4345912473246025
2012-01-08 02:00:00,-1.5838929800241588
2012-01-08 03:00:00,-1.5792782839463397
2012-01-08 04:00:00,-1.4812975652031413
2012-01-08 05:00:00,-1.5559717380987663
2012-01-08 06:00:00,-1.157942548113908
2012-01-08 07:00:00,0.0
2012-01-08 08:00:00,0.009202654840879296
2012-01-08 09:00:00,0.0
2012-01-08 10:00:00,0.0
2012-01-08 11:00:00,1.2108415456500734
2012-01-08 12:00:00,0.92095472839795
2012-01-08 13:00:00,0.0
2012-01-08 14:00:00,0.0
2012-01-08 15:00:00,0.7806493223955634
2012-01-08 16:00:00,0.0
2012-01-08 17:00:00,0.6544210700850996
2012-01-08 18:00:00,0.9162468061367431
2012-01-08 19:00:00,0.0
2012-01-08 20:00:00,1.1780259290966808
2012-01-08 21:00:00,0.0
2012-01-08 22:00:00,0.0
2012-01-08 23:00:00,-0.33797165210458013
2012-01-09 00:00:00,-1.0274258913674932
2012-01-09 01:00:00,0.0
2012-01-09 02:00:00,-1.7565478716629832
2012-01-09 03:00:00,0.0
2012-01-09 04:00:00,-1.6678897712588137
2012-01-09 05:00:00,0.0
2012-01-09 06:00:00,0.0
2012-01-09 07:00:00,0.0
2012-01-09 08:00:00,-0.1310561380698137
2012-01-09 09:00:00,0.09800059452013685
2012-01-09 10:00:00,0.4580401147734474
2012-01-09 11:00:00,0.6543744569934109
2012-01-09 12:00:00,0.6684516106853393
2012-01-09 13:00:00,0.5234382824217452
2012-01-09 14:00:00,0.6824821512855795
2012-01-09 15:00:00,0.7104966193943646
2012-01-09 16:00:00,0.8321101756269983
2012-01-09 17:00:00,0.0
2012-01-09 18:00:00,0.0
2012-01-09 19:00:00,1.117289070617908
2012-01-09 20:00:00,0.0
2012-01-09 21:00:00,0.7853106315650712
2012-01-09 22:00:00,0.0
2012-01-09 23:00:00,-0.45478405989261106
2012-01-10 00:00:00,-1.1313730858476727
2012-01-10 01:00:00,0.0
2012-01-10 02:00:00,0.0
2012-01-10 03:00:00,0.0
2012-01-10 04:00:00,0.0
2012-01-10 05:00:00,-1.8031609633581303
2012-01-10 06:00:00,-1.6632750751809944
2012-01-10 07:00:00,0.0
2012-01-10 08:00:00,0.0
2012-01-10 09:00:00,0.4767319645432004
2012-01-10 10:00:00,0.5796070579143924
2012-01-10 11:00:00,0.0
2012-01-10 12:00:00,0.9302773467369773
2012-01-10 13:00:00,0.8274488664574849
2012-01-10 14:00:00,0.6310212980541392
2012-01-10 15:00:00,0.0
2012-01-10 16:00:00,0.7900185538262848
2012-01-10 17:00:00,0.0
2012-01-10 18:00:00,0.0
2012-01-10 19:00:00,0.0
2012-01-10 20:00:00,0.0
2012-01-10 21:00:00,0.8367248717048229
2012-01-10 22:00:00,0.6216520666234128
2012-01-10 23:00:00,0.0
2012-01-11 00:00:00,-1.355302378351159
2012-01-11 01:00:00,-1.8685125179147262
2012-01-11 02:00:00,-1.8731272139925454
2012-01-11 03:00:00,-1.8964803729318147
2012-01-11 04:00:00,-1.765870490002013
2012-01-11 05:00:00,-1.7984996541886158
2012-01-11 06:00:00,0.0
2012-01-11 07:00:00,-0.6931634108215974
2012-01-11 08:00:00,-0.18247037820955983
2012-01-11 09:00:00,0.0
2012-01-11 10:00:00,0.3411810938937106
2012-01-11 11:00:00,0.5281462046829472
2012-01-11 12:00:00,0.0
2012-01-11 13:00:00,-0.03279574077645732
2012-01-11 14:00:00,0.4393482650036945
2012-01-11 15:00:00,0.5515925898056073
2012-01-11 16:00:00,0.0
2012-01-11 17:00:00,0.0
2012-01-11 18:00:00,0.78997194073459
2012-01-11 19:00:00,0.8133717127655511
2012-01-11 20:00:00,0.0
2012-01-11 21:00:00,0.5609152081446395
2012-01-11 22:00:00,0.4113337968949039
2012-01-11 23:00:00,-0.44429611426120336
2012-01-12 00:00:00,-0.9466920165515016
2012-01-12 01:00:00,-1.64458322541124
2012-01-12 02:00:00,-1.6818736987673575
2012-01-12 03:00:00,0.0
2012-01-12 04:00:00,-1.6585205398280896
2012-01-12 05:00:00,-1.6725510804283286
2012-01-12 06:00:00,0.0
2012-01-12 07:00:00,-0.6977781068994121
2012-01-12 08:00:00,0.0
2012-01-12 09:00:00,0.03255581378015106
2012-01-12 10:00:00,0.0
2012-01-12 11:00:00,0.3598729436634635
2012-01-12 12:00:00,0.4299790335729737
2012-01-12 13:00:00,0.06066350807231905
2012-01-12 14:00:00,-0.1964543057181108
2012-01-12 15:00:00,-0.2011156148876296
2012-01-12 16:00:00,0.0
2012-01-12 17:00:00,0.458040114773448
2012-01-12 18:00:00,0.8834778026750502
2012-01-12 19:00:00,1.2292071037779564
2012-01-12 20:00:00,1.1546261570657204
2012-01-12 21:00:00,0.0
2012-01-12 22:00:00,0.771280090964826
2012-01-12 23:00:00,0.0
2012-01-13 00:00:00,0.0
2012-01-13 01:00:00,-1.6445832254112407
2012-01-13 02:00:00,-1.6771657765061472
2012-01-13 03:00:00,-1.6632284620892988
2012-01-13 04:00:00,-1.6212766795636668
2012-01-13 05:00:00,0.0
2012-01-13 06:00:00,-1.5465558935763464
2012-01-13 07:00:00,-0.6979179461745006
2012-01-13 08:00:00,-0.08430320709958086
2012-01-13 09:00:00,0.07935535784207261
2012-01-13 10:00:00,0.35050371223274207
2012-01-13 11:00:00,0.30379739435419856
2012-01-13 12:00:00,0.322489244123957
2012-01-13 13:00:00,0.27098177780082794
2012-01-13 14:00:00,0.0
2012-01-13 15:00:00,0.0
2012-01-13 16:00:00,0.0
2012-01-13 17:00:00,0.5936375985146272
2012-01-13 18:00:00,0.972322355445997
2012-01-13 19:00:00,0.0
2012-01-13 20:00:00,0.0
2012-01-13 21:00:00,0.0
2012-01-13 22:00:00,0.7432656228560515
2012-01-13 23:00:00,0.0
2012-01-14 00:00:00,0.0
2012-01-14 01:00:00,-1.6585205398280896
2012-01-14 02:00:00,0.0
2012-01-14 03:00:00,-1.7518865624934685
2012-01-14 04:00:00,-1.677212389597843
2012-01-14 05:00:00,0.0
2012-01-14 06:00:00,0.0
2012-01-14 07:00:00,0.0
2012-01-14 08:00:00,-0.20237416836340041
2012-01-14 09:00:00,0.378564793433222
2012-01-14 10:00:00,0.0
2012-01-14 11:00:00,0.3458424030632288
2012-01-14 12:00:00,0.0
2012-01-14 13:00:00,0.4533788056039341
2012-01-14 14:00:00,0.256997850292277
2012-01-14 15:00:00,0.3552116344939502
2012-01-14 16:00:00,0.0
2012-01-14 17:00:00,1.2248254731586135
2012-01-14 18:00:00,1.954879715288008
2012-01-14 19:00:00,0.0
2012-01-14 20:00:00,1.4628319193540318
2012-01-14 21:00:00,1.4207869106450064
2012-01-14 22:00:00,0.0
2012-01-14 23:00:00,0.7713267040565258
2012-01-15 00:00:00,-0.5203686799076863
2012-01-15 01:00:00,0.0
2012-01-15 02:00:00,0.0
2012-01-15 03:00:00,0.0
2012-01-15 04:00:00,-1.5932622114548831
2012-01-15 05:00:00,0.0
2012-01-15 06:00:00,-1.4392525564941185
2012-01-15 07:00:00,-0.17776245594836337
2012-01-15 08:00:00,0.3271505532934703
2012-01-15 09:00:00,0.8835244157667445
2012-01-15 10:00:00,0.0
2012-01-15 11:00:00,1.2154562417278925
2012-01-15 12:00:00,0.0
2012-01-15 13:00:00,0.8133250996738569
2012-01-15 14:00:00,1.1124413090816123
2012-01-15 15:00:00,0.6263599888846253
2012-01-15 16:00:00,1.4913125183797702
2012-01-15 17:00:00,1.509911141966129
2012-01-15 18:00:00,1.4627853062623375
2012-01-15 19:00:00,0.0
2012-01-15 20:00:00,1.0798587579867074
2012-01-15 21:00:00,0.8367714847965115
2012-01-15 22:00:00,0.9396465781677036
2012-01-15 23:00:00,-0.10304166996103419
2012-01-16 00:00:00,-0.8298796087634646
2012-01-16 01:00:00,-1.579231670854645
2012-01-16 02:00:00,-1.756501258571288
2012-01-16 03:00:00,-1.7425173310627442
2012-01-16 04:00:00,0.0
2012-01-16 05:00:00,0.0
2012-01-16 06:00:00,0.0
2012-01-16 07:00:00,-0.5798935980023879
2012-01-16 08:00:00,-0.2572377772885888
2012-01-16 09:00:00,0.0
2012-01-16 10:00:00,0.02794111770232647
2012-01-16 11:00:00,0.04663296747207941
2012-01-16 12:00:00,0.09333928535061801
2012-01-16 13:00:00,0.4066724877253906
2012-01-16 14:00:00,0.3037973943542041
2012-01-16 15:00:00,0.2430139227837316
2012-01-16 16:00:00,0.0
2012-01-16 17:00:00,0.39259533403346225
2012-01-16 18:00:00,0.0
2012-01-16 19:00:00,0.0
2012-01-16 20:00:00,0.7759880132260446
2012-01-16 21:00:00,0.44871749643441533
2012-01-16 22:00:00,0.0
2012-01-16 23:00:00,-0.4816332007090208
2012-01-17 00:00:00,-1.0054711251790769
2012-01-17 01:00:00,-1.569909052515615
2012-01-17 02:00:00,0.0
2012-01-17 03:00:00,0.0
2012-01-17 04:00:00,0.0
2012-01-17 05:00:00,-1.6119074481329427
2012-01-17 06:00:00,-1.4253152420772697
2012-01-17 07:00:00,0.0
2012-01-17 08:00:00,0.0
2012-01-17 09:00:00,-0.00016657658984705682
2012-01-17 10:00:00,0.0
2012-01-17 11:00:00,0.37390348426370873
2012-01-17 12:00:00,0.0
2012-01-17 13:00:00,0.2943815498317946
2012-01-17 14:00:00,0.0
2012-01-17 15:00:00,0.13543090715133757
2012-01-17 16:00:00,0.5001317365741559
2012-01-17 17:00:00,0.0
2012-01-17 18:00:00,0.8180796350267586
2012-01-17 19:00:00,0.0
2012-01-17 20:00:00,0.6310212980541385
2012-01-17 21:00:00,0.43934826500368895
2012-01-17 22:00:00,0.45804011477344253
2012-01-17 23:00:00,-0.31806786195075
2012-01-18 00:00:00,-1.0521308299659247
2012-01-18 01:00:00,-1.6025848297939131
2012-01-18 02:00:00,0.0
2012-01-18 03:00:00,-1.6958576262759018
2012-01-18 04:00:00,-1.6585671529197843
2012-01-18 05:00:00,-1.5792316708546443
2012-01-18 06:00:00,-1.5372798883290122
2012-01-18 07:00:00,-0.4454614415535817
2012-01-18 08:00:00,0.0
2012-01-18 09:00:00,-0.023519735529113902
2012-01-18 10:00:00,0.378564793433222
2012-01-18 11:00:00,0.322489244123957
2012-01-18 12:00:00,0.3552116344939502
2012-01-18 13:00:00,0.2102449193220497
2012-01-18 14:00:00,0.0
2012-01-18 15:00:00,0.07469404867255931
2012-01-18 16:00:00,0.16349198835181686
2012-01-18 17:00:00,0.0
2012-01-18 18:00:00,0.0
2012-01-18 19:00:00,0.7666187817953183
2012-01-18 20:00:00,0.3691955620025012
2012-01-18 21:00:00,0.44405618726490204
2012-01-18 22:00:00,0.0
2012-01-18 23:00:00,0.0
2012-01-19 00:00:00,-0.9854274957501699
2012-01-19 01:00:00,-1.6491979214890595
2012-01-19 02:00:00,-1.5372332752373166
2012-01-19 03:00:00,0.0
2012-01-19 04:00:00,-1.5326185791594975
2012-01-19 05:00:00,0.0
2012-01-19 06:00:00,0.0
2012-01-19 07:00:00,-0.45487728607600075
2012-01-19 08:00:00,0.0
2012-01-19 09:00:00,0.3458424030632239
2012-01-19 10:00:00,0.21029153241374393
2012-01-19 11:00:00,0.0
2012-01-19 12:00:00,0.0
2012-01-19 13:00:00,0.0
2012-01-19 14:00:00,0.06066350807231905
2012-01-19 15:00:00,0.14009221632085087
2012-01-19 16:00:00,0.1962609918135043
2012-01-19 17:00:00,0.20558361015253088
2012-01-19 18:00:00,0.5562072858834264
2012-01-19 19:00:00,0.0
2012-01-19 20:00:00,0.6450518386543788
2012-01-19 21:00:00,0.4720706553736871
2012-01-19 22:00:00,0.0
2012-01-19 23:00:00,0.0
2012-01-20 00:00:00,-0.9900888049196874
2012-01-20 01:00:00,-1.57457036168513
2012-01-20 02:00:00,-1.6725044673366334
2012-01-20 03:00:00,0.0
2012-01-20 04:00:00,-1.5139267293897434
2012-01-20 05:00:00,0.0
2012-01-20 06:00:00,-1.4345912473246039
2012-01-20 07:00:00,0.0
2012-01-20 08:00:00,0.0
2012-01-20 09:00:00,-0.056288738990800724
2012-01-20 10:00:00,0.16815329752133015
2012-01-20 11:00:00,0.5047930457436748
2012-01-20 12:00:00,0.0
2012-01-20 13:00:00,0.0
2012-01-20 14:00:00,0.17290783287423192
2012-01-20 15:00:00,0.0
2012-01-20 16:00:00,0.0
2012-01-20 17:00:00,0.0
2012-01-20 18:00:00,0.0
2012-01-20 19:00:00,0.8834778026750502
2012-01-20 20:00:00,0.7712800909648315
2012-01-20 21:00:00,0.0
2012-01-20 22:00:00,0.5188235863439206
2012-01-20 23:00:00,0.24292069660034868
2012-01-21 00:00:00,0.0
2012-01-21 01:00:00,-1.57457036168513
2012-01-21 02:00:00,0.0
2012-01-21 03:00:00,-1.6679363843505088
2012-01-21 04:00:00,-1.5326185791594975
2012-01-21 05:00:00,0.0
2012-01-21 06:00:00,0.0
2012-01-21 07:00:00,0.0
2012-01-21 08:00:00,0.009156041749184446
2012-01-21 09:00:00,0.032602426871845294
2012-01-21 10:00:00,0.0
2012-01-21 11:00:00,0.5514993636222189
2012-01-21 12:00:00,0.0
2012-01-21 13:00:00,0.0
2012-01-21 14:00:00,0.0
2012-01-21 15:00:00,0.0
2012-01-21 16:00:00,0.0
2012-01-21 17:00:00,0.4440095741732078
2012-01-21 18:00:00,0.8787698804138482
2012-01-21 19:00:00,1.0424284453555073
2012-01-21 20:00:00,0.0
2012-01-21 21:00:00,0.0
2012-01-21 22:00:00,0.6918513827163003
2012-01-21 23:00:00,0.19155306955229123
2012-01-22 00:00:00,0.0
2012-01-22 01:00:00,0.0
2012-01-22 02:00:00,-1.6911963171063873
2012-01-22 03:00:00,-1.6539058437502698
2012-01-22 04:00:00,-1.5465558935763464
2012-01-22 05:00:00,0.0
2012-01-22 06:00:00,-1.4485751748331472
2012-01-22 07:00:00,-0.7881142786046084
2012-01-22 08:00:00,0.0
2012-01-22 09:00:00,-0.20116222797931832
2012-01-22 10:00:00,0.0
2012-01-22 11:00:00,0.5421767452831867
2012-01-22 12:00:00,0.0
2012-01-22 13:00:00,0.378564793433222
2012-01-22 14:00:00,0.1681999106130244
2012-01-22 15:00:00,0.35050371223274823
2012-01-22 16:00:00,0.0
2012-01-22 17:00:00,0.7199124639167797
2012-01-22 18:00:00,0.0
2012-01-22 19:00:00,0.897554956366984
2012-01-22 20:00:00,0.0
2012-01-22 21:00:00,0.6357292203153461
2012-01-22 22:00:00,0.5328075138524659
2012-01-22 23:00:00,-0.458280041769754
2012-01-23 00:00:00,0.0
2012-01-23 01:00:00,-1.6492445345807554
2012-01-23 02:00:00,-1.737809408801534
2012-01-23 03:00:00,-1.7285334035542004
2012-01-23 04:00:00,-1.6352606070722113
2012-01-23 05:00:00,0.0
2012-01-23 06:00:00,0.0
2012-01-23 07:00:00,0.0
2012-01-23 08:00:00,0.0
2012-01-23 09:00:00,-0.042211585298872374
2012-01-23 10:00:00,0.0
2012-01-23 11:00:00,0.0
2012-01-23 12:00:00,0.0
2012-01-23 13:00:00,0.3131200126932362
2012-01-23 14:00:00,0.0
2012-01-23 15:00:00,0.0
2012-01-23 16:00:00,0.0
2012-01-23 17:00:00,0.359872943663474
2012-01-23 18:00:00,0.0
2012-01-23 19:00:00,0.0
2012-01-23 20:00:00,1.4768624599542712
2012-01-23 21:00:00,0.0
2012-01-23 22:00:00,1.1032585300176683
2012-01-23 23:00:00,-0.0889645162691003
2012-01-24 00:00:00,0.0
2012-01-24 01:00:00,-1.509312033311924
2012-01-24 02:00:00,0.0
2012-01-24 03:00:00,0.0
2012-01-24 04:00:00,-1.5279106568982872
2012-01-24 05:00:00,-1.5746169747768246
2012-01-24 06:00:00,0.0
2012-01-24 07:00:00,0.0
2012-01-24 08:00:00,0.43468695583417566
2012-01-24 09:00:00,0.0
2012-01-24 10:00:00,0.20558361015253088
2012-01-24 11:00:00,0.0
2012-01-24 12:00:00,0.05595558581111153
2012-01-24 13:00:00,0.0
2012-01-24 14:00:00,0.3037507812625209
2012-01-24 15:00:00,0.27568970006203
2012-01-24 16:00:00,0.780649322395558
2012-01-24 17:00:00,0.0
2012-01-24 18:00:00,1.16865669766596
2012-01-24 19:00:00,0.0
2012-01-24 20:00:00,2.039342637439612
2012-01-24 21:00:00,0.0
2012-01-24 22:00:00,1.3229926442685924
2012-01-24 23:00:00,0.23364469135301016
2012-01-25 00:00:00,-0.938674564779937
2012-01-25 01:00:00,-1.5839395931158546
2012-01-25 02:00:00,0.0
2012-01-25 03:00:00,0.0
2012-01-25 04:00:00,-1.5978769075327028
2012-01-25 05:00:00,0.0
2012-01-25 06:00:00,-1.4579444062638724
2012-01-25 07:00:00,0.0
2012-01-25 08:00:00,0.378564793433222
2012-01-25 09:00:00,0.5936375985146272
2012-01-25 10:00:00,0.0
2012-01-25 11:00:00,0.6076215260231836
2012-01-25 12:00:00,0.0
2012-01-25 13:00:00,0.40196456546418247
2012-01-25 14:00:00,0.6170373705455932
2012-01-25 15:00:00,0.8087570166877315
2012-01-25 16:00:00,0.9676610462764886
2012-01-25 17:00:00,0.4299790335729737
2012-01-25 18:00:00,0.0
2012-01-25 19:00:00,1.8703701800447043
2012-01-25 20:00:00,2.0205575614864704
2012-01-25 21:00:00,0.0
2012-01-25 22:00:00,1.3742670451332502
2012-01-25 23:00:00,0.2850589314927569
2012-01-26 00:00:00,-0.8501563036508516
2012-01-26 01:00:00,-1.4486217879248422
2012-01-26 02:00:00,0.0
2012-01-26 03:00:00,-1.6352606070722109
2012-01-26 04:00:00,-1.6444899992278499
2012-01-26 05:00:00,-1.5419411974985264
2012-01-26 06:00:00,0.0
2012-01-26 07:00:00,0.0
2012-01-26 08:00:00,0.0
2012-01-26 09:00:00,1.1499648478962015
2012-01-26 10:00:00,0.40191795237248884
2012-01-26 11:00:00,0.6310212980541337
2012-01-26 12:00:00,0.0
2012-01-26 13:00:00,0.39730325629466423
2012-01-26 14:00:00,0.9629531240152762
2012-01-26 15:00:00,0.0
2012-01-26 16:00:00,1.4536025271983937
2012-01-26 17:00:00,0.8320635625352991
2012-01-26 18:00:00,0.8460474900438549
2012-01-26 19:00:00,1.5845853148617481
2012-01-26 20:00:00,0.0
2012-01-26 21:00:00,1.5756356012562969
2012-01-26 22:00:00,0.0
2012-01-26 23:00:00,0.0
2012-01-27 00:00:00,0.0
2012-01-27 01:00:00,0.0
2012-01-27 02:00:00,-1.6725510804283286
2012-01-27 03:00:00,0.0
2012-01-27 04:00:00,-1.7098881668761414
2012-01-27 05:00:00,0.0
2012-01-27 06:00:00,-1.5465558935763464
2012-01-27 07:00:00,0.0
2012-01-27 08:00:00,0.40191795237248884
2012-01-27 09:00:00,0.8134183258572454
2012-01-27 10:00:00,0.3458890161549175
2012-01-27 11:00:00,0.5843149801756006
2012-01-27 12:00:00,0.4206564152339305
2012-01-27 13:00:00,0.2990428590013079
2012-01-27 14:00:00,0.0
2012-01-27 15:00:00,1.093889298586942
2012-01-27 16:00:00,1.0798587579867023
2012-01-27 17:00:00,0.7291884691641175
2012-01-27 18:00:00,0.8881391118445745
2012-01-27 19:00:00,0.0
2012-01-27 20:00:00,1.5472016153222528
2012-01-27 21:00:00,1.3884840381002772
2012-01-27 22:00:00,1.2994064198708495
2012-01-27 23:00:00,0.6684982237770335
2012-01-28 00:00:00,0.0
2012-01-28 01:00:00,-1.2620295818691694
2012-01-28 02:00:00,0.0
2012-01-28 03:00:00,-1.4066700053992103
2012-01-28 04:00:00,-1.3926394647989713
2012-01-28 05:00:00,0.0
2012-01-28 06:00:00,-1.2107085679128122
2012-01-28 07:00:00,0.3177813218627495
2012-01-28 08:00:00,0.7292350822558118
2012-01-28 09:00:00,0.0
2012-01-28 10:00:00,1.0751508357254942
2012-01-28 11:00:00,1.99706456327211
2012-01-28 12:00:00,0.7011740010553325
2012-01-28 13:00:00,0.38798063795563703
2012-01-28 14:00:00,0.9770302777072151
2012-01-28 15:00:00,0.0
2012-01-28 16:00:00,0.0
2012-01-28 17:00:00,0.6777742290243659
2012-01-28 18:00:00,0.7900185538262843
2012-01-28 19:00:00,1.8422624857525254
2012-01-28 20:00:00,0.0
2012-01-28 21:00:00,1.5331710747220075
2012-01-28 22:00:00,1.2947917237930249
2012-01-28 23:00:00,0.570237826483666
2012-01-29 00:00:00,-1.0008098160095644
2012-01-29 01:00:00,-1.5558785119153757
2012-01-29 02:00:00,-1.6166153703941524
2012-01-29 03:00:00,0.0
2012-01-29 04:00:00,-1.756547871662983
2012-01-29 05:00:00,-1.695904239367597
2012-01-29 06:00:00,-1.630552684811001
2012-01-29 07:00:00,0.0
2012-01-29 08:00:00,0.0
2012-01-29 09:00:00,0.0
2012-01-29 10:00:00,0.0
2012-01-29 11:00:00,1.6975754491307902
2012-01-29 12:00:00,0.0
2012-01-29 13:00:00,0.0
2012-01-29 14:00:00,0.0
2012-01-29 15:00:00,1.093889298586942
2012-01-29 16:00:00,1.7254500779644926
2012-01-29 17:00:00,0.5982522945924518
2012-01-29 18:00:00,0.7993411721653114
2012-01-29 19:00:00,1.5238018432912868
2012-01-29 20:00:00,0.0
2012-01-29 21:00:00,0.0
2012-01-29 22:00:00,1.1359809203876665
2012-01-29 23:00:00,0.0
2012-01-30 00:00:00,-1.1174357714308245
2012-01-30 01:00:00,-1.5886009022853687
2012-01-30 02:00:00,-1.7145494760456559
2012-01-30 03:00:00,-1.775193108341042
2012-01-30 04:00:00,-1.7285334035541997
2012-01-30 05:00:00,0.0
2012-01-30 06:00:00,-1.621230066471972
2012-01-30 07:00:00,-0.1497479878395722
2012-01-30 08:00:00,0.20558361015253643
2012-01-30 09:00:00,0.8928004210140823
2012-01-30 10:00:00,0.0
2012-01-30 11:00:00,0.0
2012-01-30 12:00:00,0.0
2012-01-30 13:00:00,0.0
2012-01-30 14:00:00,1.0471363676167147
2012-01-30 15:00:00,1.1219969928791211
2012-01-30 16:00:00,0.0
2012-01-30 17:00:00,0.3926419471251559
2012-01-30 18:00:00,0.0
2012-01-30 19:00:00,1.5050167673381392
2012-01-30 20:00:00,1.9032324096897852
2012-01-30 21:00:00,1.607891860709331
2012-01-30 22:00:00,1.3229926442685924
2012-01-30 23:00:00,0.0
2012-01-31 00:00:00,-1.0941292255832462
2012-01-31 01:00:00,-1.5466025066680416
2012-01-31 02:00:00,-1.6865350079368726
2012-01-31 03:00:00,0.0
2012-01-31 04:00:00,0.0
2012-01-31 05:00:00,0.0
2012-01-31 06:00:00,0.0
2012-01-31 07:00:00,-0.14970137474788348
2012-01-31 08:00:00,0.5001317365741614
2012-01-31 09:00:00,0.7151579285638834
2012-01-31 10:00:00,0.0
2012-01-31 11:00:00,1.1780259290966864
2012-01-31 12:00:00,1.1453035387266937
2012-01-31 13:00:00,1.1873951605274127
2012-01-31 14:00:00,0.916200193045049
2012-01-31 15:00:00,1.0611669082169488
2012-01-31 16:00:00,0.0
2012-01-31 17:00:00,0.0
2012-01-31 18:00:00,0.9629997371069705
2012-01-31 19:00:00,1.7295986431253594
2012-01-31 20:00:00,0.0
2012-01-31 21:00:00,0.0
2012-01-31 22:00:00,0.0
2012-01-31 23:00:00,0.1401388294125451
2012-02-01 00:00:00,0.0
2012-02-01 01:00:00,-1.2760135093777136
2012-02-01 02:00:00,-1.4579444062638724
2012-02-01 03:00:00,-1.5559251250070711
2012-02-01 04:00:00,-1.5232959608204686
2012-02-01 05:00:00,0.0
2012-02-01 06:00:00,-1.3926860778906665
2012-02-01 07:00:00,0.322489244123957
2012-02-01 08:00:00,-0.03755027612935355
2012-02-01 09:00:00,0.7946798629957975
2012-02-01 10:00:00,0.33185847555467785
2012-02-01 11:00:00,1.0985506077564609
2012-02-01 12:00:00,0.0
2012-02-01 13:00:00,0.8554167214745764
2012-02-01 14:00:00,0.8741551843360236
2012-02-01 15:00:00,1.0003368235547876
2012-02-01 16:00:00,0.8274022533657908
2012-02-01 17:00:00,0.47202404228199346
2012-02-01 18:00:00,0.8227409441962774
2012-02-01 19:00:00,1.6031839384481132
2012-02-01 20:00:00,0.0
2012-02-01 21:00:00,1.308915490576653
2012-02-01 22:00:00,1.0705361396476758
2012-02-01 23:00:00,-0.272480258272889
2012-02-02 00:00:00,-1.1920167181430588
2012-02-02 01:00:00,-1.5652477433461005
2012-02-02 02:00:00,-1.639921916241726
2012-02-02 03:00:00,0.0
2012-02-02 04:00:00,-1.737856021893229
2012-02-02 05:00:00,0.0
2012-02-02 06:00:00,0.0
2012-02-02 07:00:00,-0.3554515614902565
2012-02-02 08:00:00,0.0
2012-02-02 09:00:00,0.0
2012-02-02 10:00:00,0.8179864088433806
2012-02-02 11:00:00,0.981691586876729
2012-02-02 12:00:00,0.9863528960462367
2012-02-02 13:00:00,0.0
2012-02-02 14:00:00,0.0
2012-02-02 15:00:00,0.9957221274769631
2012-02-02 16:00:00,0.9816915868767234
2012-02-02 17:00:00,0.2803976223232375
2012-02-02 18:00:00,0.0
2012-02-02 19:00:00,1.5520027637668488
2012-02-02 20:00:00,1.5194202126719436
2012-02-02 21:00:00,0.0
2012-02-02 22:00:00,0.0
2012-02-02 23:00:00,-0.2853454715807574
2012-02-03 00:00:00,0.0
2012-02-03 01:00:00,-1.5886009022853687
2012-02-03 02:00:00,0.0
2012-02-03 03:00:00,0.0
2012-02-03 04:00:00,-1.761209180832498
2012-02-03 05:00:00,-1.6725044673366334
2012-02-03 06:00:00,0.0
2012-02-03 07:00:00,-0.5143555910790137
2012-02-03 08:00:00,-0.12173351973078712
2012-02-03 09:00:00,0.5047930457436748
2012-02-03 10:00:00,0.0
2012-02-03 11:00:00,0.0
2012-02-03 12:00:00,1.0050447458159952
2012-02-03 13:00:00,1.1593340793269278
2012-02-03 14:00:00,0.9957221274769631
2012-02-03 15:00:00,0.9957687405686628
2012-02-03 16:00:00,1.3414048154881744
2012-02-03 17:00:00,0.0
2012-02-03 18:00:00,1.4022349001503416
2012-02-03 19:00:00,0.0
2012-02-03 20:00:00,0.0
2012-02-03 21:00:00,0.0
2012-02-03 22:00:00,0.0
2012-02-03 23:00:00,0.7385577005948384
2012-02-04 00:00:00,-0.03755027612935416
2012-02-04 01:00:00,-1.2840309611492773
2012-02-04 02:00:00,-1.6305060717193063
2012-02-04 03:00:00,0.0
2012-02-04 04:00:00,-1.7331947127237142
2012-02-04 05:00:00,0.0
2012-02-04 06:00:00,-1.6912429301980823
2012-02-04 07:00:00,0.0
2012-02-04 08:00:00,0.032649039963534
2012-02-04 09:00:00,0.7245737730862936
2012-02-04 10:00:00,1.0609804558501719
2012-02-04 11:00:00,1.8187694875381704
2012-02-04 12:00:00,0.710496619394359
2012-02-04 13:00:00,0.8274022533657908
2012-02-04 14:00:00,0.0
2012-02-04 15:00:00,0.0
2012-02-04 16:00:00,1.2294867823281266
2012-02-04 17:00:00,0.0
2012-02-04 18:00:00,0.0
2012-02-04 19:00:00,0.0
2012-02-04 20:00:00,1.64546201261562
2012-02-04 21:00:00,1.4677729070737209
2012-02-04 22:00:00,0.0
2012-02-04 23:00:00,1.1406422295571803
2012-02-05 00:00:00,0.0
2012-02-05 01:00:00,-1.402008696229697
2012-02-05 02:00:00,-1.7192107852151703
2012-02-05 03:00:00,0.0
2012-02-05 04:00:00,-1.7331947127237142
2012-02-05 05:00:00,0.0
2012-02-05 06:00:00,-1.251215344595896
2012-02-05 07:00:00,0.2523365411227582
2012-02-05 08:00:00,0.0
2012-02-05 09:00:00,0.7432656228560465
2012-02-05 10:00:00,1.1077333868204047
2012-02-05 11:00:00,1.444512974317843
2012-02-05 12:00:00,0.0
2012-02-05 13:00:00,0.0
2012-02-05 14:00:00,0.0
2012-02-05 15:00:00,1.2385763352086772
2012-02-05 16:00:00,1.41631205384227
2012-02-05 17:00:00,1.2107949325583738
2012-02-05 18:00:00,1.659725618674331
2012-02-05 19:00:00,0.0
2012-02-05 20:00:00,1.5934884153755267
2012-02-05 21:00:00,1.365037652977612
2012-02-05 22:00:00,1.3416844940383452
2012-02-05 23:00:00,0.09333928535061801
2012-02-06 00:00:00,0.0
2012-02-06 01:00:00,-1.3600103006123683
2012-02-06 02:00:00,-1.5559251250070711
2012-02-06 03:00:00,0.0
2012-02-06 04:00:00,-1.6399219162417256
2012-02-06 05:00:00,-1.6725510804283281
2012-02-06 06:00:00,-1.1673117795446317
2012-02-06 07:00:00,0.191599682643991
2012-02-06 08:00:00,0.0
2012-02-06 09:00:00,0.869447262074816
2012-02-06 10:00:00,0.0
2012-02-06 11:00:00,0.0
2012-02-06 12:00:00,0.0
2012-02-06 13:00:00,0.0
2012-02-06 14:00:00,1.0378137492776827
2012-02-06 15:00:00,0.9302307336452885
2012-02-06 16:00:00,0.0
2012-02-06 17:00:00,0.6029602168536538
2012-02-06 18:00:00,0.6731129198548526
2012-02-06 19:00:00,1.711139858814082
2012-02-06 20:00:00,1.6638741838351965
2012-02-06 21:00:00,1.4071292747783317
2012-02-06 22:00:00,1.23414809149764
2012-02-06 23:00:00,0.12144697964279154
2012-02-07 00:00:00,0.0
2012-02-07 01:00:00,0.0
2012-02-07 02:00:00,-1.588600902285369
2012-02-07 03:00:00,-1.6725976935200233
2012-02-07 04:00:00,0.0
2012-02-07 05:00:00,-1.677212389597843
2012-02-07 06:00:00,-1.1065283079741592
2012-02-07 07:00:00,-0.18708507428738444
2012-02-07 08:00:00,0.0
2012-02-07 09:00:00,0.8414327939660304
2012-02-07 10:00:00,0.0
2012-02-07 11:00:00,0.0
2012-02-07 12:00:00,1.290223640806905
2012-02-07 13:00:00,1.1734112330188673
2012-02-07 14:00:00,0.0
2012-02-07 15:00:00,0.0
2012-02-07 16:00:00,0.0
2012-02-07 17:00:00,0.46740934620416885
2012-02-07 18:00:00,0.6637903015158204
2012-02-07 19:00:00,0.0
2012-02-07 20:00:00,1.4350039036120286
2012-02-07 21:00:00,1.2762397132983594
2012-02-07 22:00:00,0.0
2012-02-07 23:00:00,0.13538429405964333
2012-02-08 00:00:00,-0.7868091120371433
2012-02-08 01:00:00,-1.3880247687211515
2012-02-08 02:00:00,0.0
2012-02-08 03:00:00,0.0
2012-02-08 04:00:00,0.0
2012-02-08 05:00:00,-1.5652477433461005
2012-02-08 06:00:00,0.0
2012-02-08 07:00:00,0.0
2012-02-08 08:00:00,0.39725664320297555
2012-02-08 09:00:00,0.6123294482843856
2012-02-08 10:00:00,0.0
2012-02-08 11:00:00,1.16865669766596
2012-02-08 12:00:00,1.3180982696406023
2012-02-08 13:00:00,1.1733180068354787
2012-02-08 14:00:00,0.0
2012-02-08 15:00:00,1.0517976767862225
2012-02-08 16:00:00,0.0
2012-02-08 17:00:00,1.0003834366464763
2012-02-08 18:00:00,0.0
2012-02-08 19:00:00,0.0
2012-02-08 20:00:00,1.622062240584654
2012-02-08 21:00:00,1.3087756513015758
2012-02-08 22:00:00,0.0
2012-02-08 23:00:00,0.0
2012-02-09 00:00:00,0.0
2012-02-09 01:00:00,-1.5092654202202282
2012-02-09 02:00:00,-1.714502862953961
2012-02-09 03:00:00,-1.7891770358495864
2012-02-09 04:00:00,-1.7565012585712878
2012-02-09 05:00:00,0.0
2012-02-09 06:00:00,-1.3786089241987318
2012-02-09 07:00:00,-0.11697898437788536
2012-02-09 08:00:00,0.0
2012-02-09 09:00:00,0.5749457487448736
2012-02-09 10:00:00,0.9022162655365029
2012-02-09 11:00:00,1.1266116889569346
2012-02-09 12:00:00,0.0
2012-02-09 13:00:00,0.9536771187679433
2012-02-09 14:00:00,0.0
2012-02-09 15:00:00,0.0
2012-02-09 16:00:00,0.0
2012-02-09 17:00:00,0.0
2012-02-09 18:00:00,0.4580401147734474
2012-02-09 19:00:00,1.3930055079946975
2012-02-09 20:00:00,0.0
2012-02-09 21:00:00,0.0
2012-02-09 22:00:00,0.0
2012-02-09 23:00:00,-0.009489194928874256
2012-02-10 00:00:00,-0.8954176156868382
2012-02-10 01:00:00,0.0
2012-02-10 02:00:00,0.0
2012-02-10 03:00:00,0.0
2012-02-10 04:00:00,0.0
2012-02-10 05:00:00,-1.271352200208199
2012-02-10 06:00:00,-1.1967246404042713
2012-02-10 07:00:00,-0.03284235386814602
2012-02-10 08:00:00,0.22898338218349196
2012-02-10 09:00:00,0.0
2012-02-10 10:00:00,0.8648325659969914
2012-02-10 11:00:00,1.3974337517057451
2012-02-10 12:00:00,0.0
2012-02-10 13:00:00,0.9489225834150415
2012-02-10 14:00:00,0.0
2012-02-10 15:00:00,1.0144605903384158
2012-02-10 16:00:00,0.0
2012-02-10 17:00:00,0.0
2012-02-10 18:00:00,0.5514993636222189
2012-02-10 19:00:00,0.0
2012-02-10 20:00:00,0.0
2012-02-10 21:00:00,0.0
2012-02-10 22:00:00,1.2715317910371464
2012-02-10 23:00:00,0.0
2012-02-11 00:00:00,-1.0540419667254202
2012-02-11 01:00:00,-1.3833168464599421
2012-02-11 02:00:00,0.0
2012-02-11 03:00:00,-1.5652477433461005
2012-02-11 04:00:00,-1.5886009022853687
2012-02-11 05:00:00,0.0
2012-02-11 06:00:00,-1.5092188071285335
2012-02-11 07:00:00,0.0
2012-02-11 08:00:00,0.0
2012-02-11 09:00:00,0.44405618726490204
2012-02-11 10:00:00,0.8881391118445745
2012-02-11 11:00:00,1.7343065653865664
2012-02-11 12:00:00,1.1546727701574144
2012-02-11 13:00:00,1.1687033107576597
2012-02-11 14:00:00,1.0985972208481551
2012-02-11 15:00:00,1.1780259290966815
2012-02-11 16:00:00,1.6036034562733772
2012-02-11 17:00:00,1.2482252451895743
2012-02-11 18:00:00,0.0
2012-02-11 19:00:00,0.0
2012-02-11 20:00:00,1.7248907208641513
2012-02-11 21:00:00,1.4023747394254293
2012-02-11 22:00:00,0.0
2012-02-11 23:00:00,0.8601246437357785
2012-02-12 00:00:00,-0.26660700871929915
2012-02-12 01:00:00,0.0
2012-02-12 02:00:00,-1.5979235206243982
2012-02-12 03:00:00,-1.6678431581671187
2012-02-12 04:00:00,-1.770485186079832
2012-02-12 05:00:00,-1.7098415537844462
2012-02-12 06:00:00,0.0
2012-02-12 07:00:00,0.0
2012-02-12 08:00:00,0.21495284158325723
2012-02-12 09:00:00,0.7899719407345955
2012-02-12 10:00:00,0.94901580959843
2012-02-12 11:00:00,1.1780725421883804
2012-02-12 12:00:00,1.0097526680772027
2012-02-12 13:00:00,1.229440169236427
2012-02-12 14:00:00,1.0704895265559864
2012-02-12 15:00:00,0.9956755143852744
2012-02-12 16:00:00,0.0
2012-02-12 17:00:00,1.4162654407505813
2012-02-12 18:00:00,1.388250972641801
2012-02-12 19:00:00,1.6972491574889306
2012-02-12 20:00:00,1.5752626965227319
2012-02-12 21:00:00,1.2996394853293254
2012-02-12 22:00:00,1.2152231762694103
2012-02-12 23:00:00,0.0
2012-02-13 00:00:00,0.0
2012-02-13 01:00:00,0.0
2012-02-13 02:00:00,-1.6772123895978428
2012-02-13 03:00:00,0.0
2012-02-13 04:00:00,-1.7611625677408032
2012-02-13 05:00:00,0.0
2012-02-13 06:00:00,-1.6772123895978437
2012-02-13 07:00:00,0.0
2012-02-13 08:00:00,0.4252711113117606
2012-02-13 09:00:00,0.5889296762534196
2012-02-13 10:00:00,0.8554633345662651
2012-02-13 11:00:00,0.9582918148457574
2012-02-13 12:00:00,1.0003368235547827
2012-02-13 13:00:00,0.9209081153062565
2012-02-13 14:00:00,0.8694938751665048
2012-02-13 15:00:00,0.9442612742455226
2012-02-13 16:00:00,0.0
2012-02-13 17:00:00,0.0
2012-02-13 18:00:00,1.2900838015318166
2012-02-13 19:00:00,1.6639207969268963
2012-02-13 20:00:00,0.0
2012-02-13 21:00:00,1.290270253898599
2012-02-13 22:00:00,1.1313196112181476
2012-02-13 23:00:00,0.2149528415832523
2012-02-14 00:00:00,-0.5529978440942852
2012-02-14 01:00:00,-1.4765896429419305
2012-02-14 02:00:00,0.0
2012-02-14 03:00:00,0.0
2012-02-14 04:00:00,-1.630552684811001
2012-02-14 05:00:00,-1.639921916241726
2012-02-14 06:00:00,0.0
2012-02-14 07:00:00,-0.09833374769982604
2012-02-14 08:00:00,0.5842683670839063
2012-02-14 09:00:00,0.0
2012-02-14 10:00:00,0.0
2012-02-14 11:00:00,0.0
2012-02-14 12:00:00,1.1406422295571748
2012-02-14 13:00:00,0.0
2012-02-14 14:00:00,0.9021696524448142
2012-02-14 15:00:00,0.0
2012-02-14 16:00:00,1.0705361396476758
2012-02-14 17:00:00,1.0658282173864733
2012-02-14 18:00:00,0.0
2012-02-14 19:00:00,1.7248907208641457
2012-02-14 20:00:00,1.566079917458788
2012-02-14 21:00:00,0.0
2012-02-14 22:00:00,1.1593340793269333
2012-02-14 23:00:00,0.2289367690917971
2012-02-15 00:00:00,0.0
2012-02-15 01:00:00,-1.3459797600121297
2012-02-15 02:00:00,0.0
2012-02-15 03:00:00,0.0
2012-02-15 04:00:00,-1.6258913756414866
2012-02-15 05:00:00,-1.5605864341765854
2012-02-15 06:00:00,0.0
2012-02-15 07:00:00,0.0
2012-02-15 08:00:00,0.0
2012-02-15 09:00:00,0.827355640274091
2012-02-15 10:00:00,1.0518442898779223
2012-02-15 11:00:00,1.2807611831927852
2012-02-15 12:00:00,0.0
2012-02-15 13:00:00,1.0658282173864677
2012-02-15 14:00:00,0.8367714847965171
2012-02-15 15:00:00,0.9723689685376968
2012-02-15 16:00:00,0.0
2012-02-15 17:00:00,1.0144139772467216
2012-02-15 18:00:00,0.0
2012-02-15 19:00:00,0.0
2012-02-15 20:00:00,1.3694658966886486
2012-02-15 21:00:00,1.2388094006671533
2012-02-15 22:00:00,1.1406422295571799
2012-02-15 23:00:00,0.2897668537539638
2012-02-16 00:00:00,-0.16843983760932574
2012-02-16 01:00:00,-0.9060454005933354
2012-02-16 02:00:00,-1.2060472587432962
2012-02-16 03:00:00,-1.2153698770823278
2012-02-16 04:00:00,0.0
2012-02-16 05:00:00,-1.6632284620892992
2012-02-16 06:00:00,-1.588600902285369
2012-02-16 07:00:00,-0.21048484631835104
2012-02-16 08:00:00,0.05595558581111153
2012-02-16 09:00:00,0.5656231304058414
2012-02-16 10:00:00,0.9115388838755301
2012-02-16 11:00:00,1.1079198391871816
2012-02-16 12:00:00,1.1032585300176738
2012-02-16 13:00:00,0.0
2012-02-16 14:00:00,0.663790301515826
2012-02-16 15:00:00,0.0
2012-02-16 16:00:00,0.7479269320255647
2012-02-16 17:00:00,0.42531772440344934
2012-02-16 18:00:00,0.4720706553736871
2012-02-16 19:00:00,0.0
2012-02-16 20:00:00,1.3416844940383452
2012-02-16 21:00:00,0.0
2012-02-16 22:00:00,0.0
2012-02-16 23:00:00,-0.1497479878395722
2012-02-17 00:00:00,-1.0567921391354358
2012-02-17 01:00:00,-1.5419411974985267
2012-02-17 02:00:00,-1.6119074481329427
2012-02-17 03:00:00,-1.658520539828089
2012-02-17 04:00:00,0.0
2012-02-17 05:00:00,0.0
2012-02-17 06:00:00,0.0
2012-02-17 07:00:00,0.3457957899715401
2012-02-17 08:00:00,0.7152045416555666
2012-02-17 09:00:00,0.9255694244757697
2012-02-17 10:00:00,0.3037973943542041
2012-02-17 11:00:00,0.0
2012-02-17 12:00:00,0.0
2012-02-17 13:00:00,0.0
2012-02-17 14:00:00,0.9817381999684232
2012-02-17 15:00:00,1.1780259290966864
2012-02-17 16:00:00,1.1266116889569346
2012-02-17 17:00:00,0.3925953340334561
2012-02-17 18:00:00,0.0
2012-02-17 19:00:00,1.6035102300899882
2012-02-17 20:00:00,1.9267254079041396
2012-02-17 21:00:00,0.0
2012-02-17 22:00:00,1.3602831176247103
2012-02-17 23:00:00,0.7572495503645974
2012-02-18 00:00:00,0.0
2012-02-18 01:00:00,-1.4812975652031413
2012-02-18 02:00:00,-1.6445832254112398
2012-02-18 03:00:00,-1.6398753031500304
2012-02-18 04:00:00,0.0
2012-02-18 05:00:00,0.0
2012-02-18 06:00:00,0.0
2012-02-18 07:00:00,0.0
2012-02-18 08:00:00,0.26632046863131464
2012-02-18 09:00:00,0.0
2012-02-18 10:00:00,1.051797676786228
2012-02-18 11:00:00,1.3463924162995584
2012-02-18 12:00:00,0.6122828351926913
2012-02-18 13:00:00,0.5936375985146272
2012-02-18 14:00:00,0.8881857249362577
2012-02-18 15:00:00,1.177979316004992
2012-02-18 16:00:00,0.897554956366984
2012-02-18 17:00:00,0.0
2012-02-18 18:00:00,0.6544676831767938
2012-02-18 19:00:00,1.5143859987688655
2012-02-18 20:00:00,1.668535493004716
2012-02-18 21:00:00,1.4116507446727617
2012-02-18 22:00:00,1.117289070617908
2012-02-18 23:00:00,0.0
2012-02-19 00:00:00,-0.9339200294270309
2012-02-19 01:00:00,-1.5185880385592585
2012-02-19 02:00:00,0.0
2012-02-19 03:00:00,0.0
2012-02-19 04:00:00,-1.6678897712588143
2012-02-19 05:00:00,-1.663181848997604
2012-02-19 06:00:00,-1.630552684811001
2012-02-19 07:00:00,0.0
2012-02-19 08:00:00,0.10275512987303308
2012-02-19 09:00:00,0.49547042740464814
2012-02-19 10:00:00,0.7479735451172589
2012-02-19 11:00:00,0.0
2012-02-19 12:00:00,0.5889296762534252
2012-02-19 13:00:00,0.5281928177746469
2012-02-19 14:00:00,0.0
2012-02-19 15:00:00,0.85546333456627
2012-02-19 16:00:00,0.9209081153062509
2012-02-19 17:00:00,0.7619574726258044
2012-02-19 18:00:00,0.0
2012-02-19 19:00:00,0.0
2012-02-19 20:00:00,1.5377391577081267
2012-02-19 21:00:00,1.3229460311768926
2012-02-19 22:00:00,1.23414809149764
2012-02-19 23:00:00,0.09338589844231225
2012-02-20 00:00:00,-0.5483831480164714
2012-02-20 01:00:00,0.0
2012-02-20 02:00:00,-1.5978769075327033
2012-02-20 03:00:00,-1.7051802446149311
2012-02-20 04:00:00,-1.7098881668761414
2012-02-20 05:00:00,-1.6165687573024565
2012-02-20 06:00:00,0.0
2012-02-20 07:00:00,0.04663296747208494
2012-02-20 08:00:00,0.28972024066227514
2012-02-20 09:00:00,0.0
2012-02-20 10:00:00,0.0
2012-02-20 11:00:00,0.0
2012-02-20 12:00:00,0.21495284158325723
2012-02-20 13:00:00,0.2757363131537297
2012-02-20 14:00:00,0.0
2012-02-20 15:00:00,0.9069241877977104
2012-02-20 16:00:00,0.0
2012-02-20 17:00:00,0.0
2012-02-20 18:00:00,0.0
2012-02-20 19:00:00,1.4112312268474982
2012-02-20 20:00:00,0.0
2012-02-20 21:00:00,0.0
2012-02-20 22:00:00,1.112581148356695
2012-02-20 23:00:00,0.0
2012-02-21 00:00:00,0.0
2012-02-21 01:00:00,-1.5699090525156156
2012-02-21 02:00:00,-1.5885542891936737
2012-02-21 03:00:00,0.0
2012-02-21 04:00:00,0.0
2012-02-21 05:00:00,-1.6352606070722113
2012-02-21 06:00:00,-1.4439604787553277
2012-02-21 07:00:00,0.009249267932567999
2012-02-21 08:00:00,0.19155306955229123
2012-02-21 09:00:00,0.6170373705455932
2012-02-21 10:00:00,0.7619108595341052
2012-02-21 11:00:00,1.1591476269601508
2012-02-21 12:00:00,0.0
2012-02-21 13:00:00,0.8133717127655511
2012-02-21 14:00:00,0.8040024813348303
2012-02-21 15:00:00,0.5515459767139131
2012-02-21 16:00:00,0.7525882411950786
2012-02-21 17:00:00,0.8508020253967519
2012-02-21 18:00:00,1.0798587579867023
2012-02-21 19:00:00,1.3650842660693112
2012-02-21 20:00:00,1.4536025271983937
2012-02-21 21:00:00,1.1873951605274071
2012-02-21 22:00:00,1.0190752864162353
2012-02-21 23:00:00,0.1448001385820584
2012-02-22 00:00:00,0.0
2012-02-22 01:00:00,0.0
2012-02-22 02:00:00,0.0
2012-02-22 03:00:00,0.0
2012-02-22 04:00:00,-1.7191641721234756
2012-02-22 05:00:00,-1.6678431581671187
2012-02-22 06:00:00,0.0
2012-02-22 07:00:00,0.0
2012-02-22 08:00:00,0.02323319544111894
2012-02-22 09:00:00,0.6824355381938852
2012-02-22 10:00:00,0.8133717127655455
2012-02-22 11:00:00,0.0
2012-02-22 12:00:00,0.8087104035960379
2012-02-22 13:00:00,0.0
2012-02-22 14:00:00,0.7011273879636383
2012-02-22 15:00:00,0.7105432324860533
2012-02-22 16:00:00,0.6030068299453535
2012-02-22 17:00:00,0.7011273879636383
2012-02-22 18:00:00,0.7572495503645974
2012-02-22 19:00:00,1.0891813763257345
2012-02-22 20:00:00,0.0
2012-02-22 21:00:00,0.0
2012-02-22 22:00:00,0.0
2012-02-22 23:00:00,0.0
2012-02-23 00:00:00,-0.509694281909495
2012-02-23 01:00:00,-1.5559251250070705
2012-02-23 02:00:00,-1.6165687573024572
2012-02-23 03:00:00,0.0
2012-02-23 04:00:00,0.0
2012-02-23 05:00:00,-1.5745703616851294
2012-02-23 06:00:00,-1.2605379629349271
2012-02-23 07:00:00,-0.0561955128074184
2012-02-23 08:00:00,0.500131736574167
2012-02-23 09:00:00,0.0
2012-02-23 10:00:00,0.0
2012-02-23 11:00:00,1.0658282173864622
2012-02-23 12:00:00,0.7245271599946043
2012-02-23 13:00:00,0.29438154983178844
2012-02-23 14:00:00,0.6731595329465468
2012-02-23 15:00:00,0.0
2012-02-23 16:00:00,0.0
2012-02-23 17:00:00,0.0
2012-02-23 18:00:00,0.0
2012-02-23 19:00:00,1.2014257011276523
2012-02-23 20:00:00,1.4584502887346886
2012-02-23 21:00:00,0.0
2012-02-23 22:00:00,0.0
2012-02-23 23:00:00,-0.051534203637898957
2012-02-24 00:00:00,-0.5658630574021536
2012-02-24 01:00:00,-1.4052716126483553
2012-02-24 02:00:00,-1.6166153703941517
2012-02-24 03:00:00,0.0
2012-02-24 04:00:00,-1.644536612319545
2012-02-24 05:00:00,-1.6165687573024572
2012-02-24 06:00:00,0.0
2012-02-24 07:00:00,0.04197165830256611
2012-02-24 08:00:00,0.7572495503645974
2012-02-24 09:00:00,1.0190752864162294
2012-02-24 10:00:00,0.4486708833427211
2012-02-24 11:00:00,0.47207065537368215
2012-02-24 12:00:00,0.21956753766108184
2012-02-24 13:00:00,0.0
2012-02-24 14:00:00,0.0
2012-02-24 15:00:00,0.7385577005948439
2012-02-24 16:00:00,0.5609152081446339
2012-02-24 17:00:00,0.3131200126932307
2012-02-24 18:00:00,0.6544210700850996
2012-02-24 19:00:00,0.7432190097643578
2012-02-24 20:00:00,0.0
2012-02-24 21:00:00,0.7245271599945932
2012-02-24 22:00:00,0.5655765173141528
2012-02-24 23:00:00,0.4112871838032152
2012-02-25 00:00:00,-0.8080180687584378
2012-02-25 01:00:00,0.0
2012-02-25 02:00:00,-1.5745703616851294
2012-02-25 03:00:00,0.0
2012-02-25 04:00:00,-1.6118608350412473
2012-02-25 05:00:00,-1.5232959608204681
2012-02-25 06:00:00,-1.055300520201195
2012-02-25 07:00:00,0.0
2012-02-25 08:00:00,0.6543744569934109
2012-02-25 09:00:00,0.9583850410291569
2012-02-25 10:00:00,0.0
2012-02-25 11:00:00,1.4397584389649358
2012-02-25 12:00:00,0.7105432324860533
2012-02-25 13:00:00,0.0
2012-02-25 14:00:00,0.0
2012-02-25 15:00:00,0.4159484929727285
2012-02-25 16:00:00,0.2897202406622702
2012-02-25 17:00:00,0.5935909854229384
2012-02-25 18:00:00,0.598298907684146
2012-02-25 19:00:00,0.0
2012-02-25 20:00:00,1.729598643125359
2012-02-25 21:00:00,0.0
2012-02-25 22:00:00,0.0
2012-02-25 23:00:00,0.0
2012-02-26 00:00:00,-0.8079714556667436
2012-02-26 01:00:00,-1.3040279774864967
2012-02-26 02:00:00,0.0
2012-02-26 03:00:00,0.0
2012-02-26 04:00:00,-1.611907448132942
2012-02-26 05:00:00,0.0
2012-02-26 06:00:00,0.0
2012-02-26 07:00:00,0.0
2012-02-26 08:00:00,0.7946798629957982
2012-02-26 09:00:00,0.0
2012-02-26 10:00:00,0.0
2012-02-26 11:00:00,0.0
2012-02-26 12:00:00,0.0
2012-02-26 13:00:00,0.0
2012-02-26 14:00:00,0.0
2012-02-26 15:00:00,0.7853106315650712
2012-02-26 16:00:00,0.85546333456627
2012-02-26 17:00:00,0.7432190097643578
2012-02-26 18:00:00,0.5936375985146272
2012-02-26 19:00:00,1.435097129795417
2012-02-26 20:00:00,0.0
2012-02-26 21:00:00,1.3229926442685924
2012-02-26 22:00:00,0.0
2012-02-26 23:00:00,-0.11241090139176053
2012-02-27 00:00:00,0.0
2012-02-27 01:00:00,-1.4346378604162984
2012-02-27 02:00:00,0.0
2012-02-27 03:00:00,-1.6072461389634276
2012-02-27 04:00:00,-1.6071995258717324
2012-02-27 05:00:00,0.0
2012-02-27 06:00:00,-1.513973342481438
2012-02-27 07:00:00,-0.0843032070995864
2012-02-27 08:00:00,0.0
2012-02-27 09:00:00,0.8975549563669896
2012-02-27 10:00:00,0.39259533403346164
2012-02-27 11:00:00,0.0
2012-02-27 12:00:00,0.0
2012-02-27 13:00:00,0.0
2012-02-27 14:00:00,0.0
2012-02-27 15:00:00,0.0
2012-02-27 16:00:00,0.4066258746337019
2012-02-27 17:00:00,0.35516502140225537
2012-02-27 18:00:00,0.42065641523393604
2012-02-27 19:00:00,0.9629531240152756
2012-02-27 20:00:00,0.0
2012-02-27 21:00:00,0.7432656228560459
2012-02-27 22:00:00,0.0
2012-02-27 23:00:00,-0.49226098561551246
2012-02-28 00:00:00,-0.9214743339444276
2012-02-28 01:00:00,-1.4206073198160596
2012-02-28 02:00:00,0.0
2012-02-28 03:00:00,-1.4999428018811993
2012-02-28 04:00:00,-1.4953281058033803
2012-02-28 05:00:00,-1.471928333772416
2012-02-28 06:00:00,-1.41128470147703
2012-02-28 07:00:00,0.04197165830256058
2012-02-28 08:00:00,0.4767785776348897
2012-02-28 09:00:00,0.0
2012-02-28 10:00:00,0.27568970006203547
2012-02-28 11:00:00,0.0
2012-02-28 12:00:00,0.322489244123957
2012-02-28 13:00:00,0.0
2012-02-28 14:00:00,0.5234848955134388
2012-02-28 15:00:00,0.0
2012-02-28 16:00:00,0.7666187817953183
2012-02-28 17:00:00,0.49080911823513484
2012-02-28 18:00:00,0.0
2012-02-28 19:00:00,0.0
2012-02-28 20:00:00,1.4861384652016043
2012-02-28 21:00:00,0.0
2012-02-28 22:00:00,0.0
2012-02-28 23:00:00,0.0
2012-02-29 00:00:00,0.0
2012-02-29 01:00:00,-1.201385949573783
2012-02-29 02:00:00,-1.3600103006123683
2012-02-29 03:00:00,0.0
2012-02-29 04:00:00,-1.33204244559528
2012-02-29 05:00:00,-1.3086426735643168
2012-02-29 06:00:00,-1.3180119049950434
2012-02-29 07:00:00,-0.1871316873790842
2012-02-29 08:00:00,0.8414327939660304
2012-02-29 09:00:00,0.0
2012-02-29 10:00:00,0.3411810938937155
2012-02-29 11:00:00,0.5469312806360885
2012-02-29 12:00:00,0.5329007400358489
2012-02-29 13:00:00,0.45808672786514165
2012-02-29 14:00:00,0.0
2012-02-29 15:00:00,0.0
2012-02-29 16:00:00,0.49076250514344616
2012-02-29 17:00:00,0.0
2012-02-29 18:00:00,0.49076250514344616
2012-02-29 19:00:00,1.215363015544493
2012-02-29 20:00:00,1.6873671820495517
2012-02-29 21:00:00,1.407175887870031
2012-02-29 22:00:00,1.2388094006671533
2012-02-29 23:00:00,0.12610828881230485
2012-03-01 00:00:00,-0.9201225542852683
2012-03-01 01:00:00,-1.4486217879248429
2012-03-01 02:00:00,-1.5372332752373172
2012-03-01 03:00:00,-1.5885542891936735
2012-03-01 04:00:00,0.0
2012-03-01 05:00:00,-1.5838929800241588
2012-03-01 06:00:00,0.0
2012-03-01 07:00:00,0.0
2012-03-01 08:00:00,0.3411344808020213
2012-03-01 09:00:00,0.8694938751665097
2012-03-01 10:00:00,0.38788741177224856
2012-03-01 11:00:00,0.42997903357296813
2012-03-01 12:00:00,0.0
2012-03-01 13:00:00,0.44871749643441594
2012-03-01 14:00:00,0.0
2012-03-01 15:00:00,0.832063562535304
2012-03-01 16:00:00,0.8414327939660304
2012-03-01 17:00:00,0.4486708833427211
2012-03-01 18:00:00,0.5095009680048933
2012-03-01 19:00:00,0.0
2012-03-01 20:00:00,0.0
2012-03-01 21:00:00,0.0
2012-03-01 22:00:00,1.1826872382661995
2012-03-01 23:00:00,0.02668256422655568
2012-03-02 00:00:00,-0.9074437933441931
2012-03-02 01:00:00,-1.4066700053992103
2012-03-02 02:00:00,-1.5372798883290122
2012-03-02 03:00:00,0.0
2012-03-02 04:00:00,0.0
2012-03-02 05:00:00,-1.4859588743726553
2012-03-02 06:00:00,-1.209216948978566
2012-03-02 07:00:00,0.0
2012-03-02 08:00:00,0.0
2012-03-02 09:00:00,0.7806027093038637
2012-03-02 10:00:00,0.25228992803107503
2012-03-02 11:00:00,0.43002564666466236
2012-03-02 12:00:00,0.0
2012-03-02 13:00:00,0.35987294366346845
2012-03-02 14:00:00,0.33181186246298916
2012-03-02 15:00:00,0.37390348426370873
2012-03-02 16:00:00,0.43934826500368956
2012-03-02 17:00:00,0.0
2012-03-02 18:00:00,0.0
2012-03-02 19:00:00,0.0
2012-03-02 20:00:00,1.7249373339558456
2012-03-02 21:00:00,1.4445595874095374
2012-03-02 22:00:00,1.3696989621471254
2012-03-02 23:00:00,0.0
2012-03-03 00:00:00,0.0
2012-03-03 01:00:00,0.0
2012-03-03 02:00:00,0.0
2012-03-03 03:00:00,0.0
2012-03-03 04:00:00,0.0
2012-03-03 05:00:00,-1.448575174833148
2012-03-03 06:00:00,-1.3879781556294561
2012-03-03 07:00:00,-0.00011996349815835383
2012-03-03 08:00:00,0.0
2012-03-03 09:00:00,0.0
2012-03-03 10:00:00,0.0
2012-03-03 11:00:00,0.0
2012-03-03 12:00:00,0.0
2012-03-03 13:00:00,0.0
2012-03-03 14:00:00,1.2529797805424874
2012-03-03 15:00:00,1.3882043595501015
2012-03-03 16:00:00,0.0
2012-03-03 17:00:00,1.0845666802479155
2012-03-03 18:00:00,0.0
2012-03-03 19:00:00,1.9506379239437368
2012-03-03 20:00:00,1.9267254079041396
2012-03-03 21:00:00,1.6873671820495517
2012-03-03 22:00:00,0.0
2012-03-03 23:00:00,0.9115388838755301
2012-03-04 00:00:00,-0.575185675741175
2012-03-04 01:00:00,-1.2387230360215955
2012-03-04 02:00:00,0.0
2012-03-04 03:00:00,-1.4159460106465445
2012-03-04 04:00:00,-1.4159460106465445
2012-03-04 05:00:00,-1.4206073198160596
2012-03-04 06:00:00,0.0
2012-03-04 07:00:00,0.0
2012-03-04 08:00:00,0.0
2012-03-04 09:00:00,1.26220917269812
2012-03-04 10:00:00,1.252839941267393
2012-03-04 11:00:00,1.416498506209058
2012-03-04 12:00:00,0.8601246437357833
2012-03-04 13:00:00,0.0
2012-03-04 14:00:00,0.0
2012-03-04 15:00:00,0.40196456546418247
2012-03-04 16:00:00,0.0
2012-03-04 17:00:00,0.7666187817953183
2012-03-04 18:00:00,0.7338497783336364
2012-03-04 19:00:00,1.0518442898779223
2012-03-04 20:00:00,0.0
2012-03-04 21:00:00,0.0
2012-03-04 22:00:00,1.2201175508974058
2012-03-04 23:00:00,0.14950806084326593
2012-03-05 00:00:00,-1.0241163618571414
2012-03-05 01:00:00,0.0
2012-03-05 02:00:00,-1.5745703616851294
2012-03-05 03:00:00,-1.6585671529197843
2012-03-05 04:00:00,-1.611907448132942
2012-03-05 05:00:00,0.0
2012-03-05 06:00:00,0.0
2012-03-05 07:00:00,0.0
2012-03-05 08:00:00,0.5749457487448743
2012-03-05 09:00:00,1.1873951605274078
2012-03-05 10:00:00,0.44871749643441594
2012-03-05 11:00:00,0.0
2012-03-05 12:00:00,0.0
2012-03-05 13:00:00,0.25704446338397124
2012-03-05 14:00:00,0.6123294482843856
2012-03-05 15:00:00,0.6824355381938847
2012-03-05 16:00:00,0.0
2012-03-05 17:00:00,0.24767523195325045
2012-03-05 18:00:00,0.0
2012-03-05 19:00:00,1.1126743745400833
2012-03-05 20:00:00,0.0
2012-03-05 21:00:00,1.5237086171078982
2012-03-05 22:00:00,1.2995928722376313
2012-03-05 23:00:00,0.0
2012-03-06 00:00:00,-0.8815735274533795
2012-03-06 01:00:00,-1.3692863058597036
2012-03-06 02:00:00,-1.495281492711685
2012-03-06 03:00:00,-1.4812975652031413
2012-03-06 04:00:00,0.0
2012-03-06 05:00:00,-1.4766362560336255
2012-03-06 06:00:00,0.0
2012-03-06 07:00:00,0.0
2012-03-06 08:00:00,0.0
2012-03-06 09:00:00,1.0097526680772082
2012-03-06 10:00:00,0.28501231840106206
2012-03-06 11:00:00,0.3037507812625203
2012-03-06 12:00:00,0.0
2012-03-06 13:00:00,0.0
2012-03-06 14:00:00,0.780649322395558
2012-03-06 15:00:00,0.6310679111458278
2012-03-06 16:00:00,0.0
2012-03-06 17:00:00,0.5421767452831867
2012-03-06 18:00:00,0.47677857763489523
2012-03-06 19:00:00,0.8881857249362632
2012-03-06 20:00:00,0.9770302777072101
2012-03-06 21:00:00,0.7058353102248458
2012-03-06 22:00:00,0.0
2012-03-06 23:00:00,-0.44891081033902763
2012-03-07 00:00:00,-0.892108086176483
2012-03-07 01:00:00,0.0
2012-03-07 02:00:00,-1.551217202745861
2012-03-07 03:00:00,-1.5932155983631882
2012-03-07 04:00:00,-1.5652477433460998
2012-03-07 05:00:00,0.0
2012-03-07 06:00:00,0.0
2012-03-07 07:00:00,-0.8734162364067297
2012-03-07 08:00:00,-0.11697898437789027
2012-03-07 09:00:00,0.0
2012-03-07 10:00:00,0.3084587035237229
2012-03-07 11:00:00,0.5375154361136735
2012-03-07 12:00:00,0.4112871838032152
2012-03-07 13:00:00,0.22427545992228937
2012-03-07 14:00:00,0.2522899280310744
2012-03-07 15:00:00,0.0
2012-03-07 16:00:00,0.32715055329347587
2012-03-07 17:00:00,0.40662587463369576
2012-03-07 18:00:00,0.0
2012-03-07 19:00:00,0.0
2012-03-07 20:00:00,0.0
2012-03-07 21:00:00,0.747880318933876
2012-03-07 22:00:00,0.64039052948486
2012-03-07 23:00:00,-0.4068658016299971
2012-03-08 00:00:00,-0.892108086176483
2012-03-08 01:00:00,-1.3366105285814054
2012-03-08 02:00:00,-1.5605864341765854
2012-03-08 03:00:00,0.0
2012-03-08 04:00:00,0.0
2012-03-08 05:00:00,0.0
2012-03-08 06:00:00,-1.1766343978836595
2012-03-08 07:00:00,-0.018811813267906374
2012-03-08 08:00:00,0.0
2012-03-08 09:00:00,0.0
2012-03-08 10:00:00,0.0
2012-03-08 11:00:00,0.4814398868044085
2012-03-08 12:00:00,0.18689176038277733
2012-03-08 13:00:00,0.23830600052252346
2012-03-08 14:00:00,0.0
2012-03-08 15:00:00,0.1027551298730386
2012-03-08 16:00:00,0.3318584755546834
2012-03-08 17:00:00,0.565623130405847
2012-03-08 18:00:00,0.518823586343915
2012-03-08 19:00:00,0.8601246437357889
2012-03-08 20:00:00,1.0237365955857487
2012-03-08 21:00:00,0.0
2012-03-08 22:00:00,0.6637436884241318
2012-03-08 23:00:00,-0.21053145941003915
2012-03-09 00:00:00,-0.8454949944813384
2012-03-09 01:00:00,0.0
2012-03-09 02:00:00,0.0
2012-03-09 03:00:00,-1.4765896429419312
2012-03-09 04:00:00,0.0
2012-03-09 05:00:00,-1.4486217879248429
2012-03-09 06:00:00,0.0
2012-03-09 07:00:00,0.275689700062041
2012-03-09 08:00:00,0.29438154983178844
2012-03-09 09:00:00,0.0
2012-03-09 10:00:00,0.4393482650036945
2012-03-09 11:00:00,0.39259533403346164
2012-03-09 12:00:00,0.2617057725534901
2012-03-09 13:00:00,0.16349198835181686
2012-03-09 14:00:00,0.0
2012-03-09 15:00:00,0.3972566432029694
2012-03-09 16:00:00,0.4814398868044134
2012-03-09 17:00:00,0.6216986797151064
2012-03-09 18:00:00,0.0
2012-03-09 19:00:00,0.0
2012-03-09 20:00:00,1.014413977246716
2012-03-09 21:00:00,0.7946798629957975
2012-03-09 22:00:00,0.6170373705455932
2012-03-09 23:00:00,0.0
2012-03-10 00:00:00,-0.6606274728183845
2012-03-10 01:00:00,-1.3180119049950392
2012-03-10 02:00:00,0.0
2012-03-10 03:00:00,-1.5325253529761076
2012-03-10 04:00:00,-1.551263815837556
2012-03-10 05:00:00,-1.4859588743726557
2012-03-10 06:00:00,-1.1487597690499618
2012-03-10 07:00:00,0.06993951331965202
2012-03-10 08:00:00,0.0
2012-03-10 09:00:00,0.9676610462764886
2012-03-10 10:00:00,0.5609152081446339
2012-03-10 11:00:00,0.6403439163931707
2012-03-10 12:00:00,0.5281462046829527
2012-03-10 13:00:00,0.5796070579143924
2012-03-10 14:00:00,0.2056302232442251
2012-03-10 15:00:00,0.8413861808743361
2012-03-10 16:00:00,0.8226943311045832
2012-03-10 17:00:00,0.0
2012-03-10 18:00:00,0.0
2012-03-10 19:00:00,0.0
2012-03-10 20:00:00,1.0611202951252545
2012-03-10 21:00:00,0.0
2012-03-10 22:00:00,0.6777742290243659
2012-03-10 23:00:00,0.0
2012-03-11 00:00:00,-0.7085457310809994
2012-03-11 01:00:00,-1.3366571416731
2012-03-11 02:00:00,-1.4952814927116844
2012-03-11 03:00:00,0.0
2012-03-11 04:00:00,0.0
2012-03-11 05:00:00,-1.4952814927116844
2012-03-11 06:00:00,0.0
2012-03-11 07:00:00,-0.14504006557836466
2012-03-11 08:00:00,0.6123294482843801
2012-03-11 09:00:00,1.0141809117882454
2012-03-11 10:00:00,0.6496665347322034
2012-03-11 11:00:00,0.6964660787941299
2012-03-11 12:00:00,0.0
2012-03-11 13:00:00,0.0
2012-03-11 14:00:00,0.0
2012-03-11 15:00:00,0.0
2012-03-11 16:00:00,0.584314980175595
2012-03-11 17:00:00,0.9209081153062565
2012-03-11 18:00:00,0.0
2012-03-11 19:00:00,0.0
2012-03-11 20:00:00,1.0892279894174288
2012-03-11 21:00:00,0.0
2012-03-11 22:00:00,0.7152045416555721
2012-03-11 23:00:00,-0.2900067807502707
2012-03-12 00:00:00,0.0
2012-03-12 01:00:00,0.0
2012-03-12 02:00:00,-1.4859122612809608
2012-03-12 03:00:00,-1.5512638158375567
2012-03-12 04:00:00,0.0
2012-03-12 05:00:00,-1.4719749468641115
2012-03-12 06:00:00,0.0
2012-03-12 07:00:00,0.01391057710208621
2012-03-12 08:00:00,0.38327271569442956
2012-03-12 09:00:00,0.6029602168536593
2012-03-12 10:00:00,0.4347335689258699
2012-03-12 11:00:00,0.528146204682952
2012-03-12 12:00:00,0.28035100923154876
2012-03-12 13:00:00,0.32244263103226833
2012-03-12 14:00:00,0.0
2012-03-12 15:00:00,0.0
2012-03-12 16:00:00,0.3271505532934703
2012-03-12 17:00:00,0.4861011959739218
2012-03-12 18:00:00,0.0
2012-03-12 19:00:00,0.6076681391148618
2012-03-12 20:00:00,0.8367248717048229
2012-03-12 21:00:00,0.0
2012-03-12 22:00:00,0.0
2012-03-12 23:00:00,-0.3461289431512299
2012-03-13 00:00:00,-0.9681340387312679
2012-03-13 01:00:00,0.0
2012-03-13 02:00:00,0.0
2012-03-13 03:00:00,-1.5558785119153757
2012-03-13 04:00:00,-1.6025848297939127
2012-03-13 05:00:00,-1.527957269989983
2012-03-13 06:00:00,0.0
2012-03-13 07:00:00,-0.33675971172050356
2012-03-13 08:00:00,0.0
2012-03-13 09:00:00,0.8320169494436154
2012-03-13 10:00:00,0.24767523195325045
2012-03-13 11:00:00,0.5375154361136784
2012-03-13 12:00:00,0.2943815498317835
2012-03-13 13:00:00,0.0
2012-03-13 14:00:00,0.18693837347446665
2012-03-13 15:00:00,0.2476286188615562
2012-03-13 16:00:00,0.0
2012-03-13 17:00:00,0.42997903357296263
2012-03-13 18:00:00,0.3037507812625099
2012-03-13 19:00:00,0.0
2012-03-13 20:00:00,0.8601246437357785
2012-03-13 21:00:00,0.0
2012-03-13 22:00:00,0.5796070579143924
2012-03-13 23:00:00,-0.30869863052002366
2012-03-14 00:00:00,-0.9248770896381722
2012-03-14 01:00:00,-1.3693329189513976
2012-03-14 02:00:00,-1.5185880385592583
2012-03-14 03:00:00,-1.4765430298502358
2012-03-14 04:00:00,-1.5139267293897434
2012-03-14 05:00:00,-1.4440070918470231
2012-03-14 06:00:00,-1.3226732141645554
2012-03-14 07:00:00,-0.5950428528033114
2012-03-14 08:00:00,-0.30865201742832943
2012-03-14 09:00:00,0.0
2012-03-14 10:00:00,0.378564793433222
2012-03-14 11:00:00,0.4861011959739218
2012-03-14 12:00:00,0.3925487209417674
2012-03-14 13:00:00,0.0
2012-03-14 14:00:00,0.3318584755546834
2012-03-14 15:00:00,0.5000851234824727
2012-03-14 16:00:00,0.39259533403346225
2012-03-14 17:00:00,0.0
2012-03-14 18:00:00,0.6965126918858137
2012-03-14 19:00:00,0.7525882411950842
2012-03-14 20:00:00,0.0
2012-03-14 21:00:00,0.0
2012-03-14 22:00:00,0.0
2012-03-14 23:00:00,-0.1778090690400576
2012-03-15 00:00:00,-0.5938775255109334
2012-03-15 01:00:00,-1.1080665400000986
2012-03-15 02:00:00,-1.2107085679128122
2012-03-15 03:00:00,-1.2993666683169822
2012-03-15 04:00:00,0.0
2012-03-15 05:00:00,-1.5418479713151363
2012-03-15 06:00:00,-1.322626601072861
2012-03-15 07:00:00,-0.4582800417697488
2012-03-15 08:00:00,-0.360159483751464
2012-03-15 09:00:00,0.0
2012-03-15 10:00:00,0.16815329752133015
2012-03-15 11:00:00,0.44862427025103235
2012-03-15 12:00:00,0.2430139227837316
2012-03-15 13:00:00,0.0
2012-03-15 14:00:00,-0.1497479878395722
2012-03-15 15:00:00,0.21966076384445923
2012-03-15 16:00:00,0.0
2012-03-15 17:00:00,0.0
2012-03-15 18:00:00,0.0
2012-03-15 19:00:00,0.7993877852570113
2012-03-15 20:00:00,0.9535838925845554
2012-03-15 21:00:00,0.0
2012-03-15 22:00:00,0.0
2012-03-15 23:00:00,0.0
2012-03-16 00:00:00,-0.7587480308366714
2012-03-16 01:00:00,0.0
2012-03-16 02:00:00,-1.4532830970943573
2012-03-16 03:00:00,-1.5138801162980486
2012-03-16 04:00:00,0.0
2012-03-16 05:00:00,-1.4346378604162984
2012-03-16 06:00:00,-1.364624996690188
2012-03-16 07:00:00,0.0
2012-03-16 08:00:00,-0.38817395186024967
2012-03-16 09:00:00,-0.12164029354739865
2012-03-16 10:00:00,0.14009221632085578
2012-03-16 11:00:00,0.0
2012-03-16 12:00:00,0.4393482650036945
2012-03-16 13:00:00,0.3131200126932362
2012-03-16 14:00:00,0.3271505532934703
2012-03-16 15:00:00,0.0
2012-03-16 16:00:00,0.0
2012-03-16 17:00:00,0.45808672786513677
2012-03-16 18:00:00,0.6590823792546184
2012-03-16 19:00:00,1.2014257011276475
2012-03-16 20:00:00,1.290223640806905
2012-03-16 21:00:00,1.210748319466674
2012-03-16 22:00:00,0.0
2012-03-16 23:00:00,0.0
2012-03-17 00:00:00,0.0
2012-03-17 01:00:00,0.0
2012-03-17 02:00:00,-1.4533297101860523
2012-03-17 03:00:00,-1.5326185791594975
2012-03-17 04:00:00,-1.5232493477287727
2012-03-17 05:00:00,0.0
2012-03-17 06:00:00,-1.1733714814650025
2012-03-17 07:00:00,0.0
2012-03-17 08:00:00,0.0
2012-03-17 09:00:00,0.542223358374881
2012-03-17 10:00:00,0.0
2012-03-17 11:00:00,1.2012392487608705
2012-03-17 12:00:00,0.5748991356531848
2012-03-17 13:00:00,0.43934826500368895
2012-03-17 14:00:00,0.5328541269441547
2012-03-17 15:00:00,0.3925953340334561
2012-03-17 16:00:00,0.9582918148457679
2012-03-17 17:00:00,0.0
2012-03-17 18:00:00,0.0
2012-03-17 19:00:00,0.0
2012-03-17 20:00:00,1.168703310757654
2012-03-17 21:00:00,0.0
2012-03-17 22:00:00,1.0985972208481551
2012-03-17 23:00:00,0.7198192377333912
2012-03-18 00:00:00,-0.7586081915615832
2012-03-18 01:00:00,0.0
2012-03-18 02:00:00,0.0
2012-03-18 03:00:00,-1.4812975652031413
2012-03-18 04:00:00,0.0
2012-03-18 05:00:00,0.0
2012-03-18 06:00:00,0.0
2012-03-18 07:00:00,0.0
2012-03-18 08:00:00,-0.060856821976936606
2012-03-18 09:00:00,0.0
2012-03-18 10:00:00,0.0
2012-03-18 11:00:00,0.0
2012-03-18 12:00:00,0.39259533403346164
2012-03-18 13:00:00,0.14946144775157721
2012-03-18 14:00:00,0.5234382824217452
2012-03-18 15:00:00,0.12144697964279154
2012-03-18 16:00:00,0.2757363131537297
2012-03-18 17:00:00,0.39259533403346164
2012-03-18 18:00:00,0.46740934620416885
2012-03-18 19:00:00,0.7899719407345955
2012-03-18 20:00:00,1.1733180068354732
2012-03-18 21:00:00,0.9255694244757697
2012-03-18 22:00:00,0.8414327939660249
2012-03-18 23:00:00,-0.4640600651399471
2012-03-19 00:00:00,-1.3599636875206735
2012-03-19 01:00:00,-1.3833168464599421
2012-03-19 02:00:00,-1.658520539828089
2012-03-19 03:00:00,-1.6958576262759024
2012-03-19 04:00:00,0.0
2012-03-19 05:00:00,0.0
2012-03-19 06:00:00,-1.518588038559259
2012-03-19 07:00:00,0.0
2012-03-19 08:00:00,-0.2151927685795635
2012-03-19 09:00:00,0.16353860144350557
2012-03-19 10:00:00,0.0
2012-03-19 11:00:00,0.0
2012-03-19 12:00:00,0.009202654840878682
2012-03-19 13:00:00,0.0
2012-03-19 14:00:00,0.14475352549036968
2012-03-19 15:00:00,0.21961415075277607
2012-03-19 16:00:00,0.3645808659246766
2012-03-19 17:00:00,0.2850123184010682
2012-03-19 18:00:00,0.0
2012-03-19 19:00:00,0.752588241195078
2012-03-19 20:00:00,0.0
2012-03-19 21:00:00,0.7852640184733825
2012-03-19 22:00:00,0.7011740010553325
2012-03-19 23:00:00,-0.3320984025509847
2012-03-20 00:00:00,0.0
2012-03-20 01:00:00,-1.4673136376945963
2012-03-20 02:00:00,0.0
2012-03-20 03:00:00,-1.6305992979026966
2012-03-20 04:00:00,-1.616568757302457
2012-03-20 05:00:00,-1.5978769075327028
2012-03-20 06:00:00,-1.5465558935763468
2012-03-20 07:00:00,-0.6558729374654773
2012-03-20 08:00:00,-0.3427261874574819
2012-03-20 09:00:00,0.0
2012-03-20 10:00:00,0.0
2012-03-20 11:00:00,0.31312001269324174
2012-03-20 12:00:00,0.0
2012-03-20 13:00:00,0.0
2012-03-20 14:00:00,0.0
2012-03-20 15:00:00,0.1728612197825383
2012-03-20 16:00:00,0.39730325629466917
2012-03-20 17:00:00,0.42997903357296813
2012-03-20 18:00:00,0.34118109389371
2012-03-20 19:00:00,0.8601712568274782
2012-03-20 20:00:00,0.8741085712443294
2012-03-20 21:00:00,0.7245271599946043
2012-03-20 22:00:00,0.0
2012-03-20 23:00:00,0.0
2012-03-21 00:00:00,-1.08480660724422
2012-03-21 01:00:00,-1.5138801162980486
2012-03-21 02:00:00,0.0
2012-03-21 03:00:00,-1.7005655485371116
2012-03-21 04:00:00,-1.6632284620892988
2012-03-21 05:00:00,-1.583939593115854
2012-03-21 06:00:00,0.0
2012-03-21 07:00:00,-0.5050795858316811
2012-03-21 08:00:00,-0.31335993968953696
2012-03-21 09:00:00,0.09338589844231225
2012-03-21 10:00:00,0.20558361015253088
2012-03-21 11:00:00,0.5843149801756006
2012-03-21 12:00:00,0.35987294366346845
2012-03-21 13:00:00,0.0
2012-03-21 14:00:00,0.2288901560001084
2012-03-21 15:00:00,0.0
2012-03-21 16:00:00,0.0
2012-03-21 17:00:00,0.4767785776348897
2012-03-21 18:00:00,0.0
2012-03-21 19:00:00,0.7245271599946043
2012-03-21 20:00:00,0.8508020253967519
2012-03-21 21:00:00,0.7666187817953183
2012-03-21 22:00:00,0.7759414001343449
2012-03-21 23:00:00,-0.4689078266762459
2012-03-22 00:00:00,-1.131373085847671
2012-03-22 01:00:00,-1.5232493477287734
2012-03-22 02:00:00,0.0
2012-03-22 03:00:00,-1.7565012585712887
2012-03-22 04:00:00,0.0
2012-03-22 05:00:00,-1.728580016645895
2012-03-22 06:00:00,-1.597923520624399
2012-03-22 07:00:00,0.0
2012-03-22 08:00:00,-0.397543183290981
2012-03-22 09:00:00,0.19155306955229123
2012-03-22 10:00:00,0.0
2012-03-22 11:00:00,0.0
2012-03-22 12:00:00,0.0
2012-03-22 13:00:00,-0.009489194928879788
2012-03-22 14:00:00,0.0
2012-03-22 15:00:00,0.2710750039842109
2012-03-22 16:00:00,0.3177347087710608
2012-03-22 17:00:00,0.0
2012-03-22 18:00:00,0.3879340248639428
2012-03-22 19:00:00,0.0
2012-03-22 20:00:00,0.0
2012-03-22 21:00:00,0.9302773467369773
2012-03-22 22:00:00,0.8601246437357839
2012-03-22 23:00:00,-0.4034630459362546
2012-03-23 00:00:00,-0.9901354180113774
2012-03-23 01:00:00,-1.439299169585813
2012-03-23 02:00:00,-1.64458322541124
2012-03-23 03:00:00,-1.5886009022853687
2012-03-23 04:00:00,-1.6305060717193063
2012-03-23 05:00:00,-1.5512172027458602
2012-03-23 06:00:00,-1.4813441782948358
2012-03-23 07:00:00,-0.36011287065976977
2012-03-23 08:00:00,-0.07498058876055427
2012-03-23 09:00:00,0.32710394020178163
2012-03-23 10:00:00,0.30841209043202866
2012-03-23 11:00:00,0.5047930457436802
2012-03-23 12:00:00,0.23830600052252407
2012-03-23 13:00:00,0.0
2012-03-23 14:00:00,0.032602426871845294
2012-03-23 15:00:00,0.49080911823513484
2012-03-23 16:00:00,0.0
2012-03-23 17:00:00,0.5748991356531848
2012-03-23 18:00:00,0.6403439163931712
2012-03-23 19:00:00,0.8321101756270038
2012-03-23 20:00:00,1.1873951605274127
2012-03-23 21:00:00,0.0
2012-03-23 22:00:00,0.7198658508250854
2012-03-23 23:00:00,0.0
2012-03-24 00:00:00,0.0
2012-03-24 01:00:00,-1.2900440499779526
2012-03-24 02:00:00,0.0
2012-03-24 03:00:00,-1.5746169747768246
2012-03-24 04:00:00,-1.5792782839463397
2012-03-24 05:00:00,-1.509265420220229
2012-03-24 06:00:00,0.0
2012-03-24 07:00:00,0.0
2012-03-24 08:00:00,-0.04687289446838075
2012-03-24 09:00:00,0.4767319645432065
2012-03-24 10:00:00,0.6590823792546184
2012-03-24 11:00:00,0.0
2012-03-24 12:00:00,0.6263599888846197
2012-03-24 13:00:00,0.64039052948486
2012-03-24 14:00:00,0.7432656228560465
2012-03-24 15:00:00,1.0237365955857487
2012-03-24 16:00:00,0.6497131478238866
2012-03-24 17:00:00,0.6590823792546129
2012-03-24 18:00:00,0.5889762893451138
2012-03-24 19:00:00,0.9349386559064905
2012-03-24 20:00:00,1.0892279894174288
2012-03-24 21:00:00,0.8788631065972311
2012-03-24 22:00:00,0.7152045416555721
2012-03-24 23:00:00,0.0
2012-03-25 00:00:00,0.0
2012-03-25 01:00:00,-1.6958576262759042
2012-03-25 02:00:00,0.0
2012-03-25 03:00:00,0.0
2012-03-25 04:00:00,-1.4112847014770302
2012-03-25 05:00:00,-1.3600569137040635
2012-03-25 06:00:00,-1.0181032730284663
2012-03-25 07:00:00,0.0
2012-03-25 08:00:00,0.5235315086051225
2012-03-25 09:00:00,0.6497131478238921
2012-03-25 10:00:00,0.8133717127655511
2012-03-25 11:00:00,0.0
2012-03-25 12:00:00,0.0
2012-03-25 13:00:00,0.6731129198548526
2012-03-25 14:00:00,0.5328075138524604
2012-03-25 15:00:00,0.42065641523394154
2012-03-25 16:00:00,0.0
2012-03-25 17:00:00,0.0
2012-03-25 18:00:00,1.1172890706179135
2012-03-25 19:00:00,0.0
2012-03-25 20:00:00,0.9583384279374572
2012-03-25 21:00:00,0.0
2012-03-25 22:00:00,0.0
2012-03-25 23:00:00,-0.08425659400789769
2012-03-26 00:00:00,0.0
2012-03-26 01:00:00,-1.2480456543606278
2012-03-26 02:00:00,-1.4579444062638718
2012-03-26 03:00:00,-1.5792782839463397
2012-03-26 04:00:00,-1.406623392307515
2012-03-26 05:00:00,-1.5232493477287734
2012-03-26 06:00:00,0.0
2012-03-26 07:00:00,0.0
2012-03-26 08:00:00,0.28035100923154876
2012-03-26 09:00:00,0.0
2012-03-26 10:00:00,0.0
2012-03-26 11:00:00,0.4486708833427266
2012-03-26 12:00:00,0.6310212980541337
2012-03-26 13:00:00,0.29908947209300146
2012-03-26 14:00:00,0.0
2012-03-26 15:00:00,0.21961415075277052
2012-03-26 16:00:00,0.0
2012-03-26 17:00:00,0.7245271599946043
2012-03-26 18:00:00,0.7713267040565258
2012-03-26 19:00:00,0.0
2012-03-26 20:00:00,0.0
2012-03-26 21:00:00,0.0
2012-03-26 22:00:00,0.0
2012-03-26 23:00:00,-0.27597624015003047
2012-03-27 00:00:00,0.0
2012-03-27 01:00:00,0.0
2012-03-27 02:00:00,0.0
2012-03-27 03:00:00,-1.5232959608204681
2012-03-27 04:00:00,0.0
2012-03-27 05:00:00,-1.5139267293897434
2012-03-27 06:00:00,0.0
2012-03-27 07:00:00,0.0
2012-03-27 08:00:00,-0.25723777728858327
2012-03-27 09:00:00,0.06532481724183788
2012-03-27 10:00:00,0.34113448080201575
2012-03-27 11:00:00,0.0
2012-03-27 12:00:00,0.3878407986805605
2012-03-27 13:00:00,0.3552116344939502
2012-03-27 14:00:00,0.0
2012-03-27 15:00:00,0.0
2012-03-27 16:00:00,0.7291884691641175
2012-03-27 17:00:00,0.9816915868767283
2012-03-27 18:00:00,0.7806493223955634
2012-03-27 19:00:00,0.7245737730862929
2012-03-27 20:00:00,0.0
2012-03-27 21:00:00,0.8133717127655566
2012-03-27 22:00:00,0.6871434604550928
2012-03-27 23:00:00,0.0
2012-03-28 00:00:00,-0.8640936180676976
2012-03-28 01:00:00,0.0
2012-03-28 02:00:00,0.0
2012-03-28 03:00:00,-1.4673136376945963
2012-03-28 04:00:00,-1.5279106568982872
2012-03-28 05:00:00,-1.4113313145687254
2012-03-28 06:00:00,0.0
2012-03-28 07:00:00,0.06532481724183788
2012-03-28 08:00:00,0.0
2012-03-28 09:00:00,-0.10770297913054748
2012-03-28 10:00:00,0.1541227569210905
2012-03-28 11:00:00,0.41590187988103977
2012-03-28 12:00:00,0.0
2012-03-28 13:00:00,0.0
2012-03-28 14:00:00,0.33647317163250245
2012-03-28 15:00:00,0.1354775202430318
2012-03-28 16:00:00,0.0
2012-03-28 17:00:00,0.5796536710060811
2012-03-28 18:00:00,0.0
2012-03-28 19:00:00,0.6310679111458278
2012-03-28 20:00:00,0.5094543549131936
2012-03-28 21:00:00,0.7151579285638778
2012-03-28 22:00:00,0.6637903015158204
2012-03-28 23:00:00,-0.30869863052002366
2012-03-29 00:00:00,0.0
2012-03-29 01:00:00,-1.3739942281209123
2012-03-29 02:00:00,-1.4579444062638718
2012-03-29 03:00:00,-1.4953281058033803
2012-03-29 04:00:00,0.0
2012-03-29 05:00:00,0.0
2012-03-29 06:00:00,0.0
2012-03-29 07:00:00,-0.4723105823699884
2012-03-29 08:00:00,-0.3273904802897717
2012-03-29 09:00:00,-0.05158081672959319
2012-03-29 10:00:00,0.0
2012-03-29 11:00:00,0.4440095741732078
2012-03-29 12:00:00,0.0
2012-03-29 13:00:00,0.0
2012-03-29 14:00:00,0.0
2012-03-29 15:00:00,0.0
2012-03-29 16:00:00,0.0
2012-03-29 17:00:00,0.6684516106853338
2012-03-29 18:00:00,0.0
2012-03-29 19:00:00,0.0
2012-03-29 20:00:00,0.6497131478238921
2012-03-29 21:00:00,0.7572961634562917
2012-03-29 22:00:00,0.7104966193943646
2012-03-29 23:00:00,0.0
2012-03-30 00:00:00,0.0
2012-03-30 01:00:00,0.0
2012-03-30 02:00:00,-1.5046041110507145
2012-03-30 03:00:00,0.0
2012-03-30 04:00:00,0.0
2012-03-30 05:00:00,0.0
2012-03-30 06:00:00,0.0
2012-03-30 07:00:00,0.0
2012-03-30 08:00:00,-0.29471470301147823
2012-03-30 09:00:00,-0.042211585298872374
2012-03-30 10:00:00,0.0
2012-03-30 11:00:00,0.5982989076841404
2012-03-30 12:00:00,0.5843149801755999
2012-03-30 13:00:00,0.0
2012-03-30 14:00:00,0.0
2012-03-30 15:00:00,0.214906228491563
2012-03-30 16:00:00,0.0
2012-03-30 17:00:00,0.8274488664574849
2012-03-30 18:00:00,0.0
2012-03-30 19:00:00,0.0
2012-03-30 20:00:00,0.7245271599945987
2012-03-30 21:00:00,0.0
2012-03-30 22:00:00,0.822740944196272
2012-03-30 23:00:00,0.6918047696246061
2012-03-31 00:00:00,-0.6417957837735421
2012-03-31 01:00:00,0.0
2012-03-31 02:00:00,0.0
2012-03-31 03:00:00,-1.4533297101860525
2012-03-31 04:00:00,-1.4532830970943573
2012-03-31 05:00:00,0.0
2012-03-31 06:00:00,-1.4020086962296958
2012-03-31 07:00:00,0.0
2012-03-31 08:00:00,-0.5576125401721144
2012-03-31 09:00:00,0.2523365411227637
2012-03-31 10:00:00,0.3505037122327372
2012-03-31 11:00:00,0.514208890266096
2012-03-31 12:00:00,0.5328075138524653
2012-03-31 13:00:00,0.38327271569442956
2012-03-31 14:00:00,0.345889016154923
2012-03-31 15:00:00,0.500131736574167
2012-03-31 16:00:00,0.0
2012-03-31 17:00:00,0.7665721687036295
2012-03-31 18:00:00,0.0
2012-03-31 19:00:00,0.0
2012-03-31 20:00:00,0.733896391425325
2012-03-31 21:00:00,0.0
2012-03-31 22:00:00,0.0
2012-03-31 23:00:00,0.5749457487448743
2012-04-01 00:00:00,-0.7119484867747382
2012-04-01 01:00:00,-1.3040279774864978
2012-04-01 02:00:00,-1.4486217879248429
2012-04-01 03:00:00,0.0
2012-04-01 04:00:00,0.0
2012-04-01 05:00:00,-1.4206539329077545
2012-04-01 06:00:00,-1.3925928517072763
2012-04-01 07:00:00,0.0
2012-04-01 08:00:00,0.1401388294125445
2012-04-01 09:00:00,0.0
2012-04-01 10:00:00,0.0
2012-04-01 11:00:00,0.0
2012-04-01 12:00:00,0.9162001930450434
2012-04-01 13:00:00,0.4720706553736926
2012-04-01 14:00:00,0.5609152081446284
2012-04-01 15:00:00,0.42065641523394154
2012-04-01 16:00:00,0.0
2012-04-01 17:00:00,0.0
2012-04-01 18:00:00,0.6357292203153467
2012-04-01 19:00:00,0.0
2012-04-01 20:00:00,0.0
2012-04-01 21:00:00,0.8134183258572454
2012-04-01 22:00:00,0.7666187817953238
2012-04-01 23:00:00,-0.1497479878395722
2012-04-02 00:00:00,0.0
2012-04-02 01:00:00,-1.3599636875206729
2012-04-02 02:00:00,-1.4299765512467844
2012-04-02 03:00:00,-1.4579444062638724
2012-04-02 04:00:00,-1.5699556656073101
2012-04-02 05:00:00,-1.4532830970943575
2012-04-02 06:00:00,0.0
2012-04-02 07:00:00,0.0
2012-04-02 08:00:00,0.0
2012-04-02 09:00:00,0.11673905738158402
2012-04-02 10:00:00,0.22898338218349687
2012-04-02 11:00:00,0.3692421750941899
2012-04-02 12:00:00,0.27568970006203
2012-04-02 13:00:00,0.0
2012-04-02 14:00:00,0.0
2012-04-02 15:00:00,0.17747591586036227
2012-04-02 16:00:00,0.0
2012-04-02 17:00:00,0.0
2012-04-02 18:00:00,0.5375620492053677
2012-04-02 19:00:00,0.5983455207758347
2012-04-02 20:00:00,0.6824821512855844
2012-04-02 21:00:00,0.0
2012-04-02 22:00:00,0.7198658508250799
2012-04-02 23:00:00,-0.294668089919784
2012-04-03 00:00:00,-0.9047868471175603
2012-04-03 01:00:00,-1.350641069181644
2012-04-03 02:00:00,0.0
2012-04-03 03:00:00,0.0
2012-04-03 04:00:00,0.0
2012-04-03 05:00:00,0.0
2012-04-03 06:00:00,-1.3366571416730997
2012-04-03 07:00:00,-0.5156141445547845
2012-04-03 08:00:00,-0.154409297009091
2012-04-03 09:00:00,0.0
2012-04-03 10:00:00,0.0
2012-04-03 11:00:00,0.5468846675443998
2012-04-03 12:00:00,0.6123294482843801
2012-04-03 13:00:00,0.0
2012-04-03 14:00:00,0.1681999106130244
2012-04-03 15:00:00,0.17286121978253768
2012-04-03 16:00:00,0.31307339960154196
2012-04-03 17:00:00,0.0
2012-04-03 18:00:00,0.0
2012-04-03 19:00:00,0.5048396588353696
2012-04-03 20:00:00,0.5141622771744011
2012-04-03 21:00:00,0.7946798629957982
2012-04-03 22:00:00,0.0
2012-04-03 23:00:00,-0.24325384978004339
2012-04-04 00:00:00,-0.9748463239353679
2012-04-04 01:00:00,0.0
2012-04-04 02:00:00,0.0
2012-04-04 03:00:00,0.0
2012-04-04 04:00:00,0.0
2012-04-04 05:00:00,0.0
2012-04-04 06:00:00,-1.4812975652031415
2012-04-04 07:00:00,-0.6044120842340338
2012-04-04 08:00:00,-0.454923899167695
2012-04-04 09:00:00,0.0
2012-04-04 10:00:00,0.09333928535062355
2012-04-04 11:00:00,0.4393948780953832
2012-04-04 12:00:00,0.0
2012-04-04 13:00:00,0.0
2012-04-04 14:00:00,0.26632046863130915
2012-04-04 15:00:00,0.0
2012-04-04 16:00:00,0.5562538989751207
2012-04-04 17:00:00,0.3598263305717748
2012-04-04 18:00:00,0.5842683670839063
2012-04-04 19:00:00,0.6169907574538995
2012-04-04 20:00:00,0.5936375985146327
2012-04-04 21:00:00,0.6730663067631638
2012-04-04 22:00:00,0.0
2012-04-04 23:00:00,0.0
2012-04-05 00:00:00,0.0
2012-04-05 01:00:00,0.0
2012-04-05 02:00:00,-1.565294356437796
2012-04-05 03:00:00,-1.5092654202202296
2012-04-05 04:00:00,-1.5046041110507145
2012-04-05 05:00:00,-1.4999428018811993
2012-04-05 06:00:00,-1.3739942281209123
2012-04-05 07:00:00,-0.5763043899418697
2012-04-05 08:00:00,0.0
2012-04-05 09:00:00,0.0
2012-04-05 10:00:00,0.0
2012-04-05 11:00:00,0.2430139227837316
2012-04-05 12:00:00,0.33642655854081377
2012-04-05 13:00:00,0.23830600052252346
2012-04-05 14:00:00,0.13543090715133757
2012-04-05 15:00:00,0.07930874475037837
2012-04-05 16:00:00,0.2102449193220497
2012-04-05 17:00:00,0.0
2012-04-05 18:00:00,0.0
2012-04-05 19:00:00,0.4674559592958631
2012-04-05 20:00:00,0.6777276159326827
2012-04-05 21:00:00,0.0
2012-04-05 22:00:00,0.49547042740464814
2012-04-05 23:00:00,0.09338589844231225
2012-04-06 00:00:00,-0.9420307073819816
2012-04-06 01:00:00,0.0
2012-04-06 02:00:00,-1.5559251250070705
2012-04-06 03:00:00,-1.6119074481329423
2012-04-06 04:00:00,0.0
2012-04-06 05:00:00,0.0
2012-04-06 06:00:00,-1.5465558935763468
2012-04-06 07:00:00,-0.5997973881562175
2012-04-06 08:00:00,0.0
2012-04-06 09:00:00,0.1775225289520565
2012-04-06 10:00:00,0.26170577255348454
2012-04-06 11:00:00,1.1593340793269278
2012-04-06 12:00:00,1.425914350731478
2012-04-06 13:00:00,1.3225731264433387
2012-04-06 14:00:00,0.9722757423543084
2012-04-06 15:00:00,0.0
2012-04-06 16:00:00,1.1546727701574144
2012-04-06 17:00:00,1.2294867823281266
2012-04-06 18:00:00,0.0
2012-04-06 19:00:00,0.0
2012-04-06 20:00:00,1.0845200671562212
2012-04-06 21:00:00,1.2995928722376264
2012-04-06 22:00:00,1.2060870102971655
2012-04-06 23:00:00,0.0
2012-04-07 00:00:00,0.0
2012-04-07 01:00:00,-1.3412718377509194
2012-04-07 02:00:00,-1.4672670246029011
2012-04-07 03:00:00,-1.546602506668042
2012-04-07 04:00:00,0.0
2012-04-07 05:00:00,-1.4159460106465445
2012-04-07 06:00:00,0.0
2012-04-07 07:00:00,0.02794111770232647
2012-04-07 08:00:00,0.2476286188615562
2012-04-07 09:00:00,0.5421767452831867
2012-04-07 10:00:00,0.8227409441962774
2012-04-07 11:00:00,0.0
2012-04-07 12:00:00,0.47211726846538193
2012-04-07 13:00:00,0.7432656228560515
2012-04-07 14:00:00,0.911538883875535
2012-04-07 15:00:00,0.869447262074816
2012-04-07 16:00:00,0.5515925898056018
2012-04-07 17:00:00,0.0
2012-04-07 18:00:00,0.6497131478238977
2012-04-07 19:00:00,0.6357292203153461
2012-04-07 20:00:00,0.0
2012-04-07 21:00:00,0.0
2012-04-07 22:00:00,0.6170373705455932
2012-04-07 23:00:00,0.0
2012-04-08 00:00:00,-0.79608511728448
2012-04-08 01:00:00,-1.4673136376945963
2012-04-08 02:00:00,-1.5418945844068312
2012-04-08 03:00:00,-1.5792316708546443
2012-04-08 04:00:00,-1.6072461389634276
2012-04-08 05:00:00,-1.5326185791594975
2012-04-08 06:00:00,-1.4579444062638718
2012-04-08 07:00:00,-0.3507902523207432
2012-04-08 08:00:00,0.0
2012-04-08 09:00:00,-0.28996016765857646
2012-04-08 10:00:00,-0.023473122437419666
2012-04-08 11:00:00,0.33651978472420224
2012-04-08 12:00:00,0.0
2012-04-08 13:00:00,0.0
2012-04-08 14:00:00,0.09338589844231779
2012-04-08 15:00:00,0.0
2012-04-08 16:00:00,0.0
2012-04-08 17:00:00,0.0
2012-04-08 18:00:00,0.22898338218349687
2012-04-08 19:00:00,0.0
2012-04-08 20:00:00,-0.43492688283048225
2012-04-08 21:00:00,0.0
2012-04-08 22:00:00,0.0
2012-04-08 23:00:00,0.0
2012-04-09 00:00:00,0.0
2012-04-09 01:00:00,0.0
2012-04-09 02:00:00,0.0
2012-04-09 03:00:00,0.0
2012-04-09 04:00:00,-1.560586434176586
2012-04-09 05:00:00,0.0
2012-04-09 06:00:00,-1.4765896429419305
2012-04-09 07:00:00,-0.3845381307080311
2012-04-09 08:00:00,-0.11702559746957406
2012-04-09 09:00:00,0.0
2012-04-09 10:00:00,0.02794111770232647
2012-04-09 11:00:00,0.4393482650036945
2012-04-09 12:00:00,0.36919556200249565
2012-04-09 13:00:00,0.3505037122327427
2012-04-09 14:00:00,0.378564793433222
2012-04-09 15:00:00,0.0
2012-04-09 16:00:00,0.28510554458445053
2012-04-09 17:00:00,0.0
2012-04-09 18:00:00,0.528146204682952
2012-04-09 19:00:00,0.5796070579143924
2012-04-09 20:00:00,0.0
2012-04-09 21:00:00,0.0
2012-04-09 22:00:00,0.0
2012-04-09 23:00:00,-0.1683932245176315
2012-04-10 00:00:00,0.0
2012-04-10 01:00:00,0.0
2012-04-10 02:00:00,-1.583846366932464
2012-04-10 03:00:00,-1.5838929800241595
2012-04-10 04:00:00,0.0
2012-04-10 05:00:00,-1.5979235206243982
2012-04-10 06:00:00,-0.8580805292390293
2012-04-10 07:00:00,-0.08425659400789216
2012-04-10 08:00:00,0.12144697964279154
2012-04-10 09:00:00,0.09809382070351978
2012-04-10 10:00:00,0.0
2012-04-10 11:00:00,0.0
2012-04-10 12:00:00,0.0
2012-04-10 13:00:00,0.0
2012-04-10 14:00:00,0.0
2012-04-10 15:00:00,0.11212436130376004
2012-04-10 16:00:00,0.06061689498062482
2012-04-10 17:00:00,0.2757363131537297
2012-04-10 18:00:00,0.31307339960154196
2012-04-10 19:00:00,0.3177813218627495
2012-04-10 20:00:00,0.2663670817230034
2012-04-10 21:00:00,0.5095009680048878
2012-04-10 22:00:00,0.5234848955134338
2012-04-10 23:00:00,-0.21985407774907126
2012-04-11 00:00:00,-0.9015239306989036
2012-04-11 01:00:00,0.0
2012-04-11 02:00:00,0.0
2012-04-11 03:00:00,-1.5139733424814386
2012-04-11 04:00:00,-1.486005487464351
2012-04-11 05:00:00,0.0
2012-04-11 06:00:00,0.0
2012-04-11 07:00:00,-0.4629413509392676
2012-04-11 08:00:00,-0.3320517894592954
2012-04-11 09:00:00,-0.004827885759360964
2012-04-11 10:00:00,0.19155306955229615
2012-04-11 11:00:00,0.0
2012-04-11 12:00:00,0.0
2012-04-11 13:00:00,0.14946144775158274
2012-04-11 14:00:00,0.09804720761183108
2012-04-11 15:00:00,0.10270851678134438
2012-04-11 16:00:00,0.0
2012-04-11 17:00:00,0.19155306955229676
2012-04-11 18:00:00,0.322489244123957
2012-04-11 19:00:00,1.019075286416235
2012-04-11 20:00:00,0.0
2012-04-11 21:00:00,1.3227595788101156
2012-04-11 22:00:00,1.1873485474357128
2012-04-11 23:00:00,0.41599510606442275
2012-04-12 00:00:00,-0.7165631828525597
2012-04-12 01:00:00,-1.4206539329077545
2012-04-12 02:00:00,0.0
2012-04-12 03:00:00,-1.527957269989983
2012-04-12 04:00:00,-1.5559251250070705
2012-04-12 05:00:00,-1.5046507241424099
2012-04-12 06:00:00,0.0
2012-04-12 07:00:00,-0.5914536447427831
2012-04-12 08:00:00,0.0
2012-04-12 09:00:00,-0.0702260534076525
2012-04-12 10:00:00,0.1354775202430312
2012-04-12 11:00:00,0.2990428590013079
2012-04-12 12:00:00,0.26632046863130915
2012-04-12 13:00:00,0.1775225289520565
2012-04-12 14:00:00,0.0
2012-04-12 15:00:00,0.0
2012-04-12 16:00:00,0.08872458927279896
2012-04-12 17:00:00,0.0
2012-04-12 18:00:00,0.3458424030632239
2012-04-12 19:00:00,0.4580401147734474
2012-04-12 20:00:00,0.0
2012-04-12 21:00:00,0.49080911823513484
2012-04-12 22:00:00,0.4487174964344208
2012-04-12 23:00:00,-0.37880472042952823
2012-04-13 00:00:00,-1.0054711251790824
2012-04-13 01:00:00,-1.476636256033626
2012-04-13 02:00:00,0.0
2012-04-13 03:00:00,0.0
2012-04-13 04:00:00,-1.6212300664719714
2012-04-13 05:00:00,-1.583939593115854
2012-04-13 06:00:00,-1.588600902285369
2012-04-13 07:00:00,-0.7366068122814737
2012-04-13 08:00:00,-0.3086986305200187
2012-04-13 09:00:00,0.0
2012-04-13 10:00:00,0.09809382070352039
2012-04-13 11:00:00,0.3552116344939502
2012-04-13 12:00:00,0.40662587463369637
2012-04-13 13:00:00,1.0097526680772082
2012-04-13 14:00:00,0.8788164935055369
2012-04-13 15:00:00,0.8040024813348358
2012-04-13 16:00:00,1.2060870102971661
2012-04-13 17:00:00,0.0
2012-04-13 18:00:00,1.2481786320978852
2012-04-13 19:00:00,1.2995928722376264
2012-04-13 20:00:00,1.5284165393691111
2012-04-13 21:00:00,1.3975269778891286
2012-04-13 22:00:00,0.6637436884241318
2012-04-13 23:00:00,0.0
2012-04-14 00:00:00,-0.7960851172844806
2012-04-14 01:00:00,0.0
2012-04-14 02:00:00,-1.597923520624399
2012-04-14 03:00:00,-1.5372798883290122
2012-04-14 04:00:00,-1.4719283337724167
2012-04-14 05:00:00,-1.4812509521114456
2012-04-14 06:00:00,-1.3599636875206735
2012-04-14 07:00:00,0.0
2012-04-14 08:00:00,0.0
2012-04-14 09:00:00,-0.014150504098393081
2012-04-14 10:00:00,0.6029602168536538
2012-04-14 11:00:00,0.0
2012-04-14 12:00:00,0.0
2012-04-14 13:00:00,0.5234848955134338
2012-04-14 14:00:00,0.8180796350267586
2012-04-14 15:00:00,0.2523365411227582
2012-04-14 16:00:00,0.0
2012-04-14 17:00:00,0.41590187988103977
2012-04-14 18:00:00,0.6544210700850941
2012-04-14 19:00:00,0.6497597609155809
2012-04-14 20:00:00,0.6450518386543788
2012-04-14 21:00:00,0.6497597609155857
2012-04-14 22:00:00,0.6169907574538989
2012-04-14 23:00:00,0.5468846675443998
2012-04-15 00:00:00,0.0
2012-04-15 01:00:00,0.0
2012-04-15 02:00:00,-1.3272879102423751
2012-04-15 03:00:00,-1.2899974368862577
2012-04-15 04:00:00,0.0
2012-04-15 05:00:00,-1.303981364394802
2012-04-15 06:00:00,0.0
2012-04-15 07:00:00,-0.3461289431512244
2012-04-15 08:00:00,-0.08901112936079945
2012-04-15 09:00:00,0.0
2012-04-15 10:00:00,0.0
2012-04-15 11:00:00,0.0
2012-04-15 12:00:00,1.0003834366464819
2012-04-15 13:00:00,0.6544210700851052
2012-04-15 14:00:00,0.0
2012-04-15 15:00:00,0.8180330219350644
2012-04-15 16:00:00,0.9208615022145615
2012-04-15 17:00:00,1.0611669082169488
2012-04-15 18:00:00,0.0
2012-04-15 19:00:00,0.9723223554460025
2012-04-15 20:00:00,0.0
2012-04-15 21:00:00,0.0
2012-04-15 22:00:00,0.0
2012-04-15 23:00:00,-0.439634805091695
2012-04-16 00:00:00,-1.0334389801961703
2012-04-16 01:00:00,-1.4906201835421704
2012-04-16 02:00:00,0.0
2012-04-16 03:00:00,-1.6678431581671185
2012-04-16 04:00:00,0.0
2012-04-16 05:00:00,-1.6305526848110006
2012-04-16 06:00:00,-1.616568757302457
2012-04-16 07:00:00,0.0
2012-04-16 08:00:00,0.0
2012-04-16 09:00:00,0.0
2012-04-16 10:00:00,0.14484675167375263
2012-04-16 11:00:00,0.25228992803107503
2012-04-16 12:00:00,0.2710750039842109
2012-04-16 13:00:00,0.013863964010392589
2012-04-16 14:00:00,0.0
2012-04-16 15:00:00,0.2476286188615562
2012-04-16 16:00:00,0.0
2012-04-16 17:00:00,0.18223045121325912
2012-04-16 18:00:00,0.0
2012-04-16 19:00:00,0.0
2012-04-16 20:00:00,0.0
2012-04-16 21:00:00,0.897554956366984
2012-04-16 22:00:00,0.832063562535304
2012-04-16 23:00:00,-0.21985407774907126
2012-04-17 00:00:00,0.0
2012-04-17 01:00:00,0.0
2012-04-17 02:00:00,0.0
2012-04-17 03:00:00,0.0
2012-04-17 04:00:00,0.0
2012-04-17 05:00:00,0.0
2012-04-17 06:00:00,0.0
2012-04-17 07:00:00,-0.416235033060729
2012-04-17 08:00:00,0.041925045210871884
2012-04-17 09:00:00,0.21024491932204417
2012-04-17 10:00:00,0.46274803703465556
2012-04-17 11:00:00,0.0
2012-04-17 12:00:00,0.0
2012-04-17 13:00:00,0.6310679111458278
2012-04-17 14:00:00,0.0
2012-04-17 15:00:00,0.6684516106853393
2012-04-17 16:00:00,0.892847034105771
2012-04-17 17:00:00,1.1032585300176683
2012-04-17 18:00:00,1.1734112330188673
2012-04-17 19:00:00,1.192056469696926
2012-04-17 20:00:00,0.0
2012-04-17 21:00:00,0.0
2012-04-17 22:00:00,1.2481786320978796
2012-04-17 23:00:00,0.0
2012-04-18 00:00:00,0.0
2012-04-18 01:00:00,-1.2933069663966161
2012-04-18 02:00:00,-1.5699556656073101
2012-04-18 03:00:00,-1.616568757302457
2012-04-18 04:00:00,-1.5932155983631888
2012-04-18 05:00:00,0.0
2012-04-18 06:00:00,0.0
2012-04-18 07:00:00,-0.18247037820956538
2012-04-18 08:00:00,0.4486708833427211
2012-04-18 09:00:00,0.5329007400358489
2012-04-18 10:00:00,0.0
2012-04-18 11:00:00,0.5468846675443998
2012-04-18 12:00:00,0.6170373705455883
2012-04-18 13:00:00,0.3412277069854042
2012-04-18 14:00:00,0.7152045416555666
2012-04-18 15:00:00,0.0
2012-04-18 16:00:00,0.0
2012-04-18 17:00:00,0.0
2012-04-18 18:00:00,0.5655765173141528
2012-04-18 19:00:00,1.164042001588141
2012-04-18 20:00:00,1.2247788600669136
2012-04-18 21:00:00,1.3368367325020551
2012-04-18 22:00:00,1.1172424575262083
2012-04-18 23:00:00,-0.12299207320656344
2012-04-19 00:00:00,0.0
2012-04-19 01:00:00,0.0
2012-04-19 02:00:00,0.0
2012-04-19 03:00:00,-1.719164172123475
2012-04-19 04:00:00,-1.6678431581671185
2012-04-19 05:00:00,-1.7098881668761419
2012-04-19 06:00:00,0.0
2012-04-19 07:00:00,0.0
2012-04-19 08:00:00,0.0
2012-04-19 09:00:00,0.0
2012-04-19 10:00:00,0.0
2012-04-19 11:00:00,0.0
2012-04-19 12:00:00,0.0
2012-04-19 13:00:00,0.0
2012-04-19 14:00:00,0.0
2012-04-19 15:00:00,0.8226943311045777
2012-04-19 16:00:00,0.0
2012-04-19 17:00:00,0.0
2012-04-19 18:00:00,0.5515925898056073
2012-04-19 19:00:00,1.0284445178469557
2012-04-19 20:00:00,1.0985972208481551
2012-04-19 21:00:00,0.0
2012-04-19 22:00:00,1.2949315630681124
2012-04-19 23:00:00,0.0044947325796662356
2012-04-20 00:00:00,0.0
2012-04-20 01:00:00,-1.3739942281209123
2012-04-20 02:00:00,-1.5466025066680416
2012-04-20 03:00:00,-1.5932622114548838
2012-04-20 04:00:00,-1.5466025066680416
2012-04-20 05:00:00,-1.3879781556294568
2012-04-20 06:00:00,-1.4672670246029018
2012-04-20 07:00:00,0.0
2012-04-20 08:00:00,0.38798063795563703
2012-04-20 09:00:00,0.0
2012-04-20 10:00:00,0.570237826483666
2012-04-20 11:00:00,0.7525882411950731
2012-04-20 12:00:00,0.8975083432752898
2012-04-20 13:00:00,0.9910142052157556
2012-04-20 14:00:00,0.0
2012-04-20 15:00:00,0.7479269320255598
2012-04-20 16:00:00,0.822740944196272
2012-04-20 17:00:00,0.9209081153062509
2012-04-20 18:00:00,1.0798587579867023
2012-04-20 19:00:00,1.0985972208481551
2012-04-20 20:00:00,1.285608944729086
2012-04-20 21:00:00,1.4022815132420352
2012-04-20 22:00:00,0.0
2012-04-20 23:00:00,1.0003834366464763
2012-04-21 00:00:00,0.0
2012-04-21 01:00:00,0.0
2012-04-21 02:00:00,0.0
2012-04-21 03:00:00,0.0
2012-04-21 04:00:00,0.0
2012-04-21 05:00:00,-1.4299299381550892
2012-04-21 06:00:00,-1.3367037547647955
2012-04-21 07:00:00,0.0
2012-04-21 08:00:00,-0.11236428830006569
2012-04-21 09:00:00,0.0
2012-04-21 10:00:00,0.0
2012-04-21 11:00:00,0.0
2012-04-21 12:00:00,0.9162001930450379
2012-04-21 13:00:00,0.8647859529052973
2012-04-21 14:00:00,0.0
2012-04-21 15:00:00,1.0284911309386553
2012-04-21 16:00:00,0.0
2012-04-21 17:00:00,0.0
2012-04-21 18:00:00,0.0
2012-04-21 19:00:00,0.8133717127655455
2012-04-21 20:00:00,0.0
2012-04-21 21:00:00,0.8788164935055369
2012-04-21 22:00:00,0.0
2012-04-21 23:00:00,0.28510554458445053
2012-04-22 00:00:00,-0.6512582413876579
2012-04-22 01:00:00,0.0
2012-04-22 02:00:00,-1.4486217879248429
2012-04-22 03:00:00,-1.509312033311924
2012-04-22 04:00:00,0.0
2012-04-22 05:00:00,0.0
2012-04-22 06:00:00,0.0
2012-04-22 07:00:00,-0.5377553631099745
2012-04-22 08:00:00,-0.2245153869185907
2012-04-22 09:00:00,-0.014150504098393081
2012-04-22 10:00:00,0.0
2012-04-22 11:00:00,1.4724342162432291
2012-04-22 12:00:00,0.8414327939660304
2012-04-22 13:00:00,0.0
2012-04-22 14:00:00,0.0
2012-04-22 15:00:00,0.6824821512855795
2012-04-22 16:00:00,1.3272344356128472
2012-04-22 17:00:00,0.6217452928068007
2012-04-22 18:00:00,0.0
2012-04-22 19:00:00,0.0
2012-04-22 20:00:00,0.0
2012-04-22 21:00:00,0.0
2012-04-22 22:00:00,1.3463458032078586
2012-04-22 23:00:00,-0.4629879640309618
2012-04-23 00:00:00,-0.944827492883694
2012-04-23 01:00:00,-1.1267117766781587
2012-04-23 02:00:00,-1.4719749468641115
2012-04-23 03:00:00,0.0
2012-04-23 04:00:00,-1.5559251250070705
2012-04-23 05:00:00,-1.513926729389744
2012-04-23 06:00:00,-1.621230066471972
2012-04-23 07:00:00,0.0
2012-04-23 08:00:00,0.130816211073513
2012-04-23 09:00:00,0.07935535784207752
2012-04-23 10:00:00,0.6169907574538934
2012-04-23 11:00:00,0.6076681391148668
2012-04-23 12:00:00,0.0
2012-04-23 13:00:00,0.35987294366346906
2012-04-23 14:00:00,0.3177347087710608
2012-04-23 15:00:00,0.0
2012-04-23 16:00:00,0.31778132186275504
2012-04-23 17:00:00,0.0
2012-04-23 18:00:00,0.4813932737127198
2012-04-23 19:00:00,0.5562072858834319
2012-04-23 20:00:00,0.6170373705455932
2012-04-23 21:00:00,0.0
2012-04-23 22:00:00,0.6450984517460724
2012-04-23 23:00:00,-0.2806375493195444
2012-04-24 00:00:00,0.0
2012-04-24 01:00:00,0.0
2012-04-24 02:00:00,-1.5466025066680416
2012-04-24 03:00:00,-1.6492445345807547
2012-04-24 04:00:00,0.0
2012-04-24 05:00:00,-1.5933088245465785
2012-04-24 06:00:00,-1.4579444062638724
2012-04-24 07:00:00,-0.46769588629216935
2012-04-24 08:00:00,-0.07959528483837887
2012-04-24 09:00:00,0.02794111770232647
2012-04-24 10:00:00,0.0
2012-04-24 11:00:00,0.6637436884241262
2012-04-24 12:00:00,0.45808672786513677
2012-04-24 13:00:00,0.26165915946179585
2012-04-24 14:00:00,0.0
2012-04-24 15:00:00,0.0
2012-04-24 16:00:00,0.0
2012-04-24 17:00:00,0.29904285900130234
2012-04-24 18:00:00,0.0
2012-04-24 19:00:00,0.46270142394296687
2012-04-24 20:00:00,0.4019645654641831
2012-04-24 21:00:00,0.0
2012-04-24 22:00:00,0.7338963914253201
2012-04-24 23:00:00,0.43468695583417566
2012-04-25 00:00:00,0.0
2012-04-25 01:00:00,-1.3553489914428538
2012-04-25 02:00:00,-1.4672670246029011
2012-04-25 03:00:00,-1.6398753031500304
2012-04-25 04:00:00,-1.611907448132942
2012-04-25 05:00:00,0.0
2012-04-25 06:00:00,0.0
2012-04-25 07:00:00,0.0
2012-04-25 08:00:00,-0.23854592751883033
2012-04-25 09:00:00,0.1448001385820584
2012-04-25 10:00:00,0.6918513827163059
2012-04-25 11:00:00,0.0
2012-04-25 12:00:00,0.7806493223955524
2012-04-25 13:00:00,0.0
2012-04-25 14:00:00,0.0
2012-04-25 15:00:00,0.11212436130375389
2012-04-25 16:00:00,0.3551650214022615
2012-04-25 17:00:00,0.5328075138524653
2012-04-25 18:00:00,0.663790301515826
2012-04-25 19:00:00,0.5000851234824727
2012-04-25 20:00:00,0.0
2012-04-25 21:00:00,0.0
2012-04-25 22:00:00,0.0
2012-04-25 23:00:00,0.0
2012-04-26 00:00:00,-0.8148701932376229
2012-04-26 01:00:00,0.0
2012-04-26 02:00:00,0.0
2012-04-26 03:00:00,0.0
2012-04-26 04:00:00,0.0
2012-04-26 05:00:00,0.0
2012-04-26 06:00:00,-1.5046507241424092
2012-04-26 07:00:00,-0.5390139165857449
2012-04-26 08:00:00,-0.36482079292098285
2012-04-26 09:00:00,0.0
2012-04-26 10:00:00,0.780649322395558
2012-04-26 11:00:00,1.2248254731586188
2012-04-26 12:00:00,0.0
2012-04-26 13:00:00,0.9816915868767234
2012-04-26 14:00:00,0.7853572446567655
2012-04-26 15:00:00,0.0
2012-04-26 16:00:00,0.0
2012-04-26 17:00:00,0.0
2012-04-26 18:00:00,0.0
2012-04-26 19:00:00,0.0
2012-04-26 20:00:00,0.0
2012-04-26 21:00:00,0.0
2012-04-26 22:00:00,0.64039052948486
2012-04-26 23:00:00,0.0
2012-04-27 00:00:00,-0.9081896028113098
2012-04-27 01:00:00,-1.49062018354217
2012-04-27 02:00:00,0.0
2012-04-27 03:00:00,-1.5652477433461005
2012-04-27 04:00:00,-1.6538592306585744
2012-04-27 05:00:00,-1.5978769075327028
2012-04-27 06:00:00,-1.4626057154333867
2012-04-27 07:00:00,-0.5951360789867045
2012-04-27 08:00:00,0.0
2012-04-27 09:00:00,-0.07027266649934674
2012-04-27 10:00:00,0.3505037122327427
2012-04-27 11:00:00,0.0
2012-04-27 12:00:00,0.0
2012-04-27 13:00:00,0.2055836101525358
2012-04-27 14:00:00,0.15883067918230356
2012-04-27 15:00:00,0.20092230098301206
2012-04-27 16:00:00,0.0
2012-04-27 17:00:00,0.22898338218349196
2012-04-27 18:00:00,0.0
2012-04-27 19:00:00,0.570237826483666
2012-04-27 20:00:00,0.4861011959739273
2012-04-27 21:00:00,0.6123294482843856
2012-04-27 22:00:00,0.7151579285638778
2012-04-27 23:00:00,0.42531772440345483
2012-04-28 00:00:00,-0.741361347634381
2012-04-28 01:00:00,0.0
2012-04-28 02:00:00,0.0
2012-04-28 03:00:00,0.0
2012-04-28 04:00:00,-1.6539058437502698
2012-04-28 05:00:00,-1.602538216702218
2012-04-28 06:00:00,-1.4952814927116853
2012-04-28 07:00:00,0.0
2012-04-28 08:00:00,-0.3614180372272348
2012-04-28 09:00:00,-0.14037875640885136
2012-04-28 10:00:00,0.0
2012-04-28 11:00:00,0.0
2012-04-28 12:00:00,0.7853106315650719
2012-04-28 13:00:00,0.40196456546418247
2012-04-28 14:00:00,0.256997850292277
2012-04-28 15:00:00,0.19155306955229123
2012-04-28 16:00:00,0.3785647934332165
2012-04-28 17:00:00,0.33181186246298916
2012-04-28 18:00:00,0.537608662297062
2012-04-28 19:00:00,0.5281462046829527
2012-04-28 20:00:00,0.0
2012-04-28 21:00:00,0.0
2012-04-28 22:00:00,0.7385110875031448
2012-04-28 23:00:00,0.0
2012-04-29 00:00:00,-0.699269725833656
2012-04-29 01:00:00,-1.2387230360215948
2012-04-29 02:00:00,-1.5932155983631882
2012-04-29 03:00:00,0.0
2012-04-29 04:00:00,-1.6025848297939127
2012-04-29 05:00:00,-1.546602506668042
2012-04-29 06:00:00,-1.4579910193555663
2012-04-29 07:00:00,0.0
2012-04-29 08:00:00,-0.2572843903802775
2012-04-29 09:00:00,-0.08896451626909968
2012-04-29 10:00:00,0.0
2012-04-29 11:00:00,0.673112919854847
2012-04-29 12:00:00,0.6871900735467864
2012-04-29 13:00:00,0.0
2012-04-29 14:00:00,0.0
2012-04-29 15:00:00,0.1775225289520565
2012-04-29 16:00:00,0.32715055329347587
2012-04-29 17:00:00,0.0
2012-04-29 18:00:00,0.8274022533657908
2012-04-29 19:00:00,0.8834778026750557
2012-04-29 20:00:00,0.0
2012-04-29 21:00:00,0.0
2012-04-29 22:00:00,0.7011273879636438
2012-04-29 23:00:00,-0.3460823300595246
2012-04-30 00:00:00,0.0
2012-04-30 01:00:00,0.0
2012-04-30 02:00:00,-1.551217202745861
2012-04-30 03:00:00,-1.7192107852151703
2012-04-30 04:00:00,0.0
2012-04-30 05:00:00,0.0
2012-04-30 06:00:00,-1.5372332752373172
2012-04-30 07:00:00,-0.3227757842119581
2012-04-30 08:00:00,-0.09362582543861851
2012-04-30 09:00:00,0.0
2012-04-30 10:00:00,0.45342541869562286
2012-04-30 11:00:00,0.0
2012-04-30 12:00:00,0.0
2012-04-30 13:00:00,0.5281928177746413
2012-04-30 14:00:00,0.2617523856451788
2012-04-30 15:00:00,0.0
2012-04-30 16:00:00,0.0
2012-04-30 17:00:00,0.0
2012-04-30 18:00:00,0.6076681391148668
2012-04-30 19:00:00,1.1266583020486345
2012-04-30 20:00:00,0.0
2012-04-30 21:00:00,0.0
2012-04-30 22:00:00,0.0
2012-04-30 23:00:00,0.6216986797151064
2012-05-01 00:00:00,0.0
2012-05-01 01:00:00,0.0
2012-05-01 02:00:00,-1.4952814927116844
2012-05-01 03:00:00,0.0
2012-05-01 04:00:00,0.0
2012-05-01 05:00:00,-1.4672670246029018
2012-05-01 06:00:00,0.0
2012-05-01 07:00:00,-0.360159483751464
2012-05-01 08:00:00,0.7058353102248514
2012-05-01 09:00:00,0.0
2012-05-01 10:00:00,0.47677857763489523
2012-05-01 11:00:00,0.9395533519843207
2012-05-01 12:00:00,0.7105432324860588
2012-05-01 13:00:00,0.4393482650036945
2012-05-01 14:00:00,0.6778208421160601
2012-05-01 15:00:00,0.7525882411950842
2012-05-01 16:00:00,0.0
2012-05-01 17:00:00,0.5795604448226988
2012-05-01 18:00:00,0.7151579285638778
2012-05-01 19:00:00,0.0
2012-05-01 20:00:00,0.0
2012-05-01 21:00:00,1.5140597071269954
2012-05-01 22:00:00,0.0
2012-05-01 23:00:00,0.04197165830257165
2012-05-02 00:00:00,-0.9001721510397437
2012-05-02 01:00:00,0.0
2012-05-02 02:00:00,0.0
2012-05-02 03:00:00,-1.5465558935763464
2012-05-02 04:00:00,0.0
2012-05-02 05:00:00,-1.5466025066680418
2012-05-02 06:00:00,0.0
2012-05-02 07:00:00,-0.6945618035724485
2012-05-02 08:00:00,0.0
2012-05-02 09:00:00,0.0
2012-05-02 10:00:00,0.4393482650036945
2012-05-02 11:00:00,0.6263599888846197
2012-05-02 12:00:00,0.0
2012-05-02 13:00:00,0.0
2012-05-02 14:00:00,0.46274803703465556
2012-05-02 15:00:00,0.2897668537539638
2012-05-02 16:00:00,0.44871749643441533
2012-05-02 17:00:00,0.46274803703465495
2012-05-02 18:00:00,0.5468846675443942
2012-05-02 19:00:00,0.46740934620416885
2012-05-02 20:00:00,0.28972024066227514
2012-05-02 21:00:00,0.7291884691641175
2012-05-02 22:00:00,0.6030068299453535
2012-05-02 23:00:00,-0.3647741798292782
2012-05-03 00:00:00,-0.9514931649960988
2012-05-03 01:00:00,-1.346026373103825
2012-05-03 02:00:00,-1.4719749468641108
2012-05-03 03:00:00,0.0
2012-05-03 04:00:00,-1.4953281058033796
2012-05-03 05:00:00,-1.4159926237382399
2012-05-03 06:00:00,-1.3973007739684857
2012-05-03 07:00:00,-0.7553918882346207
2012-05-03 08:00:00,-0.154409297009091
2012-05-03 09:00:00,0.10275512987303308
2012-05-03 10:00:00,0.4066258746337013
2012-05-03 11:00:00,0.6824821512855789
2012-05-03 12:00:00,0.0
2012-05-03 13:00:00,0.39730325629466917
2012-05-03 14:00:00,0.2897668537539638
2012-05-03 15:00:00,0.19621437872181005
2012-05-03 16:00:00,0.0
2012-05-03 17:00:00,0.0
2012-05-03 18:00:00,0.5141622771744011
2012-05-03 19:00:00,0.542223358374881
2012-05-03 20:00:00,0.0
2012-05-03 21:00:00,0.5328541269441547
2012-05-03 22:00:00,0.0
2012-05-03 23:00:00,-0.45361873260023516
2012-05-04 00:00:00,-0.9141560785482872
2012-05-04 01:00:00,-1.4392991695858128
2012-05-04 02:00:00,0.0
2012-05-04 03:00:00,-1.5605398210848904
2012-05-04 04:00:00,-1.5046041110507138
2012-05-04 05:00:00,-1.4579910193555676
2012-05-04 06:00:00,0.0
2012-05-04 07:00:00,0.0
2012-05-04 08:00:00,-0.2759762401500311
2012-05-04 09:00:00,0.0
2012-05-04 10:00:00,0.5468380544527056
2012-05-04 11:00:00,0.0
2012-05-04 12:00:00,0.0
2012-05-04 13:00:00,0.0
2012-05-04 14:00:00,0.0
2012-05-04 15:00:00,0.15416937001278475
2012-05-04 16:00:00,0.3271505532934703
2012-05-04 17:00:00,0.5843149801756006
2012-05-04 18:00:00,0.5609152081446339
2012-05-04 19:00:00,0.0
2012-05-04 20:00:00,0.7525416281033899
2012-05-04 21:00:00,0.930230733645288
2012-05-04 22:00:00,0.0
2012-05-04 23:00:00,0.4533788056039341
2012-05-05 00:00:00,0.0
2012-05-05 01:00:00,0.0
2012-05-05 02:00:00,-1.4765896429419305
2012-05-05 03:00:00,0.0
2012-05-05 04:00:00,-1.523295960820468
2012-05-05 05:00:00,-1.4952348796199901
2012-05-05 06:00:00,-1.4112847014770296
2012-05-05 07:00:00,-0.10299505686933934
2012-05-05 08:00:00,0.0
2012-05-05 09:00:00,-0.028181044698632727
2012-05-05 10:00:00,0.5375154361136735
2012-05-05 11:00:00,0.0
2012-05-05 12:00:00,0.729188469164123
2012-05-05 13:00:00,0.7291884691641175
2012-05-05 14:00:00,0.0
2012-05-05 15:00:00,0.38322610260273593
2012-05-05 16:00:00,0.3552116344939502
2012-05-05 17:00:00,0.30375078126251476
2012-05-05 18:00:00,0.0
2012-05-05 19:00:00,0.6263599888846253
2012-05-05 20:00:00,0.0
2012-05-05 21:00:00,0.6030068299453535
2012-05-05 22:00:00,0.6777742290243713
2012-05-05 23:00:00,0.4440095741732078
2012-05-06 00:00:00,0.0
2012-05-06 01:00:00,0.0
2012-05-06 02:00:00,-1.4812509521114456
2012-05-06 03:00:00,0.0
2012-05-06 04:00:00,-1.4999428018811993
2012-05-06 05:00:00,0.0
2012-05-06 06:00:00,0.0
2012-05-06 07:00:00,0.0
2012-05-06 08:00:00,0.02323319544111894
2012-05-06 09:00:00,0.0
2012-05-06 10:00:00,0.6123760613760798
2012-05-06 11:00:00,0.8741551843360291
2012-05-06 12:00:00,0.0
2012-05-06 13:00:00,0.49547042740464814
2012-05-06 14:00:00,0.0
2012-05-06 15:00:00,0.500131736574167
2012-05-06 16:00:00,0.4579935016817538
2012-05-06 17:00:00,0.4813932737127198
2012-05-06 18:00:00,0.0
2012-05-06 19:00:00,0.5188235863439254
2012-05-06 20:00:00,0.24296730969204292
2012-05-06 21:00:00,0.0
2012-05-06 22:00:00,0.0
2012-05-06 23:00:00,-0.3320984025509847
2012-05-07 00:00:00,0.0
2012-05-07 01:00:00,-1.4346378604162993
2012-05-07 02:00:00,-1.5279106568982883
2012-05-07 03:00:00,-1.6212766795636668
2012-05-07 04:00:00,0.0
2012-05-07 05:00:00,-1.49062018354217
2012-05-07 06:00:00,0.0
2012-05-07 07:00:00,-0.49100243213974165
2012-05-07 08:00:00,0.0
2012-05-07 09:00:00,-0.0562421258991071
2012-05-07 10:00:00,0.42997903357297307
2012-05-07 11:00:00,0.5655765173141528
2012-05-07 12:00:00,0.0
2012-05-07 13:00:00,0.0
2012-05-07 14:00:00,0.3131200126932362
2012-05-07 15:00:00,0.3598263305717748
2012-05-07 16:00:00,0.4113337968949039
2012-05-07 17:00:00,0.0
2012-05-07 18:00:00,0.0
2012-05-07 19:00:00,0.6731129198548526
2012-05-07 20:00:00,0.0
2012-05-07 21:00:00,0.7151579285638778
2012-05-07 22:00:00,0.8040490944265184
2012-05-07 23:00:00,-0.10304166996103419
2012-05-08 00:00:00,-0.7260722535583702
2012-05-08 01:00:00,0.0
2012-05-08 02:00:00,0.0
2012-05-08 03:00:00,-1.4299765512467837
2012-05-08 04:00:00,-1.4113313145687247
2012-05-08 05:00:00,0.0
2012-05-08 06:00:00,0.0
2012-05-08 07:00:00,0.0
2012-05-08 08:00:00,-0.02822765779032143
2012-05-08 09:00:00,0.0
2012-05-08 10:00:00,0.3691955620025012
2012-05-08 11:00:00,0.0
2012-05-08 12:00:00,0.43468695583417566
2012-05-08 13:00:00,0.2008756878913289
2012-05-08 14:00:00,0.4112871838032152
2012-05-08 15:00:00,0.43468695583417566
2012-05-08 16:00:00,0.0
2012-05-08 17:00:00,0.5375154361136735
2012-05-08 18:00:00,0.0
2012-05-08 19:00:00,0.733896391425325
2012-05-08 20:00:00,0.6731129198548526
2012-05-08 21:00:00,0.8460474900438549
2012-05-08 22:00:00,0.864832565996997
2012-05-08 23:00:00,-0.25723777728858327
2012-05-09 00:00:00,-0.7587014177449747
2012-05-09 01:00:00,-1.220031186251843
2012-05-09 02:00:00,0.0
2012-05-09 03:00:00,0.0
2012-05-09 04:00:00,-1.4066233923075158
2012-05-09 05:00:00,-1.3506410691816442
2012-05-09 06:00:00,0.0
2012-05-09 07:00:00,-0.6032001438499602
2012-05-09 08:00:00,-0.10299505686933934
2012-05-09 09:00:00,0.0
2012-05-09 10:00:00,0.4579935016817538
2012-05-09 11:00:00,0.9395999650760094
2012-05-09 12:00:00,0.6216986797151064
2012-05-09 13:00:00,0.5375620492053622
2012-05-09 14:00:00,0.0
2012-05-09 15:00:00,0.0
2012-05-09 16:00:00,0.4159484929727285
2012-05-09 17:00:00,0.0
2012-05-09 18:00:00,0.8274022533657908
2012-05-09 19:00:00,0.9723223554460025
2012-05-09 20:00:00,0.0
2012-05-09 21:00:00,0.7432190097643578
2012-05-09 22:00:00,0.0
2012-05-09 23:00:00,-0.09367243853031275
2012-05-10 00:00:00,0.0
2012-05-10 01:00:00,-1.1314196989393674
2012-05-10 02:00:00,-1.3413184508426146
2012-05-10 03:00:00,-1.3459797600121297
2012-05-10 04:00:00,-1.3833168464599417
2012-05-10 05:00:00,0.0
2012-05-10 06:00:00,-1.2899974368862577
2012-05-10 07:00:00,-0.38817395186024356
2012-05-10 08:00:00,0.0
2012-05-10 09:00:00,0.0
2012-05-10 10:00:00,0.42060980214225285
2012-05-10 11:00:00,0.6356826072236469
2012-05-10 12:00:00,0.6731595329465468
2012-05-10 13:00:00,0.5702844395753609
2012-05-10 14:00:00,0.0
2012-05-10 15:00:00,0.6263599888846259
2012-05-10 16:00:00,0.5843149801756006
2012-05-10 17:00:00,0.8367248717048174
2012-05-10 18:00:00,0.0
2012-05-10 19:00:00,0.0
2012-05-10 20:00:00,1.0471363676167147
2012-05-10 21:00:00,1.0284445178469563
2012-05-10 22:00:00,0.8882323380279574
2012-05-10 23:00:00,0.06993951331965755
2012-05-11 00:00:00,-0.6605808597266902
2012-05-11 01:00:00,0.0
2012-05-11 02:00:00,0.0
2012-05-11 03:00:00,-1.3133972089172212
2012-05-11 04:00:00,0.0
2012-05-11 05:00:00,-1.210708567912813
2012-05-11 06:00:00,0.0
2012-05-11 07:00:00,0.0
2012-05-11 08:00:00,0.0
2012-05-11 09:00:00,0.0
2012-05-11 10:00:00,0.6544210700850996
2012-05-11 11:00:00,0.0
2012-05-11 12:00:00,0.733896391425325
2012-05-11 13:00:00,0.822740944196272
2012-05-11 14:00:00,0.8787698804138475
2012-05-11 15:00:00,0.0
2012-05-11 16:00:00,0.7993411721653114
2012-05-11 17:00:00,0.0
2012-05-11 18:00:00,1.0985039946647666
2012-05-11 19:00:00,1.0050447458159952
2012-05-11 20:00:00,1.0097526680772082
2012-05-11 21:00:00,0.9957221274769631
2012-05-11 22:00:00,0.0
2012-05-11 23:00:00,0.9489691965067302
2012-05-12 00:00:00,-0.46298796403096154
2012-05-12 01:00:00,-1.0694709000765152
2012-05-12 02:00:00,0.0
2012-05-12 03:00:00,-1.271352200208199
2012-05-12 04:00:00,0.0
2012-05-12 05:00:00,-1.1873554089735443
2012-05-12 06:00:00,0.0
2012-05-12 07:00:00,-0.33675971172050295
2012-05-12 08:00:00,0.16353860144350557
2012-05-12 09:00:00,0.3551650214022615
2012-05-12 10:00:00,0.0
2012-05-12 11:00:00,0.0
2012-05-12 12:00:00,1.135980920387661
2012-05-12 13:00:00,0.8788631065972367
2012-05-12 14:00:00,0.8741085712443343
2012-05-12 15:00:00,0.7619574726258044
2012-05-12 16:00:00,0.0
2012-05-12 17:00:00,0.0
2012-05-12 18:00:00,2.17535963900605
2012-05-12 19:00:00,2.1144363281604894
2012-05-12 20:00:00,1.1733646199271675
2012-05-12 21:00:00,1.1827338513578944
2012-05-12 22:00:00,0.0
2012-05-12 23:00:00,1.0751974488171891
2012-05-13 00:00:00,-0.33675971172050356
2012-05-13 01:00:00,0.0
2012-05-13 02:00:00,0.0
2012-05-13 03:00:00,0.0
2012-05-13 04:00:00,0.0
2012-05-13 05:00:00,0.0
2012-05-13 06:00:00,0.0
2012-05-13 07:00:00,0.0
2012-05-13 08:00:00,0.24296730969203675
2012-05-13 09:00:00,0.38327271569442956
2012-05-13 10:00:00,0.5328541269441547
2012-05-13 11:00:00,0.9582918148457574
2012-05-13 12:00:00,0.0
2012-05-13 13:00:00,0.0
2012-05-13 14:00:00,0.0
2012-05-13 15:00:00,0.0
2012-05-13 16:00:00,0.911538883875535
2012-05-13 17:00:00,1.1266116889569402
2012-05-13 18:00:00,0.0
2012-05-13 19:00:00,1.257547863528606
2012-05-13 20:00:00,0.0
2012-05-13 21:00:00,0.0
2012-05-13 22:00:00,1.1547193832491143
2012-05-13 23:00:00,0.0
2012-05-14 00:00:00,-0.6219386067114078
2012-05-14 01:00:00,-1.0567921391354342
2012-05-14 02:00:00,-1.2200777993435377
2012-05-14 03:00:00,0.0
2012-05-14 04:00:00,0.0
2012-05-14 05:00:00,0.0
2012-05-14 06:00:00,-1.1687101722954858
2012-05-14 07:00:00,-0.280684162411238
2012-05-14 08:00:00,0.0
2012-05-14 09:00:00,0.20087568789132335
2012-05-14 10:00:00,0.6450984517460675
2012-05-14 11:00:00,0.0
2012-05-14 12:00:00,0.0
2012-05-14 13:00:00,0.0
2012-05-14 14:00:00,0.7900185538262843
2012-05-14 15:00:00,0.0
2012-05-14 16:00:00,0.7479269320255647
2012-05-14 17:00:00,0.0
2012-05-14 18:00:00,0.0
2012-05-14 19:00:00,1.1266583020486345
2012-05-14 20:00:00,0.0
2012-05-14 21:00:00,0.0
2012-05-14 22:00:00,0.9629531240152762
2012-05-14 23:00:00,0.0
2012-05-15 00:00:00,-0.7260722535583702
2012-05-15 01:00:00,-1.2265570190891644
2012-05-15 02:00:00,-0.7447641033281236
2012-05-15 03:00:00,-0.7996277122533172
2012-05-15 04:00:00,0.0
2012-05-15 05:00:00,-1.1593875539564564
2012-05-15 06:00:00,-1.1454036264479117
2012-05-15 07:00:00,0.0
2012-05-15 08:00:00,0.13547752024302628
2012-05-15 09:00:00,0.4814398868044085
2012-05-15 10:00:00,0.5048396588353696
2012-05-15 11:00:00,0.8180796350267586
2012-05-15 12:00:00,0.0
2012-05-15 13:00:00,0.6824355381938902
2012-05-15 14:00:00,0.7479269320255647
2012-05-15 15:00:00,0.0
2012-05-15 16:00:00,0.6871434604550922
2012-05-15 17:00:00,0.6404371425765543
2012-05-15 18:00:00,0.8647859529052973
2012-05-15 19:00:00,1.0704895265559864
2012-05-15 20:00:00,1.0284445178469563
2012-05-15 21:00:00,0.0
2012-05-15 22:00:00,0.9863995091379365
2012-05-15 23:00:00,0.4206098021422473
2012-05-16 00:00:00,-0.6372277007874237
2012-05-16 01:00:00,0.0
2012-05-16 02:00:00,0.0
2012-05-16 03:00:00,0.0
2012-05-16 04:00:00,0.0
2012-05-16 05:00:00,-1.1827873259874198
2012-05-16 06:00:00,-1.1547262447869413
2012-05-16 07:00:00,0.0
2012-05-16 08:00:00,0.0
2012-05-16 09:00:00,0.0
2012-05-16 10:00:00,0.0
2012-05-16 11:00:00,0.0
2012-05-16 12:00:00,0.9209081153062565
2012-05-16 13:00:00,0.0
2012-05-16 14:00:00,1.1827338513578938
2012-05-16 15:00:00,1.0284445178469617
2012-05-16 16:00:00,1.0658282173864622
2012-05-16 17:00:00,0.0
2012-05-16 18:00:00,0.0
2012-05-16 19:00:00,1.500122392710149
2012-05-16 20:00:00,1.5516298590332842
2012-05-16 21:00:00,0.0
2012-05-16 22:00:00,0.0
2012-05-16 23:00:00,0.22427545992228382
2012-05-17 00:00:00,-0.5330940539404609
2012-05-17 01:00:00,0.0
2012-05-17 02:00:00,-1.2293538045908716
2012-05-17 03:00:00,0.0
2012-05-17 04:00:00,-1.2853361277167434
2012-05-17 05:00:00,-1.1640954762176663
2012-05-17 06:00:00,0.0
2012-05-17 07:00:00,-0.1918396096402862
2012-05-17 08:00:00,0.2944281629234833
2012-05-17 09:00:00,0.3552116344939502
2012-05-17 10:00:00,0.40196456546418247
2012-05-17 11:00:00,0.0
2012-05-17 12:00:00,0.0
2012-05-17 13:00:00,0.5842683670839063
2012-05-17 14:00:00,0.0
2012-05-17 15:00:00,0.4627014239429613
2012-05-17 16:00:00,0.3739034842637032
2012-05-17 17:00:00,0.5468846675443942
2012-05-17 18:00:00,0.7759880132260446
2012-05-17 19:00:00,0.7619574726258044
2012-05-17 20:00:00,0.0
2012-05-17 21:00:00,0.7058353102248507
2012-05-17 22:00:00,0.780649322395558
2012-05-17 23:00:00,0.032602426871845294
2012-05-18 00:00:00,-0.683980631757651
2012-05-18 01:00:00,0.0
2012-05-18 02:00:00,-1.061406835213259
2012-05-18 03:00:00,-1.3133039827338313
2012-05-18 04:00:00,0.0
2012-05-18 05:00:00,0.0
2012-05-18 06:00:00,-1.2480456543606258
2012-05-18 07:00:00,0.0
2012-05-18 08:00:00,0.032602426871845294
2012-05-18 09:00:00,0.08872458927279896
2012-05-18 10:00:00,0.36453425283298235
2012-05-18 11:00:00,0.0
2012-05-18 12:00:00,0.0
2012-05-18 13:00:00,0.6076215260231781
2012-05-18 14:00:00,0.0
2012-05-18 15:00:00,0.3739034842637032
2012-05-18 16:00:00,0.4440095741732078
2012-05-18 17:00:00,0.6918047696246061
2012-05-18 18:00:00,0.0
2012-05-18 19:00:00,0.9209081153062565
2012-05-18 20:00:00,0.0
2012-05-18 21:00:00,0.0
2012-05-18 22:00:00,1.0004300497381762
2012-05-18 23:00:00,0.6544210700850996
2012-05-19 00:00:00,-0.5471245945406953
2012-05-19 01:00:00,0.0
2012-05-19 02:00:00,-1.3319958325035852
2012-05-19 03:00:00,0.0
2012-05-19 04:00:00,0.0
2012-05-19 05:00:00,-1.2993666683169829
2012-05-19 06:00:00,-1.3367037547647949
2012-05-19 07:00:00,0.0
2012-05-19 08:00:00,0.0
2012-05-19 09:00:00,0.0
2012-05-19 10:00:00,0.0
2012-05-19 11:00:00,0.6964660787941194
2012-05-19 12:00:00,0.0
2012-05-19 13:00:00,0.7853106315650767
2012-05-19 14:00:00,0.4627014239429607
2012-05-19 15:00:00,0.0
2012-05-19 16:00:00,0.0
2012-05-19 17:00:00,0.0
2012-05-19 18:00:00,0.0
2012-05-19 19:00:00,0.5328541269441602
2012-05-19 20:00:00,0.0
2012-05-19 21:00:00,0.0
2012-05-19 22:00:00,0.0
2012-05-19 23:00:00,0.4393482650036945
2012-05-20 00:00:00,-0.637181087695724
2012-05-20 01:00:00,-1.1593409408647617
2012-05-20 02:00:00,-1.3879781556294568
2012-05-20 03:00:00,-1.4859122612809603
2012-05-20 04:00:00,0.0
2012-05-20 05:00:00,0.0
2012-05-20 06:00:00,-1.285336127716743
2012-05-20 07:00:00,-0.5016302170462388
2012-05-20 08:00:00,0.0
2012-05-20 09:00:00,0.07935535784207752
2012-05-20 10:00:00,0.14484675167375263
2012-05-20 11:00:00,0.0
2012-05-20 12:00:00,0.0
2012-05-20 13:00:00,0.47202404228199346
2012-05-20 14:00:00,0.46270142394296626
2012-05-20 15:00:00,0.3412277069854097
2012-05-20 16:00:00,0.0
2012-05-20 17:00:00,0.0
2012-05-20 18:00:00,0.0
2012-05-20 19:00:00,0.0
2012-05-20 20:00:00,0.5468846675443942
2012-05-20 21:00:00,0.42065641523394154
2012-05-20 22:00:00,0.0
2012-05-20 23:00:00,-0.25257646811907
2012-05-21 00:00:00,-0.8755604386247063
2012-05-21 01:00:00,0.0
2012-05-21 02:00:00,-1.4999428018811993
2012-05-21 03:00:00,0.0
2012-05-21 04:00:00,-1.5186346516509537
2012-05-21 05:00:00,-1.485958874372655
2012-05-21 06:00:00,-1.355302378351159
2012-05-21 07:00:00,0.0
2012-05-21 08:00:00,-0.12639482890030596
2012-05-21 09:00:00,0.0
2012-05-21 10:00:00,0.0
2012-05-21 11:00:00,0.0
2012-05-21 12:00:00,0.0
2012-05-21 13:00:00,0.4720706553736871
2012-05-21 14:00:00,0.0
2012-05-21 15:00:00,0.0
2012-05-21 16:00:00,0.0
2012-05-21 17:00:00,0.3505503253244369
2012-05-21 18:00:00,0.5515459767139131
2012-05-21 19:00:00,0.4767319645432065
2012-05-21 20:00:00,0.4299790335729737
2012-05-21 21:00:00,0.6731129198548526
2012-05-21 22:00:00,0.7432656228560515
2012-05-21 23:00:00,-0.1450866786700589
2012-05-22 00:00:00,-0.8394352925609623
2012-05-22 01:00:00,-1.1080665400000997
2012-05-22 02:00:00,0.0
2012-05-22 03:00:00,-1.4066700053992103
2012-05-22 04:00:00,-1.3973007739684857
2012-05-22 05:00:00,-1.2666908910386845
2012-05-22 06:00:00,-1.2200777993435377
2012-05-22 07:00:00,-0.4641999044150384
2012-05-22 08:00:00,-0.060856821976931694
2012-05-22 09:00:00,0.0
2012-05-22 10:00:00,0.40191795237248884
2012-05-22 11:00:00,0.5843149801756006
2012-05-22 12:00:00,0.5281928177746469
2012-05-22 13:00:00,0.0
2012-05-22 14:00:00,0.256997850292277
2012-05-22 15:00:00,0.37395009735540297
2012-05-22 16:00:00,0.30375078126251476
2012-05-22 17:00:00,0.0
2012-05-22 18:00:00,0.43930165191200576
2012-05-22 19:00:00,0.598298907684146
2012-05-22 20:00:00,0.6123294482843856
2012-05-22 21:00:00,0.0
2012-05-22 22:00:00,0.7058353102248507
2012-05-22 23:00:00,-0.11702559746958513
2012-05-23 00:00:00,-0.7773932675147227
2012-05-23 01:00:00,0.0
2012-05-23 02:00:00,0.0
2012-05-23 03:00:00,-1.4999894149728947
2012-05-23 04:00:00,-1.439252556494118
2012-05-23 05:00:00,0.0
2012-05-23 06:00:00,-1.3319958325035857
2012-05-23 07:00:00,-0.6335452665435035
2012-05-23 08:00:00,0.0
2012-05-23 09:00:00,0.2850589314927569
2012-05-23 10:00:00,0.0
2012-05-23 11:00:00,0.5936375985146272
2012-05-23 12:00:00,0.0
2012-05-23 13:00:00,0.0
2012-05-23 14:00:00,0.0
2012-05-23 15:00:00,0.0
2012-05-23 16:00:00,0.0
2012-05-23 17:00:00,0.7900185538262843
2012-05-23 18:00:00,0.0
2012-05-23 19:00:00,1.0284445178469557
2012-05-23 20:00:00,0.0
2012-05-23 21:00:00,0.7105432324860588
2012-05-23 22:00:00,0.0
2012-05-23 23:00:00,0.0
2012-05-24 00:00:00,-0.6547076101731001
2012-05-24 01:00:00,0.0
2012-05-24 02:00:00,-1.313350595825526
2012-05-24 03:00:00,-1.3413184508426146
2012-05-24 04:00:00,-1.3459797600121297
2012-05-24 05:00:00,-1.2853361277167434
2012-05-24 06:00:00,0.0
2012-05-24 07:00:00,-0.3660793463967481
2012-05-24 08:00:00,-0.14037875640885136
2012-05-24 09:00:00,0.0
2012-05-24 10:00:00,0.4393482650036945
2012-05-24 11:00:00,0.0
2012-05-24 12:00:00,0.6356826072236524
2012-05-24 13:00:00,0.6263599888846253
2012-05-24 14:00:00,0.0
2012-05-24 15:00:00,0.6637436884241318
2012-05-24 16:00:00,0.5796070579143924
2012-05-24 17:00:00,0.5936375985146272
2012-05-24 18:00:00,0.0
2012-05-24 19:00:00,0.9957221274769631
2012-05-24 20:00:00,0.0
2012-05-24 21:00:00,0.0
2012-05-24 22:00:00,0.9115388838755301
2012-05-24 23:00:00,0.0
2012-05-25 00:00:00,0.0
2012-05-25 01:00:00,-0.7808892493918592
2012-05-25 02:00:00,-1.0834548275850617
2012-05-25 03:00:00,-1.3366571416731003
2012-05-25 04:00:00,0.0
2012-05-25 05:00:00,-1.2106619548211175
2012-05-25 06:00:00,0.0
2012-05-25 07:00:00,-0.4910490452314359
2012-05-25 08:00:00,-0.0234731224374252
2012-05-25 09:00:00,0.26165915946179585
2012-05-25 10:00:00,0.0
2012-05-25 11:00:00,0.5515925898056073
2012-05-25 12:00:00,0.5656231304058414
2012-05-25 13:00:00,0.0
2012-05-25 14:00:00,0.0
2012-05-25 15:00:00,0.5001317365741614
2012-05-25 16:00:00,0.0
2012-05-25 17:00:00,0.0
2012-05-25 18:00:00,0.0
2012-05-25 19:00:00,0.8040024813348248
2012-05-25 20:00:00,0.0
2012-05-25 21:00:00,0.5749457487448743
2012-05-25 22:00:00,0.869447262074816
2012-05-25 23:00:00,0.0
2012-05-26 00:00:00,-0.5798935980023879
2012-05-26 01:00:00,0.0
2012-05-26 02:00:00,0.0
2012-05-26 03:00:00,0.0
2012-05-26 04:00:00,0.0
2012-05-26 05:00:00,-1.3319958325035857
2012-05-26 06:00:00,-1.2806748185472283
2012-05-26 07:00:00,-0.3180678619507445
2012-05-26 08:00:00,-0.08425659400789216
2012-05-26 09:00:00,0.02794111770232647
2012-05-26 10:00:00,0.0
2012-05-26 11:00:00,0.6310212980541385
2012-05-26 12:00:00,0.7525882411950786
2012-05-26 13:00:00,0.6544676831767938
2012-05-26 14:00:00,0.6450518386543788
2012-05-26 15:00:00,0.28972024066227514
2012-05-26 16:00:00,0.0
2012-05-26 17:00:00,0.6870968473634042
2012-05-26 18:00:00,0.5001317365741614
2012-05-26 19:00:00,0.7993411721653164
2012-05-26 20:00:00,0.5889762893451083
2012-05-26 21:00:00,0.0
2012-05-26 22:00:00,0.5889762893451138
2012-05-26 23:00:00,0.0
2012-05-27 00:00:00,0.0
2012-05-27 01:00:00,-1.215369877082327
2012-05-27 02:00:00,-1.364624996690188
2012-05-27 03:00:00,-1.4112847014770302
2012-05-27 04:00:00,0.0
2012-05-27 05:00:00,-1.3273345233340705
2012-05-27 06:00:00,0.0
2012-05-27 07:00:00,-0.3940938145055282
2012-05-27 08:00:00,-0.018811813267911908
2012-05-27 09:00:00,0.0
2012-05-27 10:00:00,0.13547752024302628
2012-05-27 11:00:00,0.5281928177746413
2012-05-27 12:00:00,0.668404997593645
2012-05-27 13:00:00,0.5982989076841404
2012-05-27 14:00:00,0.3037507812625099
2012-05-27 15:00:00,0.0
2012-05-27 16:00:00,0.415948492972734
2012-05-27 17:00:00,0.0
2012-05-27 18:00:00,0.9068775747060168
2012-05-27 19:00:00,0.7292350822558118
2012-05-27 20:00:00,0.46274803703465495
2012-05-27 21:00:00,0.0
2012-05-27 22:00:00,0.6918513827163053
2012-05-27 23:00:00,-0.0796418979300731
2012-05-28 00:00:00,-0.6686915376816458
2012-05-28 01:00:00,-1.2479990412689328
2012-05-28 02:00:00,-1.4206539329077545
2012-05-28 03:00:00,-1.4392525564941185
2012-05-28 04:00:00,-1.4859122612809603
2012-05-28 05:00:00,-1.471928333772416
2012-05-28 06:00:00,-1.383363459551637
2012-05-28 07:00:00,-0.21980746465738255
2012-05-28 08:00:00,-0.4115271107995215
2012-05-28 09:00:00,-0.12168690663909289
2012-05-28 10:00:00,0.17281460669084345
2012-05-28 11:00:00,0.0
2012-05-28 12:00:00,0.0
2012-05-28 13:00:00,0.3131200126932307
2012-05-28 14:00:00,0.0
2012-05-28 15:00:00,0.0
2012-05-28 16:00:00,0.0
2012-05-28 17:00:00,0.3691955620025012
2012-05-28 18:00:00,0.0
2012-05-28 19:00:00,0.7479269320255647
2012-05-28 20:00:00,0.0
2012-05-28 21:00:00,0.5515459767139076
2012-05-28 22:00:00,0.7666653948870125
2012-05-28 23:00:00,0.0
2012-05-29 00:00:00,0.0
2012-05-29 01:00:00,0.0
2012-05-29 02:00:00,0.0
2012-05-29 03:00:00,-1.41128470147703
2012-05-29 04:00:00,0.0
2012-05-29 05:00:00,0.0
2012-05-29 06:00:00,0.0
2012-05-29 07:00:00,-0.19183960964029173
2012-05-29 08:00:00,0.0
2012-05-29 09:00:00,-0.07493397566886557
2012-05-29 10:00:00,0.13538429405964333
2012-05-29 11:00:00,0.0
2012-05-29 12:00:00,0.0
2012-05-29 13:00:00,0.22893676909180327
2012-05-29 14:00:00,0.2897668537539638
2012-05-29 15:00:00,0.30845870352372784
2012-05-29 16:00:00,0.378564793433222
2012-05-29 17:00:00,0.0
2012-05-29 18:00:00,0.6918047696246061
2012-05-29 19:00:00,0.0
2012-05-29 20:00:00,0.598298907684146
2012-05-29 21:00:00,0.0
2012-05-29 22:00:00,0.7245271599945987
2012-05-29 23:00:00,-0.07959528483837887
2012-05-30 00:00:00,-0.7060752372211521
2012-05-30 01:00:00,0.0
2012-05-30 02:00:00,0.0
2012-05-30 03:00:00,-1.4999428018811993
2012-05-30 04:00:00,0.0
2012-05-30 05:00:00,-1.4066700053992103
2012-05-30 06:00:00,0.0
2012-05-30 07:00:00,0.0
2012-05-30 08:00:00,0.0
2012-05-30 09:00:00,0.12610828881230485
2012-05-30 10:00:00,0.0
2012-05-30 11:00:00,0.0
2012-05-30 12:00:00,0.4674093462041738
2012-05-30 13:00:00,0.0
2012-05-30 14:00:00,0.0
2012-05-30 15:00:00,0.47668535145150676
2012-05-30 16:00:00,0.0
2012-05-30 17:00:00,0.0
2012-05-30 18:00:00,0.0
2012-05-30 19:00:00,0.0
2012-05-30 20:00:00,1.014413977246716
2012-05-30 21:00:00,0.8694472620748105
2012-05-30 22:00:00,0.0
2012-05-30 23:00:00,0.0
2012-05-31 00:00:00,-0.635969147311653
2012-05-31 01:00:00,-1.1826940998040292
2012-05-31 02:00:00,0.0
2012-05-31 03:00:00,-1.3599636875206735
2012-05-31 04:00:00,-1.4159926237382399
2012-05-31 05:00:00,0.0
2012-05-31 06:00:00,-1.201432562665481
2012-05-31 07:00:00,-0.31335993968953696
2012-05-31 08:00:00,0.0
2012-05-31 09:00:00,0.2850589314927563
2012-05-31 10:00:00,0.6730663067631638
2012-05-31 11:00:00,0.0
2012-05-31 12:00:00,0.72448054690291
2012-05-31 13:00:00,0.0
2012-05-31 14:00:00,0.8460941031355437
2012-05-31 15:00:00,0.0
2012-05-31 16:00:00,0.8367714847965171
2012-05-31 17:00:00,0.9022162655364974
2012-05-31 18:00:00,1.173364619927173
2012-05-31 19:00:00,1.6407540903544071
2012-05-31 20:00:00,0.0
2012-05-31 21:00:00,1.337023184868832
2012-05-31 22:00:00,1.2388094006671593
2012-05-31 23:00:00,0.0
2012-06-01 00:00:00,0.0
2012-06-01 01:00:00,0.0
2012-06-01 02:00:00,-1.1640954762176665
2012-06-01 03:00:00,-1.2060472587432984
2012-06-01 04:00:00,-1.1640488631259707
2012-06-01 05:00:00,-1.0894213033220401
2012-06-01 06:00:00,0.0
2012-06-01 07:00:00,-0.23859254061051904
2012-06-01 08:00:00,0.0
2012-06-01 09:00:00,0.0
2012-06-01 10:00:00,0.9302773467369828
2012-06-01 11:00:00,0.0
2012-06-01 12:00:00,0.0
2012-06-01 13:00:00,1.0003834366464819
2012-06-01 14:00:00,0.9255694244757642
2012-06-01 15:00:00,1.0798587579867023
2012-06-01 16:00:00,2.011561234789303
2012-06-01 17:00:00,1.4347708381535524
2012-06-01 18:00:00,0.0
2012-06-01 19:00:00,0.0
2012-06-01 20:00:00,0.0
2012-06-01 21:00:00,2.053419791131546
2012-06-01 22:00:00,1.693007366144671
2012-06-01 23:00:00,0.9069241877977104
2012-06-02 00:00:00,-0.4115737238912157
2012-06-02 01:00:00,-1.0427615985352001
2012-06-02 02:00:00,-1.1454502395396071
2012-06-02 03:00:00,0.0
2012-06-02 04:00:00,-1.196678027312574
2012-06-02 05:00:00,0.0
2012-06-02 06:00:00,0.0
2012-06-02 07:00:00,-0.34608233005953565
2012-06-02 08:00:00,0.0
2012-06-02 09:00:00,0.0
2012-06-02 10:00:00,0.8273556402740965
2012-06-02 11:00:00,1.37431365822495
2012-06-02 12:00:00,1.4022349001503362
2012-06-02 13:00:00,1.0751508357254997
2012-06-02 14:00:00,0.8554167214745764
2012-06-02 15:00:00,1.0424750584471958
2012-06-02 16:00:00,0.9582918148457574
2012-06-02 17:00:00,0.0
2012-06-02 18:00:00,1.0985506077564553
2012-06-02 19:00:00,1.318331335099079
2012-06-02 20:00:00,0.0
2012-06-02 21:00:00,0.0
2012-06-02 22:00:00,0.0
2012-06-02 23:00:00,0.0
2012-06-03 00:00:00,-0.4910490452314359
2012-06-03 01:00:00,-1.0940826124915561
2012-06-03 02:00:00,-1.210708567912813
2012-06-03 03:00:00,-1.2480456543606255
2012-06-03 04:00:00,0.0
2012-06-03 05:00:00,0.0
2012-06-03 06:00:00,0.0
2012-06-03 07:00:00,-0.1590706061786043
2012-06-03 08:00:00,0.0
2012-06-03 09:00:00,0.0
2012-06-03 10:00:00,0.0
2012-06-03 11:00:00,0.0
2012-06-03 12:00:00,0.0
2012-06-03 13:00:00,0.4440095741732078
2012-06-03 14:00:00,0.6450984517460675
2012-06-03 15:00:00,1.0518442898779223
2012-06-03 16:00:00,1.2061336233888604
2012-06-03 17:00:00,1.4865113699351686
2012-06-03 18:00:00,1.1967177788664392
2012-06-03 19:00:00,1.0237365955857431
2012-06-03 20:00:00,0.0
2012-06-03 21:00:00,0.6356826072236524
2012-06-03 22:00:00,0.0
2012-06-03 23:00:00,-0.037596889221047786
2012-06-04 00:00:00,-0.6547076101731001
2012-06-04 01:00:00,0.0
2012-06-04 02:00:00,-1.2946587460557728
2012-06-04 03:00:00,-1.3553489914428538
2012-06-04 04:00:00,-1.3320424455952804
2012-06-04 05:00:00,-1.2620295818691691
2012-06-04 06:00:00,0.0
2012-06-04 07:00:00,-0.5050329727399816
2012-06-04 08:00:00,0.0
2012-06-04 09:00:00,0.37390348426370873
2012-06-04 10:00:00,0.7432656228560515
2012-06-04 11:00:00,0.7058353102248458
2012-06-04 12:00:00,0.378564793433222
2012-06-04 13:00:00,0.0
2012-06-04 14:00:00,0.0
2012-06-04 15:00:00,0.46740934620416885
2012-06-04 16:00:00,0.0
2012-06-04 17:00:00,0.6965126918858192
2012-06-04 18:00:00,1.051797676786228
2012-06-04 19:00:00,0.869447262074816
2012-06-04 20:00:00,0.0
2012-06-04 21:00:00,0.0
2012-06-04 22:00:00,0.9910608183074497
2012-06-04 23:00:00,0.04197165830256058
2012-06-05 00:00:00,-0.664030228512127
2012-06-05 01:00:00,-1.1267583897698545
2012-06-05 02:00:00,-1.2573682726996545
2012-06-05 03:00:00,-1.2246924954213567
2012-06-05 04:00:00,-1.2806748185472288
2012-06-05 05:00:00,0.0
2012-06-05 06:00:00,0.0
2012-06-05 07:00:00,-0.2712217047971342
2012-06-05 08:00:00,-0.05624212589911202
2012-06-05 09:00:00,0.0
2012-06-05 10:00:00,0.4627014239429607
2012-06-05 11:00:00,0.6964660787941244
2012-06-05 12:00:00,0.0
2012-06-05 13:00:00,0.0
2012-06-05 14:00:00,0.6684516106853448
2012-06-05 15:00:00,0.0
2012-06-05 16:00:00,0.0
2012-06-05 17:00:00,0.0
2012-06-05 18:00:00,0.0
2012-06-05 19:00:00,0.0
2012-06-05 20:00:00,0.8648325659969914
2012-06-05 21:00:00,0.0
2012-06-05 22:00:00,0.0
2012-06-05 23:00:00,0.0
2012-06-06 00:00:00,-0.6313078381421341
2012-06-06 01:00:00,0.0
2012-06-06 02:00:00,-1.2526603504384453
2012-06-06 03:00:00,-1.2852895146250485
2012-06-06 04:00:00,-1.2386764229299008
2012-06-06 05:00:00,-1.285336127716743
2012-06-06 06:00:00,0.0
2012-06-06 07:00:00,-0.19650091880980503
2012-06-06 08:00:00,0.19155306955229123
2012-06-06 09:00:00,0.16349198835181686
2012-06-06 10:00:00,0.3318584755546834
2012-06-06 11:00:00,0.0
2012-06-06 12:00:00,0.0
2012-06-06 13:00:00,0.0
2012-06-06 14:00:00,0.0
2012-06-06 15:00:00,0.0
2012-06-06 16:00:00,0.0
2012-06-06 17:00:00,0.7432656228560515
2012-06-06 18:00:00,1.0004300497381762
2012-06-06 19:00:00,0.9442612742455282
2012-06-06 20:00:00,0.0
2012-06-06 21:00:00,0.7900185538262843
2012-06-06 22:00:00,1.0144139772467216
2012-06-06 23:00:00,0.5141156640827124
2012-06-07 00:00:00,0.0
2012-06-07 01:00:00,-1.1220970806003394
2012-06-07 02:00:00,0.0
2012-06-07 03:00:00,0.0
2012-06-07 04:00:00,0.0
2012-06-07 05:00:00,-1.210708567912813
2012-06-07 06:00:00,-1.0647629778153092
2012-06-07 07:00:00,-0.289960167658582
2012-06-07 08:00:00,0.30841209043202866
2012-06-07 09:00:00,0.3879340248639428
2012-06-07 10:00:00,0.0
2012-06-07 11:00:00,0.864832565996997
2012-06-07 12:00:00,0.5982989076841404
2012-06-07 13:00:00,0.9676610462764886
2012-06-07 14:00:00,0.5796070579143875
2012-06-07 15:00:00,0.4861011959739218
2012-06-07 16:00:00,0.0
2012-06-07 17:00:00,0.8742017974277234
2012-06-07 18:00:00,0.0
2012-06-07 19:00:00,0.9396465781677036
2012-06-07 20:00:00,0.8928470341057765
2012-06-07 21:00:00,0.0
2012-06-07 22:00:00,0.8273556402740965
2012-06-07 23:00:00,-0.09362582543861851
2012-06-08 00:00:00,0.0
2012-06-08 01:00:00,0.0
2012-06-08 02:00:00,-1.2573216596079597
2012-06-08 03:00:00,-1.3226732141645554
2012-06-08 04:00:00,0.0
2012-06-08 05:00:00,-1.2387230360215962
2012-06-08 06:00:00,-1.16875678538718
2012-06-08 07:00:00,-0.28539208467245103
2012-06-08 08:00:00,0.0
2012-06-08 09:00:00,0.1027085167813499
2012-06-08 10:00:00,0.4580401147734474
2012-06-08 11:00:00,1.0050447458159952
2012-06-08 12:00:00,0.0
2012-06-08 13:00:00,0.5094543549131941
2012-06-08 14:00:00,0.4020111785558773
2012-06-08 15:00:00,0.0
2012-06-08 16:00:00,0.0
2012-06-08 17:00:00,0.6123760613760798
2012-06-08 18:00:00,0.6216986797151064
2012-06-08 19:00:00,0.8274022533657908
2012-06-08 20:00:00,0.6731129198548526
2012-06-08 21:00:00,0.5001317365741614
2012-06-08 22:00:00,0.0
2012-06-08 23:00:00,0.6590823792546184
2012-06-09 00:00:00,0.0
2012-06-09 01:00:00,0.0
2012-06-09 02:00:00,-1.341318450842615
2012-06-09 03:00:00,-1.3319958325035852
2012-06-09 04:00:00,0.0
2012-06-09 05:00:00,-1.2853827408084386
2012-06-09 06:00:00,0.0
2012-06-09 07:00:00,-0.22922330917979822
2012-06-09 08:00:00,-0.2338846183493115
2012-06-09 09:00:00,0.0
2012-06-09 10:00:00,0.0
2012-06-09 11:00:00,0.0
2012-06-09 12:00:00,0.0
2012-06-09 13:00:00,0.8133717127655511
2012-06-09 14:00:00,0.0
2012-06-09 15:00:00,0.3365197847241967
2012-06-09 16:00:00,0.39725664320297494
2012-06-09 17:00:00,0.775988013226039
2012-06-09 18:00:00,0.8321101756269983
2012-06-09 19:00:00,0.7666187817953238
2012-06-09 20:00:00,0.8741551843360236
2012-06-09 21:00:00,0.6824821512855795
2012-06-09 22:00:00,0.8040024813348297
2012-06-09 23:00:00,0.0
2012-06-10 00:00:00,0.0
2012-06-10 01:00:00,0.0
2012-06-10 02:00:00,0.0
2012-06-10 03:00:00,0.0
2012-06-10 04:00:00,-1.2993666683169816
2012-06-10 05:00:00,-1.2899974368862577
2012-06-10 06:00:00,0.0
2012-06-10 07:00:00,0.0
2012-06-10 08:00:00,0.0
2012-06-10 09:00:00,0.46270142394296687
2012-06-10 10:00:00,0.4065792615420077
2012-06-10 11:00:00,0.9302773467369773
2012-06-10 12:00:00,0.0
2012-06-10 13:00:00,0.6543744569934054
2012-06-10 14:00:00,0.481439886804414
2012-06-10 15:00:00,0.6169907574538989
2012-06-10 16:00:00,0.40196456546418247
2012-06-10 17:00:00,0.0
2012-06-10 18:00:00,0.0
2012-06-10 19:00:00,0.0
2012-06-10 20:00:00,0.5328541269441547
2012-06-10 21:00:00,0.6123294482843856
2012-06-10 22:00:00,0.0
2012-06-10 23:00:00,0.0
2012-06-11 00:00:00,0.0
2012-06-11 01:00:00,0.0
2012-06-11 02:00:00,-1.3040279774864967
2012-06-11 03:00:00,-1.4206539329077545
2012-06-11 04:00:00,0.0
2012-06-11 05:00:00,-1.2666908910386838
2012-06-11 06:00:00,0.0
2012-06-11 07:00:00,-0.9760582643194429
2012-06-11 08:00:00,-0.6453383787423738
2012-06-11 09:00:00,0.2803976223232375
2012-06-11 10:00:00,0.0
2012-06-11 11:00:00,0.0
2012-06-11 12:00:00,0.44871749643441533
2012-06-11 13:00:00,0.0
2012-06-11 14:00:00,0.25699785029228256
2012-06-11 15:00:00,0.11207774821206519
2012-06-11 16:00:00,0.0
2012-06-11 17:00:00,0.33181186246298916
2012-06-11 18:00:00,0.5328541269441547
2012-06-11 19:00:00,0.5421767452831923
2012-06-11 20:00:00,0.5609152081446395
2012-06-11 21:00:00,0.41599510606442824
2012-06-11 22:00:00,0.663790301515826
2012-06-11 23:00:00,-0.12634821580860617
2012-06-12 00:00:00,-0.7014139280516387
2012-06-12 01:00:00,-1.1640488631259716
2012-06-12 02:00:00,-1.3319492194118896
2012-06-12 03:00:00,0.0
2012-06-12 04:00:00,-1.3040279774864971
2012-06-12 05:00:00,-1.2760135093777145
2012-06-12 06:00:00,0.0
2012-06-12 07:00:00,-0.9607691702434383
2012-06-12 08:00:00,-0.8673099213946638
2012-06-12 09:00:00,0.3739034842637032
2012-06-12 10:00:00,0.5935909854229384
2012-06-12 11:00:00,0.813371712765556
2012-06-12 12:00:00,0.0
2012-06-12 13:00:00,0.45804011477344253
2012-06-12 14:00:00,0.4814398868044085
2012-06-12 15:00:00,0.3879340248639428
2012-06-12 16:00:00,0.3692421750941899
2012-06-12 17:00:00,0.0
2012-06-12 18:00:00,0.0
2012-06-12 19:00:00,0.0
2012-06-12 20:00:00,0.0
2012-06-12 21:00:00,0.6216520666234073
2012-06-12 22:00:00,0.0
2012-06-12 23:00:00,-0.09833374769983157
2012-06-13 00:00:00,0.0
2012-06-13 01:00:00,0.0
2012-06-13 02:00:00,-1.3506410691816442
2012-06-13 03:00:00,-1.429929938155089
2012-06-13 04:00:00,-1.3553489914428538
2012-06-13 05:00:00,0.0
2012-06-13 06:00:00,-1.3739942281209128
2012-06-13 07:00:00,-0.8347739833914471
2012-06-13 08:00:00,0.0
2012-06-13 09:00:00,0.0
2012-06-13 10:00:00,0.6263599888846197
2012-06-13 11:00:00,0.7151579285638724
2012-06-13 12:00:00,0.42531772440344934
2012-06-13 13:00:00,0.31778132186275504
2012-06-13 14:00:00,0.2663670817230034
2012-06-13 15:00:00,0.518823586343915
2012-06-13 16:00:00,0.40196456546418247
2012-06-13 17:00:00,0.6871434604550928
2012-06-13 18:00:00,0.0
2012-06-13 19:00:00,0.0
2012-06-13 20:00:00,0.9536305056762491
2012-06-13 21:00:00,0.0
2012-06-13 22:00:00,1.0424750584472013
2012-06-13 23:00:00,-0.028181044698632727
2012-06-14 00:00:00,0.0
2012-06-14 01:00:00,-1.2620295818691722
2012-06-14 02:00:00,0.0
2012-06-14 03:00:00,0.0
2012-06-14 04:00:00,-1.4392991695858137
2012-06-14 05:00:00,0.0
2012-06-14 06:00:00,0.0
2012-06-14 07:00:00,0.0
2012-06-14 08:00:00,0.0
2012-06-14 09:00:00,0.5048396588353745
2012-06-14 10:00:00,0.28035100923154876
2012-06-14 11:00:00,0.607714752206561
2012-06-14 12:00:00,0.6684516106853393
2012-06-14 13:00:00,0.5000851234824727
2012-06-14 14:00:00,0.0
2012-06-14 15:00:00,0.0
2012-06-14 16:00:00,0.5468380544527056
2012-06-14 17:00:00,0.6871434604550928
2012-06-14 18:00:00,0.0
2012-06-14 19:00:00,0.0
2012-06-14 20:00:00,0.0
2012-06-14 21:00:00,0.6122828351926913
2012-06-14 22:00:00,0.0
2012-06-14 23:00:00,-0.09357921234692981
2012-06-15 00:00:00,-0.6359691473116474
2012-06-15 01:00:00,0.0
2012-06-15 02:00:00,-1.280674818547229
2012-06-15 03:00:00,0.0
2012-06-15 04:00:00,-1.3086426735643157
2012-06-15 05:00:00,-1.220031186251843
2012-06-15 06:00:00,0.0
2012-06-15 07:00:00,-0.928093392965139
2012-06-15 08:00:00,-0.6746114003269299
2012-06-15 09:00:00,0.46274803703465556
2012-06-15 10:00:00,0.5515925898056073
2012-06-15 11:00:00,0.0
2012-06-15 12:00:00,0.6918047696246006
2012-06-15 13:00:00,0.0
2012-06-15 14:00:00,0.5796070579143924
2012-06-15 15:00:00,0.5095009680048878
2012-06-15 16:00:00,0.649713147823897
2012-06-15 17:00:00,0.0
2012-06-15 18:00:00,0.8226943311045777
2012-06-15 19:00:00,0.8133717127655455
2012-06-15 20:00:00,0.9489691965067302
2012-06-15 21:00:00,0.0
2012-06-15 22:00:00,1.1172424575262083
2012-06-15 23:00:00,0.8601246437357833
2012-06-16 00:00:00,-0.2806841624112435
2012-06-16 01:00:00,-0.5378019762016739
2012-06-16 02:00:00,0.0
2012-06-16 03:00:00,0.0
2012-06-16 04:00:00,0.0
2012-06-16 05:00:00,-0.9387677909633316
2012-06-16 06:00:00,-0.9341064817938073
2012-06-16 07:00:00,-0.17314775987053327
2012-06-16 08:00:00,0.2664136948146976
2012-06-16 09:00:00,0.0
2012-06-16 10:00:00,0.874155184336018
2012-06-16 11:00:00,1.112581148356695
2012-06-16 12:00:00,1.1639953884964467
2012-06-16 13:00:00,0.9443078873372169
2012-06-16 14:00:00,0.6590823792546184
2012-06-16 15:00:00,0.5749457487448743
2012-06-16 16:00:00,0.5001317365741614
2012-06-16 17:00:00,0.9910608183074497
2012-06-16 18:00:00,0.0
2012-06-16 19:00:00,0.0
2012-06-16 20:00:00,0.771280090964826
2012-06-16 21:00:00,0.6076215260231781
2012-06-16 22:00:00,0.0
2012-06-16 23:00:00,0.0
2012-06-17 00:00:00,-0.45366534569192973
2012-06-17 01:00:00,0.0
2012-06-17 02:00:00,0.0
2012-06-17 03:00:00,-1.2806748185472283
2012-06-17 04:00:00,-1.2573682726996545
2012-06-17 05:00:00,-1.234015113760386
2012-06-17 06:00:00,-1.1407423172783977
2012-06-17 07:00:00,-0.29462147682808976
2012-06-17 08:00:00,0.0
2012-06-17 09:00:00,0.2523365411227637
2012-06-17 10:00:00,0.5796536710060872
2012-06-17 11:00:00,0.8788631065972311
2012-06-17 12:00:00,0.0
2012-06-17 13:00:00,0.8320635625353096
2012-06-17 14:00:00,0.0
2012-06-17 15:00:00,0.593637598514632
2012-06-17 16:00:00,0.8367248717048229
2012-06-17 17:00:00,0.8975083432752898
2012-06-17 18:00:00,0.8834778026750557
2012-06-17 19:00:00,0.9770302777072101
2012-06-17 20:00:00,0.9910608183074497
2012-06-17 21:00:00,0.7713267040565258
2012-06-17 22:00:00,0.9582918148457623
2012-06-17 23:00:00,0.0
2012-06-18 00:00:00,-0.626599915880921
2012-06-18 01:00:00,-1.0694242869848225
2012-06-18 02:00:00,-1.2666442779469893
2012-06-18 03:00:00,0.0
2012-06-18 04:00:00,0.0
2012-06-18 05:00:00,0.0
2012-06-18 06:00:00,-1.1266651635864622
2012-06-18 07:00:00,-0.25723777728858327
2012-06-18 08:00:00,0.0
2012-06-18 09:00:00,0.0
2012-06-18 10:00:00,0.0
2012-06-18 11:00:00,0.5935909854229384
2012-06-18 12:00:00,0.0
2012-06-18 13:00:00,0.4393482650036945
2012-06-18 14:00:00,0.0
2012-06-18 15:00:00,0.4720706553736877
2012-06-18 16:00:00,0.0
2012-06-18 17:00:00,0.7198192377333912
2012-06-18 18:00:00,0.8087104035960323
2012-06-18 19:00:00,0.0
2012-06-18 20:00:00,0.8133250996738624
2012-06-18 21:00:00,0.0
2012-06-18 22:00:00,0.8975083432752898
2012-06-18 23:00:00,0.0
2012-06-19 00:00:00,0.0
2012-06-19 01:00:00,0.0
2012-06-19 02:00:00,0.0
2012-06-19 03:00:00,-1.318058518086736
2012-06-19 04:00:00,-1.2806748185472283
2012-06-19 05:00:00,-1.2620295818691694
2012-06-19 06:00:00,0.0
2012-06-19 07:00:00,-0.3741900243517037
2012-06-19 08:00:00,0.1074164390425519
2012-06-19 09:00:00,0.18689176038277241
2012-06-19 10:00:00,0.40191795237248884
2012-06-19 11:00:00,0.0
2012-06-19 12:00:00,0.5562538989751151
2012-06-19 13:00:00,0.41599510606442275
2012-06-19 14:00:00,0.0
2012-06-19 15:00:00,0.6591289923463072
2012-06-19 16:00:00,0.0
2012-06-19 17:00:00,0.0
2012-06-19 18:00:00,0.0
2012-06-19 19:00:00,0.780649322395558
2012-06-19 20:00:00,0.0
2012-06-19 21:00:00,0.6450518386543788
2012-06-19 22:00:00,0.8133250996738562
2012-06-19 23:00:00,-0.03284235386814602
2012-06-20 00:00:00,-0.6886419409271644
2012-06-20 01:00:00,-1.0739923699709448
2012-06-20 02:00:00,-1.32733452333407
2012-06-20 03:00:00,0.0
2012-06-20 04:00:00,-1.3133039827338313
2012-06-20 05:00:00,-1.3226732141645554
2012-06-20 06:00:00,-1.1966780273125737
2012-06-20 07:00:00,-0.4582800417697488
2012-06-20 08:00:00,-0.0562421258991071
2012-06-20 09:00:00,0.0
2012-06-20 10:00:00,0.49547042740464814
2012-06-20 11:00:00,0.0
2012-06-20 12:00:00,0.500131736574167
2012-06-20 13:00:00,0.5375154361136735
2012-06-20 14:00:00,0.0
2012-06-20 15:00:00,0.0
2012-06-20 16:00:00,0.0
2012-06-20 17:00:00,0.5842683670839007
2012-06-20 18:00:00,0.6637436884241318
2012-06-20 19:00:00,0.7385110875031496
2012-06-20 20:00:00,0.0
2012-06-20 21:00:00,0.0
2012-06-20 22:00:00,0.0
2012-06-20 23:00:00,0.0
2012-06-21 00:00:00,-0.7167030221276439
2012-06-21 01:00:00,0.0
2012-06-21 02:00:00,0.0
2012-06-21 03:00:00,-1.2853361277167434
2012-06-21 04:00:00,0.0
2012-06-21 05:00:00,-1.1547262447869435
2012-06-21 06:00:00,0.0
2012-06-21 07:00:00,-0.5798469849106882
2012-06-21 08:00:00,0.09333928535061801
2012-06-21 09:00:00,0.0
2012-06-21 10:00:00,0.35982633057177976
2012-06-21 11:00:00,0.0
2012-06-21 12:00:00,0.0
2012-06-21 13:00:00,0.38798063795563703
2012-06-21 14:00:00,0.35050371223274207
2012-06-21 15:00:00,0.0
2012-06-21 16:00:00,0.4487174964344208
2012-06-21 17:00:00,0.47677857763489523
2012-06-21 18:00:00,0.5796070579143875
2012-06-21 19:00:00,0.0
2012-06-21 20:00:00,0.7011740010553373
2012-06-21 21:00:00,0.46736273311248017
2012-06-21 22:00:00,0.0
2012-06-21 23:00:00,-0.18242376511787667
2012-06-22 00:00:00,0.0
2012-06-22 01:00:00,0.0
2012-06-22 02:00:00,-1.3272879102423758
2012-06-22 03:00:00,-1.308642673564317
2012-06-22 04:00:00,0.0
2012-06-22 05:00:00,-1.3133039827338313
2012-06-22 06:00:00,0.0
2012-06-22 07:00:00,-0.5892162163414145
2012-06-22 08:00:00,-0.8091833960508171
2012-06-22 09:00:00,0.0
2012-06-22 10:00:00,0.31778132186275504
2012-06-22 11:00:00,0.0
2012-06-22 12:00:00,0.0
2012-06-22 13:00:00,0.3365197847241967
2012-06-22 14:00:00,0.24772184504493913
2012-06-22 15:00:00,0.256997850292277
2012-06-22 16:00:00,0.3505037122327427
2012-06-22 17:00:00,0.0
2012-06-22 18:00:00,0.5655765173141528
2012-06-22 19:00:00,0.0
2012-06-22 20:00:00,0.850755412305057
2012-06-22 21:00:00,0.0
2012-06-22 22:00:00,0.8694938751665048
2012-06-22 23:00:00,0.0
2012-06-23 00:00:00,-0.5331406670321551
2012-06-23 01:00:00,-1.1207919140328757
2012-06-23 02:00:00,-1.1827407128957252
2012-06-23 03:00:00,-1.378655537290427
2012-06-23 04:00:00,0.0
2012-06-23 05:00:00,-1.2760601224694093
2012-06-23 06:00:00,-1.159387553956456
2012-06-23 07:00:00,0.0
2012-06-23 08:00:00,-0.01415050409838755
2012-06-23 09:00:00,0.0
2012-06-23 10:00:00,0.0
2012-06-23 11:00:00,0.7198658508250854
2012-06-23 12:00:00,0.8834778026750502
2012-06-23 13:00:00,0.570237826483666
2012-06-23 14:00:00,0.8741551843360236
2012-06-23 15:00:00,0.0
2012-06-23 16:00:00,1.2481786320978796
2012-06-23 17:00:00,0.9068775747060113
2012-06-23 18:00:00,0.8835244157667445
2012-06-23 19:00:00,1.4487547656620978
2012-06-23 20:00:00,0.0
2012-06-23 21:00:00,0.0
2012-06-23 22:00:00,0.9676610462764886
2012-06-23 23:00:00,0.6918047696246061
2012-06-24 00:00:00,0.0
2012-06-24 01:00:00,-1.0800986849830105
2012-06-24 02:00:00,0.0
2012-06-24 03:00:00,0.0
2012-06-24 04:00:00,-1.187402022065239
2012-06-24 05:00:00,-1.1454036264479102
2012-06-24 06:00:00,-1.1640488631259736
2012-06-24 07:00:00,-0.23854592751883033
2012-06-24 08:00:00,0.0
2012-06-24 09:00:00,0.4299790335729737
2012-06-24 10:00:00,0.0
2012-06-24 11:00:00,0.0
2012-06-24 12:00:00,0.8788164935055369
2012-06-24 13:00:00,0.0
2012-06-24 14:00:00,1.0471363676167147
2012-06-24 15:00:00,0.0
2012-06-24 16:00:00,1.495600922815724
2012-06-24 17:00:00,0.9583384279374572
2012-06-24 18:00:00,0.0
2012-06-24 19:00:00,1.8797394114754251
2012-06-24 20:00:00,0.0
2012-06-24 21:00:00,1.448987831120574
2012-06-24 22:00:00,1.266870481867633
2012-06-24 23:00:00,0.0
2012-06-25 00:00:00,0.0
2012-06-25 01:00:00,-1.0427615985352001
2012-06-25 02:00:00,0.0
2012-06-25 03:00:00,-1.2620295818691694
2012-06-25 04:00:00,-1.2713055871165042
2012-06-25 05:00:00,-1.1547262447869435
2012-06-25 06:00:00,0.0
2012-06-25 07:00:00,0.0
2012-06-25 08:00:00,0.46274803703465556
2012-06-25 09:00:00,0.5468846675443942
2012-06-25 10:00:00,0.6684516106853393
2012-06-25 11:00:00,0.0
2012-06-25 12:00:00,0.0
2012-06-25 13:00:00,0.7151579285638834
2012-06-25 14:00:00,0.888139111844569
2012-06-25 15:00:00,0.9395999650760094
2012-06-25 16:00:00,0.0
2012-06-25 17:00:00,0.0
2012-06-25 18:00:00,1.0705361396476751
2012-06-25 19:00:00,1.290270253898599
2012-06-25 20:00:00,1.276239713298365
2012-06-25 21:00:00,0.0
2012-06-25 22:00:00,0.0
2012-06-25 23:00:00,0.3551650214022615
2012-06-26 00:00:00,-0.36015948375146956
2012-06-26 01:00:00,-0.9854741088418598
2012-06-26 02:00:00,-1.1547728578786365
2012-06-26 03:00:00,-1.1827407128957252
2012-06-26 04:00:00,-1.1128210753530063
2012-06-26 05:00:00,-1.0614534483049554
2012-06-26 06:00:00,-0.9152747927489692
2012-06-26 07:00:00,0.0
2012-06-26 08:00:00,0.0
2012-06-26 09:00:00,0.570237826483666
2012-06-26 10:00:00,1.047182980708409
2012-06-26 11:00:00,0.0
2012-06-26 12:00:00,0.0
2012-06-26 13:00:00,1.1825473989911175
2012-06-26 14:00:00,1.2201175508974003
2012-06-26 15:00:00,0.0
2012-06-26 16:00:00,2.142637248636057
2012-06-26 17:00:00,1.593488415375532
2012-06-26 18:00:00,1.716034233442072
2012-06-26 19:00:00,2.4523346298586155
2012-06-26 20:00:00,0.0
2012-06-26 21:00:00,2.039342637439612
2012-06-26 22:00:00,2.109728405899282
2012-06-26 23:00:00,0.0
2012-06-27 00:00:00,-0.3320517894592954
2012-06-27 01:00:00,0.0
2012-06-27 02:00:00,0.0
2012-06-27 03:00:00,-1.0147471304264153
2012-06-27 04:00:00,0.0
2012-06-27 05:00:00,-0.9061386267767189
2012-06-27 06:00:00,-0.6606274728183845
2012-06-27 07:00:00,0.0
2012-06-27 08:00:00,0.3411810938937106
2012-06-27 09:00:00,1.3787885150276808
2012-06-27 10:00:00,1.0237365955857536
2012-06-27 11:00:00,1.0751508357254893
2012-06-27 12:00:00,1.0611202951252496
2012-06-27 13:00:00,1.0190752864162298
2012-06-27 14:00:00,0.0
2012-06-27 15:00:00,1.7717834911094668
2012-06-27 16:00:00,1.8093536430157497
2012-06-27 17:00:00,0.0
2012-06-27 18:00:00,0.0
2012-06-27 19:00:00,0.0
2012-06-27 20:00:00,2.1425906355443574
2012-06-27 21:00:00,1.8844473337366439
2012-06-27 22:00:00,0.0
2012-06-27 23:00:00,0.49547042740464814
2012-06-28 00:00:00,-0.458280041769754
2012-06-28 01:00:00,0.0
2012-06-28 02:00:00,0.0
2012-06-28 03:00:00,-1.1220970806003385
2012-06-28 04:00:00,-1.0800986849830108
2012-06-28 05:00:00,0.0
2012-06-28 06:00:00,0.0
2012-06-28 07:00:00,0.0
2012-06-28 08:00:00,-0.11231767520837206
2012-06-28 09:00:00,0.25704446338397124
2012-06-28 10:00:00,0.5936375985146272
2012-06-28 11:00:00,0.7572961634562861
2012-06-28 12:00:00,0.9162001930450483
2012-06-28 13:00:00,0.9302307336452885
2012-06-28 14:00:00,0.0
2012-06-28 15:00:00,0.0
2012-06-28 16:00:00,0.0
2012-06-28 17:00:00,0.7619108595341108
2012-06-28 18:00:00,0.911538883875535
2012-06-28 19:00:00,0.0
2012-06-28 20:00:00,0.9816915868767234
2012-06-28 21:00:00,0.0
2012-06-28 22:00:00,0.0
2012-06-28 23:00:00,0.0
2012-06-29 00:00:00,-0.2385459275188248
2012-06-29 01:00:00,-0.957319801457996
2012-06-29 02:00:00,0.0
2012-06-29 03:00:00,0.0
2012-06-29 04:00:00,-1.1967246404042706
2012-06-29 05:00:00,-1.1500183225257314
2012-06-29 06:00:00,0.0
2012-06-29 07:00:00,0.0
2012-06-29 08:00:00,0.0
2012-06-29 09:00:00,0.11207774821206519
2012-06-29 10:00:00,0.3879340248639428
2012-06-29 11:00:00,0.6964660787941244
2012-06-29 12:00:00,0.6029602168536593
2012-06-29 13:00:00,0.0
2012-06-29 14:00:00,0.30841209043202866
2012-06-29 15:00:00,0.5468846675443942
2012-06-29 16:00:00,0.565623130405847
2012-06-29 17:00:00,0.0
2012-06-29 18:00:00,0.7339430045170193
2012-06-29 19:00:00,0.7946798629957982
2012-06-29 20:00:00,0.0
2012-06-29 21:00:00,0.0
2012-06-29 22:00:00,0.8554167214745654
2012-06-29 23:00:00,0.7058353102248507
2012-06-30 00:00:00,0.0
2012-06-30 01:00:00,-0.980766186580656
2012-06-30 02:00:00,-1.1826940998040298
2012-06-30 03:00:00,0.0
2012-06-30 04:00:00,0.0
2012-06-30 05:00:00,-1.1127278491696164
2012-06-30 06:00:00,0.0
2012-06-30 07:00:00,-0.10299505686933934
2012-06-30 08:00:00,0.0
2012-06-30 09:00:00,0.28505893149276185
2012-06-30 10:00:00,0.5188235863439206
2012-06-30 11:00:00,0.8087104035960323
2012-06-30 12:00:00,0.6731595329465468
2012-06-30 13:00:00,0.0
2012-06-30 14:00:00,0.0
2012-06-30 15:00:00,0.0
2012-06-30 16:00:00,0.0
2012-06-30 17:00:00,0.6544210700850996
2012-06-30 18:00:00,0.6730663067631638
2012-06-30 19:00:00,0.0
2012-06-30 20:00:00,0.5468846675443998
2012-06-30 21:00:00,0.5982989076841404
2012-06-30 22:00:00,0.8180330219350644
2012-06-30 23:00:00,0.7152045416555721
2012-07-01 00:00:00,0.0
2012-07-01 01:00:00,-0.9200293281018771
2012-07-01 02:00:00,0.0
2012-07-01 03:00:00,-1.2200777993435372
2012-07-01 04:00:00,-1.1640488631259704
2012-07-01 05:00:00,0.0
2012-07-01 06:00:00,0.0
2012-07-01 07:00:00,-0.2759762401500311
2012-07-01 08:00:00,0.0
2012-07-01 09:00:00,0.0
2012-07-01 10:00:00,0.0
2012-07-01 11:00:00,0.6029602168536593
2012-07-01 12:00:00,0.6544210700850996
2012-07-01 13:00:00,0.626313375792931
2012-07-01 14:00:00,0.3926419471251503
2012-07-01 15:00:00,0.4813932737127143
2012-07-01 16:00:00,0.5047930457436802
2012-07-01 17:00:00,0.42997903357296813
2012-07-01 18:00:00,0.584314980175595
2012-07-01 19:00:00,0.0
2012-07-01 20:00:00,0.6590823792546233
2012-07-01 21:00:00,0.0
2012-07-01 22:00:00,0.0
2012-07-01 23:00:00,0.009202654840884214
2012-07-02 00:00:00,-0.5798469849106938
2012-07-02 01:00:00,-1.103405230830586
2012-07-02 02:00:00,0.0
2012-07-02 03:00:00,-1.3086426735643168
2012-07-02 04:00:00,0.0
2012-07-02 05:00:00,-1.2433843451911126
2012-07-02 06:00:00,0.0
2012-07-02 07:00:00,-0.41623503306072346
2012-07-02 08:00:00,0.0
2012-07-02 09:00:00,0.20092230098301206
2012-07-02 10:00:00,0.28972024066227514
2012-07-02 11:00:00,0.3786114065249107
2012-07-02 12:00:00,0.17286121978253768
2012-07-02 13:00:00,0.0
2012-07-02 14:00:00,0.3412277069854042
2012-07-02 15:00:00,0.26165915946180135
2012-07-02 16:00:00,0.0
2012-07-02 17:00:00,0.0
2012-07-02 18:00:00,0.0
2012-07-02 19:00:00,0.7245737730862984
2012-07-02 20:00:00,0.0
2012-07-02 21:00:00,0.4206098021422473
2012-07-02 22:00:00,0.0
2012-07-02 23:00:00,-0.07493397566886004
2012-07-03 00:00:00,0.0
2012-07-03 01:00:00,0.0
2012-07-03 02:00:00,-1.1501115487091214
2012-07-03 03:00:00,-1.2246924954213567
2012-07-03 04:00:00,-1.234015113760386
2012-07-03 05:00:00,0.0
2012-07-03 06:00:00,-0.990042191827983
2012-07-03 07:00:00,-0.36482079292098285
2012-07-03 08:00:00,0.04663296747207941
2012-07-03 09:00:00,0.0
2012-07-03 10:00:00,0.30841209043202317
2012-07-03 11:00:00,0.4674559592958625
2012-07-03 12:00:00,0.0
2012-07-03 13:00:00,0.0
2012-07-03 14:00:00,0.25699785029228256
2012-07-03 15:00:00,0.2663670817230034
2012-07-03 16:00:00,0.3645808659246766
2012-07-03 17:00:00,0.415948492972734
2012-07-03 18:00:00,0.0
2012-07-03 19:00:00,0.0
2012-07-03 20:00:00,0.5562072858834264
2012-07-03 21:00:00,0.5141622771744017
2012-07-03 22:00:00,0.0
2012-07-03 23:00:00,-0.023519735529113902
2012-07-04 00:00:00,-0.5671216108779136
2012-07-04 01:00:00,0.0
2012-07-04 02:00:00,-1.0987439216610697
2012-07-04 03:00:00,-1.1360810081088826
2012-07-04 04:00:00,-1.1267583897698552
2012-07-04 05:00:00,-1.0567921391354358
2012-07-04 06:00:00,-0.867403147578058
2012-07-04 07:00:00,-0.08891790317740544
2012-07-04 08:00:00,0.21956753766108184
2012-07-04 09:00:00,0.2149528415832517
2012-07-04 10:00:00,0.3832261026027408
2012-07-04 11:00:00,0.6450984517460675
2012-07-04 12:00:00,0.5047930457436748
2012-07-04 13:00:00,0.6122828351926913
2012-07-04 14:00:00,0.5141622771744067
2012-07-04 15:00:00,0.0
2012-07-04 16:00:00,0.4487174964344208
2012-07-04 17:00:00,0.5281928177746413
2012-07-04 18:00:00,0.0
2012-07-04 19:00:00,0.6917581565329174
2012-07-04 20:00:00,0.0
2012-07-04 21:00:00,0.4066258746336908
2012-07-04 22:00:00,0.6684049975936506
2012-07-04 23:00:00,0.0
2012-07-05 00:00:00,-0.5658164443104537
2012-07-05 01:00:00,0.0
2012-07-05 02:00:00,-1.1547728578786365
2012-07-05 03:00:00,0.0
2012-07-05 04:00:00,0.0
2012-07-05 05:00:00,-1.1593875539564569
2012-07-05 06:00:00,-1.0880695236628797
2012-07-05 07:00:00,0.0
2012-07-05 08:00:00,-0.04687289446838567
2012-07-05 09:00:00,0.0
2012-07-05 10:00:00,0.0
2012-07-05 11:00:00,0.6123294482843856
2012-07-05 12:00:00,0.5655299042224592
2012-07-05 13:00:00,0.0
2012-07-05 14:00:00,0.0
2012-07-05 15:00:00,0.23364469135301016
2012-07-05 16:00:00,0.22432207301397805
2012-07-05 17:00:00,0.0
2012-07-05 18:00:00,0.0
2012-07-05 19:00:00,0.0
2012-07-05 20:00:00,0.0
2012-07-05 21:00:00,0.36453425283298235
2012-07-05 22:00:00,0.584314980175595
2012-07-05 23:00:00,-0.1871316873790842
2012-07-06 00:00:00,0.0
2012-07-06 01:00:00,0.0
2012-07-06 02:00:00,-1.168756785387181
2012-07-06 03:00:00,0.0
2012-07-06 04:00:00,-1.2060472587432984
2012-07-06 05:00:00,-1.2154164901740225
2012-07-06 06:00:00,-0.9619811106275096
2012-07-06 07:00:00,0.0
2012-07-06 08:00:00,0.05595558581111153
2012-07-06 09:00:00,0.018571886271600117
2012-07-06 10:00:00,0.27568970006203547
2012-07-06 11:00:00,0.5562072858834264
2012-07-06 12:00:00,0.0
2012-07-06 13:00:00,0.39725664320297555
2012-07-06 14:00:00,0.3738568711720194
2012-07-06 15:00:00,0.0
2012-07-06 16:00:00,0.0
2012-07-06 17:00:00,0.45337880560392924
2012-07-06 18:00:00,0.5141156640827124
2012-07-06 19:00:00,0.0
2012-07-06 20:00:00,0.6590823792546184
2012-07-06 21:00:00,0.0
2012-07-06 22:00:00,0.0
2012-07-06 23:00:00,0.5749457487448791
2012-07-07 00:00:00,0.0
2012-07-07 01:00:00,0.0
2012-07-07 02:00:00,0.0
2012-07-07 03:00:00,-1.2480456543606262
2012-07-07 04:00:00,0.0
2012-07-07 05:00:00,0.0
2012-07-07 06:00:00,0.0
2012-07-07 07:00:00,0.0
2012-07-07 08:00:00,0.013863964010392589
2012-07-07 09:00:00,0.0
2012-07-07 10:00:00,0.4907625051434406
2012-07-07 11:00:00,0.0
2012-07-07 12:00:00,0.0
2012-07-07 13:00:00,0.0
2012-07-07 14:00:00,0.5609152081446346
2012-07-07 15:00:00,0.4861011959739218
2012-07-07 16:00:00,0.570237826483666
2012-07-07 17:00:00,0.49547042740464814
2012-07-07 18:00:00,0.5375154361136679
2012-07-07 19:00:00,0.0
2012-07-07 20:00:00,0.0
2012-07-07 21:00:00,0.4580401147734474
2012-07-07 22:00:00,0.0
2012-07-07 23:00:00,0.6076681391148668
2012-07-08 00:00:00,-0.4723105823699884
2012-07-08 01:00:00,0.0
2012-07-08 02:00:00,-1.0147937435181074
2012-07-08 03:00:00,-1.0987439216610697
2012-07-08 04:00:00,-1.0800986849830123
2012-07-08 05:00:00,0.0
2012-07-08 06:00:00,-0.8874467770069663
2012-07-08 07:00:00,-0.31802124885905575
2012-07-08 08:00:00,0.08867797618110472
2012-07-08 09:00:00,0.06532481724183296
2012-07-08 10:00:00,0.0
2012-07-08 11:00:00,0.5375154361136679
2012-07-08 12:00:00,0.5141156640827124
2012-07-08 13:00:00,0.2710283908925222
2012-07-08 14:00:00,0.2897668537539638
2012-07-08 15:00:00,0.0
2012-07-08 16:00:00,0.0
2012-07-08 17:00:00,0.3411344808020213
2012-07-08 18:00:00,0.0
2012-07-08 19:00:00,0.49542381431295945
2012-07-08 20:00:00,0.39730325629466423
2012-07-08 21:00:00,0.35521163449395515
2012-07-08 22:00:00,0.6824355381938902
2012-07-08 23:00:00,-0.03284235386814602
2012-07-09 00:00:00,-0.5938309124192391
2012-07-09 01:00:00,0.0
2012-07-09 02:00:00,0.0
2012-07-09 03:00:00,-1.220031186251843
2012-07-09 04:00:00,-1.1920167181430594
2012-07-09 05:00:00,-1.145403626447911
2012-07-09 06:00:00,0.0
2012-07-09 07:00:00,-0.22917669608809846
2012-07-09 08:00:00,-0.00016657658984705682
2012-07-09 09:00:00,0.0
2012-07-09 10:00:00,0.0
2012-07-09 11:00:00,0.5048396588353745
2012-07-09 12:00:00,0.39259533403346164
2012-07-09 13:00:00,0.38793402486394835
2012-07-09 14:00:00,0.0
2012-07-09 15:00:00,0.2476286188615562
2012-07-09 16:00:00,0.0
2012-07-09 17:00:00,0.2897202406622807
2012-07-09 18:00:00,0.43934826500368895
2012-07-09 19:00:00,0.6403439163931707
2012-07-09 20:00:00,0.4533788056039341
2012-07-09 21:00:00,0.0
2012-07-09 22:00:00,0.6123760613760744
2012-07-09 23:00:00,-0.04687289446838075
2012-07-10 00:00:00,-0.7399629548835165
2012-07-10 01:00:00,-1.1080665400001013
2012-07-10 02:00:00,-1.2247391085130517
2012-07-10 03:00:00,-1.1920633312347546
2012-07-10 04:00:00,-1.2619829687774746
2012-07-10 05:00:00,0.0
2012-07-10 06:00:00,0.0
2012-07-10 07:00:00,-0.1450866786700589
2012-07-10 08:00:00,0.26165915946179585
2012-07-10 09:00:00,0.0
2012-07-10 10:00:00,0.16819991061301887
2012-07-10 11:00:00,0.5188235863439143
2012-07-10 12:00:00,0.4112871838032152
2012-07-10 13:00:00,0.322489244123957
2012-07-10 14:00:00,0.0
2012-07-10 15:00:00,0.20092230098301206
2012-07-10 16:00:00,0.2710283908925167
2012-07-10 17:00:00,0.38793402486394835
2012-07-10 18:00:00,0.500131736574167
2012-07-10 19:00:00,0.0
2012-07-10 20:00:00,0.0
2012-07-10 21:00:00,0.3785181803415333
2012-07-10 22:00:00,0.0
2012-07-10 23:00:00,-0.032888966959840255
2012-07-11 00:00:00,-0.6032467569416545
2012-07-11 01:00:00,0.0
2012-07-11 02:00:00,0.0
2012-07-11 03:00:00,-1.234015113760386
2012-07-11 04:00:00,-1.2386298098382058
2012-07-11 05:00:00,0.0
2012-07-11 06:00:00,-1.0660681443827749
2012-07-11 07:00:00,-0.6546609970814007
2012-07-11 08:00:00,0.0
2012-07-11 09:00:00,0.0
2012-07-11 10:00:00,0.3458890161549181
2012-07-11 11:00:00,0.5562538989751212
2012-07-11 12:00:00,0.46736273311248017
2012-07-11 13:00:00,0.0
2012-07-11 14:00:00,0.0
2012-07-11 15:00:00,0.30841209043202805
2012-07-11 16:00:00,0.3879340248639428
2012-07-11 17:00:00,0.4767785776348897
2012-07-11 18:00:00,0.5047930457436748
2012-07-11 19:00:00,0.0
2012-07-11 20:00:00,0.5515459767139131
2012-07-11 21:00:00,0.4019179523724938
2012-07-11 22:00:00,0.0
2012-07-11 23:00:00,0.0
2012-07-12 00:00:00,-0.6219852198031073
2012-07-12 01:00:00,-1.0147471304264146
2012-07-12 02:00:00,-1.2573216596079604
2012-07-12 03:00:00,-1.2619829687774748
2012-07-12 04:00:00,-1.271352200208199
2012-07-12 05:00:00,0.0
2012-07-12 06:00:00,0.0
2012-07-12 07:00:00,0.0
2012-07-12 08:00:00,-0.233884618349306
2012-07-12 09:00:00,0.0
2012-07-12 10:00:00,0.19155306955229123
2012-07-12 11:00:00,0.0
2012-07-12 12:00:00,0.32244263103226833
2012-07-12 13:00:00,0.3925953340334561
2012-07-12 14:00:00,0.0
2012-07-12 15:00:00,0.3505503253244314
2012-07-12 16:00:00,0.3131200126932362
2012-07-12 17:00:00,0.4627014239429607
2012-07-12 18:00:00,0.6450518386543788
2012-07-12 19:00:00,0.6964660787941244
2012-07-12 20:00:00,0.5235315086051225
2012-07-12 21:00:00,0.0
2012-07-12 22:00:00,0.0
2012-07-12 23:00:00,-0.04225819839056661
2012-07-13 00:00:00,-0.6546609970814059
2012-07-13 01:00:00,0.0
2012-07-13 02:00:00,0.0
2012-07-13 03:00:00,0.0
2012-07-13 04:00:00,-1.290044049977952
2012-07-13 05:00:00,0.0
2012-07-13 06:00:00,-1.1174357714308245
2012-07-13 07:00:00,-0.39283526102976296
2012-07-13 08:00:00,0.009202654840884214
2012-07-13 09:00:00,0.0
2012-07-13 10:00:00,0.21495284158325723
2012-07-13 11:00:00,0.5094543549131941
2012-07-13 12:00:00,0.607714752206561
2012-07-13 13:00:00,0.5141156640827124
2012-07-13 14:00:00,0.3692421750941899
2012-07-13 15:00:00,0.0
2012-07-13 16:00:00,0.5983455207758402
2012-07-13 17:00:00,0.47677857763489523
2012-07-13 18:00:00,0.0
2012-07-13 19:00:00,0.0
2012-07-13 20:00:00,0.0
2012-07-13 21:00:00,0.5141622771744067
2012-07-13 22:00:00,0.6918047696246117
2012-07-13 23:00:00,0.5842217539922121
2012-07-14 00:00:00,-0.42094295532193654
2012-07-14 01:00:00,0.0
2012-07-14 02:00:00,0.0
2012-07-14 03:00:00,-1.2900440499779526
2012-07-14 04:00:00,0.0
2012-07-14 05:00:00,-1.173418094556697
2012-07-14 06:00:00,-0.9853342695667743
2012-07-14 07:00:00,-0.30399070825882163
2012-07-14 08:00:00,0.0
2012-07-14 09:00:00,0.25228992803107503
2012-07-14 10:00:00,0.0
2012-07-14 11:00:00,0.8133717127655511
2012-07-14 12:00:00,0.7152045416555721
2012-07-14 13:00:00,0.5141622771744011
2012-07-14 14:00:00,0.0
2012-07-14 15:00:00,0.45808672786514165
2012-07-14 16:00:00,0.542223358374881
2012-07-14 17:00:00,0.0
2012-07-14 18:00:00,0.0
2012-07-14 19:00:00,0.6637436884241318
2012-07-14 20:00:00,0.6590823792546129
2012-07-14 21:00:00,0.0
2012-07-14 22:00:00,0.7292350822558118
2012-07-14 23:00:00,0.6637436884241318
2012-07-15 00:00:00,0.0
2012-07-15 01:00:00,0.0
2012-07-15 02:00:00,0.0
2012-07-15 03:00:00,-1.261982968777475
2012-07-15 04:00:00,-1.2993200552252868
2012-07-15 05:00:00,-1.1873554089735443
2012-07-15 06:00:00,-1.1827407128957246
2012-07-15 07:00:00,-0.5156607576464788
2012-07-15 08:00:00,0.0
2012-07-15 09:00:00,0.2944281629234827
2012-07-15 10:00:00,0.0
2012-07-15 11:00:00,0.663790301515826
2012-07-15 12:00:00,0.6029602168536593
2012-07-15 13:00:00,0.0
2012-07-15 14:00:00,0.3177813218627495
2012-07-15 15:00:00,0.0
2012-07-15 16:00:00,0.46736273311248017
2012-07-15 17:00:00,0.6169441443622047
2012-07-15 18:00:00,0.6170373705455932
2012-07-15 19:00:00,0.7619108595341108
2012-07-15 20:00:00,0.7993411721653114
2012-07-15 21:00:00,0.6216986797151064
2012-07-15 22:00:00,0.8180796350267586
2012-07-15 23:00:00,0.02323319544111894
2012-07-16 00:00:00,0.0
2012-07-16 01:00:00,-1.1640954762176663
2012-07-16 02:00:00,-1.2526603504384453
2012-07-16 03:00:00,0.0
2012-07-16 04:00:00,-1.2713522002081985
2012-07-16 05:00:00,0.0
2012-07-16 06:00:00,-1.0380536762739883
2012-07-16 07:00:00,-0.31806786195075
2012-07-16 08:00:00,-0.028181044698632727
2012-07-16 09:00:00,0.0
2012-07-16 10:00:00,0.0
2012-07-16 11:00:00,0.6778208421160601
2012-07-16 12:00:00,0.0
2012-07-16 13:00:00,0.0
2012-07-16 14:00:00,0.0
2012-07-16 15:00:00,0.43468695583417566
2012-07-16 16:00:00,0.5609152081446284
2012-07-16 17:00:00,0.6544210700850996
2012-07-16 18:00:00,0.7478803189338711
2012-07-16 19:00:00,0.8180330219350644
2012-07-16 20:00:00,0.7993411721653114
2012-07-16 21:00:00,0.9489691965067357
2012-07-16 22:00:00,0.0
2012-07-16 23:00:00,0.2523365411227637
2012-07-17 00:00:00,0.0
2012-07-17 01:00:00,-0.9154146320240568
2012-07-17 02:00:00,-1.0474229077047137
2012-07-17 03:00:00,0.0
2012-07-17 04:00:00,-1.1267583897698539
2012-07-17 05:00:00,-1.0661147574744694
2012-07-17 06:00:00,0.0
2012-07-17 07:00:00,-0.25728439038027195
2012-07-17 08:00:00,0.27107500398420536
2012-07-17 09:00:00,0.29913608518468526
2012-07-17 10:00:00,0.0
2012-07-17 11:00:00,0.0
2012-07-17 12:00:00,0.9021696524448037
2012-07-17 13:00:00,0.0
2012-07-17 14:00:00,0.972322355446002
2012-07-17 15:00:00,1.0751508357254997
2012-07-17 16:00:00,1.5703217088030428
2012-07-17 17:00:00,0.0
2012-07-17 18:00:00,0.0
2012-07-17 19:00:00,1.7811993356318818
2012-07-17 20:00:00,1.7952764893238213
2012-07-17 21:00:00,0.0
2012-07-17 22:00:00,1.0985506077564609
2012-07-17 23:00:00,0.0
2012-07-18 00:00:00,0.0
2012-07-18 01:00:00,-1.3926394647989713
2012-07-18 02:00:00,-1.4532830970943573
2012-07-18 03:00:00,-1.4392991695858135
2012-07-18 04:00:00,-1.4066233923075158
2012-07-18 05:00:00,-1.392639464798972
2012-07-18 06:00:00,-1.303981364394802
2012-07-18 07:00:00,-0.1918396096402862
2012-07-18 08:00:00,-0.07959528483837887
2012-07-18 09:00:00,-0.14970137474787795
2012-07-18 10:00:00,0.6918513827163059
2012-07-18 11:00:00,0.0
2012-07-18 12:00:00,0.0
2012-07-18 13:00:00,0.0
2012-07-18 14:00:00,0.8648325659969914
2012-07-18 15:00:00,0.0
2012-07-18 16:00:00,1.5234755516494158
2012-07-18 17:00:00,1.7765380264623742
2012-07-18 18:00:00,1.5891067847561842
2012-07-18 19:00:00,0.0
2012-07-18 20:00:00,1.673336641449312
2012-07-18 21:00:00,1.444093456492579
2012-07-18 22:00:00,1.546875323680377
2012-07-18 23:00:00,0.4814398868044085
2012-07-19 00:00:00,0.0
2012-07-19 01:00:00,0.0
2012-07-19 02:00:00,-1.2479990412689304
2012-07-19 03:00:00,0.0
2012-07-19 04:00:00,-1.2713988132998941
2012-07-19 05:00:00,-1.2060472587432984
2012-07-19 06:00:00,-1.16404886312597
2012-07-19 07:00:00,0.0
2012-07-19 08:00:00,0.0
2012-07-19 09:00:00,-0.042211585298867454
2012-07-19 10:00:00,0.3177813218627495
2012-07-19 11:00:00,0.0
2012-07-19 12:00:00,0.0
2012-07-19 13:00:00,0.0
2012-07-19 14:00:00,0.0
2012-07-19 15:00:00,0.0
2012-07-19 16:00:00,0.0
2012-07-19 17:00:00,0.7900185538262787
2012-07-19 18:00:00,0.85546333456627
2012-07-19 19:00:00,0.0
2012-07-19 20:00:00,1.2902236408068994
2012-07-19 21:00:00,0.0
2012-07-19 22:00:00,0.6964660787941249
2012-07-19 23:00:00,-0.14979460093127195
2012-07-20 00:00:00,0.0
2012-07-20 01:00:00,-1.1687101722954867
2012-07-20 02:00:00,-1.2713522002081996
2012-07-20 03:00:00,-1.4346378604162984
2012-07-20 04:00:00,-1.313350595825526
2012-07-20 05:00:00,-1.257368272699655
2012-07-20 06:00:00,-1.1920167181430588
2012-07-20 07:00:00,0.07935535784207814
2012-07-20 08:00:00,-0.0843032070995864
2012-07-20 09:00:00,0.17756914204374522
2012-07-20 10:00:00,0.43468695583417566
2012-07-20 11:00:00,0.0
2012-07-20 12:00:00,0.8508020253967568
2012-07-20 13:00:00,0.4813932737127198
2012-07-20 14:00:00,0.3271505532934703
2012-07-20 15:00:00,0.0
2012-07-20 16:00:00,0.0
2012-07-20 17:00:00,1.0094729895270325
2012-07-20 18:00:00,0.0
2012-07-20 19:00:00,0.0
2012-07-20 20:00:00,1.2481320190061798
2012-07-20 21:00:00,1.546968549863776
2012-07-20 22:00:00,1.4161256014754986
2012-07-20 23:00:00,0.0
2012-07-21 00:00:00,0.0
2012-07-21 01:00:00,-1.0040727324282273
2012-07-21 02:00:00,0.0
2012-07-21 03:00:00,-1.2713055871165035
2012-07-21 04:00:00,-1.2760135093777156
2012-07-21 05:00:00,-1.2060938718349932
2012-07-21 06:00:00,-1.1173891583391309
2012-07-21 07:00:00,0.0
2012-07-21 08:00:00,-0.09362582543861912
2012-07-21 09:00:00,0.0
2012-07-21 10:00:00,0.0
2012-07-21 11:00:00,1.0003834366464819
2012-07-21 12:00:00,0.0
2012-07-21 13:00:00,0.0
2012-07-21 14:00:00,0.0
2012-07-21 15:00:00,1.2669170949593322
2012-07-21 16:00:00,1.4537889795651755
2012-07-21 17:00:00,1.0892279894174288
2012-07-21 18:00:00,1.126565075865246
2012-07-21 19:00:00,0.0
2012-07-21 20:00:00,1.6079384738010254
2012-07-21 21:00:00,1.547155002230548
2012-07-21 22:00:00,0.0
2012-07-21 23:00:00,1.1357944680208847
2012-07-22 00:00:00,-0.25723777728858327
2012-07-22 01:00:00,-0.8768189921004722
2012-07-22 02:00:00,0.0
2012-07-22 03:00:00,0.0
2012-07-22 04:00:00,-1.1780794037262095
2012-07-22 05:00:00,-1.0987439216610702
2012-07-22 06:00:00,-1.0661147574744663
2012-07-22 07:00:00,0.02794111770232647
2012-07-22 08:00:00,0.3318118624629842
2012-07-22 09:00:00,0.0
2012-07-22 10:00:00,0.9816915868767234
2012-07-22 11:00:00,1.3040677290403626
2012-07-22 12:00:00,0.0
2012-07-22 13:00:00,1.266870481867633
2012-07-22 14:00:00,0.0
2012-07-22 15:00:00,0.0
2012-07-22 16:00:00,1.4537889795651755
2012-07-22 17:00:00,0.0
2012-07-22 18:00:00,0.0
2012-07-22 19:00:00,1.931386717073648
2012-07-22 20:00:00,1.5937680939256975
2012-07-22 21:00:00,0.0
2012-07-22 22:00:00,1.598476016186916
2012-07-22 23:00:00,0.6684049975936506
2012-07-23 00:00:00,-0.10299505686933934
2012-07-23 01:00:00,0.0
2012-07-23 02:00:00,0.0
2012-07-23 03:00:00,-1.1407423172783975
2012-07-23 04:00:00,-1.136127621200576
2012-07-23 05:00:00,-1.0241163618571414
2012-07-23 06:00:00,-0.9947501140891961
2012-07-23 07:00:00,0.39259533403346225
2012-07-23 08:00:00,0.5234848955134338
2012-07-23 09:00:00,0.6684516106853393
2012-07-23 10:00:00,0.5795604448226933
2012-07-23 11:00:00,1.4256346721813076
2012-07-23 12:00:00,0.0
2012-07-23 13:00:00,0.0
2012-07-23 14:00:00,0.0
2012-07-23 15:00:00,0.0
2012-07-23 16:00:00,0.0
2012-07-23 17:00:00,1.5100509812412117
2012-07-23 18:00:00,1.6407074772627122
2012-07-23 19:00:00,1.9173095633817197
2012-07-23 20:00:00,0.0
2012-07-23 21:00:00,0.0
2012-07-23 22:00:00,1.3182847220073848
2012-07-23 23:00:00,0.0
2012-07-24 00:00:00,-0.2993760121809971
2012-07-24 01:00:00,0.0
2012-07-24 02:00:00,0.0
2012-07-24 03:00:00,-1.196724640404269
2012-07-24 04:00:00,-1.2200311862518423
2012-07-24 05:00:00,-1.173418094556695
2012-07-24 06:00:00,0.0
2012-07-24 07:00:00,0.0
2012-07-24 08:00:00,0.10270851678134438
2012-07-24 09:00:00,0.29904285900130234
2012-07-24 10:00:00,0.4159951060644172
2012-07-24 11:00:00,0.6404371425765543
2012-07-24 12:00:00,0.5609152081446395
2012-07-24 13:00:00,1.2435173229283663
2012-07-24 14:00:00,1.3089621036683527
2012-07-24 15:00:00,1.360376343808099
2012-07-24 16:00:00,0.0
2012-07-24 17:00:00,1.5005419105354083
2012-07-24 18:00:00,1.6172610921400574
2012-07-24 19:00:00,1.579690940233769
2012-07-24 20:00:00,1.5049235411547506
2012-07-24 21:00:00,0.0
2012-07-24 22:00:00,1.5797375533254634
2012-07-24 23:00:00,0.44871749643441533
2012-07-25 00:00:00,-0.07488736257717134
2012-07-25 01:00:00,0.0
2012-07-25 02:00:00,0.0
2012-07-25 03:00:00,-1.1780794037262101
2012-07-25 04:00:00,-1.1874020220652395
2012-07-25 05:00:00,-1.1034052308305868
2012-07-25 06:00:00,0.0
2012-07-25 07:00:00,0.0
2012-07-25 08:00:00,0.2102449193220497
2012-07-25 09:00:00,0.1821838381215704
2012-07-25 10:00:00,1.0330592139247754
2012-07-25 11:00:00,0.0
2012-07-25 12:00:00,1.360329730716399
2012-07-25 13:00:00,0.0
2012-07-25 14:00:00,1.5004952974437085
2012-07-25 15:00:00,1.3790681935778517
2012-07-25 16:00:00,1.379021580486163
2012-07-25 17:00:00,1.547155002230553
2012-07-25 18:00:00,0.0
2012-07-25 19:00:00,1.5610923166473991
2012-07-25 20:00:00,1.4629251455374201
2012-07-25 21:00:00,1.290270253898599
2012-07-25 22:00:00,1.3369765717771322
2012-07-25 23:00:00,0.20092230098301758
2012-07-26 00:00:00,-0.5144022041707077
2012-07-26 01:00:00,-0.9820713531481182
2012-07-26 02:00:00,0.0
2012-07-26 03:00:00,-1.1687101722954856
2012-07-26 04:00:00,0.0
2012-07-26 05:00:00,-1.0987439216610722
2012-07-26 06:00:00,-1.0692378346180447
2012-07-26 07:00:00,0.0
2012-07-26 08:00:00,0.30841209043202866
2012-07-26 09:00:00,0.0
2012-07-26 10:00:00,0.9629997371069754
2012-07-26 11:00:00,1.2294401692364325
2012-07-26 12:00:00,1.0892279894174288
2012-07-26 13:00:00,0.0
2012-07-26 14:00:00,0.0
2012-07-26 15:00:00,1.2949315630681124
2012-07-26 16:00:00,0.0
2012-07-26 17:00:00,1.4352369690705051
2012-07-26 18:00:00,0.0
2012-07-26 19:00:00,0.0
2012-07-26 20:00:00,1.4952746311738538
2012-07-26 21:00:00,1.3882975857334898
2012-07-26 22:00:00,0.0
2012-07-26 23:00:00,0.4627014239429607
2012-07-27 00:00:00,-0.10765636603885324
2012-07-27 01:00:00,0.0
2012-07-27 02:00:00,0.0
2012-07-27 03:00:00,0.0
2012-07-27 04:00:00,0.0
2012-07-27 05:00:00,0.0
2012-07-27 06:00:00,-1.027472504459189
2012-07-27 07:00:00,-0.23859254061052457
2012-07-27 08:00:00,0.0
2012-07-27 09:00:00,0.1775225289520516
2012-07-27 10:00:00,0.3831794895110466
2012-07-27 11:00:00,0.0
2012-07-27 12:00:00,0.6216986797151015
2012-07-27 13:00:00,0.4720706553736877
2012-07-27 14:00:00,0.0
2012-07-27 15:00:00,0.0
2012-07-27 16:00:00,1.2575012504369067
2012-07-27 17:00:00,0.4907625051434406
2012-07-27 18:00:00,0.0
2012-07-27 19:00:00,0.0
2012-07-27 20:00:00,1.7624142596787453
2012-07-27 21:00:00,1.9032324096897852
2012-07-27 22:00:00,0.0
2012-07-27 23:00:00,1.407222500961725
2012-07-28 00:00:00,-0.18713168737907868
2012-07-28 01:00:00,0.0
2012-07-28 02:00:00,0.0
2012-07-28 03:00:00,0.0
2012-07-28 04:00:00,0.0
2012-07-28 05:00:00,0.0
2012-07-28 06:00:00,-0.8194848893154447
2012-07-28 07:00:00,0.26632046863130915
2012-07-28 08:00:00,1.0518442898779223
2012-07-28 09:00:00,1.0097060549855084
2012-07-28 10:00:00,0.0
2012-07-28 11:00:00,1.6595391663075485
2012-07-28 12:00:00,1.168749923849354
2012-07-28 13:00:00,1.0284445178469563
2012-07-28 14:00:00,0.0
2012-07-28 15:00:00,0.0
2012-07-28 16:00:00,0.0
2012-07-28 17:00:00,2.1895300188813724
2012-07-28 18:00:00,0.0
2012-07-28 19:00:00,2.269238405680075
2012-07-28 20:00:00,2.1566211761445975
2012-07-28 21:00:00,2.0252654837476776
2012-07-28 22:00:00,1.8281387189688967
2012-07-28 23:00:00,0.0
2012-07-29 00:00:00,0.0
2012-07-29 01:00:00,-0.9280933929651354
2012-07-29 02:00:00,0.0
2012-07-29 03:00:00,-1.2480456543606258
2012-07-29 04:00:00,-1.2433843451911128
2012-07-29 05:00:00,-1.1640954762176656
2012-07-29 06:00:00,0.0
2012-07-29 07:00:00,0.0
2012-07-29 08:00:00,0.3551650214022615
2012-07-29 09:00:00,0.42997903357296813
2012-07-29 10:00:00,0.0
2012-07-29 11:00:00,0.0
2012-07-29 12:00:00,1.009706054985514
2012-07-29 13:00:00,0.0
2012-07-29 14:00:00,0.0
2012-07-29 15:00:00,0.8694938751665103
2012-07-29 16:00:00,0.0
2012-07-29 17:00:00,0.0
2012-07-29 18:00:00,0.0
2012-07-29 19:00:00,0.0
2012-07-29 20:00:00,1.77649141337068
2012-07-29 21:00:00,1.9407559485043744
2012-07-29 22:00:00,0.0
2012-07-29 23:00:00,0.3505037122327476
2012-07-30 00:00:00,0.0
2012-07-30 01:00:00,0.0
2012-07-30 02:00:00,-1.2293538045908718
2012-07-30 03:00:00,-1.2993666683169827
2012-07-30 04:00:00,0.0
2012-07-30 05:00:00,-1.1640488631259707
2012-07-30 06:00:00,-0.9620277237192048
2012-07-30 07:00:00,0.0
2012-07-30 08:00:00,0.598298907684146
2012-07-30 09:00:00,0.0
2012-07-30 10:00:00,0.8274022533657908
2012-07-30 11:00:00,0.0
2012-07-30 12:00:00,1.2341014784059456
2012-07-30 13:00:00,0.8040024813348248
2012-07-30 14:00:00,0.0
2012-07-30 15:00:00,0.0
2012-07-30 16:00:00,2.062789022562272
2012-07-30 17:00:00,1.5147122904107362
2012-07-30 18:00:00,1.696736413480278
2012-07-30 19:00:00,2.1800675612672578
2012-07-30 20:00:00,1.893863178259059
2012-07-30 21:00:00,0.0
2012-07-30 22:00:00,0.0
2012-07-30 23:00:00,0.6965126918858137
2012-07-31 00:00:00,-0.23859254061052457
2012-07-31 01:00:00,-1.032180426720402
2012-07-31 02:00:00,-1.2200311862518423
2012-07-31 03:00:00,-1.2993200552252868
2012-07-31 04:00:00,-1.2760135093777136
2012-07-31 05:00:00,-1.2060472587432995
2012-07-31 06:00:00,-1.1267117766781582
2012-07-31 07:00:00,0.0
2012-07-31 08:00:00,0.0
2012-07-31 09:00:00,0.5048396588353745
2012-07-31 10:00:00,0.6263599888846197
2012-07-31 11:00:00,1.0705361396476758
2012-07-31 12:00:00,0.9022162655364974
2012-07-31 13:00:00,0.0
2012-07-31 14:00:00,0.780649322395558
2012-07-31 15:00:00,0.8460474900438495
2012-07-31 16:00:00,1.0190286733245357
2012-07-31 17:00:00,1.3088688774849642
2012-07-31 18:00:00,1.2808544093761784
2012-07-31 19:00:00,1.2809010224678727
2012-07-31 20:00:00,1.192056469696926
2012-07-31 21:00:00,0.0
2012-07-31 22:00:00,0.9956755143852744
2012-07-31 23:00:00,0.0
2012-08-01 00:00:00,0.0
2012-08-01 01:00:00,0.0
2012-08-01 02:00:00,-1.1780794037262101
2012-08-01 03:00:00,0.0
2012-08-01 04:00:00,-1.2526603504384453
2012-08-01 05:00:00,0.0
2012-08-01 06:00:00,-1.0661147574744678
2012-08-01 07:00:00,-0.4641999044150384
2012-08-01 08:00:00,0.6029602168536647
2012-08-01 09:00:00,0.0
2012-08-01 10:00:00,0.6544210700850941
2012-08-01 11:00:00,1.1313196112181476
2012-08-01 12:00:00,0.0
2012-08-01 13:00:00,1.168703310757654
2012-08-01 14:00:00,1.1032119169259798
2012-08-01 15:00:00,0.0
2012-08-01 16:00:00,0.8835244157667499
2012-08-01 17:00:00,1.2809010224678783
2012-08-01 18:00:00,1.215456241727887
2012-08-01 19:00:00,1.0798121448950082
2012-08-01 20:00:00,1.1593340793269333
2012-08-01 21:00:00,1.0378137492776827
2012-08-01 22:00:00,0.0
2012-08-01 23:00:00,0.0
2012-08-02 00:00:00,0.0
2012-08-02 01:00:00,-0.9526584922884757
2012-08-02 02:00:00,0.0
2012-08-02 03:00:00,-1.2666442779469897
2012-08-02 04:00:00,-1.2200777993435377
2012-08-02 05:00:00,-1.1267583897698554
2012-08-02 06:00:00,0.0
2012-08-02 07:00:00,-0.14504006557837018
2012-08-02 08:00:00,0.5655765173141528
2012-08-02 09:00:00,0.0
2012-08-02 10:00:00,0.4767785776348897
2012-08-02 11:00:00,0.0
2012-08-02 12:00:00,0.0
2012-08-02 13:00:00,0.9583384279374572
2012-08-02 14:00:00,0.0
2012-08-02 15:00:00,0.850755412305057
2012-08-02 16:00:00,0.9255694244757746
2012-08-02 17:00:00,0.0
2012-08-02 18:00:00,0.0
2012-08-02 19:00:00,0.0
2012-08-02 20:00:00,0.0
2012-08-02 21:00:00,0.8928470341057765
2012-08-02 22:00:00,1.0190752864162298
2012-08-02 23:00:00,0.04663296747207941
2012-08-03 00:00:00,0.0
2012-08-03 01:00:00,0.0
2012-08-03 02:00:00,0.0
2012-08-03 03:00:00,-1.285336127716743
2012-08-03 04:00:00,-1.2573682726996556
2012-08-03 05:00:00,-1.1500649356174262
2012-08-03 06:00:00,-0.9388144040550197
2012-08-03 07:00:00,0.0
2012-08-03 08:00:00,0.2897202406622702
2012-08-03 09:00:00,0.32710394020178163
2012-08-03 10:00:00,0.5982522945924518
2012-08-03 11:00:00,0.0
2012-08-03 12:00:00,1.1126277614483948
2012-08-03 13:00:00,0.9910142052157556
2012-08-03 14:00:00,0.0
2012-08-03 15:00:00,0.8274022533657852
2012-08-03 16:00:00,0.9162934192284374
2012-08-03 17:00:00,0.0
2012-08-03 18:00:00,1.266870481867633
2012-08-03 19:00:00,0.0
2012-08-03 20:00:00,1.4254482198145197
2012-08-03 21:00:00,0.0
2012-08-03 22:00:00,1.135980920387661
2012-08-03 23:00:00,0.0
2012-08-04 00:00:00,-0.3227757842119575
2012-08-04 01:00:00,0.0
2012-08-04 02:00:00,0.0
2012-08-04 03:00:00,-1.392686077890666
2012-08-04 04:00:00,0.0
2012-08-04 05:00:00,-1.285429353900133
2012-08-04 06:00:00,0.0
2012-08-04 07:00:00,-0.08891790317741098
2012-08-04 08:00:00,0.0
2012-08-04 09:00:00,0.0
2012-08-04 10:00:00,0.5281462046829472
2012-08-04 11:00:00,0.0
2012-08-04 12:00:00,0.9443078873372169
2012-08-04 13:00:00,0.0
2012-08-04 14:00:00,0.0
2012-08-04 15:00:00,0.6497597609155857
2012-08-04 16:00:00,0.0
2012-08-04 17:00:00,0.0
2012-08-04 18:00:00,1.912601641120506
2012-08-04 19:00:00,0.0
2012-08-04 20:00:00,1.7017240142916614
2012-08-04 21:00:00,0.0
2012-08-04 22:00:00,1.4999825534350615
2012-08-04 23:00:00,0.9581519755706741
2012-08-05 00:00:00,-0.4021578793687951
2012-08-05 01:00:00,-0.9714435682416245
2012-08-05 02:00:00,-1.2293538045908718
2012-08-05 03:00:00,0.0
2012-08-05 04:00:00,-1.2806748185472305
2012-08-05 05:00:00,0.0
2012-08-05 06:00:00,-0.95736641454969
2012-08-05 07:00:00,-0.4536187326002407
2012-08-05 08:00:00,0.42531772440345483
2012-08-05 09:00:00,0.0
2012-08-05 10:00:00,0.5796070579143924
2012-08-05 11:00:00,0.0
2012-08-05 12:00:00,0.0
2012-08-05 13:00:00,0.8975549563669896
2012-08-05 14:00:00,0.5655765173141478
2012-08-05 15:00:00,0.0
2012-08-05 16:00:00,0.7199124639167797
2012-08-05 17:00:00,0.9442612742455226
2012-08-05 18:00:00,0.911538883875535
2012-08-05 19:00:00,0.7011740010553325
2012-08-05 20:00:00,0.0
2012-08-05 21:00:00,0.6824821512855789
2012-08-05 22:00:00,0.7666187817953238
2012-08-05 23:00:00,-0.08896451626909968
2012-08-06 00:00:00,-0.36482079292098285
2012-08-06 01:00:00,-1.102100064263121
2012-08-06 02:00:00,0.0
2012-08-06 03:00:00,-1.4299765512467837
2012-08-06 04:00:00,-1.4066700053992103
2012-08-06 05:00:00,0.0
2012-08-06 06:00:00,-1.271352200208199
2012-08-06 07:00:00,-0.411527110799527
2012-08-06 08:00:00,0.0
2012-08-06 09:00:00,0.0
2012-08-06 10:00:00,0.0
2012-08-06 11:00:00,0.5609152081446395
2012-08-06 12:00:00,0.0
2012-08-06 13:00:00,0.0
2012-08-06 14:00:00,0.0
2012-08-06 15:00:00,0.4253643374951436
2012-08-06 16:00:00,0.378564793433222
2012-08-06 17:00:00,0.8459076507687618
2012-08-06 18:00:00,0.0
2012-08-06 19:00:00,1.1125811483567005
2012-08-06 20:00:00,1.2809010224678727
2012-08-06 21:00:00,0.9115388838755295
2012-08-06 22:00:00,0.0
2012-08-06 23:00:00,0.08401666701159696
2012-08-07 00:00:00,-0.528432744770942
2012-08-07 01:00:00,-1.0427615985351986
2012-08-07 02:00:00,-1.1734180945566954
2012-08-07 03:00:00,0.0
2012-08-07 04:00:00,-1.318011904995041
2012-08-07 05:00:00,-1.1687101722954853
2012-08-07 06:00:00,-0.9899955787362932
2012-08-07 07:00:00,-0.33675971172050295
2012-08-07 08:00:00,0.0
2012-08-07 09:00:00,0.5048396588353745
2012-08-07 10:00:00,0.7011273879636438
2012-08-07 11:00:00,0.0
2012-08-07 12:00:00,0.0
2012-08-07 13:00:00,0.0
2012-08-07 14:00:00,1.1079198391871816
2012-08-07 15:00:00,0.888139111844558
2012-08-07 16:00:00,1.3553887429967204
2012-08-07 17:00:00,1.6594925532158646
2012-08-07 18:00:00,1.9548331021963083
2012-08-07 19:00:00,2.26462370960225
2012-08-07 20:00:00,2.0299734060088857
2012-08-07 21:00:00,0.0
2012-08-07 22:00:00,1.528183473910629
2012-08-07 23:00:00,0.2710283908925222
2012-08-08 00:00:00,0.0
2012-08-08 01:00:00,-0.2713149309805172
2012-08-08 02:00:00,-0.34142102089001686
2012-08-08 03:00:00,-0.1964543057181108
2012-08-08 04:00:00,0.0
2012-08-08 05:00:00,-1.0194550526876263
2012-08-08 06:00:00,0.0
2012-08-08 07:00:00,-0.1263948289003004
2012-08-08 08:00:00,0.5562538989751151
2012-08-08 09:00:00,0.0
2012-08-08 10:00:00,0.8554633345662651
2012-08-08 11:00:00,0.0
2012-08-08 12:00:00,0.0
2012-08-08 13:00:00,1.6407540903544071
2012-08-08 14:00:00,1.6357198764513288
2012-08-08 15:00:00,1.411837197039544
2012-08-08 16:00:00,0.0
2012-08-08 17:00:00,0.0
2012-08-08 18:00:00,2.105020483638069
2012-08-08 19:00:00,1.6545049524044757
2012-08-08 20:00:00,0.0
2012-08-08 21:00:00,1.5193269864885504
2012-08-08 22:00:00,1.4490810573039623
2012-08-08 23:00:00,0.3738568711720145
2012-08-09 00:00:00,-0.4115271107995215
2012-08-09 01:00:00,-0.9341997079771979
2012-08-09 02:00:00,-1.0614534483049545
2012-08-09 03:00:00,0.0
2012-08-09 04:00:00,0.0
2012-08-09 05:00:00,-1.0940826124915575
2012-08-09 06:00:00,-0.8487579108999951
2012-08-09 07:00:00,0.0
2012-08-09 08:00:00,0.5468846675443942
2012-08-09 09:00:00,0.500131736574167
2012-08-09 10:00:00,0.9021696524448086
2012-08-09 11:00:00,1.4442799088593663
2012-08-09 12:00:00,1.5750762441559445
2012-08-09 13:00:00,0.0
2012-08-09 14:00:00,1.4911726791046875
2012-08-09 15:00:00,0.0
2012-08-09 16:00:00,1.7345862439367428
2012-08-09 17:00:00,1.453695753381787
2012-08-09 18:00:00,0.0
2012-08-09 19:00:00,2.4476267075974034
2012-08-09 20:00:00,2.048758481962027
2012-08-09 21:00:00,2.076866176254206
2012-08-09 22:00:00,0.0
2012-08-09 23:00:00,0.8040024813348248
2012-08-10 00:00:00,0.0
2012-08-10 01:00:00,-0.8733696233150321
2012-08-10 02:00:00,0.0
2012-08-10 03:00:00,-1.173371481465
2012-08-10 04:00:00,0.0
2012-08-10 05:00:00,0.0
2012-08-10 06:00:00,-0.9294451726242967
2012-08-10 07:00:00,0.0
2012-08-10 08:00:00,0.6731595329465468
2012-08-10 09:00:00,0.6730663067631638
2012-08-10 10:00:00,1.0658282173864677
2012-08-10 11:00:00,1.5284165393691058
2012-08-10 12:00:00,0.0
2012-08-10 13:00:00,1.6545049524044702
2012-08-10 14:00:00,1.4209267499200946
2012-08-10 15:00:00,1.66434031475215
2012-08-10 16:00:00,0.0
2012-08-10 17:00:00,0.0
2012-08-10 18:00:00,2.1660836337587117
2012-08-10 19:00:00,0.0
2012-08-10 20:00:00,0.0
2012-08-10 21:00:00,2.058081100301059
2012-08-10 22:00:00,1.77649141337068
2012-08-10 23:00:00,0.0
2012-08-11 00:00:00,0.0
2012-08-11 01:00:00,-0.8966761691626105
2012-08-11 02:00:00,-1.112774462261309
2012-08-11 03:00:00,0.0
2012-08-11 04:00:00,-1.1454502395396051
2012-08-11 05:00:00,0.0
2012-08-11 06:00:00,0.0
2012-08-11 07:00:00,0.0
2012-08-11 08:00:00,0.3131200126932362
2012-08-11 09:00:00,0.8133717127655455
2012-08-11 10:00:00,0.0
2012-08-11 11:00:00,1.6126463960622275
2012-08-11 12:00:00,2.0064804077945313
2012-08-11 13:00:00,1.9829874095801767
2012-08-11 14:00:00,1.8050652385798007
2012-08-11 15:00:00,1.7389212614643854
2012-08-11 16:00:00,1.785907257893095
2012-08-11 17:00:00,0.0
2012-08-11 18:00:00,2.0487118688703383
2012-08-11 19:00:00,1.828185332060597
2012-08-11 20:00:00,1.804692333846242
2012-08-11 21:00:00,0.0
2012-08-11 22:00:00,1.593768093925703
2012-08-11 23:00:00,1.0658282173864677
2012-08-12 00:00:00,0.0
2012-08-12 01:00:00,0.0
2012-08-12 02:00:00,0.0
2012-08-12 03:00:00,-1.159387553956456
2012-08-12 04:00:00,-1.2153698770823296
2012-08-12 05:00:00,0.0
2012-08-12 06:00:00,-0.9634261164700576
2012-08-12 07:00:00,0.0
2012-08-12 08:00:00,0.7292350822558118
2012-08-12 09:00:00,0.5983455207758402
2012-08-12 10:00:00,0.0
2012-08-12 11:00:00,0.0
2012-08-12 12:00:00,0.0
2012-08-12 13:00:00,0.9629997371069705
2012-08-12 14:00:00,0.0
2012-08-12 15:00:00,0.7525882411950786
2012-08-12 16:00:00,0.9442612742455178
2012-08-12 17:00:00,1.1500114609879006
2012-08-12 18:00:00,0.0
2012-08-12 19:00:00,1.252839941267393
2012-08-12 20:00:00,0.972322355446002
2012-08-12 21:00:00,1.173364619927173
2012-08-12 22:00:00,1.252839941267399
2012-08-12 23:00:00,-0.042211585298867454
2012-08-13 00:00:00,0.0
2012-08-13 01:00:00,-1.0228111952896763
2012-08-13 02:00:00,0.0
2012-08-13 03:00:00,0.0
2012-08-13 04:00:00,-1.2480456543606255
2012-08-13 05:00:00,-1.1314196989393672
2012-08-13 06:00:00,0.0
2012-08-13 07:00:00,-0.19650091880980503
2012-08-13 08:00:00,0.0
2012-08-13 09:00:00,0.42997903357296813
2012-08-13 10:00:00,0.2102915324137384
2012-08-13 11:00:00,0.0
2012-08-13 12:00:00,0.64039052948486
2012-08-13 13:00:00,0.7993411721653164
2012-08-13 14:00:00,0.0
2012-08-13 15:00:00,0.0
2012-08-13 16:00:00,0.6076681391148613
2012-08-13 17:00:00,1.6783708553523846
2012-08-13 18:00:00,1.5660799174587825
2012-08-13 19:00:00,1.5796443271420695
2012-08-13 20:00:00,1.5005885236271026
2012-08-13 21:00:00,0.0
2012-08-13 22:00:00,1.2806679570094015
2012-08-13 23:00:00,0.43002564666466236
2012-08-14 00:00:00,0.0
2012-08-14 01:00:00,-0.9013374783321254
2012-08-14 02:00:00,0.0
2012-08-14 03:00:00,-1.108066540000099
2012-08-14 04:00:00,0.0
2012-08-14 05:00:00,0.0
2012-08-14 06:00:00,0.0
2012-08-14 07:00:00,0.13543090715133757
2012-08-14 08:00:00,0.0
2012-08-14 09:00:00,0.0
2012-08-14 10:00:00,0.0
2012-08-14 11:00:00,1.290223640806905
2012-08-14 12:00:00,0.0
2012-08-14 13:00:00,0.0
2012-08-14 14:00:00,0.0
2012-08-14 15:00:00,0.9629531240152756
2012-08-14 16:00:00,0.9769836646155214
2012-08-14 17:00:00,0.0
2012-08-14 18:00:00,1.4069428224115548
2012-08-14 19:00:00,0.0
2012-08-14 20:00:00,0.0
2012-08-14 21:00:00,0.0
2012-08-14 22:00:00,0.0
2012-08-14 23:00:00,0.0
2012-08-15 00:00:00,-0.3648207929209773
2012-08-15 01:00:00,-0.9388144040550265
2012-08-15 02:00:00,0.0
2012-08-15 03:00:00,0.0
2012-08-15 04:00:00,-1.1173425452474333
2012-08-15 05:00:00,0.0
2012-08-15 06:00:00,-0.8428380482547134
2012-08-15 07:00:00,0.023279808532807644
2012-08-15 08:00:00,0.7572495503645974
2012-08-15 09:00:00,0.0
2012-08-15 10:00:00,0.0
2012-08-15 11:00:00,0.9863528960462478
2012-08-15 12:00:00,1.0190752864162353
2012-08-15 13:00:00,0.8460941031355437
2012-08-15 14:00:00,0.0
2012-08-15 15:00:00,0.5281928177746469
2012-08-15 16:00:00,1.0845200671562156
2012-08-15 17:00:00,0.0
2012-08-15 18:00:00,0.0
2012-08-15 19:00:00,1.2809010224678727
2012-08-15 20:00:00,0.9910608183074497
2012-08-15 21:00:00,1.051797676786228
2012-08-15 22:00:00,1.0237832086774479
2012-08-15 23:00:00,0.2944281629234833
2012-08-16 00:00:00,0.0
2012-08-16 01:00:00,-0.8687083141455182
2012-08-16 02:00:00,0.0
2012-08-16 03:00:00,-1.0800520718913165
2012-08-16 04:00:00,0.0
2012-08-16 05:00:00,0.0
2012-08-16 06:00:00,-0.915507858207449
2012-08-16 07:00:00,0.0
2012-08-16 08:00:00,0.5094077418215048
2012-08-16 09:00:00,0.46270142394296626
2012-08-16 10:00:00,0.0
2012-08-16 11:00:00,1.3180516565489082
2012-08-16 12:00:00,1.1406422295571743
2012-08-16 13:00:00,1.145350151818388
2012-08-16 14:00:00,1.1500114609879069
2012-08-16 15:00:00,0.0
2012-08-16 16:00:00,1.1873951605274078
2012-08-16 17:00:00,0.0
2012-08-16 18:00:00,1.4161722145671873
2012-08-16 19:00:00,1.551862924491761
2012-08-16 20:00:00,1.192056469696921
2012-08-16 21:00:00,0.0
2012-08-16 22:00:00,1.0892279894174344
2012-08-16 23:00:00,0.0
2012-08-17 00:00:00,-0.17319437296223242
2012-08-17 01:00:00,-0.845215315931168
2012-08-17 02:00:00,-1.1453570133562165
2012-08-17 03:00:00,0.0
2012-08-17 04:00:00,-1.2573216596079604
2012-08-17 05:00:00,-1.0615000613966494
2012-08-17 06:00:00,-1.042808211626894
2012-08-17 07:00:00,0.0
2012-08-17 08:00:00,0.6637436884241262
2012-08-17 09:00:00,0.6076215260231725
2012-08-17 10:00:00,0.0
2012-08-17 11:00:00,1.3228528049935095
2012-08-17 12:00:00,1.3416378809466456
2012-08-17 13:00:00,1.164042001588141
2012-08-17 14:00:00,0.0
2012-08-17 15:00:00,1.0424750584471958
2012-08-17 16:00:00,0.0
2012-08-17 17:00:00,1.3461593508410767
2012-08-17 18:00:00,0.0
2012-08-17 19:00:00,0.0
2012-08-17 20:00:00,1.4393855342313708
2012-08-17 21:00:00,1.238856013758853
2012-08-17 22:00:00,0.0
2012-08-17 23:00:00,0.0
2012-08-18 00:00:00,-0.08896451626909968
2012-08-18 01:00:00,-0.9293053333492113
2012-08-18 02:00:00,-1.126758389769853
2012-08-18 03:00:00,-1.2573682726996545
2012-08-18 04:00:00,0.0
2012-08-18 05:00:00,0.0
2012-08-18 06:00:00,-0.9468784689182835
2012-08-18 07:00:00,-0.30865201742833004
2012-08-18 08:00:00,0.0
2012-08-18 09:00:00,0.0
2012-08-18 10:00:00,0.0
2012-08-18 11:00:00,1.056505599047441
2012-08-18 12:00:00,0.8928470341057765
2012-08-18 13:00:00,1.378928354302769
2012-08-18 14:00:00,1.701397722649797
2012-08-18 15:00:00,1.804692333846242
2012-08-18 16:00:00,0.0
2012-08-18 17:00:00,1.7018172404750505
2012-08-18 18:00:00,2.006480407794536
2012-08-18 19:00:00,0.0
2012-08-18 20:00:00,0.0
2012-08-18 21:00:00,1.8657088708751857
2012-08-18 22:00:00,1.6453687864322262
2012-08-18 23:00:00,1.3370697979605317
2012-08-19 00:00:00,0.30841209043202805
2012-08-19 01:00:00,-0.7565106024352996
2012-08-19 02:00:00,0.0
2012-08-19 03:00:00,0.0
2012-08-19 04:00:00,0.0
2012-08-19 05:00:00,-1.108066540000099
2012-08-19 06:00:00,-0.9914871976705366
2012-08-19 07:00:00,-0.16843983760933126
2012-08-19 08:00:00,0.0
2012-08-19 09:00:00,0.0
2012-08-19 10:00:00,0.434640342742487
2012-08-19 11:00:00,0.0
2012-08-19 12:00:00,0.7198192377333967
2012-08-19 13:00:00,0.6730663067631638
2012-08-19 14:00:00,0.9582918148457679
2012-08-19 15:00:00,0.0
2012-08-19 16:00:00,0.0
2012-08-19 17:00:00,1.6079384738010254
2012-08-19 18:00:00,1.7671221819399536
2012-08-19 19:00:00,0.0
2012-08-19 20:00:00,1.6403811856208421
2012-08-19 21:00:00,1.7389678745560857
2012-08-19 22:00:00,1.4771887515961415
2012-08-19 23:00:00,0.4533788056039341
2012-08-20 00:00:00,-0.1871316873790842
2012-08-20 01:00:00,0.0
2012-08-20 02:00:00,-1.1454036264479124
2012-08-20 03:00:00,0.0
2012-08-20 04:00:00,-1.2760135093777136
2012-08-20 05:00:00,0.0
2012-08-20 06:00:00,0.0
2012-08-20 07:00:00,0.0
2012-08-20 08:00:00,0.0
2012-08-20 09:00:00,0.45808672786514165
2012-08-20 10:00:00,0.0
2012-08-20 11:00:00,1.0284445178469563
2012-08-20 12:00:00,0.0
2012-08-20 13:00:00,0.0
2012-08-20 14:00:00,0.0
2012-08-20 15:00:00,1.5004486843520142
2012-08-20 16:00:00,1.4768624599542712
2012-08-20 17:00:00,0.0
2012-08-20 18:00:00,1.2949315630681124
2012-08-20 19:00:00,1.2060870102971606
2012-08-20 20:00:00,1.1125811483567005
2012-08-20 21:00:00,1.337023184868832
2012-08-20 22:00:00,1.1780725421883804
2012-08-20 23:00:00,0.42531772440344934
2012-08-21 00:00:00,-0.13567083414764383
2012-08-21 01:00:00,-0.9154612451157559
2012-08-21 02:00:00,-1.0660681443827733
2012-08-21 03:00:00,0.0
2012-08-21 04:00:00,-1.1640488631259707
2012-08-21 05:00:00,-1.1500649356174277
2012-08-21 06:00:00,0.0
2012-08-21 07:00:00,0.0
2012-08-21 08:00:00,0.0
2012-08-21 09:00:00,0.0
2012-08-21 10:00:00,0.0
2012-08-21 11:00:00,0.691804769624611
2012-08-21 12:00:00,1.276146487114971
2012-08-21 13:00:00,0.0
2012-08-21 14:00:00,1.5285097655524942
2012-08-21 15:00:00,1.332315262607619
2012-08-21 16:00:00,0.0
2012-08-21 17:00:00,1.0471363676167091
2012-08-21 18:00:00,1.187348547435708
2012-08-21 19:00:00,0.9956755143852744
2012-08-21 20:00:00,0.0
2012-08-21 21:00:00,1.1079198391871872
2012-08-21 22:00:00,0.9162001930450434
2012-08-21 23:00:00,0.0
2012-08-22 00:00:00,0.0
2012-08-22 01:00:00,-0.7785585948071093
2012-08-22 02:00:00,0.0
2012-08-22 03:00:00,0.0
2012-08-22 04:00:00,-1.2107085679128136
2012-08-22 05:00:00,-1.1360810081088852
2012-08-22 06:00:00,0.0
2012-08-22 07:00:00,-0.14037875640885136
2012-08-22 08:00:00,0.0
2012-08-22 09:00:00,0.0
2012-08-22 10:00:00,0.4206098021422473
2012-08-22 11:00:00,0.0
2012-08-22 12:00:00,0.7619574726257994
2012-08-22 13:00:00,0.7572961634562861
2012-08-22 14:00:00,0.0
2012-08-22 15:00:00,0.0
2012-08-22 16:00:00,1.0658282173864677
2012-08-22 17:00:00,0.0
2012-08-22 18:00:00,1.3930987341780914
2012-08-22 19:00:00,1.2154562417278925
2012-08-22 20:00:00,1.06112029512526
2012-08-22 21:00:00,1.2388094006671588
2012-08-22 22:00:00,1.2995928722376264
2012-08-22 23:00:00,0.7525882411950786
2012-08-23 00:00:00,0.2009689140747063
2012-08-23 01:00:00,-0.831417840789399
2012-08-23 02:00:00,0.0
2012-08-23 03:00:00,-1.0614068352132564
2012-08-23 04:00:00,0.0
2012-08-23 05:00:00,0.0
2012-08-23 06:00:00,-0.8501096905591574
2012-08-23 07:00:00,-0.16843983760932574
2012-08-23 08:00:00,0.3504570991410534
2012-08-23 09:00:00,0.26641369481469207
2012-08-23 10:00:00,0.45337880560392924
2012-08-23 11:00:00,0.7619574726258049
2012-08-23 12:00:00,0.0
2012-08-23 13:00:00,0.7011273879636383
2012-08-23 14:00:00,0.0
2012-08-23 15:00:00,0.6216520666234232
2012-08-23 16:00:00,0.0
2012-08-23 17:00:00,1.4257278983646962
2012-08-23 18:00:00,0.0
2012-08-23 19:00:00,0.0
2012-08-23 20:00:00,0.616990757453894
2012-08-23 21:00:00,0.7619108595341156
2012-08-23 22:00:00,0.0
2012-08-23 23:00:00,0.32244263103226833
2012-08-24 00:00:00,-0.06095004816032016
2012-08-24 01:00:00,-0.9340132556104206
2012-08-24 02:00:00,0.0
2012-08-24 03:00:00,-1.2060472587432984
2012-08-24 04:00:00,0.0
2012-08-24 05:00:00,-1.1173891583391309
2012-08-24 06:00:00,-0.9433824870411446
2012-08-24 07:00:00,-0.33209840255098966
2012-08-24 08:00:00,0.0
2012-08-24 09:00:00,0.18693837347446665
2012-08-24 10:00:00,0.42997903357296813
2012-08-24 11:00:00,0.0
2012-08-24 12:00:00,0.799387785257005
2012-08-24 13:00:00,0.6684516106853393
2012-08-24 14:00:00,0.0
2012-08-24 15:00:00,0.476731964543201
2012-08-24 16:00:00,0.0
2012-08-24 17:00:00,0.6216520666234178
2012-08-24 18:00:00,0.7572495503645974
2012-08-24 19:00:00,0.822740944196272
2012-08-24 20:00:00,0.8648325659969914
2012-08-24 21:00:00,0.0
2012-08-24 22:00:00,0.0
2012-08-24 23:00:00,0.5982522945924572
2012-08-25 00:00:00,-0.11702559746957959
2012-08-25 01:00:00,0.0
2012-08-25 02:00:00,-1.136081008108883
2012-08-25 03:00:00,0.0
2012-08-25 04:00:00,-1.2433843451911122
2012-08-25 05:00:00,0.0
2012-08-25 06:00:00,-0.9900421918279874
2012-08-25 07:00:00,-0.31802124885905575
2012-08-25 08:00:00,0.0
2012-08-25 09:00:00,0.1821838381215698
2012-08-25 10:00:00,0.44871749643441533
2012-08-25 11:00:00,0.7806493223955634
2012-08-25 12:00:00,0.0
2012-08-25 13:00:00,0.6871434604550978
2012-08-25 14:00:00,0.0
2012-08-25 15:00:00,0.3084587035237174
2012-08-25 16:00:00,0.44871749643441533
2012-08-25 17:00:00,0.7198658508250909
2012-08-25 18:00:00,0.0
2012-08-25 19:00:00,0.6731595329465468
2012-08-25 20:00:00,0.5375154361136735
2012-08-25 21:00:00,0.0
2012-08-25 22:00:00,0.0
2012-08-25 23:00:00,0.5375620492053622
2012-08-26 00:00:00,-0.13571744723933807
2012-08-26 01:00:00,-1.0927774459240924
2012-08-26 02:00:00,-1.2387230360215968
2012-08-26 03:00:00,-1.2900440499779526
2012-08-26 04:00:00,-1.3553489914428538
2012-08-26 05:00:00,-1.2433843451911106
2012-08-26 06:00:00,-1.073992369970947
2012-08-26 07:00:00,0.0
2012-08-26 08:00:00,0.051247663549903996
2012-08-26 09:00:00,0.3037973943542041
2012-08-26 10:00:00,0.0
2012-08-26 11:00:00,0.8694472620748105
2012-08-26 12:00:00,0.6731129198548532
2012-08-26 13:00:00,0.6544210700850996
2012-08-26 14:00:00,0.33181186246298916
2012-08-26 15:00:00,0.33181186246298916
2012-08-26 16:00:00,0.0
2012-08-26 17:00:00,0.7245271599945987
2012-08-26 18:00:00,1.16865669766596
2012-08-26 19:00:00,1.0658748304781618
2012-08-26 20:00:00,0.8835244157667445
2012-08-26 21:00:00,0.9489691965067302
2012-08-26 22:00:00,0.8226943311045832
2012-08-26 23:00:00,-0.12173351973078712
2012-08-27 00:00:00,-0.21519276857955796
2012-08-27 01:00:00,0.0
2012-08-27 02:00:00,-1.243337732099416
2012-08-27 03:00:00,-1.3227198272562504
2012-08-27 04:00:00,-1.3506876822733394
2012-08-27 05:00:00,0.0
2012-08-27 06:00:00,-1.0507324372150662
2012-08-27 07:00:00,-0.3507902523207377
2012-08-27 08:00:00,0.0
2012-08-27 09:00:00,0.12610828881230485
2012-08-27 10:00:00,0.35991955675515774
2012-08-27 11:00:00,0.6076215260231781
2012-08-27 12:00:00,0.0
2012-08-27 13:00:00,0.0
2012-08-27 14:00:00,0.0
2012-08-27 15:00:00,0.5889762893451188
2012-08-27 16:00:00,0.7291884691641175
2012-08-27 17:00:00,0.7665721687036295
2012-08-27 18:00:00,0.6216986797151064
2012-08-27 19:00:00,0.7105432324860588
2012-08-27 20:00:00,0.7479735451172596
2012-08-27 21:00:00,0.9396465781677036
2012-08-27 22:00:00,0.780649322395558
2012-08-27 23:00:00,0.0
2012-08-28 00:00:00,0.0
2012-08-28 01:00:00,-1.004119345519924
2012-08-28 02:00:00,0.0
2012-08-28 03:00:00,-1.2434309582828058
2012-08-28 04:00:00,-1.2013859495737826
2012-08-28 05:00:00,-1.1127278491696153
2012-08-28 06:00:00,0.0
2012-08-28 07:00:00,-0.09367243853031275
2012-08-28 08:00:00,0.06998612641135671
2012-08-28 09:00:00,0.17281460669084897
2012-08-28 10:00:00,0.45808672786513616
2012-08-28 11:00:00,0.5562072858834319
2012-08-28 12:00:00,0.8133717127655511
2012-08-28 13:00:00,0.41133379689490945
2012-08-28 14:00:00,0.0
2012-08-28 15:00:00,0.0
2012-08-28 16:00:00,0.4954238143129539
2012-08-28 17:00:00,0.0
2012-08-28 18:00:00,0.6964660787941244
2012-08-28 19:00:00,0.0
2012-08-28 20:00:00,0.0
2012-08-28 21:00:00,0.7198658508250854
2012-08-28 22:00:00,0.6871434604550922
2012-08-28 23:00:00,0.14946144775158274
2012-08-29 00:00:00,0.0
2012-08-29 01:00:00,-1.1547262447869413
2012-08-29 02:00:00,-1.224739108513052
2012-08-29 03:00:00,-1.3413184508426146
2012-08-29 04:00:00,0.0
2012-08-29 05:00:00,-1.2386764229299019
2012-08-29 06:00:00,0.0
2012-08-29 07:00:00,0.0
2012-08-29 08:00:00,0.056002198902805764
2012-08-29 09:00:00,0.0
2012-08-29 10:00:00,0.5515925898056018
2012-08-29 11:00:00,0.542223358374881
2012-08-29 12:00:00,0.5468846675443998
2012-08-29 13:00:00,0.0
2012-08-29 14:00:00,0.0
2012-08-29 15:00:00,0.0
2012-08-29 16:00:00,0.42065641523394154
2012-08-29 17:00:00,0.8320635625352986
2012-08-29 18:00:00,0.7572495503645919
2012-08-29 19:00:00,0.0
2012-08-29 20:00:00,0.542223358374881
2012-08-29 21:00:00,0.8274022533657908
2012-08-29 22:00:00,0.7385577005948439
2012-08-29 23:00:00,0.06532481724183296
2012-08-30 00:00:00,-0.3367130986288093
2012-08-30 01:00:00,-1.0413165926926493
2012-08-30 02:00:00,-1.3040279774864967
2012-08-30 03:00:00,0.0
2012-08-30 04:00:00,-1.4439138656636326
2012-08-30 05:00:00,0.0
2012-08-30 06:00:00,0.0
2012-08-30 07:00:00,-0.4396348050916898
2012-08-30 08:00:00,0.0
2012-08-30 09:00:00,0.2944281629234771
2012-08-30 10:00:00,0.6403905294848655
2012-08-30 11:00:00,0.0
2012-08-30 12:00:00,0.4112871838032146
2012-08-30 13:00:00,0.0
2012-08-30 14:00:00,0.280397622323243
2012-08-30 15:00:00,0.322489244123957
2012-08-30 16:00:00,0.0
2012-08-30 17:00:00,0.6450984517460675
2012-08-30 18:00:00,0.0
2012-08-30 19:00:00,0.0
2012-08-30 20:00:00,0.0
2012-08-30 21:00:00,0.0
2012-08-30 22:00:00,0.8227409441962774
2012-08-30 23:00:00,0.0
2012-08-31 00:00:00,-0.2993293990892973
2012-08-31 01:00:00,-1.1220970806003379
2012-08-31 02:00:00,0.0
2012-08-31 03:00:00,-1.3786089241987325
2012-08-31 04:00:00,-1.3833634595516364
2012-08-31 05:00:00,-1.234015113760386
2012-08-31 06:00:00,0.0
2012-08-31 07:00:00,0.0
2012-08-31 08:00:00,0.0
2012-08-31 09:00:00,0.0
2012-08-31 10:00:00,0.415948492972734
2012-08-31 11:00:00,0.7899719407345851
2012-08-31 12:00:00,0.0
2012-08-31 13:00:00,0.5843149801756006
2012-08-31 14:00:00,0.3411810938937155
2012-08-31 15:00:00,0.3879340248639428
2012-08-31 16:00:00,0.0
2012-08-31 17:00:00,0.0
2012-08-31 18:00:00,1.168703310757654
2012-08-31 19:00:00,0.0
2012-08-31 20:00:00,0.0
2012-08-31 21:00:00,0.0
2012-08-31 22:00:00,0.808663790504343
2012-08-31 23:00:00,0.6403905294848655
2012-09-01 00:00:00,0.0
2012-09-01 01:00:00,0.0
2012-09-01 02:00:00,0.0
2012-09-01 03:00:00,-1.303981364394802
2012-09-01 04:00:00,-1.3180119049950412
2012-09-01 05:00:00,-1.2200777993435372
2012-09-01 06:00:00,-1.064716364723614
2012-09-01 07:00:00,-0.19183960964029173
2012-09-01 08:00:00,0.0
2012-09-01 09:00:00,0.0
2012-09-01 10:00:00,0.6030068299453584
2012-09-01 11:00:00,0.925522811384081
2012-09-01 12:00:00,0.0
2012-09-01 13:00:00,0.5796070579143924
2012-09-01 14:00:00,0.0
2012-09-01 15:00:00,0.0
2012-09-01 16:00:00,0.6357292203153461
2012-09-01 17:00:00,1.1734578461105614
2012-09-01 18:00:00,0.0
2012-09-01 19:00:00,0.0
2012-09-01 20:00:00,0.0
2012-09-01 21:00:00,0.0
2012-09-01 22:00:00,0.7666187817953183
2012-09-01 23:00:00,0.6684516106853338
2012-09-02 00:00:00,-0.5529978440942908
2012-09-02 01:00:00,-1.2340617268520817
2012-09-02 02:00:00,0.0
2012-09-02 03:00:00,0.0
2012-09-02 04:00:00,-1.2993666683169829
2012-09-02 05:00:00,0.0
2012-09-02 06:00:00,-1.1826940998040292
2012-09-02 07:00:00,-0.23393123144100575
2012-09-02 08:00:00,0.21961415075277052
2012-09-02 09:00:00,0.0
2012-09-02 10:00:00,0.4440095741732078
2012-09-02 11:00:00,0.6871434604550928
2012-09-02 12:00:00,0.500131736574167
2012-09-02 13:00:00,0.5655765173141528
2012-09-02 14:00:00,0.3831794895110466
2012-09-02 15:00:00,0.0
2012-09-02 16:00:00,0.5982989076841404
2012-09-02 17:00:00,1.602857646806248
2012-09-02 18:00:00,1.7483837190785003
2012-09-02 19:00:00,0.0
2012-09-02 20:00:00,1.4117439708561508
2012-09-02 21:00:00,1.0658748304781618
2012-09-02 22:00:00,0.0
2012-09-02 23:00:00,-0.032888966959840255
2012-09-03 00:00:00,-0.6138279287564522
2012-09-03 01:00:00,0.0
2012-09-03 02:00:00,-1.25270696353014
2012-09-03 03:00:00,0.0
2012-09-03 04:00:00,0.0
2012-09-03 05:00:00,0.0
2012-09-03 06:00:00,0.0
2012-09-03 07:00:00,-0.14042536950054005
2012-09-03 08:00:00,0.4907625051434351
2012-09-03 09:00:00,0.33647317163250245
2012-09-03 10:00:00,0.43468695583417566
2012-09-03 11:00:00,0.0
2012-09-03 12:00:00,0.0
2012-09-03 13:00:00,0.39259533403346164
2012-09-03 14:00:00,0.0
2012-09-03 15:00:00,0.5515459767139131
2012-09-03 16:00:00,0.0
2012-09-03 17:00:00,0.0
2012-09-03 18:00:00,1.1406422295571748
2012-09-03 19:00:00,1.210748319466674
2012-09-03 20:00:00,0.9723223554460025
2012-09-03 21:00:00,0.8554633345662651
2012-09-03 22:00:00,0.7759414001343504
2012-09-03 23:00:00,0.0
2012-09-04 00:00:00,0.0
2012-09-04 01:00:00,-1.0473762946130194
2012-09-04 02:00:00,-1.1034518439222822
2012-09-04 03:00:00,0.0
2012-09-04 04:00:00,-1.2620295818691687
2012-09-04 05:00:00,0.0
2012-09-04 06:00:00,-1.0427615985352001
2012-09-04 07:00:00,-0.12634821580861172
2012-09-04 08:00:00,0.4019645654641831
2012-09-04 09:00:00,0.0
2012-09-04 10:00:00,0.0
2012-09-04 11:00:00,0.6637903015158204
2012-09-04 12:00:00,0.5561606727917378
2012-09-04 13:00:00,0.5842683670839063
2012-09-04 14:00:00,0.0
2012-09-04 15:00:00,0.5047930457436858
2012-09-04 16:00:00,0.0
2012-09-04 17:00:00,0.6450052255626895
2012-09-04 18:00:00,0.0
2012-09-04 19:00:00,1.3229926442685924
2012-09-04 20:00:00,0.0
2012-09-04 21:00:00,0.9022162655364974
2012-09-04 22:00:00,0.0
2012-09-04 23:00:00,0.0
2012-09-05 00:00:00,0.0
2012-09-05 01:00:00,0.0
2012-09-05 02:00:00,-1.1454036264479135
2012-09-05 03:00:00,-1.1686635592037904
2012-09-05 04:00:00,-1.2060472587433002
2012-09-05 05:00:00,0.0
2012-09-05 06:00:00,0.0
2012-09-05 07:00:00,0.0
2012-09-05 08:00:00,0.3739034842637032
2012-09-05 09:00:00,0.2430139227837316
2012-09-05 10:00:00,0.0
2012-09-05 11:00:00,0.6684982237770335
2012-09-05 12:00:00,0.0
2012-09-05 13:00:00,0.0
2012-09-05 14:00:00,0.0
2012-09-05 15:00:00,0.0
2012-09-05 16:00:00,0.0
2012-09-05 17:00:00,0.0
2012-09-05 18:00:00,1.8985711005202608
2012-09-05 19:00:00,0.0
2012-09-05 20:00:00,1.570368321894742
2012-09-05 21:00:00,0.0
2012-09-05 22:00:00,0.0
2012-09-05 23:00:00,0.0
2012-09-06 00:00:00,-0.5330940539404609
2012-09-06 01:00:00,0.0
2012-09-06 02:00:00,-1.0800986849830123
2012-09-06 03:00:00,0.0
2012-09-06 04:00:00,-1.1687101722954853
2012-09-06 05:00:00,0.0
2012-09-06 06:00:00,-0.9914871976705394
2012-09-06 07:00:00,0.0
2012-09-06 08:00:00,0.4253643374951436
2012-09-06 09:00:00,0.0
2012-09-06 10:00:00,0.4767319645432065
2012-09-06 11:00:00,0.7806493223955634
2012-09-06 12:00:00,0.0
2012-09-06 13:00:00,0.0
2012-09-06 14:00:00,0.0
2012-09-06 15:00:00,1.57474995251408
2012-09-06 16:00:00,1.697016092030449
2012-09-06 17:00:00,1.8657088708751912
2012-09-06 18:00:00,1.8562930263527706
2012-09-06 19:00:00,1.8750781023059175
2012-09-06 20:00:00,0.0
2012-09-06 21:00:00,0.0
2012-09-06 22:00:00,0.8180330219350589
2012-09-06 23:00:00,0.0
2012-09-07 00:00:00,-0.5424632853711876
2012-09-07 01:00:00,-1.0567921391354367
2012-09-07 02:00:00,0.0
2012-09-07 03:00:00,0.0
2012-09-07 04:00:00,-1.3040279774864978
2012-09-07 05:00:00,-1.1547728578786365
2012-09-07 06:00:00,-1.0707760666439807
2012-09-07 07:00:00,0.0
2012-09-07 08:00:00,0.0
2012-09-07 09:00:00,0.0
2012-09-07 10:00:00,0.5795604448226988
2012-09-07 11:00:00,0.0
2012-09-07 12:00:00,1.3556218084551916
2012-09-07 13:00:00,0.0
2012-09-07 14:00:00,0.991014205215761
2012-09-07 15:00:00,0.9863528960462478
2012-09-07 16:00:00,1.309101942943441
2012-09-07 17:00:00,0.0
2012-09-07 18:00:00,1.7765380264623687
2012-09-07 19:00:00,1.5094450110491764
2012-09-07 20:00:00,1.2851428138121386
2012-09-07 21:00:00,1.7483837190785059
2012-09-07 22:00:00,1.1406422295571803
2012-09-07 23:00:00,0.6918513827163003
2012-09-08 00:00:00,-0.3086520174283349
2012-09-08 01:00:00,-0.9634727295617503
2012-09-08 02:00:00,-1.038100289365684
2012-09-08 03:00:00,0.0
2012-09-08 04:00:00,0.0
2012-09-08 05:00:00,-1.1081131530917967
2012-09-08 06:00:00,-1.014793743518109
2012-09-08 07:00:00,-0.3273904802897717
2012-09-08 08:00:00,0.3739034842637032
2012-09-08 09:00:00,0.0
2012-09-08 10:00:00,0.0
2012-09-08 11:00:00,0.897554956366984
2012-09-08 12:00:00,0.9302773467369828
2012-09-08 13:00:00,1.1827338513578944
2012-09-08 14:00:00,0.0
2012-09-08 15:00:00,0.99101420521575
2012-09-08 16:00:00,0.0
2012-09-08 17:00:00,1.5754957619812031
2012-09-08 18:00:00,1.7577529505092273
2012-09-08 19:00:00,1.574749952514085
2012-09-08 20:00:00,0.0
2012-09-08 21:00:00,0.0
2012-09-08 22:00:00,0.0
2012-09-08 23:00:00,0.0
2012-09-09 00:00:00,0.0
2012-09-09 01:00:00,-0.7740837380043684
2012-09-09 02:00:00,0.0
2012-09-09 03:00:00,-1.0847133810608303
2012-09-09 04:00:00,-1.1827407128957246
2012-09-09 05:00:00,-0.9994580363504076
2012-09-09 06:00:00,-0.9061852398684168
2012-09-09 07:00:00,0.0
2012-09-09 08:00:00,0.0
2012-09-09 09:00:00,0.7152045416555721
2012-09-09 10:00:00,0.6450984517460675
2012-09-09 11:00:00,0.8975083432752898
2012-09-09 12:00:00,0.7385577005948384
2012-09-09 13:00:00,0.6076681391148668
2012-09-09 14:00:00,0.0
2012-09-09 15:00:00,0.5141622771743962
2012-09-09 16:00:00,0.6777742290243665
2012-09-09 17:00:00,0.0
2012-09-09 18:00:00,1.0518442898779223
2012-09-09 19:00:00,1.0237832086774423
2012-09-09 20:00:00,0.0
2012-09-09 21:00:00,1.0565055990474355
2012-09-09 22:00:00,0.9957221274769631
2012-09-09 23:00:00,0.0
2012-09-10 00:00:00,0.0
2012-09-10 01:00:00,-1.013395350767255
2012-09-10 02:00:00,0.0
2012-09-10 03:00:00,-1.2060472587432984
2012-09-10 04:00:00,0.0
2012-09-10 05:00:00,0.0
2012-09-10 06:00:00,-1.0661147574744712
2012-09-10 07:00:00,0.0
2012-09-10 08:00:00,0.5609152081446395
2012-09-10 09:00:00,0.22898338218349687
2012-09-10 10:00:00,0.44876410952610957
2012-09-10 11:00:00,0.6403905294848649
2012-09-10 12:00:00,0.48614780906561605
2012-09-10 13:00:00,0.4393948780953832
2012-09-10 14:00:00,0.4393482650036945
2012-09-10 15:00:00,0.0
2012-09-10 16:00:00,0.0
2012-09-10 17:00:00,0.7199124639167797
2012-09-10 18:00:00,0.7712800909648315
2012-09-10 19:00:00,0.0
2012-09-10 20:00:00,0.8227409441962774
2012-09-10 21:00:00,0.8367714847965122
2012-09-10 22:00:00,0.8320635625353096
2012-09-10 23:00:00,0.17286121978253768
2012-09-11 00:00:00,-0.25262308121075866
2012-09-11 01:00:00,0.0
2012-09-11 02:00:00,0.0
2012-09-11 03:00:00,0.0
2012-09-11 04:00:00,-1.2993200552252868
2012-09-11 05:00:00,0.0
2012-09-11 06:00:00,-1.0660681443827715
2012-09-11 07:00:00,-0.1310561380698137
2012-09-11 08:00:00,0.20553699706083664
2012-09-11 09:00:00,0.25699785029228256
2012-09-11 10:00:00,0.0
2012-09-11 11:00:00,0.0
2012-09-11 12:00:00,0.6029602168536593
2012-09-11 13:00:00,0.5562072858834264
2012-09-11 14:00:00,0.5141622771744017
2012-09-11 15:00:00,0.0
2012-09-11 16:00:00,0.0
2012-09-11 17:00:00,0.8928936471974763
2012-09-11 18:00:00,0.0
2012-09-11 19:00:00,0.0
2012-09-11 20:00:00,1.659166261573989
2012-09-11 21:00:00,1.472294376968141
2012-09-11 22:00:00,0.0
2012-09-11 23:00:00,0.06537143033352659
2012-09-12 00:00:00,0.0
2012-09-12 01:00:00,0.0
2012-09-12 02:00:00,-0.4489574234307163
2012-09-12 03:00:00,-0.5611551351409353
2012-09-12 04:00:00,-1.1220504675086442
2012-09-12 05:00:00,-1.1640488631259687
2012-09-12 06:00:00,0.0
2012-09-12 07:00:00,-0.3414676339817111
2012-09-12 08:00:00,0.0
2012-09-12 09:00:00,0.0
2012-09-12 10:00:00,0.42997903357296813
2012-09-12 11:00:00,0.7011273879636438
2012-09-12 12:00:00,0.6029602168536593
2012-09-12 13:00:00,0.5001317365741614
2012-09-12 14:00:00,0.0
2012-09-12 15:00:00,0.0
2012-09-12 16:00:00,0.0
2012-09-12 17:00:00,0.0
2012-09-12 18:00:00,0.0
2012-09-12 19:00:00,0.0
2012-09-12 20:00:00,1.2294867823281266
2012-09-12 21:00:00,1.2247788600669192
2012-09-12 22:00:00,0.888139111844569
2012-09-12 23:00:00,0.0
2012-09-13 00:00:00,0.0
2012-09-13 01:00:00,0.0
2012-09-13 02:00:00,-1.1501115487091218
2012-09-13 03:00:00,-1.2853361277167432
2012-09-13 04:00:00,0.0
2012-09-13 05:00:00,-1.1780794037262121
2012-09-13 06:00:00,-1.0707760666439778
2012-09-13 07:00:00,0.0
2012-09-13 08:00:00,0.12144697964279154
2012-09-13 09:00:00,0.11207774821206519
2012-09-13 10:00:00,0.40191795237248884
2012-09-13 11:00:00,0.0
2012-09-13 12:00:00,0.5890229024368074
2012-09-13 13:00:00,0.4066258746337013
2012-09-13 14:00:00,0.42997903357296813
2012-09-13 15:00:00,0.38793402486394835
2012-09-13 16:00:00,0.35987294366346906
2012-09-13 17:00:00,0.0
2012-09-13 18:00:00,0.0
2012-09-13 19:00:00,0.916246806136737
2012-09-13 20:00:00,0.0
2012-09-13 21:00:00,1.1032119169259742
2012-09-13 22:00:00,0.0
2012-09-13 23:00:00,0.1400922163208564
2012-09-14 00:00:00,0.0
2012-09-14 01:00:00,-1.1407423172783966
2012-09-14 02:00:00,-1.1687101722954862
2012-09-14 03:00:00,0.0
2012-09-14 04:00:00,-1.2806748185472283
2012-09-14 05:00:00,-1.1547262447869413
2012-09-14 06:00:00,0.0
2012-09-14 07:00:00,-0.28529885848905767
2012-09-14 08:00:00,-0.12634821580860617
2012-09-14 09:00:00,0.0
2012-09-14 10:00:00,0.3458424030632288
2012-09-14 11:00:00,0.0
2012-09-14 12:00:00,0.0
2012-09-14 13:00:00,0.9910142052157556
2012-09-14 14:00:00,0.0
2012-09-14 15:00:00,0.5562538989751151
2012-09-14 16:00:00,0.8601246437357839
2012-09-14 17:00:00,0.9676610462764837
2012-09-14 18:00:00,0.0
2012-09-14 19:00:00,0.0
2012-09-14 20:00:00,0.0
2012-09-14 21:00:00,1.2201175508974058
2012-09-14 22:00:00,0.8133717127655511
2012-09-14 23:00:00,0.0
2012-09-15 00:00:00,-0.37880472042952823
2012-09-15 01:00:00,0.0
2012-09-15 02:00:00,0.0
2012-09-15 03:00:00,-1.318058518086736
2012-09-15 04:00:00,0.0
2012-09-15 05:00:00,-1.2667375041303794
2012-09-15 06:00:00,-1.1640488631259707
2012-09-15 07:00:00,-0.39996706405912485
2012-09-15 08:00:00,0.378564793433222
2012-09-15 09:00:00,0.36924217509419544
2012-09-15 10:00:00,0.5655299042224592
2012-09-15 11:00:00,0.0
2012-09-15 12:00:00,0.0
2012-09-15 13:00:00,0.6310212980541392
2012-09-15 14:00:00,0.0
2012-09-15 15:00:00,0.0
2012-09-15 16:00:00,0.0
2012-09-15 17:00:00,0.0
2012-09-15 18:00:00,1.9173095633817197
2012-09-15 19:00:00,1.6967364134802885
2012-09-15 20:00:00,1.7671221819399536
2012-09-15 21:00:00,1.5052498327966157
2012-09-15 22:00:00,1.2575012504369067
2012-09-15 23:00:00,0.8367714847965115
2012-09-16 00:00:00,-0.20582353714883714
2012-09-16 01:00:00,0.0
2012-09-16 02:00:00,-1.2527535766218345
2012-09-16 03:00:00,-1.2433377320994163
2012-09-16 04:00:00,-1.2993666683169827
2012-09-16 05:00:00,0.0
2012-09-16 06:00:00,-1.1267117766781582
2012-09-16 07:00:00,-0.13567083414764383
2012-09-16 08:00:00,0.0
2012-09-16 09:00:00,0.26632046863131464
2012-09-16 10:00:00,0.0
2012-09-16 11:00:00,0.7105432324860533
2012-09-16 12:00:00,0.6824821512855789
2012-09-16 13:00:00,0.0
2012-09-16 14:00:00,0.0
2012-09-16 15:00:00,0.0
2012-09-16 16:00:00,0.85546333456627
2012-09-16 17:00:00,0.0
2012-09-16 18:00:00,1.2060870102971606
2012-09-16 19:00:00,1.145303538726688
2012-09-16 20:00:00,0.0
2012-09-16 21:00:00,0.0
2012-09-16 22:00:00,0.0
2012-09-16 23:00:00,0.0
2012-09-17 00:00:00,-0.6359691473116474
2012-09-17 01:00:00,-1.1687101722954853
2012-09-17 02:00:00,-1.2573682726996551
2012-09-17 03:00:00,-1.3413184508426146
2012-09-17 04:00:00,-1.3039813643948026
2012-09-17 05:00:00,-1.2013859495737857
2012-09-17 06:00:00,-1.1733714814650025
2012-09-17 07:00:00,-0.3133599396895314
2012-09-17 08:00:00,0.06998612641135117
2012-09-17 09:00:00,0.0
2012-09-17 10:00:00,0.42531772440344934
2012-09-17 11:00:00,0.5047930457436802
2012-09-17 12:00:00,0.0
2012-09-17 13:00:00,0.38788741177224856
2012-09-17 14:00:00,0.0
2012-09-17 15:00:00,0.3832261026027353
2012-09-17 16:00:00,0.4440561872648965
2012-09-17 17:00:00,0.7853106315650712
2012-09-17 18:00:00,1.0143673641550273
2012-09-17 19:00:00,0.0
2012-09-17 20:00:00,0.0
2012-09-17 21:00:00,0.8367714847965115
2012-09-17 22:00:00,0.0
2012-09-17 23:00:00,-0.1357640603310317
2012-09-18 00:00:00,-0.6079080661111678
2012-09-18 01:00:00,-1.2340151137603885
2012-09-18 02:00:00,-1.2387230360215962
2012-09-18 03:00:00,0.0
2012-09-18 04:00:00,-1.0661147574744645
2012-09-18 05:00:00,0.0
2012-09-18 06:00:00,-1.047422907704712
2012-09-18 07:00:00,-0.19650091880980503
2012-09-18 08:00:00,-0.00016657658984213907
2012-09-18 09:00:00,0.17756914204374522
2012-09-18 10:00:00,0.41599510606442214
2012-09-18 11:00:00,0.5702844395753548
2012-09-18 12:00:00,0.570237826483666
2012-09-18 13:00:00,0.0
2012-09-18 14:00:00,0.0
2012-09-18 15:00:00,0.280397622323243
2012-09-18 16:00:00,0.0
2012-09-18 17:00:00,0.3832261026027408
2012-09-18 18:00:00,0.0
2012-09-18 19:00:00,0.5890229024368074
2012-09-18 20:00:00,0.0
2012-09-18 21:00:00,0.747880318933876
2012-09-18 22:00:00,0.7057886971331571
2012-09-18 23:00:00,-0.7068676597799672
2012-09-19 00:00:00,-0.45361873260022995
2012-09-19 01:00:00,-1.0894213033220401
2012-09-19 02:00:00,0.0
2012-09-19 03:00:00,-1.2060938718349932
2012-09-19 04:00:00,0.0
2012-09-19 05:00:00,-1.1500183225257314
2012-09-19 06:00:00,0.0
2012-09-19 07:00:00,0.0
2012-09-19 08:00:00,0.0
2012-09-19 09:00:00,0.0
2012-09-19 10:00:00,0.4627480370346605
2012-09-19 11:00:00,0.0
2012-09-19 12:00:00,0.7011273879636438
2012-09-19 13:00:00,0.0
2012-09-19 14:00:00,0.0
2012-09-19 15:00:00,0.0
2012-09-19 16:00:00,0.0
2012-09-19 17:00:00,0.0
2012-09-19 18:00:00,0.0
2012-09-19 19:00:00,1.1032585300176683
2012-09-19 20:00:00,1.1826872382661995
2012-09-19 21:00:00,0.0
2012-09-19 22:00:00,0.8274022533657852
2012-09-19 23:00:00,0.07464743558086447
2012-09-20 00:00:00,-0.5050795858316759
2012-09-20 01:00:00,0.0
2012-09-20 02:00:00,0.0
2012-09-20 03:00:00,0.0
2012-09-20 04:00:00,-1.2154164901740205
2012-09-20 05:00:00,-1.0894213033220401
2012-09-20 06:00:00,-1.0381002893656825
2012-09-20 07:00:00,-0.1403787564088458
2012-09-20 08:00:00,0.21961415075277052
2012-09-20 09:00:00,0.0
2012-09-20 10:00:00,0.45808672786513616
2012-09-20 11:00:00,0.0
2012-09-20 12:00:00,0.8367248717048174
2012-09-20 13:00:00,0.0
2012-09-20 14:00:00,0.0
2012-09-20 15:00:00,0.6777742290243713
2012-09-20 16:00:00,0.8554633345662651
2012-09-20 17:00:00,0.9022162655364974
2012-09-20 18:00:00,1.0330592139247807
2012-09-20 19:00:00,1.121903766695727
2012-09-20 20:00:00,0.0
2012-09-20 21:00:00,0.0
2012-09-20 22:00:00,0.9021696524448031
2012-09-20 23:00:00,-0.05158081672959381
2012-09-21 00:00:00,0.0
2012-09-21 01:00:00,-1.0940826124915553
2012-09-21 02:00:00,-1.1267583897698537
2012-09-21 03:00:00,-1.26202958186917
2012-09-21 04:00:00,0.0
2012-09-21 05:00:00,-1.1454036264479117
2012-09-21 06:00:00,0.0
2012-09-21 07:00:00,0.0
2012-09-21 08:00:00,-0.2725268713645888
2012-09-21 09:00:00,0.3177813218627495
2012-09-21 10:00:00,0.4393482650036945
2012-09-21 11:00:00,0.0
2012-09-21 12:00:00,0.41599510606442275
2012-09-21 13:00:00,0.584314980175595
2012-09-21 14:00:00,0.0
2012-09-21 15:00:00,0.3458424030632239
2012-09-21 16:00:00,0.0
2012-09-21 17:00:00,0.0
2012-09-21 18:00:00,0.6965126918858137
2012-09-21 19:00:00,0.7853572446567709
2012-09-21 20:00:00,0.0
2012-09-21 21:00:00,0.780649322395558
2012-09-21 22:00:00,0.7713267040565314
2012-09-21 23:00:00,0.0
2012-09-22 00:00:00,-0.47231058236998286
2012-09-22 01:00:00,0.0
2012-09-22 02:00:00,0.0
2012-09-22 03:00:00,-1.2947053591474678
2012-09-22 04:00:00,0.0
2012-09-22 05:00:00,-1.2107085679128151
2012-09-22 06:00:00,-1.0567455260437422
2012-09-22 07:00:00,-0.355451561490251
2012-09-22 08:00:00,0.0
2012-09-22 09:00:00,0.2476286188615562
2012-09-22 10:00:00,0.0
2012-09-22 11:00:00,0.0
2012-09-22 12:00:00,0.0
2012-09-22 13:00:00,0.5468846675443942
2012-09-22 14:00:00,0.6076215260231781
2012-09-22 15:00:00,0.0
2012-09-22 16:00:00,0.0
2012-09-22 17:00:00,0.9629997371069705
2012-09-22 18:00:00,0.0
2012-09-22 19:00:00,0.0
2012-09-22 20:00:00,0.0
2012-09-22 21:00:00,1.019075286416235
2012-09-22 22:00:00,0.972322355445997
2012-09-22 23:00:00,0.6637436884241318
2012-09-23 00:00:00,-0.004827885759366496
2012-09-23 01:00:00,-0.9059987875016334
2012-09-23 02:00:00,-1.0614068352132557
2012-09-23 03:00:00,0.0
2012-09-23 04:00:00,0.0
2012-09-23 05:00:00,0.0
2012-09-23 06:00:00,0.0
2012-09-23 07:00:00,-0.10294844377765063
2012-09-23 08:00:00,0.0
2012-09-23 09:00:00,0.0
2012-09-23 10:00:00,0.2990428590013072
2012-09-23 11:00:00,0.7525416281033899
2012-09-23 12:00:00,0.0
2012-09-23 13:00:00,0.5375620492053622
2012-09-23 14:00:00,0.5281462046829527
2012-09-23 15:00:00,0.0
2012-09-23 16:00:00,0.5421767452831923
2012-09-23 17:00:00,0.0
2012-09-23 18:00:00,0.6590823792546129
2012-09-23 19:00:00,0.8087104035960379
2012-09-23 20:00:00,0.99101420521575
2012-09-23 21:00:00,0.7152045416555777
2012-09-23 22:00:00,0.0
2012-09-23 23:00:00,-0.23859254061051904
2012-09-24 00:00:00,-0.6687381507733401
2012-09-24 01:00:00,0.0
2012-09-24 02:00:00,0.0
2012-09-24 03:00:00,-1.3320424455952804
2012-09-24 04:00:00,0.0
2012-09-24 05:00:00,0.0
2012-09-24 06:00:00,0.0
2012-09-24 07:00:00,-0.19183960964029173
2012-09-24 08:00:00,0.0
2012-09-24 09:00:00,0.2242754599222789
2012-09-24 10:00:00,0.4299790335729737
2012-09-24 11:00:00,0.5235315086051274
2012-09-24 12:00:00,0.0
2012-09-24 13:00:00,0.0
2012-09-24 14:00:00,0.3084587035237174
2012-09-24 15:00:00,0.0
2012-09-24 16:00:00,0.3037507812625099
2012-09-24 17:00:00,0.43002564666466236
2012-09-24 18:00:00,0.0
2012-09-24 19:00:00,0.5515925898056018
2012-09-24 20:00:00,0.8040490944265184
2012-09-24 21:00:00,0.0
2012-09-24 22:00:00,0.0
2012-09-24 23:00:00,0.3318118624629947
2012-09-25 00:00:00,-0.03755027612935908
2012-09-25 01:00:00,-0.9048800733009518
2012-09-25 02:00:00,-1.0007632029178715
2012-09-25 03:00:00,0.0
2012-09-25 04:00:00,-1.3506410691816442
2012-09-25 05:00:00,0.0
2012-09-25 06:00:00,-1.1453570133562188
2012-09-25 07:00:00,0.0
2012-09-25 08:00:00,0.0
2012-09-25 09:00:00,0.2476752319532449
2012-09-25 10:00:00,0.46274803703465556
2012-09-25 11:00:00,0.0
2012-09-25 12:00:00,0.0
2012-09-25 13:00:00,0.0
2012-09-25 14:00:00,0.26165915946179585
2012-09-25 15:00:00,0.09338589844231225
2012-09-25 16:00:00,0.27107500398420536
2012-09-25 17:00:00,0.0
2012-09-25 18:00:00,0.7151579285638724
2012-09-25 19:00:00,0.799387785257005
2012-09-25 20:00:00,0.0
2012-09-25 21:00:00,0.0
2012-09-25 22:00:00,0.0
2012-09-25 23:00:00,0.051247663549898466
2012-09-26 00:00:00,0.0
2012-09-26 01:00:00,-1.2806748185472263
2012-09-26 02:00:00,-1.345979760012129
2012-09-26 03:00:00,-1.4439604787553282
2012-09-26 04:00:00,-1.4439604787553277
2012-09-26 05:00:00,0.0
2012-09-26 06:00:00,-1.2853827408084384
2012-09-26 07:00:00,0.0
2012-09-26 08:00:00,0.0
2012-09-26 09:00:00,0.0
2012-09-26 10:00:00,0.0
2012-09-26 11:00:00,0.4253177244034604
2012-09-26 12:00:00,0.0
2012-09-26 13:00:00,0.38327271569442956
2012-09-26 14:00:00,0.36453425283298235
2012-09-26 15:00:00,0.09338589844231225
2012-09-26 16:00:00,0.0
2012-09-26 17:00:00,0.44405618726490204
2012-09-26 18:00:00,0.49080911823513484
2012-09-26 19:00:00,0.5468846675443998
2012-09-26 20:00:00,0.7198658508250854
2012-09-26 21:00:00,0.0
2012-09-26 22:00:00,0.5281928177746413
2012-09-26 23:00:00,-0.07498058876055427
2012-09-27 00:00:00,-0.500371663570468
2012-09-27 01:00:00,0.0
2012-09-27 02:00:00,-1.425268628985574
2012-09-27 03:00:00,0.0
2012-09-27 04:00:00,-1.439299169585813
2012-09-27 05:00:00,0.0
2012-09-27 06:00:00,0.0
2012-09-27 07:00:00,-0.4115271107995159
2012-09-27 08:00:00,0.0
2012-09-27 09:00:00,-0.028181044698627197
2012-09-27 10:00:00,0.09804720761183108
2012-09-27 11:00:00,0.0
2012-09-27 12:00:00,0.26641369481469207
2012-09-27 13:00:00,0.0
2012-09-27 14:00:00,0.13076959798182428
2012-09-27 15:00:00,0.0
2012-09-27 16:00:00,0.13543090715133757
2012-09-27 17:00:00,0.4113337968949039
2012-09-27 18:00:00,0.5141622771744067
2012-09-27 19:00:00,0.4813932737127198
2012-09-27 20:00:00,0.0
2012-09-27 21:00:00,0.5469312806360885
2012-09-27 22:00:00,0.0
2012-09-27 23:00:00,0.0
2012-09-28 00:00:00,0.0
2012-09-28 01:00:00,0.0
2012-09-28 02:00:00,0.0
2012-09-28 03:00:00,0.0
2012-09-28 04:00:00,0.0
2012-09-28 05:00:00,0.0
2012-09-28 06:00:00,-1.1966780273125714
2012-09-28 07:00:00,0.0
2012-09-28 08:00:00,0.0
2012-09-28 09:00:00,0.06998612641135178
2012-09-28 10:00:00,0.0
2012-09-28 11:00:00,0.3738568711720145
2012-09-28 12:00:00,0.0
2012-09-28 13:00:00,0.43934826500368956
2012-09-28 14:00:00,0.0
2012-09-28 15:00:00,0.19626099181349876
2012-09-28 16:00:00,0.0
2012-09-28 17:00:00,0.0
2012-09-28 18:00:00,0.5047930457436748
2012-09-28 19:00:00,0.0
2012-09-28 20:00:00,0.0
2012-09-28 21:00:00,0.0
2012-09-28 22:00:00,0.6076215260231781
2012-09-28 23:00:00,0.49547042740464814
2012-09-29 00:00:00,0.0
2012-09-29 01:00:00,0.0
2012-09-29 02:00:00,0.0
2012-09-29 03:00:00,-1.4113313145687247
2012-09-29 04:00:00,-1.383316846459942
2012-09-29 05:00:00,0.0
2012-09-29 06:00:00,-1.1687101722954867
2012-09-29 07:00:00,-0.45832665486144303
2012-09-29 08:00:00,-0.05158081672959872
2012-09-29 09:00:00,0.04663296747208494
2012-09-29 10:00:00,0.0
2012-09-29 11:00:00,0.8647859529052973
2012-09-29 12:00:00,0.0
2012-09-29 13:00:00,0.3598263305717748
2012-09-29 14:00:00,0.3178279349544437
2012-09-29 15:00:00,0.3037973943542041
2012-09-29 16:00:00,0.0
2012-09-29 17:00:00,0.0
2012-09-29 18:00:00,0.6030068299453479
2012-09-29 19:00:00,0.0
2012-09-29 20:00:00,0.0
2012-09-29 21:00:00,0.799387785257005
2012-09-29 22:00:00,0.0
2012-09-29 23:00:00,0.5047930457436802
2012-09-30 00:00:00,-0.5670749977862249
2012-09-30 01:00:00,0.0
2012-09-30 02:00:00,-1.3600569137040632
2012-09-30 03:00:00,0.0
2012-09-30 04:00:00,-1.3739942281209123
2012-09-30 05:00:00,-1.3086892866560116
2012-09-30 06:00:00,-1.1780327906345165
2012-09-30 07:00:00,0.0
2012-09-30 08:00:00,0.0
2012-09-30 09:00:00,0.08867797618110472
2012-09-30 10:00:00,0.1401388294125451
2012-09-30 11:00:00,0.7011740010553325
2012-09-30 12:00:00,0.4813932737127143
2012-09-30 13:00:00,0.0
2012-09-30 14:00:00,0.0
2012-09-30 15:00:00,0.15883067918229804
2012-09-30 16:00:00,0.0
2012-09-30 17:00:00,0.3411810938937155
2012-09-30 18:00:00,0.0
2012-09-30 19:00:00,0.5328075138524659
2012-09-30 20:00:00,1.0331524401081686
2012-09-30 21:00:00,0.7011273879636438
2012-09-30 22:00:00,0.0
2012-09-30 23:00:00,-0.23388461834931704
2012-10-01 00:00:00,0.0
2012-10-01 01:00:00,0.0
2012-10-01 02:00:00,-1.4485751748331472
2012-10-01 03:00:00,-1.5372798883290126
2012-10-01 04:00:00,0.0
2012-10-01 05:00:00,-1.4719283337724163
2012-10-01 06:00:00,-1.2340617268520795
2012-10-01 07:00:00,0.0
2012-10-01 08:00:00,-0.09362582543861298
2012-10-01 09:00:00,0.0
2012-10-01 10:00:00,0.0
2012-10-01 11:00:00,0.0
2012-10-01 12:00:00,0.0
2012-10-01 13:00:00,0.0
2012-10-01 14:00:00,0.15416937001278475
2012-10-01 15:00:00,0.12144697964279154
2012-10-01 16:00:00,0.0
2012-10-01 17:00:00,0.0
2012-10-01 18:00:00,0.0
2012-10-01 19:00:00,0.5375154361136679
2012-10-01 20:00:00,0.7338963914253306
2012-10-01 21:00:00,0.6357292203153461
2012-10-01 22:00:00,0.5749457487448743
2012-10-01 23:00:00,-0.3274370933814714
2012-10-02 00:00:00,-0.7553452751429209
2012-10-02 01:00:00,-1.308642673564317
2012-10-02 02:00:00,-1.4206073198160596
2012-10-02 03:00:00,0.0
2012-10-02 04:00:00,0.0
2012-10-02 05:00:00,-1.3367037547647955
2012-10-02 06:00:00,0.0
2012-10-02 07:00:00,-0.7352550326223138
2012-10-02 08:00:00,0.08406328010328014
2012-10-02 09:00:00,0.0
2012-10-02 10:00:00,0.0
2012-10-02 11:00:00,0.0
2012-10-02 12:00:00,0.36924217509419544
2012-10-02 13:00:00,0.3505503253244314
2012-10-02 14:00:00,0.31782793495443823
2012-10-02 15:00:00,0.0
2012-10-02 16:00:00,0.3879340248639428
2012-10-02 17:00:00,0.43468695583417566
2012-10-02 18:00:00,0.0
2012-10-02 19:00:00,0.0
2012-10-02 20:00:00,0.934938655906496
2012-10-02 21:00:00,0.687190073546792
2012-10-02 22:00:00,0.0
2012-10-02 23:00:00,0.0
2012-10-03 00:00:00,-0.7868091120371433
2012-10-03 01:00:00,-1.3273811364257655
2012-10-03 02:00:00,-1.425315242077269
2012-10-03 03:00:00,0.0
2012-10-03 04:00:00,-1.4719283337724158
2012-10-03 05:00:00,-1.3226732141645554
2012-10-03 06:00:00,-1.2294004176825666
2012-10-03 07:00:00,0.0
2012-10-03 08:00:00,0.07935535784207261
2012-10-03 09:00:00,0.26170577255348454
2012-10-03 10:00:00,0.0
2012-10-03 11:00:00,0.0
2012-10-03 12:00:00,0.6637903015158204
2012-10-03 13:00:00,0.0
2012-10-03 14:00:00,0.4440095741732133
2012-10-03 15:00:00,0.3552116344939502
2012-10-03 16:00:00,0.0
2012-10-03 17:00:00,0.49080911823512935
2012-10-03 18:00:00,0.5141622771744067
2012-10-03 19:00:00,0.6123294482843801
2012-10-03 20:00:00,0.8087104035960316
2012-10-03 21:00:00,0.6263599888846253
2012-10-03 22:00:00,0.45337880560392924
2012-10-03 23:00:00,-0.24325384978003786
2012-10-04 00:00:00,-0.858220368514113
2012-10-04 01:00:00,0.0
2012-10-04 02:00:00,0.0
2012-10-04 03:00:00,0.0
2012-10-04 04:00:00,0.0
2012-10-04 05:00:00,-1.462652328525082
2012-10-04 06:00:00,-1.3692863058597031
2012-10-04 07:00:00,-0.6090733934035465
2012-10-04 08:00:00,-0.009489194928874256
2012-10-04 09:00:00,0.0
2012-10-04 10:00:00,0.09809382070351978
2012-10-04 11:00:00,0.0
2012-10-04 12:00:00,0.4907625051434406
2012-10-04 13:00:00,0.4393948780953832
2012-10-04 14:00:00,0.2757363131537242
2012-10-04 15:00:00,0.2288901560001084
2012-10-04 16:00:00,0.2289367690917971
2012-10-04 17:00:00,0.0
2012-10-04 18:00:00,0.6216520666234178
2012-10-04 19:00:00,0.0
2012-10-04 20:00:00,0.0
2012-10-04 21:00:00,0.0
2012-10-04 22:00:00,0.621698679715112
2012-10-04 23:00:00,0.09804720761182555
2012-10-05 00:00:00,0.0
2012-10-05 01:00:00,-1.345979760012129
2012-10-05 02:00:00,-1.3833168464599417
2012-10-05 03:00:00,-1.4906201835421704
2012-10-05 04:00:00,-1.4299765512467837
2012-10-05 05:00:00,-1.3879315425377612
2012-10-05 06:00:00,0.0
2012-10-05 07:00:00,0.0
2012-10-05 08:00:00,0.0
2012-10-05 09:00:00,0.0
2012-10-05 10:00:00,0.20558361015253088
2012-10-05 11:00:00,0.0
2012-10-05 12:00:00,0.0
2012-10-05 13:00:00,0.7526348542867728
2012-10-05 14:00:00,0.5562538989751207
2012-10-05 15:00:00,0.24767523195325045
2012-10-05 16:00:00,0.49542381431295945
2012-10-05 17:00:00,0.0
2012-10-05 18:00:00,0.5889296762534196
2012-10-05 19:00:00,0.0
2012-10-05 20:00:00,0.9723689685376968
2012-10-05 21:00:00,0.799387785257005
2012-10-05 22:00:00,0.7572961634562917
2012-10-05 23:00:00,0.5655765173141478
2012-10-06 00:00:00,-0.5097408950011891
2012-10-06 01:00:00,-1.1966780273125763
2012-10-06 02:00:00,0.0
2012-10-06 03:00:00,0.0
2012-10-06 04:00:00,-1.2899974368862577
2012-10-06 05:00:00,0.0
2012-10-06 06:00:00,-1.1360810081088826
2012-10-06 07:00:00,0.0
2012-10-06 08:00:00,0.0
2012-10-06 09:00:00,0.39725664320297555
2012-10-06 10:00:00,0.0
2012-10-06 11:00:00,0.6403439163931707
2012-10-06 12:00:00,0.0
2012-10-06 13:00:00,0.5889296762534196
2012-10-06 14:00:00,0.3552116344939502
2012-10-06 15:00:00,0.0
2012-10-06 16:00:00,0.0
2012-10-06 17:00:00,0.0
2012-10-06 18:00:00,0.780649322395558
2012-10-06 19:00:00,0.6965126918858192
2012-10-06 20:00:00,0.0
2012-10-06 21:00:00,0.0
2012-10-06 22:00:00,0.0
2012-10-06 23:00:00,0.4861011959739273
2012-10-07 00:00:00,-0.5658630574021539
2012-10-07 01:00:00,-1.1687101722954847
2012-10-07 02:00:00,0.0
2012-10-07 03:00:00,-1.2993200552252868
2012-10-07 04:00:00,0.0
2012-10-07 05:00:00,0.0
2012-10-07 06:00:00,0.0
2012-10-07 07:00:00,-0.40220449246048934
2012-10-07 08:00:00,0.0
2012-10-07 09:00:00,0.0
2012-10-07 10:00:00,0.5655765173141528
2012-10-07 11:00:00,0.0
2012-10-07 12:00:00,0.0
2012-10-07 13:00:00,0.7105432324860588
2012-10-07 14:00:00,0.5328541269441602
2012-10-07 15:00:00,0.6123760613760798
2012-10-07 16:00:00,0.9395999650760094
2012-10-07 17:00:00,0.0
2012-10-07 18:00:00,1.3276539534381055
2012-10-07 19:00:00,0.0
2012-10-07 20:00:00,0.0
2012-10-07 21:00:00,0.0
2012-10-07 22:00:00,0.8647859529052973
2012-10-07 23:00:00,-0.1497479878395722
2012-10-08 00:00:00,0.0
2012-10-08 01:00:00,-1.1966780273125737
2012-10-08 02:00:00,-1.285336127716743
2012-10-08 03:00:00,-1.303981364394802
2012-10-08 04:00:00,-1.2807214316389233
2012-10-08 05:00:00,0.0
2012-10-08 06:00:00,-1.1547262447869429
2012-10-08 07:00:00,0.0
2012-10-08 08:00:00,0.0
2012-10-08 09:00:00,0.0
2012-10-08 10:00:00,0.0
2012-10-08 11:00:00,0.4299790335729737
2012-10-08 12:00:00,0.2710283908925222
2012-10-08 13:00:00,0.434640342742487
2012-10-08 14:00:00,0.0
2012-10-08 15:00:00,0.5281928177746469
2012-10-08 16:00:00,0.3879340248639428
2012-10-08 17:00:00,0.0
2012-10-08 18:00:00,0.5655765173141528
2012-10-08 19:00:00,0.0
2012-10-08 20:00:00,0.8835244157667445
2012-10-08 21:00:00,0.0
2012-10-08 22:00:00,0.6918513827162998
2012-10-08 23:00:00,0.11673905738158402
2012-10-09 00:00:00,0.0
2012-10-09 01:00:00,-0.8068061283743668
2012-10-09 02:00:00,-1.0707294535522867
2012-10-09 03:00:00,0.0
2012-10-09 04:00:00,0.0
2012-10-09 05:00:00,-1.0973455289102156
2012-10-09 06:00:00,-0.5892162163414145
2012-10-09 07:00:00,-0.5798935980023879
2012-10-09 08:00:00,0.0
2012-10-09 09:00:00,0.38327271569442956
2012-10-09 10:00:00,0.6169907574539044
2012-10-09 11:00:00,0.7245737730862984
2012-10-09 12:00:00,0.5609152081446395
2012-10-09 13:00:00,0.5889296762534252
2012-10-09 14:00:00,0.4580401147734474
2012-10-09 15:00:00,0.0
2012-10-09 16:00:00,0.41599510606442275
2012-10-09 17:00:00,0.42536433749514907
2012-10-09 18:00:00,0.5421767452831867
2012-10-09 19:00:00,0.0
2012-10-09 20:00:00,0.0
2012-10-09 21:00:00,0.8226943311045777
2012-10-09 22:00:00,0.0
2012-10-09 23:00:00,0.0
2012-10-10 00:00:00,0.0
2012-10-10 01:00:00,-1.1547728578786365
2012-10-10 02:00:00,0.0
2012-10-10 03:00:00,-1.2666908910386838
2012-10-10 04:00:00,-1.2760601224694084
2012-10-10 05:00:00,-1.145403626447913
2012-10-10 06:00:00,-1.1034052308305837
2012-10-10 07:00:00,0.0
2012-10-10 08:00:00,0.027894504610632236
2012-10-10 09:00:00,0.23364469135301016
2012-10-10 10:00:00,0.2757363131537242
2012-10-10 11:00:00,0.5422699714665752
2012-10-10 12:00:00,0.5562072858834264
2012-10-10 13:00:00,0.3645808659246766
2012-10-10 14:00:00,0.2430139227837316
2012-10-10 15:00:00,0.35987294366346845
2012-10-10 16:00:00,0.3645342528329768
2012-10-10 17:00:00,0.36924217509418433
2012-10-10 18:00:00,0.0
2012-10-10 19:00:00,0.7899253276429014
2012-10-10 20:00:00,0.8414327939660254
2012-10-10 21:00:00,0.0
2012-10-10 22:00:00,0.6216520666234178
2012-10-10 23:00:00,0.0
2012-10-11 00:00:00,-0.6372277007874182
2012-10-11 01:00:00,-1.2060472587432984
2012-10-11 02:00:00,-1.2153698770823278
2012-10-11 03:00:00,-1.3133039827338313
2012-10-11 04:00:00,-1.294705359147467
2012-10-11 05:00:00,0.0
2012-10-11 06:00:00,-1.108066540000099
2012-10-11 07:00:00,-0.4676026601087809
2012-10-11 08:00:00,0.2289367690917971
2012-10-11 09:00:00,0.3551650214022615
2012-10-11 10:00:00,0.39259533403346164
2012-10-11 11:00:00,0.5842683670839057
2012-10-11 12:00:00,0.0
2012-10-11 13:00:00,0.0
2012-10-11 14:00:00,0.3318584755546834
2012-10-11 15:00:00,0.3458424030632288
2012-10-11 16:00:00,0.0
2012-10-11 17:00:00,0.481439886804414
2012-10-11 18:00:00,0.5889762893451138
2012-10-11 19:00:00,0.8040490944265184
2012-10-11 20:00:00,0.0
2012-10-11 21:00:00,0.0
2012-10-11 22:00:00,0.5796070579143924
2012-10-11 23:00:00,0.0
2012-10-12 00:00:00,0.0
2012-10-12 01:00:00,0.0
2012-10-12 02:00:00,-1.3133039827338313
2012-10-12 03:00:00,-1.322673214164556
2012-10-12 04:00:00,-1.318058518086736
2012-10-12 05:00:00,-1.2713522002081985
2012-10-12 06:00:00,-1.18740202206524
2012-10-12 07:00:00,0.0
2012-10-12 08:00:00,-0.10765636603885324
2012-10-12 09:00:00,0.21033814550543264
2012-10-12 10:00:00,0.2430139227837316
2012-10-12 11:00:00,0.5889296762534196
2012-10-12 12:00:00,0.5281928177746469
2012-10-12 13:00:00,0.0
2012-10-12 14:00:00,0.0
2012-10-12 15:00:00,0.1775225289520565
2012-10-12 16:00:00,0.0
2012-10-12 17:00:00,0.3692421750941899
2012-10-12 18:00:00,0.6216986797151064
2012-10-12 19:00:00,0.7572495503645974
2012-10-12 20:00:00,0.8133250996738624
2012-10-12 21:00:00,0.0
2012-10-12 22:00:00,0.6637436884241318
2012-10-12 23:00:00,0.5702844395753554
2012-10-13 00:00:00,-0.6185824641093595
2012-10-13 01:00:00,-1.2526603504384448
2012-10-13 02:00:00,-1.3179652919033458
2012-10-13 03:00:00,0.0
2012-10-13 04:00:00,-1.3692863058597031
2012-10-13 05:00:00,-1.360010300612369
2012-10-13 06:00:00,-1.2993666683169844
2012-10-13 07:00:00,-0.3368063248121978
2012-10-13 08:00:00,-0.03755027612935355
2012-10-13 09:00:00,0.12140036655109793
2012-10-13 10:00:00,0.0
2012-10-13 11:00:00,0.6076215260231725
2012-10-13 12:00:00,0.0
2012-10-13 13:00:00,0.5889762893451138
2012-10-13 14:00:00,0.0
2012-10-13 15:00:00,0.31778132186275504
2012-10-13 16:00:00,0.49080911823512935
2012-10-13 17:00:00,0.5889296762534196
2012-10-13 18:00:00,0.0
2012-10-13 19:00:00,0.7198658508250854
2012-10-13 20:00:00,0.0
2012-10-13 21:00:00,0.0
2012-10-13 22:00:00,0.0
2012-10-13 23:00:00,0.5562538989751207
2012-10-14 00:00:00,-0.5658164443104541
2012-10-14 01:00:00,0.0
2012-10-14 02:00:00,0.0
2012-10-14 03:00:00,0.0
2012-10-14 04:00:00,0.0
2012-10-14 05:00:00,-1.2713055871165035
2012-10-14 06:00:00,0.0
2012-10-14 07:00:00,-0.3694821020905017
2012-10-14 08:00:00,0.0
2012-10-14 09:00:00,0.0
2012-10-14 10:00:00,0.4627946501263492
2012-10-14 11:00:00,0.0
2012-10-14 12:00:00,0.7946332499040984
2012-10-14 13:00:00,0.0
2012-10-14 14:00:00,0.0
2012-10-14 15:00:00,0.0
2012-10-14 16:00:00,0.4253177244034604
2012-10-14 17:00:00,0.5234848955134282
2012-10-14 18:00:00,0.7619574726258049
2012-10-14 19:00:00,1.0190752864162402
2012-10-14 20:00:00,0.0
2012-10-14 21:00:00,0.6216520666234178
2012-10-14 22:00:00,0.5188235863439206
2012-10-14 23:00:00,-0.2760228532417253
2012-10-15 00:00:00,0.0
2012-10-15 01:00:00,0.0
2012-10-15 02:00:00,-1.4719749468641115
2012-10-15 03:00:00,-1.4906201835421704
2012-10-15 04:00:00,-1.5791850577629492
2012-10-15 05:00:00,0.0
2012-10-15 06:00:00,0.0
2012-10-15 07:00:00,0.0
2012-10-15 08:00:00,0.0
2012-10-15 09:00:00,0.06532481724183788
2012-10-15 10:00:00,0.14946144775157721
2012-10-15 11:00:00,0.0
2012-10-15 12:00:00,0.0
2012-10-15 13:00:00,0.33647317163250245
2012-10-15 14:00:00,0.28972024066227514
2012-10-15 15:00:00,0.19155306955229676
2012-10-15 16:00:00,0.0
2012-10-15 17:00:00,0.0
2012-10-15 18:00:00,0.0
2012-10-15 19:00:00,0.7105432324860533
2012-10-15 20:00:00,0.7198658508250854
2012-10-15 21:00:00,0.5375620492053677
2012-10-15 22:00:00,0.48605458288223863
2012-10-15 23:00:00,0.0
2012-10-16 00:00:00,-0.7167496352193438
2012-10-16 01:00:00,-1.1360810081088846
2012-10-16 02:00:00,0.0
2012-10-16 03:00:00,-1.1967246404042688
2012-10-16 04:00:00,0.0
2012-10-16 05:00:00,-1.4206073198160596
2012-10-16 06:00:00,0.0
2012-10-16 07:00:00,0.0
2012-10-16 08:00:00,-0.06090343506862593
2012-10-16 09:00:00,0.23364469135300525
2012-10-16 10:00:00,0.0
2012-10-16 11:00:00,0.0
2012-10-16 12:00:00,0.0
2012-10-16 13:00:00,0.0
2012-10-16 14:00:00,0.39725664320297555
2012-10-16 15:00:00,0.16344537526012262
2012-10-16 16:00:00,0.18689176038277794
2012-10-16 17:00:00,0.23364469135301016
2012-10-16 18:00:00,0.5141156640827124
2012-10-16 19:00:00,0.0
2012-10-16 20:00:00,0.0
2012-10-16 21:00:00,0.6029602168536647
2012-10-16 22:00:00,0.5141156640827124
2012-10-16 23:00:00,0.0
2012-10-17 00:00:00,0.0
2012-10-17 01:00:00,-0.6920446966209124
2012-10-17 02:00:00,0.0
2012-10-17 03:00:00,-1.0566989129520472
2012-10-17 04:00:00,0.0
2012-10-17 05:00:00,0.0
2012-10-17 06:00:00,-1.0894213033220408
2012-10-17 07:00:00,-0.7553452751429157
2012-10-17 08:00:00,0.11678567047327333
2012-10-17 09:00:00,0.1448001385820584
2012-10-17 10:00:00,0.3925487209417674
2012-10-17 11:00:00,0.5047930457436809
2012-10-17 12:00:00,0.5514993636222189
2012-10-17 13:00:00,0.2990894720929966
2012-10-17 14:00:00,0.0
2012-10-17 15:00:00,0.2429673096920423
2012-10-17 16:00:00,0.0
2012-10-17 17:00:00,0.0
2012-10-17 18:00:00,0.6310212980541337
2012-10-17 19:00:00,0.8835244157667499
2012-10-17 20:00:00,0.0
2012-10-17 21:00:00,0.0
2012-10-17 22:00:00,0.5095009680048878
2012-10-17 23:00:00,0.0
2012-10-18 00:00:00,0.0
2012-10-18 01:00:00,-1.2947053591474684
2012-10-18 02:00:00,-1.3693795320430926
2012-10-18 03:00:00,0.0
2012-10-18 04:00:00,0.0
2012-10-18 05:00:00,0.0
2012-10-18 06:00:00,0.0
2012-10-18 07:00:00,-0.5810589252947648
2012-10-18 08:00:00,-0.16377852843981244
2012-10-18 09:00:00,0.0
2012-10-18 10:00:00,0.43468695583417566
2012-10-18 11:00:00,0.0
2012-10-18 12:00:00,0.0
2012-10-18 13:00:00,0.2056302232442251
2012-10-18 14:00:00,0.13076959798182428
2012-10-18 15:00:00,0.10275512987303308
2012-10-18 16:00:00,0.14475352549036968
2012-10-18 17:00:00,0.0
2012-10-18 18:00:00,0.0
2012-10-18 19:00:00,0.5655765173141478
2012-10-18 20:00:00,0.0
2012-10-18 21:00:00,0.0
2012-10-18 22:00:00,0.4159484929727285
2012-10-18 23:00:00,-0.5028887705220043
2012-10-19 00:00:00,-0.9060920136850339
2012-10-19 01:00:00,-1.3366571416730997
2012-10-19 02:00:00,-1.4159460106465451
2012-10-19 03:00:00,-1.4672670246029011
2012-10-19 04:00:00,-1.5465558935763468
2012-10-19 05:00:00,0.0
2012-10-19 06:00:00,-1.364624996690188
2012-10-19 07:00:00,0.0
2012-10-19 08:00:00,0.0
2012-10-19 09:00:00,0.06532481724183788
2012-10-19 10:00:00,0.0
2012-10-19 11:00:00,0.0
2012-10-19 12:00:00,0.869447262074816
2012-10-19 13:00:00,0.21495284158325723
2012-10-19 14:00:00,0.3505503253244369
2012-10-19 15:00:00,0.0
2012-10-19 16:00:00,0.19155306955229123
2012-10-19 17:00:00,0.4065792615420071
2012-10-19 18:00:00,0.2617057725534901
2012-10-19 19:00:00,0.0
2012-10-19 20:00:00,0.9443078873372169
2012-10-19 21:00:00,0.6778208421160608
2012-10-19 22:00:00,0.46274803703465556
2012-10-19 23:00:00,0.3411344808020219
2012-10-20 00:00:00,0.0
2012-10-20 01:00:00,-1.3599636875206729
2012-10-20 02:00:00,-1.5606330472682814
2012-10-20 03:00:00,-1.6119540612246372
2012-10-20 04:00:00,-1.5885542891936735
2012-10-20 05:00:00,-1.546602506668041
2012-10-20 06:00:00,-1.4765896429419312
2012-10-20 07:00:00,-0.3414676339817111
2012-10-20 08:00:00,-0.2572843903802775
2012-10-20 09:00:00,0.1448001385820584
2012-10-20 10:00:00,0.3551650214022615
2012-10-20 11:00:00,0.0
2012-10-20 12:00:00,0.0
2012-10-20 13:00:00,0.46740934620416885
2012-10-20 14:00:00,0.0
2012-10-20 15:00:00,0.19621437872181005
2012-10-20 16:00:00,0.0
2012-10-20 17:00:00,0.6029602168536593
2012-10-20 18:00:00,0.5095009680048878
2012-10-20 19:00:00,0.8274022533657908
2012-10-20 20:00:00,0.0
2012-10-20 21:00:00,0.5655765173141528
2012-10-20 22:00:00,0.0
2012-10-20 23:00:00,0.2850123184010676
2012-10-21 00:00:00,0.0
2012-10-21 01:00:00,-1.3413184508426141
2012-10-21 02:00:00,-1.5139267293897434
2012-10-21 03:00:00,-1.5372798883290126
2012-10-21 04:00:00,0.0
2012-10-21 05:00:00,0.0
2012-10-21 06:00:00,-1.4532830970943573
2012-10-21 07:00:00,0.0
2012-10-21 08:00:00,0.14946144775157721
2012-10-21 09:00:00,0.0
2012-10-21 10:00:00,0.0
2012-10-21 11:00:00,0.5655765173141528
2012-10-21 12:00:00,0.0
2012-10-21 13:00:00,0.0
2012-10-21 14:00:00,0.42531772440345483
2012-10-21 15:00:00,0.29438154983178844
2012-10-21 16:00:00,0.19155306955229123
2012-10-21 17:00:00,0.0
2012-10-21 18:00:00,0.0
2012-10-21 19:00:00,0.8881391118445635
2012-10-21 20:00:00,0.0
2012-10-21 21:00:00,0.6122828351926969
2012-10-21 22:00:00,0.5141622771744011
2012-10-21 23:00:00,0.0
2012-10-22 00:00:00,-0.9014307045155123
2012-10-22 01:00:00,-1.3693329189513974
2012-10-22 02:00:00,0.0
2012-10-22 03:00:00,0.0
2012-10-22 04:00:00,0.0
2012-10-22 05:00:00,0.0
2012-10-22 06:00:00,-1.3040279774864971
2012-10-22 07:00:00,-0.47701850463119594
2012-10-22 08:00:00,-0.16377852843981244
2012-10-22 09:00:00,0.0
2012-10-22 10:00:00,0.14018544250423381
2012-10-22 11:00:00,0.31778132186275504
2012-10-22 12:00:00,0.0
2012-10-22 13:00:00,0.3598263305717748
2012-10-22 14:00:00,0.5048396588353745
2012-10-22 15:00:00,0.35521163449395515
2012-10-22 16:00:00,0.0
2012-10-22 17:00:00,0.36453425283298235
2012-10-22 18:00:00,0.0
2012-10-22 19:00:00,0.0
2012-10-22 20:00:00,0.0
2012-10-22 21:00:00,0.6497597609155863
2012-10-22 22:00:00,0.0
2012-10-22 23:00:00,-0.2947147030114838
2012-10-23 00:00:00,0.0
2012-10-23 01:00:00,0.0
2012-10-23 02:00:00,0.0
2012-10-23 03:00:00,-1.1034052308305853
2012-10-23 04:00:00,0.0
2012-10-23 05:00:00,0.0
2012-10-23 06:00:00,0.0
2012-10-23 07:00:00,-0.20120884107101256
2012-10-23 08:00:00,0.16349198835181133
2012-10-23 09:00:00,0.0
2012-10-23 10:00:00,0.09809382070351978
2012-10-23 11:00:00,0.37390348426370873
2012-10-23 12:00:00,0.4159484929727285
2012-10-23 13:00:00,0.46274803703465556
2012-10-23 14:00:00,0.5141622771744017
2012-10-23 15:00:00,0.476731964543201
2012-10-23 16:00:00,0.0
2012-10-23 17:00:00,0.0
2012-10-23 18:00:00,0.5375620492053622
2012-10-23 19:00:00,0.0
2012-10-23 20:00:00,0.0
2012-10-23 21:00:00,0.0
2012-10-23 22:00:00,0.0
2012-10-23 23:00:00,0.0
2012-10-24 00:00:00,-0.6746580134186242
2012-10-24 01:00:00,-0.9434757132245348
2012-10-24 02:00:00,-1.1593409408647626
2012-10-24 03:00:00,-1.32733452333407
2012-10-24 04:00:00,-1.3599636875206735
2012-10-24 05:00:00,-1.2246924954213567
2012-10-24 06:00:00,-1.1220970806003379
2012-10-24 07:00:00,-0.40686580163000263
2012-10-24 08:00:00,0.0
2012-10-24 09:00:00,0.378564793433222
2012-10-24 10:00:00,0.0
2012-10-24 11:00:00,0.5515459767139131
2012-10-24 12:00:00,0.5281928177746413
2012-10-24 13:00:00,0.0
2012-10-24 14:00:00,0.0
2012-10-24 15:00:00,0.0
2012-10-24 16:00:00,0.2897668537539694
2012-10-24 17:00:00,0.3318118624629947
2012-10-24 18:00:00,0.0
2012-10-24 19:00:00,0.7338963914253306
2012-10-24 20:00:00,0.0
2012-10-24 21:00:00,0.7058353102248458
2012-10-24 22:00:00,0.0
2012-10-24 23:00:00,-0.06551813114645051
2012-10-25 00:00:00,0.0
2012-10-25 01:00:00,0.0
2012-10-25 02:00:00,0.0
2012-10-25 03:00:00,0.0
2012-10-25 04:00:00,-1.4486217879248422
2012-10-25 05:00:00,-1.3133039827338315
2012-10-25 06:00:00,0.0
2012-10-25 07:00:00,-0.6032001438499602
2012-10-25 08:00:00,0.0
2012-10-25 09:00:00,0.1728612197825383
2012-10-25 10:00:00,0.0
2012-10-25 11:00:00,0.0
2012-10-25 12:00:00,0.0
2012-10-25 13:00:00,0.40662587463369637
2012-10-25 14:00:00,0.434640342742487
2012-10-25 15:00:00,0.0
2012-10-25 16:00:00,0.378564793433222
2012-10-25 17:00:00,0.5282394308663356
2012-10-25 18:00:00,0.0
2012-10-25 19:00:00,0.9396465781677036
2012-10-25 20:00:00,0.0
2012-10-25 21:00:00,0.0
2012-10-25 22:00:00,0.0
2012-10-25 23:00:00,0.0
2012-10-26 00:00:00,0.0
2012-10-26 01:00:00,-1.3413650639343093
2012-10-26 02:00:00,0.0
2012-10-26 03:00:00,-1.4206539329077545
2012-10-26 04:00:00,-1.453283097094358
2012-10-26 05:00:00,-1.345979760012129
2012-10-26 06:00:00,-1.25270696353014
2012-10-26 07:00:00,-0.42094295532193654
2012-10-26 08:00:00,0.0
2012-10-26 09:00:00,0.0
2012-10-26 10:00:00,0.4019179523724938
2012-10-26 11:00:00,0.6310679111458278
2012-10-26 12:00:00,0.5468846675443998
2012-10-26 13:00:00,0.0
2012-10-26 14:00:00,0.0
2012-10-26 15:00:00,0.0
2012-10-26 16:00:00,0.3739034842637032
2012-10-26 17:00:00,0.0
2012-10-26 18:00:00,0.5749457487448791
2012-10-26 19:00:00,0.9723223554460081
2012-10-26 20:00:00,0.0
2012-10-26 21:00:00,0.7151579285638778
2012-10-26 22:00:00,0.5702844395753548
2012-10-26 23:00:00,0.528146204682952
2012-10-27 00:00:00,0.0
2012-10-27 01:00:00,-1.2386764229299008
2012-10-27 02:00:00,0.0
2012-10-27 03:00:00,-1.4859122612809603
2012-10-27 04:00:00,0.0
2012-10-27 05:00:00,0.0
2012-10-27 06:00:00,-1.2713522002081996
2012-10-27 07:00:00,-0.5577523794471925
2012-10-27 08:00:00,0.0
2012-10-27 09:00:00,0.0
2012-10-27 10:00:00,0.0
2012-10-27 11:00:00,0.8274022533657908
2012-10-27 12:00:00,0.8133717127655511
2012-10-27 13:00:00,0.7152045416555721
2012-10-27 14:00:00,0.9769370515238266
2012-10-27 15:00:00,0.4533788056039286
2012-10-27 16:00:00,0.4674093462041738
2012-10-27 17:00:00,0.0
2012-10-27 18:00:00,0.0
2012-10-27 19:00:00,0.8788164935055369
2012-10-27 20:00:00,1.0892279894174288
2012-10-27 21:00:00,0.9536305056762491
2012-10-27 22:00:00,0.7104966193943646
2012-10-27 23:00:00,0.5375154361136735
2012-10-28 00:00:00,-0.623243773278878
2012-10-28 01:00:00,0.0
2012-10-28 02:00:00,0.0
2012-10-28 03:00:00,-1.518634651650953
2012-10-28 04:00:00,-1.481250952111445
2012-10-28 05:00:00,-1.3833168464599417
2012-10-28 06:00:00,-1.312045429258061
2012-10-28 07:00:00,-0.2292233091797927
2012-10-28 08:00:00,-0.24325384978003786
2012-10-28 09:00:00,0.0
2012-10-28 10:00:00,0.3177813218627495
2012-10-28 11:00:00,0.518823586343915
2012-10-28 12:00:00,0.0
2012-10-28 13:00:00,0.5702378264836612
2012-10-28 14:00:00,0.2476286188615562
2012-10-28 15:00:00,0.0
2012-10-28 16:00:00,0.0
2012-10-28 17:00:00,0.0
2012-10-28 18:00:00,0.0
2012-10-28 19:00:00,0.9396465781677036
2012-10-28 20:00:00,0.0
2012-10-28 21:00:00,0.5982989076841404
2012-10-28 22:00:00,0.378564793433222
2012-10-28 23:00:00,-0.4256042644914501
2012-10-29 00:00:00,0.0
2012-10-29 01:00:00,0.0
2012-10-29 02:00:00,-1.5932155983631882
2012-10-29 03:00:00,-1.7192573983068662
2012-10-29 04:00:00,-1.6632284620892994
2012-10-29 05:00:00,-1.5792316708546443
2012-10-29 06:00:00,0.0
2012-10-29 07:00:00,-0.47701850463119594
2012-10-29 08:00:00,0.0
2012-10-29 09:00:00,-0.13571744723933252
2012-10-29 10:00:00,0.3084587035237174
2012-10-29 11:00:00,0.0
2012-10-29 12:00:00,0.42065641523393604
2012-10-29 13:00:00,0.2944281629234771
2012-10-29 14:00:00,0.0
2012-10-29 15:00:00,0.13076959798181875
2012-10-29 16:00:00,0.0
2012-10-29 17:00:00,0.0
2012-10-29 18:00:00,0.9021696524448086
2012-10-29 19:00:00,0.0
2012-10-29 20:00:00,0.0
2012-10-29 21:00:00,0.0
2012-10-29 22:00:00,0.0
2012-10-29 23:00:00,0.0
2012-10-30 00:00:00,-0.985474108841861
2012-10-30 01:00:00,-1.4392991695858137
2012-10-30 02:00:00,0.0
2012-10-30 03:00:00,-1.5232959608204686
2012-10-30 04:00:00,0.0
2012-10-30 05:00:00,0.0
2012-10-30 06:00:00,-1.32733452333407
2012-10-30 07:00:00,0.0
2012-10-30 08:00:00,-0.2572377772885888
2012-10-30 09:00:00,0.11678567047327826
2012-10-30 10:00:00,0.0
2012-10-30 11:00:00,0.6544210700851052
2012-10-30 12:00:00,0.5281462046829472
2012-10-30 13:00:00,0.3739034842637032
2012-10-30 14:00:00,0.2944281629234771
2012-10-30 15:00:00,0.3411810938937106
2012-10-30 16:00:00,0.0
2012-10-30 17:00:00,0.0
2012-10-30 18:00:00,0.8040490944265245
2012-10-30 19:00:00,0.874155184336018
2012-10-30 20:00:00,0.8274022533657908
2012-10-30 21:00:00,0.6029602168536538
2012-10-30 22:00:00,0.0
2012-10-30 23:00:00,-0.5156607576464788
2012-10-31 00:00:00,-1.0428082116268955
2012-10-31 01:00:00,-1.5558785119153762
2012-10-31 02:00:00,0.0
2012-10-31 03:00:00,0.0
2012-10-31 04:00:00,-1.7984530410969206
2012-10-31 05:00:00,0.0
2012-10-31 06:00:00,-1.4765896429419312
2012-10-31 07:00:00,0.0
2012-10-31 08:00:00,0.0
2012-10-31 09:00:00,-0.05619551280741287
2012-10-31 10:00:00,0.19155306955229123
2012-10-31 11:00:00,0.0
2012-10-31 12:00:00,0.0
2012-10-31 13:00:00,0.4487174964344098
2012-10-31 14:00:00,0.0
2012-10-31 15:00:00,0.40662587463369576
2012-10-31 16:00:00,0.0
2012-10-31 17:00:00,0.0
2012-10-31 18:00:00,0.8040024813348303
2012-10-31 19:00:00,1.117289070617908
2012-10-31 20:00:00,0.0
2012-10-31 21:00:00,0.0
2012-10-31 22:00:00,0.0
2012-10-31 23:00:00,0.18689176038277794
2012-11-01 00:00:00,-0.9328013152263454
2012-11-01 01:00:00,0.0
2012-11-01 02:00:00,-1.4952814927116846
2012-11-01 03:00:00,0.0
2012-11-01 04:00:00,-1.518634651650953
2012-11-01 05:00:00,0.0
2012-11-01 06:00:00,0.0
2012-11-01 07:00:00,-0.9575528669164699
2012-11-01 08:00:00,0.08406328010328014
2012-11-01 09:00:00,0.0
2012-11-01 10:00:00,1.23414809149764
2012-11-01 11:00:00,1.4394787604147654
2012-11-01 12:00:00,0.0
2012-11-01 13:00:00,0.0
2012-11-01 14:00:00,1.1546261570657148
2012-11-01 15:00:00,0.9068775747060162
2012-11-01 16:00:00,0.8414327939660304
2012-11-01 17:00:00,0.0
2012-11-01 18:00:00,1.6548778571380351
2012-11-01 19:00:00,1.621642722759395
2012-11-01 20:00:00,0.0
2012-11-01 21:00:00,0.0
2012-11-01 22:00:00,0.0
2012-11-01 23:00:00,0.0
2012-11-02 00:00:00,-0.44429611426120336
2012-11-02 01:00:00,-1.2340617268520817
2012-11-02 02:00:00,-1.3366571416730997
2012-11-02 03:00:00,-1.378655537290427
2012-11-02 04:00:00,0.0
2012-11-02 05:00:00,0.0
2012-11-02 06:00:00,0.0
2012-11-02 07:00:00,0.0
2012-11-02 08:00:00,0.0
2012-11-02 09:00:00,0.0
2012-11-02 10:00:00,0.4486708833427211
2012-11-02 11:00:00,0.6403905294848655
2012-11-02 12:00:00,0.6637903015158204
2012-11-02 13:00:00,0.5889762893451083
2012-11-02 14:00:00,0.4440095741732133
2012-11-02 15:00:00,0.3552116344939502
2012-11-02 16:00:00,0.0
2012-11-02 17:00:00,0.0
2012-11-02 18:00:00,0.0
2012-11-02 19:00:00,0.9536305056762491
2012-11-02 20:00:00,0.9582918148457679
2012-11-02 21:00:00,0.7057886971331571
2012-11-02 22:00:00,0.5328075138524659
2012-11-02 23:00:00,0.528146204682952
2012-11-03 00:00:00,-0.5845549071719068
2012-11-03 01:00:00,0.0
2012-11-03 02:00:00,0.0
2012-11-03 03:00:00,0.0
2012-11-03 04:00:00,0.0
2012-11-03 05:00:00,0.0
2012-11-03 06:00:00,0.0
2012-11-03 07:00:00,0.0
2012-11-03 08:00:00,0.0
2012-11-03 09:00:00,0.8647859529052917
2012-11-03 10:00:00,0.0
2012-11-03 11:00:00,0.0
2012-11-03 12:00:00,1.3462059639327766
2012-11-03 13:00:00,0.0
2012-11-03 14:00:00,0.0
2012-11-03 15:00:00,0.0
2012-11-03 16:00:00,0.8928470341057765
2012-11-03 17:00:00,0.0
2012-11-03 18:00:00,1.1172890706179135
2012-11-03 19:00:00,1.0471363676167091
2012-11-03 20:00:00,0.0
2012-11-03 21:00:00,0.0
2012-11-03 22:00:00,0.4861011959739273
2012-11-03 23:00:00,0.47207065537368215
2012-11-04 00:00:00,0.0
2012-11-04 01:00:00,0.0
2012-11-04 02:00:00,0.0
2012-11-04 03:00:00,-1.4765896429419305
2012-11-04 04:00:00,-1.5232959608204681
2012-11-04 05:00:00,0.0
2012-11-04 06:00:00,0.0
2012-11-04 07:00:00,-0.6184426248342768
2012-11-04 08:00:00,0.11207774821206519
2012-11-04 09:00:00,0.0
2012-11-04 10:00:00,0.5889296762534196
2012-11-04 11:00:00,0.0
2012-11-04 12:00:00,0.0
2012-11-04 13:00:00,0.0
2012-11-04 14:00:00,0.663790301515826
2012-11-04 15:00:00,0.8274022533657963
2012-11-04 16:00:00,0.6918047696246061
2012-11-04 17:00:00,1.1172424575262139
2012-11-04 18:00:00,0.0
2012-11-04 19:00:00,1.0097526680772027
2012-11-04 20:00:00,0.0
2012-11-04 21:00:00,0.5328541269441602
2012-11-04 22:00:00,0.0
2012-11-04 23:00:00,-0.36011287065976977
2012-11-05 00:00:00,0.0
2012-11-05 01:00:00,-1.4812509521114456
2012-11-05 02:00:00,-1.5419411974985273
2012-11-05 03:00:00,-1.569909052515615
2012-11-05 04:00:00,-1.5885542891936735
2012-11-05 05:00:00,0.0
2012-11-05 06:00:00,-1.4626057154333867
2012-11-05 07:00:00,0.0
2012-11-05 08:00:00,-0.3133133265978482
2012-11-05 09:00:00,0.0
2012-11-05 10:00:00,0.07935535784207814
2012-11-05 11:00:00,0.0
2012-11-05 12:00:00,0.0
2012-11-05 13:00:00,0.0
2012-11-05 14:00:00,0.16349198835181686
2012-11-05 15:00:00,0.22427545992228382
2012-11-05 16:00:00,0.0839700539198972
2012-11-05 17:00:00,0.5329007400358537
2012-11-05 18:00:00,0.7385577005948384
2012-11-05 19:00:00,0.6964660787941249
2012-11-05 20:00:00,0.0
2012-11-05 21:00:00,0.39725664320297555
2012-11-05 22:00:00,0.28035100923154876
2012-11-05 23:00:00,-0.5250299890771996
2012-11-06 00:00:00,0.0
2012-11-06 01:00:00,0.0
2012-11-06 02:00:00,-1.6539058437502698
2012-11-06 03:00:00,-1.6958576262759018
2012-11-06 04:00:00,-1.7565012585712878
2012-11-06 05:00:00,-1.644536612319545
2012-11-06 06:00:00,0.0
2012-11-06 07:00:00,-1.1127744622613074
2012-11-06 08:00:00,0.0
2012-11-06 09:00:00,-0.21985407774906635
2012-11-06 10:00:00,0.16349198835181686
2012-11-06 11:00:00,0.3598263305717748
2012-11-06 12:00:00,0.26636708172299783
2012-11-06 13:00:00,0.2664136948146976
2012-11-06 14:00:00,0.3458424030632288
2012-11-06 15:00:00,0.26170577255348454
2012-11-06 16:00:00,0.0
2012-11-06 17:00:00,0.0
2012-11-06 18:00:00,0.9396465781677036
2012-11-06 19:00:00,0.0
2012-11-06 20:00:00,0.9536305056762491
2012-11-06 21:00:00,0.0
2012-11-06 22:00:00,0.0
2012-11-06 23:00:00,-0.1684864507010249
2012-11-07 00:00:00,-0.749472025589331
2012-11-07 01:00:00,-1.2853361277167434
2012-11-07 02:00:00,-1.3973473870601816
2012-11-07 03:00:00,0.0
2012-11-07 04:00:00,-1.4019620831380013
2012-11-07 05:00:00,-1.378655537290427
2012-11-07 06:00:00,0.0
2012-11-07 07:00:00,0.0
2012-11-07 08:00:00,0.0
2012-11-07 09:00:00,0.500131736574167
2012-11-07 10:00:00,0.0
2012-11-07 11:00:00,0.0
2012-11-07 12:00:00,0.0
2012-11-07 13:00:00,0.0
2012-11-07 14:00:00,0.9863528960462422
2012-11-07 15:00:00,1.0144605903384158
2012-11-07 16:00:00,0.0
2012-11-07 17:00:00,1.0985972208481551
2012-11-07 18:00:00,1.537645931524744
2012-11-07 19:00:00,1.4581239970928186
2012-11-07 20:00:00,0.934938655906496
2012-11-07 21:00:00,0.0
2012-11-07 22:00:00,0.0
2012-11-07 23:00:00,-0.20116222797931832
2012-11-08 00:00:00,-0.9481836354857408
2012-11-08 01:00:00,-1.4439604787553282
2012-11-08 02:00:00,0.0
2012-11-08 03:00:00,-1.5419411974985273
2012-11-08 04:00:00,0.0
2012-11-08 05:00:00,-1.5232959608204681
2012-11-08 06:00:00,-1.4906201835421704
2012-11-08 07:00:00,-0.6745181741435371
2012-11-08 08:00:00,0.0
2012-11-08 09:00:00,0.0
2012-11-08 10:00:00,0.0
2012-11-08 11:00:00,0.0
2012-11-08 12:00:00,0.30375078126251476
2012-11-08 13:00:00,0.0
2012-11-08 14:00:00,0.0
2012-11-08 15:00:00,0.24296730969204292
2012-11-08 16:00:00,0.4580401147734474
2012-11-08 17:00:00,0.0
2012-11-08 18:00:00,1.0237832086774479
2012-11-08 19:00:00,0.0
2012-11-08 20:00:00,0.0
2012-11-08 21:00:00,1.112581148356695
2012-11-08 22:00:00,0.7853106315650656
2012-11-08 23:00:00,-0.11707221056127383
2012-11-09 00:00:00,-1.0460711280455524
2012-11-09 01:00:00,0.0
2012-11-09 02:00:00,0.0
2012-11-09 03:00:00,0.0
2012-11-09 04:00:00,0.0
2012-11-09 05:00:00,0.0
2012-11-09 06:00:00,0.0
2012-11-09 07:00:00,-0.3835126426907364
2012-11-09 08:00:00,0.24296730969204292
2012-11-09 09:00:00,0.663790301515826
2012-11-09 10:00:00,0.7525416281033893
2012-11-09 11:00:00,0.9536771187679433
2012-11-09 12:00:00,0.0
2012-11-09 13:00:00,0.0
2012-11-09 14:00:00,0.26170577255348454
2012-11-09 15:00:00,0.0
2012-11-09 16:00:00,0.19621437872181005
2012-11-09 17:00:00,0.0
2012-11-09 18:00:00,0.9162468061367431
2012-11-09 19:00:00,0.0
2012-11-09 20:00:00,0.8787698804138482
2012-11-09 21:00:00,0.0
2012-11-09 22:00:00,0.5702844395753554
2012-11-09 23:00:00,0.0
2012-11-10 00:00:00,0.0
2012-11-10 01:00:00,-1.439299169585813
2012-11-10 02:00:00,-1.471928333772416
2012-11-10 03:00:00,0.0
2012-11-10 04:00:00,-1.5232493477287734
2012-11-10 05:00:00,-1.4905735704504754
2012-11-10 06:00:00,0.0
2012-11-10 07:00:00,-0.8126327648362572
2012-11-10 08:00:00,-0.09362582543861298
2012-11-10 09:00:00,0.26165915946179585
2012-11-10 10:00:00,0.5796070579143875
2012-11-10 11:00:00,0.9021696524448142
2012-11-10 12:00:00,0.7058353102248514
2012-11-10 13:00:00,0.6871434604550873
2012-11-10 14:00:00,0.4299790335729737
2012-11-10 15:00:00,0.0
2012-11-10 16:00:00,0.7152045416555721
2012-11-10 17:00:00,0.827355640274102
2012-11-10 18:00:00,0.0
2012-11-10 19:00:00,0.0
2012-11-10 20:00:00,0.9956755143852688
2012-11-10 21:00:00,0.0
2012-11-10 22:00:00,0.0
2012-11-10 23:00:00,0.45804011477344253
2012-11-11 00:00:00,0.0
2012-11-11 01:00:00,0.0
2012-11-11 02:00:00,0.0
2012-11-11 03:00:00,0.0
2012-11-11 04:00:00,-1.322626601072861
2012-11-11 05:00:00,0.0
2012-11-11 06:00:00,-1.1267583897698548
2012-11-11 07:00:00,-0.439634805091695
2012-11-11 08:00:00,0.0
2012-11-11 09:00:00,0.19155306955229123
2012-11-11 10:00:00,0.0
2012-11-11 11:00:00,1.420786910645012
2012-11-11 12:00:00,0.0
2012-11-11 13:00:00,0.0
2012-11-11 14:00:00,0.9302773467369828
2012-11-11 15:00:00,1.2993598067791496
2012-11-11 16:00:00,1.0658748304781618
2012-11-11 17:00:00,0.0
2012-11-11 18:00:00,1.5421674014191744
2012-11-11 19:00:00,0.0
2012-11-11 20:00:00,1.1826872382661995
2012-11-11 21:00:00,0.0
2012-11-11 22:00:00,1.1639953884964467
2012-11-11 23:00:00,-0.27723479362580183
2012-11-12 00:00:00,0.0
2012-11-12 01:00:00,-1.3925928517072763
2012-11-12 02:00:00,0.0
2012-11-12 03:00:00,-1.7052268577066267
2012-11-12 04:00:00,-1.6445366123195455
2012-11-12 05:00:00,-1.593215598363188
2012-11-12 06:00:00,-1.4113313145687254
2012-11-12 07:00:00,-0.23388461834931704
2012-11-12 08:00:00,0.0
2012-11-12 09:00:00,0.2850589314927563
2012-11-12 10:00:00,0.33185847555467785
2012-11-12 11:00:00,0.0
2012-11-12 12:00:00,0.0
2012-11-12 13:00:00,0.3879340248639428
2012-11-12 14:00:00,0.3878874117722541
2012-11-12 15:00:00,0.07935535784207261
2012-11-12 16:00:00,0.13076959798182428
2012-11-12 17:00:00,0.41133379689490884
2012-11-12 18:00:00,0.9021696524448086
2012-11-12 19:00:00,1.140455777190398
2012-11-12 20:00:00,1.2855623316373868
2012-11-12 21:00:00,1.0704895265559808
2012-11-12 22:00:00,0.9723223554460081
2012-11-12 23:00:00,-0.24917371242532194
2012-11-13 00:00:00,-1.1407423172783957
2012-11-13 01:00:00,0.0
2012-11-13 02:00:00,0.0
2012-11-13 03:00:00,-1.663181848997604
2012-11-13 04:00:00,-1.7051802446149311
2012-11-13 05:00:00,-1.7005655485371116
2012-11-13 06:00:00,-1.527957269989983
2012-11-13 07:00:00,-0.8580339161473317
2012-11-13 08:00:00,-0.07493397566886004
2012-11-13 09:00:00,0.0
2012-11-13 10:00:00,0.6450518386543733
2012-11-13 11:00:00,0.0
2012-11-13 12:00:00,0.663790301515826
2012-11-13 13:00:00,0.7619108595341108
2012-11-13 14:00:00,0.0
2012-11-13 15:00:00,0.0
2012-11-13 16:00:00,0.0
2012-11-13 17:00:00,0.4533788056039341
2012-11-13 18:00:00,0.8040024813348297
2012-11-13 19:00:00,0.0
2012-11-13 20:00:00,0.0
2012-11-13 21:00:00,0.0
2012-11-13 22:00:00,1.0518442898779223
2012-11-13 23:00:00,-0.253788408503141
2012-11-14 00:00:00,-1.1687101722954862
2012-11-14 01:00:00,-1.616568757302457
2012-11-14 02:00:00,-1.6539058437502692
2012-11-14 03:00:00,-1.6819203118590536
2012-11-14 04:00:00,-1.64458322541124
2012-11-14 05:00:00,-1.6165687573024572
2012-11-14 06:00:00,-1.6398753031500304
2012-11-14 07:00:00,-0.08434982019128062
2012-11-14 08:00:00,0.0
2012-11-14 09:00:00,0.6824821512855789
2012-11-14 10:00:00,0.8460941031355492
2012-11-14 11:00:00,0.8508020253967519
2012-11-14 12:00:00,0.9348920428148019
2012-11-14 13:00:00,0.0
2012-11-14 14:00:00,0.7666653948870125
2012-11-14 15:00:00,0.5047930457436809
2012-11-14 16:00:00,0.0
2012-11-14 17:00:00,0.7011740010553325
2012-11-14 18:00:00,1.3136234128378659
2012-11-14 19:00:00,1.0658748304781618
2012-11-14 20:00:00,0.0
2012-11-14 21:00:00,0.9536771187679433
2012-11-14 22:00:00,0.9255694244757697
2012-11-14 23:00:00,-0.11697898437788536
2012-11-15 00:00:00,-0.9995046494420992
2012-11-15 01:00:00,-1.3832702333682465
2012-11-15 02:00:00,0.0
2012-11-15 03:00:00,0.0
2012-11-15 04:00:00,0.0
2012-11-15 05:00:00,0.0
2012-11-15 06:00:00,0.0
2012-11-15 07:00:00,-0.6604876335432963
2012-11-15 08:00:00,-0.21519276857955796
2012-11-15 09:00:00,0.0185252731799108
2012-11-15 10:00:00,0.0
2012-11-15 11:00:00,0.0
2012-11-15 12:00:00,0.3411344808020213
2012-11-15 13:00:00,0.12140036655109793
2012-11-15 14:00:00,-0.009442581837185554
2012-11-15 15:00:00,0.0
2012-11-15 16:00:00,0.10270851678134438
2012-11-15 17:00:00,0.0
2012-11-15 18:00:00,0.0
2012-11-15 19:00:00,0.8227409441962774
2012-11-15 20:00:00,0.0
2012-11-15 21:00:00,0.0
2012-11-15 22:00:00,0.49076250514344616
2012-11-15 23:00:00,-0.24917371242532194
2012-11-16 00:00:00,-0.9808127996723447
2012-11-16 01:00:00,-1.3599636875206729
2012-11-16 02:00:00,-1.4859588743726553
2012-11-16 03:00:00,-1.5745703616851294
2012-11-16 04:00:00,-1.4952348796199895
2012-11-16 05:00:00,-1.4252686289855747
2012-11-16 06:00:00,-1.223294102670501
2012-11-16 07:00:00,0.0
2012-11-16 08:00:00,0.0
2012-11-16 09:00:00,0.0
2012-11-16 10:00:00,0.2897668537539638
2012-11-16 11:00:00,0.0
2012-11-16 12:00:00,0.0
2012-11-16 13:00:00,0.0
2012-11-16 14:00:00,0.0
2012-11-16 15:00:00,0.1448001385820584
2012-11-16 16:00:00,0.0
2012-11-16 17:00:00,0.0
2012-11-16 18:00:00,0.8882323380279574
2012-11-16 19:00:00,1.0004300497381762
2012-11-16 20:00:00,1.0004300497381762
2012-11-16 21:00:00,0.0
2012-11-16 22:00:00,0.5795604448226933
2012-11-16 23:00:00,0.4720706553736871
2012-11-17 00:00:00,0.0
2012-11-17 01:00:00,0.0
2012-11-17 02:00:00,0.0
2012-11-17 03:00:00,-1.4299299381550892
2012-11-17 04:00:00,-1.4019620831380006
2012-11-17 05:00:00,-1.3180119049950412
2012-11-17 06:00:00,-1.2760601224694093
2012-11-17 07:00:00,-0.2993760121809915
2012-11-17 08:00:00,0.0
2012-11-17 09:00:00,0.0
2012-11-17 10:00:00,0.0
2012-11-17 11:00:00,0.6544210700850996
2012-11-17 12:00:00,0.6544210700850996
2012-11-17 13:00:00,0.0
2012-11-17 14:00:00,0.6169907574539044
2012-11-17 15:00:00,0.3785647934332165
2012-11-17 16:00:00,0.5328075138524715
2012-11-17 17:00:00,0.64039052948486
2012-11-17 18:00:00,1.0658282173864622
2012-11-17 19:00:00,0.0
2012-11-17 20:00:00,0.9956755143852688
2012-11-17 21:00:00,0.5935909854229433
2012-11-17 22:00:00,0.0
2012-11-17 23:00:00,0.3365197847241967
2012-11-18 00:00:00,0.0
2012-11-18 01:00:00,0.0
2012-11-18 02:00:00,-1.467267024602902
2012-11-18 03:00:00,0.0
2012-11-18 04:00:00,-1.5186346516509537
2012-11-18 05:00:00,0.0
2012-11-18 06:00:00,0.0
2012-11-18 07:00:00,0.0
2012-11-18 08:00:00,-0.3367130986288093
2012-11-18 09:00:00,0.0
2012-11-18 10:00:00,0.46740934620416885
2012-11-18 11:00:00,0.6216986797151015
2012-11-18 12:00:00,0.6497131478238921
2012-11-18 13:00:00,0.0
2012-11-18 14:00:00,0.33181186246298916
2012-11-18 15:00:00,0.28035100923154876
2012-11-18 16:00:00,0.0
2012-11-18 17:00:00,0.6777742290243665
2012-11-18 18:00:00,1.0377671361859884
2012-11-18 19:00:00,0.0
2012-11-18 20:00:00,0.0
2012-11-18 21:00:00,0.6544676831767938
2012-11-18 22:00:00,0.0
2012-11-18 23:00:00,0.0
2012-11-19 00:00:00,-1.0101324343485947
2012-11-19 01:00:00,-1.364671609781883
2012-11-19 02:00:00,-1.6071995258717324
2012-11-19 03:00:00,0.0
2012-11-19 04:00:00,-1.5186346516509537
2012-11-19 05:00:00,-1.5139267293897434
2012-11-19 06:00:00,-1.3692863058597031
2012-11-19 07:00:00,-0.6126159883723861
2012-11-19 08:00:00,-0.24791515894955668
2012-11-19 09:00:00,0.0
2012-11-19 10:00:00,0.26170577255348454
2012-11-19 11:00:00,0.33185847555467785
2012-11-19 12:00:00,0.0
2012-11-19 13:00:00,0.0
2012-11-19 14:00:00,0.25228992803107503
2012-11-19 15:00:00,0.12144697964279154
2012-11-19 16:00:00,0.14946144775157721
2012-11-19 17:00:00,0.0
2012-11-19 18:00:00,0.0
2012-11-19 19:00:00,1.014413977246716
2012-11-19 20:00:00,1.1219503797874213
2012-11-19 21:00:00,0.972322355446002
2012-11-19 22:00:00,0.8928470341057765
2012-11-19 23:00:00,0.0
2012-11-20 00:00:00,-0.9947967271808937
2012-11-20 01:00:00,-1.4159460106465451
2012-11-20 02:00:00,-1.5606330472682808
2012-11-20 03:00:00,0.0
2012-11-20 04:00:00,-1.5792316708546443
2012-11-20 05:00:00,-1.4999894149728947
2012-11-20 06:00:00,-1.3460263731038242
2012-11-20 07:00:00,0.0
2012-11-20 08:00:00,-0.01885842635960061
2012-11-20 09:00:00,0.1868451472910837
2012-11-20 10:00:00,0.0
2012-11-20 11:00:00,0.0
2012-11-20 12:00:00,0.35521163449395515
2012-11-20 13:00:00,0.299089472092991
2012-11-20 14:00:00,0.1074164390425519
2012-11-20 15:00:00,0.0
2012-11-20 16:00:00,0.3177813218627495
2012-11-20 17:00:00,0.3925953340334561
2012-11-20 18:00:00,0.0
2012-11-20 19:00:00,0.0
2012-11-20 20:00:00,0.7058353102248507
2012-11-20 21:00:00,0.47677857763489523
2012-11-20 22:00:00,0.43468695583417566
2012-11-20 23:00:00,-0.3882205649519439
2012-11-21 00:00:00,-1.0041193455199218
2012-11-21 01:00:00,-1.285336127716744
2012-11-21 02:00:00,-1.4299765512467837
2012-11-21 03:00:00,-1.4905735704504748
2012-11-21 04:00:00,0.0
2012-11-21 05:00:00,-1.425268628985574
2012-11-21 06:00:00,-1.3833168464599421
2012-11-21 07:00:00,-0.5808724729279903
2012-11-21 08:00:00,-0.2151927685795641
2012-11-21 09:00:00,0.0
2012-11-21 10:00:00,0.238306000522529
2012-11-21 11:00:00,0.0
2012-11-21 12:00:00,0.0
2012-11-21 13:00:00,0.22893676909180263
2012-11-21 14:00:00,0.23364469135301016
2012-11-21 15:00:00,0.0
2012-11-21 16:00:00,0.20092230098301758
2012-11-21 17:00:00,0.3458424030632288
2012-11-21 18:00:00,0.0
2012-11-21 19:00:00,0.0
2012-11-21 20:00:00,0.6964660787941299
2012-11-21 21:00:00,0.3177347087710608
2012-11-21 22:00:00,0.0
2012-11-21 23:00:00,0.0
2012-11-22 00:00:00,-1.056792139135441
2012-11-22 01:00:00,-1.621230066471972
2012-11-22 02:00:00,-1.6492445345807547
2012-11-22 03:00:00,0.0
2012-11-22 04:00:00,-1.6725510804283281
2012-11-22 05:00:00,0.0
2012-11-22 06:00:00,0.0
2012-11-22 07:00:00,0.0
2012-11-22 08:00:00,0.0
2012-11-22 09:00:00,0.0
2012-11-22 10:00:00,0.6169907574538989
2012-11-22 11:00:00,0.0
2012-11-22 12:00:00,0.0
2012-11-22 13:00:00,0.0
2012-11-22 14:00:00,0.6309746849624444
2012-11-22 15:00:00,0.5982989076841404
2012-11-22 16:00:00,0.0
2012-11-22 17:00:00,0.7198658508250854
2012-11-22 18:00:00,0.0
2012-11-22 19:00:00,0.0
2012-11-22 20:00:00,0.0
2012-11-22 21:00:00,0.8133717127655511
2012-11-22 22:00:00,0.7619108595341052
2012-11-22 23:00:00,0.06527820415013873
2012-11-23 00:00:00,-0.8813404619949003
2012-11-23 01:00:00,-1.471928333772416
2012-11-23 02:00:00,0.0
2012-11-23 03:00:00,0.0
2012-11-23 04:00:00,0.0
2012-11-23 05:00:00,-1.551263815837556
2012-11-23 06:00:00,-1.457991019355567
2012-11-23 07:00:00,-0.8019117537463725
2012-11-23 08:00:00,-0.20116222797931832
2012-11-23 09:00:00,0.04658635438039071
2012-11-23 10:00:00,0.0
2012-11-23 11:00:00,0.4907158920517519
2012-11-23 12:00:00,0.0
2012-11-23 13:00:00,0.9115854969672237
2012-11-23 14:00:00,0.7619108595341108
2012-11-23 15:00:00,0.6637903015158204
2012-11-23 16:00:00,0.0
2012-11-23 17:00:00,0.0
2012-11-23 18:00:00,1.294931563068113
2012-11-23 19:00:00,1.2995928722376313
2012-11-23 20:00:00,0.0
2012-11-23 21:00:00,1.140688842648874
2012-11-23 22:00:00,0.9022162655364974
2012-11-23 23:00:00,0.3177347087710608
2012-11-24 00:00:00,0.0
2012-11-24 01:00:00,-1.32733452333407
2012-11-24 02:00:00,0.0
2012-11-24 03:00:00,-1.5046041110507145
2012-11-24 04:00:00,-1.4999428018811998
2012-11-24 05:00:00,-1.4765896429419312
2012-11-24 06:00:00,-1.303981364394802
2012-11-24 07:00:00,-0.3040839344422046
2012-11-24 08:00:00,0.05595558581111153
2012-11-24 09:00:00,0.2944281629234833
2012-11-24 10:00:00,0.0
2012-11-24 11:00:00,0.0
2012-11-24 12:00:00,1.290270253898599
2012-11-24 13:00:00,1.2247788600669136
2012-11-24 14:00:00,0.9770302777072101
2012-11-24 15:00:00,0.9863528960462367
2012-11-24 16:00:00,0.0
2012-11-24 17:00:00,1.3043007944988387
2012-11-24 18:00:00,1.6735230938160945
2012-11-24 19:00:00,1.5237086171078926
2012-11-24 20:00:00,0.0
2012-11-24 21:00:00,1.0004300497381762
2012-11-24 22:00:00,0.6964660787941249
2012-11-24 23:00:00,0.30850531661541714
2012-11-25 00:00:00,-0.9233388576122367
2012-11-25 01:00:00,-1.3086892866560114
2012-11-25 02:00:00,-1.4392991695858135
2012-11-25 03:00:00,-1.4765896429419305
2012-11-25 04:00:00,-1.4345912473246034
2012-11-25 05:00:00,-1.4066700053992103
2012-11-25 06:00:00,-1.2433843451911113
2012-11-25 07:00:00,-0.4723105823699884
2012-11-25 08:00:00,0.11678567047327826
2012-11-25 09:00:00,0.23364469135301016
2012-11-25 10:00:00,0.6637436884241318
2012-11-25 11:00:00,0.0
2012-11-25 12:00:00,1.2715784041288463
2012-11-25 13:00:00,0.0
2012-11-25 14:00:00,0.9816915868767283
2012-11-25 15:00:00,1.0050913589076893
2012-11-25 16:00:00,1.3463458032078586
2012-11-25 17:00:00,0.0
2012-11-25 18:00:00,0.0
2012-11-25 19:00:00,1.4584036756429946
2012-11-25 20:00:00,0.0
2012-11-25 21:00:00,1.1312729981264589
2012-11-25 22:00:00,0.5281928177746358
2012-11-25 23:00:00,0.0
2012-11-26 00:00:00,-0.9901820311030713
2012-11-26 01:00:00,0.0
2012-11-26 02:00:00,-1.5372332752373172
2012-11-26 03:00:00,-1.597923520624399
2012-11-26 04:00:00,0.0
2012-11-26 05:00:00,-1.5372798883290122
2012-11-26 06:00:00,-1.4159926237382399
2012-11-26 07:00:00,-0.16373191534811266
2012-11-26 08:00:00,0.0
2012-11-26 09:00:00,0.0
2012-11-26 10:00:00,0.20087568789132335
2012-11-26 11:00:00,0.0
2012-11-26 12:00:00,0.0
2012-11-26 13:00:00,0.5983455207758402
2012-11-26 14:00:00,0.6777742290243713
2012-11-26 15:00:00,0.7339430045170193
2012-11-26 16:00:00,0.691804769624611
2012-11-26 17:00:00,0.9255694244757697
2012-11-26 18:00:00,1.3043007944988394
2012-11-26 19:00:00,1.2341480914976455
2012-11-26 20:00:00,0.0
2012-11-26 21:00:00,0.0
2012-11-26 22:00:00,0.7899253276428958
2012-11-26 23:00:00,-0.4501227507231042
2012-11-27 00:00:00,-1.187402022065239
2012-11-27 01:00:00,-1.6586137660114788
2012-11-27 02:00:00,-1.565294356437796
2012-11-27 03:00:00,-1.8218062000361894
2012-11-27 04:00:00,0.0
2012-11-27 05:00:00,0.0
2012-11-27 06:00:00,0.0
2012-11-27 07:00:00,-0.10765636603885324
2012-11-27 08:00:00,0.0
2012-11-27 09:00:00,0.0
2012-11-27 10:00:00,0.4861011959739273
2012-11-27 11:00:00,0.0
2012-11-27 12:00:00,0.0
2012-11-27 13:00:00,0.6591289923463127
2012-11-27 14:00:00,0.5515459767139131
2012-11-27 15:00:00,0.476731964543201
2012-11-27 16:00:00,0.5702378264836667
2012-11-27 17:00:00,0.0
2012-11-27 18:00:00,1.2481786320978796
2012-11-27 19:00:00,0.0
2012-11-27 20:00:00,1.093889298586942
2012-11-27 21:00:00,0.799387785257005
2012-11-27 22:00:00,0.7992945590736221
2012-11-27 23:00:00,-0.22111263122484756
2012-11-28 00:00:00,-0.853372606977819
2012-11-28 01:00:00,-1.25270696353014
2012-11-28 02:00:00,0.0
2012-11-28 03:00:00,0.0
2012-11-28 04:00:00,-1.5326185791594975
2012-11-28 05:00:00,0.0
2012-11-28 06:00:00,-1.5792782839463393
2012-11-28 07:00:00,-0.004781272667666729
2012-11-28 08:00:00,0.032602426871839764
2012-11-28 09:00:00,0.0
2012-11-28 10:00:00,0.6824355381938847
2012-11-28 11:00:00,0.8274022533657908
2012-11-28 12:00:00,0.0
2012-11-28 13:00:00,0.7385577005948384
2012-11-28 14:00:00,0.5936375985146272
2012-11-28 15:00:00,0.5935909854229384
2012-11-28 16:00:00,0.7105432324860533
2012-11-28 17:00:00,0.0
2012-11-28 18:00:00,1.3648978137025294
2012-11-28 19:00:00,0.0
2012-11-28 20:00:00,1.1780259290966808
2012-11-28 21:00:00,0.0
2012-11-28 22:00:00,0.0
2012-11-28 23:00:00,-0.131009524978125
2012-11-29 00:00:00,0.0
2012-11-29 01:00:00,-1.6585671529197843
2012-11-29 02:00:00,-1.6212300664719712
2012-11-29 03:00:00,0.0
2012-11-29 04:00:00,-1.6818736987673575
2012-11-29 05:00:00,-1.6818736987673581
2012-11-29 06:00:00,-1.5838929800241588
2012-11-29 07:00:00,0.0
2012-11-29 08:00:00,0.013863964010392589
2012-11-29 09:00:00,-0.051534203637898957
2012-11-29 10:00:00,0.5328075138524715
2012-11-29 11:00:00,0.8133717127655511
2012-11-29 12:00:00,0.0
2012-11-29 13:00:00,0.0
2012-11-29 14:00:00,0.0
2012-11-29 15:00:00,0.44405618726490204
2012-11-29 16:00:00,0.0
2012-11-29 17:00:00,0.7993877852570113
2012-11-29 18:00:00,1.1546727701574144
2012-11-29 19:00:00,1.1219503797874213
2012-11-29 20:00:00,1.112581148356695
2012-11-29 21:00:00,0.8414327939660304
2012-11-29 22:00:00,0.8040024813348297
2012-11-29 23:00:00,0.0
2012-11-30 00:00:00,0.0
2012-11-30 01:00:00,0.0
2012-11-30 02:00:00,-1.5885542891936737
2012-11-30 03:00:00,-1.6772123895978428
2012-11-30 04:00:00,-1.5699090525156156
2012-11-30 05:00:00,-1.5839395931158546
2012-11-30 06:00:00,0.0
2012-11-30 07:00:00,-0.06561135732983346
2012-11-30 08:00:00,0.5468846675443998
2012-11-30 09:00:00,0.5702844395753554
2012-11-30 10:00:00,0.9208615022145615
2012-11-30 11:00:00,0.9676144331847945
2012-11-30 12:00:00,0.8694938751665097
2012-11-30 13:00:00,0.0
2012-11-30 14:00:00,0.7385577005948445
2012-11-30 15:00:00,0.7198658508250854
2012-11-30 16:00:00,0.8040024813348297
2012-11-30 17:00:00,0.0
2012-11-30 18:00:00,1.4628319193540318
2012-11-30 19:00:00,1.355715034638585
2012-11-30 20:00:00,1.3694658966886486
2012-11-30 21:00:00,0.0
2012-11-30 22:00:00,1.1639953884964522
2012-11-30 23:00:00,0.9021696524447976
2012-12-01 00:00:00,-0.9339200294270288
2012-12-01 01:00:00,-1.476636256033626
2012-12-01 02:00:00,-1.5699090525156156
2012-12-01 03:00:00,0.0
2012-12-01 04:00:00,-1.6212300664719708
2012-12-01 05:00:00,-1.6212766795636668
2012-12-01 06:00:00,0.0
2012-12-01 07:00:00,-0.717821736328328
2012-12-01 08:00:00,-0.3226825580285746
2012-12-01 09:00:00,0.0
2012-12-01 10:00:00,0.0
2012-12-01 11:00:00,0.0
2012-12-01 12:00:00,0.0
2012-12-01 13:00:00,1.0003834366464874
2012-12-01 14:00:00,0.8601246437357833
2012-12-01 15:00:00,0.0
2012-12-01 16:00:00,0.0
2012-12-01 17:00:00,0.0
2012-12-01 18:00:00,0.0
2012-12-01 19:00:00,0.0
2012-12-01 20:00:00,0.0
2012-12-01 21:00:00,1.0751508357254893
2012-12-01 22:00:00,1.019121899507929
2012-12-01 23:00:00,0.0
2012-12-02 00:00:00,-1.0927308328323972
2012-12-02 01:00:00,-1.434591247324604
2012-12-02 02:00:00,0.0
2012-12-02 03:00:00,-1.7238720943846855
2012-12-02 04:00:00,-1.6911963171063875
2012-12-02 05:00:00,-1.5978769075327033
2012-12-02 06:00:00,-1.4532830970943567
2012-12-02 07:00:00,0.0
2012-12-02 08:00:00,0.26170577255348454
2012-12-02 09:00:00,1.019121899507929
2012-12-02 10:00:00,0.0
2012-12-02 11:00:00,1.318331335099079
2012-12-02 12:00:00,0.0
2012-12-02 13:00:00,1.173364619927173
2012-12-02 14:00:00,1.0377671361859884
2012-12-02 15:00:00,0.0
2012-12-02 16:00:00,1.0565055990474355
2012-12-02 17:00:00,1.1827338513578938
2012-12-02 18:00:00,0.0
2012-12-02 19:00:00,0.0
2012-12-02 20:00:00,1.3788351281193756
2012-12-02 21:00:00,1.0003834366464763
2012-12-02 22:00:00,0.9021696524448037
2012-12-02 23:00:00,0.0
2012-12-03 00:00:00,-1.1593875539564569
2012-12-03 01:00:00,-1.569909052515615
2012-12-03 02:00:00,0.0
2012-12-03 03:00:00,-1.7331947127237153
2012-12-03 04:00:00,-1.663181848997604
2012-12-03 05:00:00,-1.6865816210285678
2012-12-03 06:00:00,0.0
2012-12-03 07:00:00,-0.7271909677590507
2012-12-03 08:00:00,-0.16843983760933065
2012-12-03 09:00:00,0.0
2012-12-03 10:00:00,0.0
2012-12-03 11:00:00,0.0
2012-12-03 12:00:00,0.0
2012-12-03 13:00:00,0.0
2012-12-03 14:00:00,0.0
2012-12-03 15:00:00,0.8601246437357785
2012-12-03 16:00:00,0.8975083432752954
2012-12-03 17:00:00,1.16865669766596
2012-12-03 18:00:00,1.383729502747365
2012-12-03 19:00:00,1.3697455752388252
2012-12-03 20:00:00,1.2621625596064256
2012-12-03 21:00:00,1.1827338513578944
2012-12-03 22:00:00,1.0191218995079345
2012-12-03 23:00:00,0.05129427664159823
2012-12-04 00:00:00,0.0
2012-12-04 01:00:00,-1.4066233923075149
2012-12-04 02:00:00,0.0
2012-12-04 03:00:00,-1.5232959608204673
2012-12-04 04:00:00,-1.5279106568982879
2012-12-04 05:00:00,-1.32733452333407
2012-12-04 06:00:00,0.0
2012-12-04 07:00:00,-0.6791794833130508
2012-12-04 08:00:00,0.0
2012-12-04 09:00:00,0.6216520666234178
2012-12-04 10:00:00,0.8835244157667445
2012-12-04 11:00:00,0.0
2012-12-04 12:00:00,0.0
2012-12-04 13:00:00,0.0
2012-12-04 14:00:00,0.0
2012-12-04 15:00:00,0.8647859529053028
2012-12-04 16:00:00,0.0
2012-12-04 17:00:00,0.0
2012-12-04 18:00:00,0.0
2012-12-04 19:00:00,1.3601898914413164
2012-12-04 20:00:00,0.0
2012-12-04 21:00:00,0.0
2012-12-04 22:00:00,1.0424284453555017
2012-12-04 23:00:00,0.0512942766415927
2012-12-05 00:00:00,-0.31806786195075
2012-12-05 01:00:00,-1.3460263731038238
2012-12-05 02:00:00,-1.3926860778906665
2012-12-05 03:00:00,-1.4206539329077548
2012-12-05 04:00:00,0.0
2012-12-05 05:00:00,-1.397300773968486
2012-12-05 06:00:00,0.0
2012-12-05 07:00:00,0.0
2012-12-05 08:00:00,-0.10294844377765616
2012-12-05 09:00:00,0.0
2012-12-05 10:00:00,0.8227409441962774
2012-12-05 11:00:00,1.019075286416235
2012-12-05 12:00:00,1.0003834366464763
2012-12-05 13:00:00,0.0
2012-12-05 14:00:00,0.0
2012-12-05 15:00:00,0.0
2012-12-05 16:00:00,0.0
2012-12-05 17:00:00,1.1593806924186276
2012-12-05 18:00:00,1.407175887870031
2012-12-05 19:00:00,1.2666840295008506
2012-12-05 20:00:00,1.1546727701574144
2012-12-05 21:00:00,0.0
2012-12-05 22:00:00,0.9022162655364979
2012-12-05 23:00:00,-0.23388461834931704
2012-12-06 00:00:00,-0.8501563036508571
2012-12-06 01:00:00,-1.25270696353014
2012-12-06 02:00:00,-1.4112847014770302
2012-12-06 03:00:00,0.0
2012-12-06 04:00:00,0.0
2012-12-06 05:00:00,0.0
2012-12-06 06:00:00,-1.2293538045908714
2012-12-06 07:00:00,0.0
2012-12-06 08:00:00,0.0
2012-12-06 09:00:00,0.09809382070351425
2012-12-06 10:00:00,0.21956753766108184
2012-12-06 11:00:00,0.0
2012-12-06 12:00:00,0.0
2012-12-06 13:00:00,0.0
2012-12-06 14:00:00,0.6076681391148723
2012-12-06 15:00:00,0.0
2012-12-06 16:00:00,0.8788164935055314
2012-12-06 17:00:00,0.0
2012-12-06 18:00:00,1.2434707098366666
2012-12-06 19:00:00,1.2060870102971655
2012-12-06 20:00:00,0.0
2012-12-06 21:00:00,0.0
2012-12-06 22:00:00,0.0
2012-12-06 23:00:00,0.0
2012-12-07 00:00:00,0.0
2012-12-07 01:00:00,0.0
2012-12-07 02:00:00,-1.5512638158375567
2012-12-07 03:00:00,-1.6585205398280896
2012-12-07 04:00:00,0.0
2012-12-07 05:00:00,-1.4906667966338654
2012-12-07 06:00:00,-1.4486217879248429
2012-12-07 07:00:00,-0.23854592751883033
2012-12-07 08:00:00,-0.3554515614902565
2012-12-07 09:00:00,-0.023519735529113902
2012-12-07 10:00:00,0.11207774821206519
2012-12-07 11:00:00,0.0
2012-12-07 12:00:00,0.46740934620416885
2012-12-07 13:00:00,0.0
2012-12-07 14:00:00,0.18223045121325912
2012-12-07 15:00:00,0.0
2012-12-07 16:00:00,0.0
2012-12-07 17:00:00,0.5749457487448736
2012-12-07 18:00:00,0.9629997371069754
2012-12-07 19:00:00,0.8554167214745703
2012-12-07 20:00:00,0.7198658508250854
2012-12-07 21:00:00,0.0
2012-12-07 22:00:00,0.0
2012-12-07 23:00:00,0.0
2012-12-08 00:00:00,-0.910660096671152
2012-12-08 01:00:00,-1.2606778022100114
2012-12-08 02:00:00,-1.5605864341765854
2012-12-08 03:00:00,-1.6165687573024563
2012-12-08 04:00:00,-1.611907448132942
2012-12-08 05:00:00,-1.6491513083973646
2012-12-08 06:00:00,-1.4672670246029018
2012-12-08 07:00:00,0.0
2012-12-08 08:00:00,0.0
2012-12-08 09:00:00,0.42531772440345483
2012-12-08 10:00:00,0.0
2012-12-08 11:00:00,0.0
2012-12-08 12:00:00,1.0752440619088883
2012-12-08 13:00:00,1.1873951605274127
2012-12-08 14:00:00,0.0
2012-12-08 15:00:00,0.0
2012-12-08 16:00:00,0.0
2012-12-08 17:00:00,1.1639487754047524
2012-12-08 18:00:00,1.677951337527131
2012-12-08 19:00:00,0.0
2012-12-08 20:00:00,1.3882975857334954
2012-12-08 21:00:00,1.1406422295571743
2012-12-08 22:00:00,0.0
2012-12-08 23:00:00,0.0
2012-12-09 00:00:00,-0.7832665170683154
2012-12-09 01:00:00,0.0
2012-12-09 02:00:00,-1.425315242077269
2012-12-09 03:00:00,-1.453283097094358
2012-12-09 04:00:00,-1.397300773968486
2012-12-09 05:00:00,0.0
2012-12-09 06:00:00,0.0
2012-12-09 07:00:00,0.0
2012-12-09 08:00:00,0.0
2012-12-09 09:00:00,0.0
2012-12-09 10:00:00,0.7198658508250854
2012-12-09 11:00:00,0.9723223554460025
2012-12-09 12:00:00,1.3089621036683527
2012-12-09 13:00:00,0.0
2012-12-09 14:00:00,0.6731129198548581
2012-12-09 15:00:00,0.7479269320255654
2012-12-09 16:00:00,0.0
2012-12-09 17:00:00,1.224639020791831
2012-12-09 18:00:00,1.6122268782369744
2012-12-09 19:00:00,1.3510537254690715
2012-12-09 20:00:00,1.117289070617908
2012-12-09 21:00:00,0.8601246437357785
2012-12-09 22:00:00,0.8367714847965115
2012-12-09 23:00:00,-0.23393123144101127
2012-12-10 00:00:00,-0.8860483842561149
2012-12-10 01:00:00,-1.4486217879248429
2012-12-10 02:00:00,-1.6119074481329423
2012-12-10 03:00:00,-1.6632284620892992
2012-12-10 04:00:00,-1.6492445345807547
2012-12-10 05:00:00,0.0
2012-12-10 06:00:00,-1.4579444062638718
2012-12-10 07:00:00,-0.44424950116951956
2012-12-10 08:00:00,-0.3601128706597753
2012-12-10 09:00:00,0.0
2012-12-10 10:00:00,0.0
2012-12-10 11:00:00,0.8648325659969914
2012-12-10 12:00:00,1.023783208677443
2012-12-10 13:00:00,1.0097060549855028
2012-12-10 14:00:00,0.0
2012-12-10 15:00:00,0.7525882411950731
2012-12-10 16:00:00,0.8881857249362632
2012-12-10 17:00:00,1.1032119169259686
2012-12-10 18:00:00,0.0
2012-12-10 19:00:00,0.0
2012-12-10 20:00:00,0.0
2012-12-10 21:00:00,1.1546261570657148
2012-12-10 22:00:00,0.0
2012-12-10 23:00:00,0.0
2012-12-11 00:00:00,-1.0460711280455537
2012-12-11 01:00:00,-1.658520539828089
2012-12-11 02:00:00,-1.7612091808324974
2012-12-11 03:00:00,-1.8171915039583697
2012-12-11 04:00:00,0.0
2012-12-11 05:00:00,0.0
2012-12-11 06:00:00,0.0
2012-12-11 07:00:00,0.0
2012-12-11 08:00:00,0.0
2012-12-11 09:00:00,0.0
2012-12-11 10:00:00,0.46740934620416885
2012-12-11 11:00:00,0.7525882411950786
2012-12-11 12:00:00,1.3462525770244702
2012-12-11 13:00:00,0.7946798629957982
2012-12-11 14:00:00,0.799387785257005
2012-12-11 15:00:00,0.8274022533657908
2012-12-11 16:00:00,0.0
2012-12-11 17:00:00,1.0658282173864677
2012-12-11 18:00:00,0.0
2012-12-11 19:00:00,1.266870481867633
2012-12-11 20:00:00,1.3276539534381055
2012-12-11 21:00:00,1.0891813763257339
2012-12-11 22:00:00,0.0
2012-12-11 23:00:00,-0.04225819839056107
2012-12-12 00:00:00,-0.6793193225881378
2012-12-12 01:00:00,-1.5932622114548838
2012-12-12 02:00:00,0.0
2012-12-12 03:00:00,-1.639968529333421
2012-12-12 04:00:00,-1.6725510804283281
2012-12-12 05:00:00,0.0
2012-12-12 06:00:00,-1.5232959608204681
2012-12-12 07:00:00,-0.9979664174161623
2012-12-12 08:00:00,0.0
2012-12-12 09:00:00,0.6965126918858137
2012-12-12 10:00:00,0.0
2012-12-12 11:00:00,0.0
2012-12-12 12:00:00,1.23410147840594
2012-12-12 13:00:00,0.9068775747060168
2012-12-12 14:00:00,0.94901580959843
2012-12-12 15:00:00,0.0
2012-12-12 16:00:00,0.0
2012-12-12 17:00:00,0.0
2012-12-12 18:00:00,0.0
2012-12-12 19:00:00,0.0
2012-12-12 20:00:00,0.0
2012-12-12 21:00:00,0.0
2012-12-12 22:00:00,1.0892279894174288
2012-12-12 23:00:00,-0.4501227507231011
2012-12-13 00:00:00,-1.0041193455199204
2012-12-13 01:00:00,0.0
2012-12-13 02:00:00,-1.4998961887895046
2012-12-13 03:00:00,0.0
2012-12-13 04:00:00,0.0
2012-12-13 05:00:00,-1.532571966067802
2012-12-13 06:00:00,-1.3273811364257662
2012-12-13 07:00:00,0.0
2012-12-13 08:00:00,0.5094543549131941
2012-12-13 09:00:00,0.0
2012-12-13 10:00:00,0.0
2012-12-13 11:00:00,0.0
2012-12-13 12:00:00,0.0
2012-12-13 13:00:00,1.0892279894174288
2012-12-13 14:00:00,1.1359343072959618
2012-12-13 15:00:00,1.1078732260954984
2012-12-13 16:00:00,1.2201175508974003
2012-12-13 17:00:00,1.425914350731473
2012-12-13 18:00:00,1.7155214894334305
2012-12-13 19:00:00,1.1827338513578944
2012-12-13 20:00:00,1.0471363676167196
2012-12-13 21:00:00,0.7198658508250854
2012-12-13 22:00:00,0.7385110875031496
2012-12-13 23:00:00,0.0
2012-12-14 00:00:00,0.0
2012-12-14 01:00:00,-1.429929938155089
2012-12-14 02:00:00,0.0
2012-12-14 03:00:00,-1.6818736987673575
2012-12-14 04:00:00,-1.5466025066680418
2012-12-14 05:00:00,0.0
2012-12-14 06:00:00,-1.4112380883853348
2012-12-14 07:00:00,0.0
2012-12-14 08:00:00,0.8367714847965115
2012-12-14 09:00:00,0.0
2012-12-14 10:00:00,0.0
2012-12-14 11:00:00,1.421019976103488
2012-12-14 12:00:00,0.0
2012-12-14 13:00:00,1.351007112377372
2012-12-14 14:00:00,1.215456241727887
2012-12-14 15:00:00,0.911538883875535
2012-12-14 16:00:00,0.0
2012-12-14 17:00:00,0.0
2012-12-14 18:00:00,1.7061056449110044
2012-12-14 19:00:00,1.673523093816105
2012-12-14 20:00:00,1.5421674014191695
2012-12-14 21:00:00,1.2526534889006165
2012-12-14 22:00:00,1.0845200671562205
2012-12-14 23:00:00,0.0
2012-12-15 00:00:00,0.0
2012-12-15 01:00:00,0.0
2012-12-15 02:00:00,0.0
2012-12-15 03:00:00,0.0
2012-12-15 04:00:00,-1.3973007739684857
2012-12-15 05:00:00,-1.3366571416731
2012-12-15 06:00:00,-1.4112380883853348
2012-12-15 07:00:00,0.0
2012-12-15 08:00:00,0.0
2012-12-15 09:00:00,0.0
2012-12-15 10:00:00,0.0
2012-12-15 11:00:00,1.3554819691801088
2012-12-15 12:00:00,0.0
2012-12-15 13:00:00,1.3835430503805826
2012-12-15 14:00:00,0.0
2012-12-15 15:00:00,0.0
2012-12-15 16:00:00,1.425588059089608
2012-12-15 17:00:00,1.598569242370299
2012-12-15 18:00:00,0.0
2012-12-15 19:00:00,1.9079403319509871
2012-12-15 20:00:00,1.6267235497541674
2012-12-15 21:00:00,0.0
2012-12-15 22:00:00,0.0
2012-12-15 23:00:00,0.0
2012-12-16 00:00:00,-0.41749358653649427
2012-12-16 01:00:00,-1.2713522002081996
2012-12-16 02:00:00,-1.3086892866560116
2012-12-16 03:00:00,-1.3460263731038242
2012-12-16 04:00:00,0.0
2012-12-16 05:00:00,0.0
2012-12-16 06:00:00,0.0
2012-12-16 07:00:00,0.0
2012-12-16 08:00:00,0.9676610462764949
2012-12-16 09:00:00,0.0
2012-12-16 10:00:00,1.4770489123210537
2012-12-16 11:00:00,1.528183473910629
2012-12-16 12:00:00,0.0
2012-12-16 13:00:00,1.4024679656088184
2012-12-16 14:00:00,1.192056469696921
2012-12-16 15:00:00,1.1827338513578938
2012-12-16 16:00:00,1.5002156188935376
2012-12-16 17:00:00,1.509957755057824
2012-12-16 18:00:00,1.8657088708751912
2012-12-16 19:00:00,1.4773285908712241
2012-12-16 20:00:00,0.0
2012-12-16 21:00:00,1.2435173229283663
2012-12-16 22:00:00,0.9255694244757746
2012-12-16 23:00:00,0.0
2012-12-17 00:00:00,-0.8781241586679428
2012-12-17 01:00:00,-1.3086892866560116
2012-12-17 02:00:00,-1.4112380883853355
2012-12-17 03:00:00,0.0
2012-12-17 04:00:00,0.0
2012-12-17 05:00:00,-1.4532830970943573
2012-12-17 06:00:00,0.0
2012-12-17 07:00:00,0.0
2012-12-17 08:00:00,0.20092230098301206
2012-12-17 09:00:00,0.0
2012-12-17 10:00:00,0.0
2012-12-17 11:00:00,0.0
2012-12-17 12:00:00,0.4533788056039341
2012-12-17 13:00:00,0.28035100923154876
2012-12-17 14:00:00,0.0
2012-12-17 15:00:00,0.19621437872181005
2012-12-17 16:00:00,0.0
2012-12-17 17:00:00,0.0
2012-12-17 18:00:00,0.0
2012-12-17 19:00:00,1.0284445178469617
2012-12-17 20:00:00,0.8788164935055314
2012-12-17 21:00:00,0.0
2012-12-17 22:00:00,0.5936375985146327
2012-12-17 23:00:00,0.0
2012-12-18 00:00:00,-0.7411282821758998
2012-12-18 01:00:00,0.0
2012-12-18 02:00:00,-1.4905735704504754
2012-12-18 03:00:00,0.0
2012-12-18 04:00:00,-1.5419411974985273
2012-12-18 05:00:00,-1.4159460106465445
2012-12-18 06:00:00,0.0
2012-12-18 07:00:00,-0.5296912982467129
2012-12-18 08:00:00,0.0
2012-12-18 09:00:00,0.47677857763489523
2012-12-18 10:00:00,0.0
2012-12-18 11:00:00,0.0
2012-12-18 12:00:00,0.7199124639167797
2012-12-18 13:00:00,0.42065641523394154
2012-12-18 14:00:00,0.3411810938937155
2012-12-18 15:00:00,0.3131200126932362
2012-12-18 16:00:00,0.5375154361136735
2012-12-18 17:00:00,0.0
2012-12-18 18:00:00,1.6032771646315065
2012-12-18 19:00:00,1.4724808293349283
2012-12-18 20:00:00,0.0
2012-12-18 21:00:00,1.1639953884964411
2012-12-18 22:00:00,1.1733646199271675
2012-12-18 23:00:00,0.378564793433222
2012-12-19 00:00:00,-0.4782304450152725
2012-12-19 01:00:00,-1.3413184508426146
2012-12-19 02:00:00,-1.439345782677508
2012-12-19 03:00:00,-1.4953281058033796
2012-12-19 04:00:00,-1.3413184508426146
2012-12-19 05:00:00,-1.3413184508426141
2012-12-19 06:00:00,0.0
2012-12-19 07:00:00,-0.336759711720498
2012-12-19 08:00:00,0.2102915324137384
2012-12-19 09:00:00,1.1173356837096078
2012-12-19 10:00:00,0.0
2012-12-19 11:00:00,1.121903766695727
2012-12-19 12:00:00,0.0
2012-12-19 13:00:00,0.0
2012-12-19 14:00:00,1.0378137492776827
2012-12-19 15:00:00,0.0
2012-12-19 16:00:00,0.0
2012-12-19 17:00:00,1.2994996460542378
2012-12-19 18:00:00,1.6172610921400525
2012-12-19 19:00:00,1.388204359550107
2012-12-19 20:00:00,1.5375527053413498
2012-12-19 21:00:00,1.3180982696406023
2012-12-19 22:00:00,0.0
2012-12-19 23:00:00,0.42060980214225285
2012-12-20 00:00:00,-0.6278584693566974
2012-12-20 01:00:00,-1.5232493477287727
2012-12-20 02:00:00,-1.4159926237382399
2012-12-20 03:00:00,0.0
2012-12-20 04:00:00,-1.4159926237382405
2012-12-20 05:00:00,0.0
2012-12-20 06:00:00,-1.2527069635301422
2012-12-20 07:00:00,-0.4162350330607345
2012-12-20 08:00:00,0.1821838381215698
2012-12-20 09:00:00,0.8180330219350644
2012-12-20 10:00:00,0.7526348542867728
2012-12-20 11:00:00,0.0
2012-12-20 12:00:00,0.701174001055338
2012-12-20 13:00:00,0.6169907574538989
2012-12-20 14:00:00,0.40196456546418247
2012-12-20 15:00:00,0.0
2012-12-20 16:00:00,0.4861011959739273
2012-12-20 17:00:00,0.8601246437357785
2012-12-20 18:00:00,0.0
2012-12-20 19:00:00,0.0
2012-12-20 20:00:00,0.0
2012-12-20 21:00:00,0.0
2012-12-20 22:00:00,0.7011273879636383
2012-12-20 23:00:00,0.5328541269441602
2012-12-21 00:00:00,-0.36603273330505387
2012-12-21 01:00:00,-1.3413184508426146
2012-12-21 02:00:00,-1.5885076761019792
2012-12-21 03:00:00,-1.5513104289292508
2012-12-21 04:00:00,0.0
2012-12-21 05:00:00,0.0
2012-12-21 06:00:00,-1.243384345191111
2012-12-21 07:00:00,-0.09833374769982112
2012-12-21 08:00:00,0.0
2012-12-21 09:00:00,0.5749457487448743
2012-12-21 10:00:00,0.0
2012-12-21 11:00:00,0.8460941031355437
2012-12-21 12:00:00,0.0
2012-12-21 13:00:00,0.6403439163931707
2012-12-21 14:00:00,0.0
2012-12-21 15:00:00,0.0
2012-12-21 16:00:00,0.6918513827162998
2012-12-21 17:00:00,0.0
2012-12-21 18:00:00,1.3043007944988394
2012-12-21 19:00:00,0.0
2012-12-21 20:00:00,0.0
2012-12-21 21:00:00,0.7900185538262843
2012-12-21 22:00:00,0.7666187817953238
2012-12-21 23:00:00,0.691804769624611
2012-12-22 00:00:00,-0.26660700871930965
2012-12-22 01:00:00,0.0
2012-12-22 02:00:00,0.0
2012-12-22 03:00:00,0.0
2012-12-22 04:00:00,-1.3599636875206735
2012-12-22 05:00:00,0.0
2012-12-22 06:00:00,-1.117435771430825
2012-12-22 07:00:00,0.0
2012-12-22 08:00:00,0.0
2012-12-22 09:00:00,0.476731964543201
2012-12-22 10:00:00,0.5468846675443942
2012-12-22 11:00:00,0.0
2012-12-22 12:00:00,0.9910142052157556
2012-12-22 13:00:00,0.7245737730862936
2012-12-22 14:00:00,0.0
2012-12-22 15:00:00,0.4860545828822331
2012-12-22 16:00:00,0.0
2012-12-22 17:00:00,0.8274488664574849
2012-12-22 18:00:00,0.0
2012-12-22 19:00:00,0.0
2012-12-22 20:00:00,1.2013790880359587
2012-12-22 21:00:00,0.9302307336452885
2012-12-22 22:00:00,0.0
2012-12-22 23:00:00,0.0
2012-12-23 00:00:00,0.0
2012-12-23 01:00:00,0.0
2012-12-23 02:00:00,0.0
2012-12-23 03:00:00,-1.4019620831380006
2012-12-23 04:00:00,0.0
2012-12-23 05:00:00,-1.3133505958255267
2012-12-23 06:00:00,-1.187402022065241
2012-12-23 07:00:00,0.6497597609155809
2012-12-23 08:00:00,0.0
2012-12-23 09:00:00,0.0
2012-12-23 10:00:00,0.0
2012-12-23 11:00:00,0.0
2012-12-23 12:00:00,0.0
2012-12-23 13:00:00,0.0
2012-12-23 14:00:00,0.5234848955134338
2012-12-23 15:00:00,0.39259533403346164
2012-12-23 16:00:00,0.6591289923463072
2012-12-23 17:00:00,0.0
2012-12-23 18:00:00,1.1826872382661946
2012-12-23 19:00:00,1.168703310757654
2012-12-23 20:00:00,0.0
2012-12-23 21:00:00,0.0
2012-12-23 22:00:00,0.6450518386543788
2012-12-23 23:00:00,0.4159484929727334
2012-12-24 00:00:00,0.0
2012-12-24 01:00:00,-1.3646716097818832
2012-12-24 02:00:00,-1.4906201835421704
2012-12-24 03:00:00,0.0
2012-12-24 04:00:00,-1.471928333772416
2012-12-24 05:00:00,-1.3973007739684857
2012-12-24 06:00:00,0.0
2012-12-24 07:00:00,0.14480013858206392
2012-12-24 08:00:00,0.0
2012-12-24 09:00:00,0.4112871838032152
2012-12-24 10:00:00,0.0
2012-12-24 11:00:00,0.8180330219350644
2012-12-24 12:00:00,0.9395999650760094
2012-12-24 13:00:00,0.6637436884241318
2012-12-24 14:00:00,0.5655765173141478
2012-12-24 15:00:00,0.5328075138524715
2012-12-24 16:00:00,0.0
2012-12-24 17:00:00,0.7806493223955634
2012-12-24 18:00:00,0.0
2012-12-24 19:00:00,-0.5074568535081285
2012-12-24 20:00:00,0.0
2012-12-24 21:00:00,-1.4066700053992103
2012-12-24 22:00:00,-1.2993200552252875
2012-12-24 23:00:00,-1.3133505958255267
2012-12-25 00:00:00,-1.3693329189513976
2012-12-25 01:00:00,0.0
2012-12-25 02:00:00,-1.5652011302544047
2012-12-25 03:00:00,-1.532618579159497
2012-12-25 04:00:00,-1.4812975652031413
2012-12-25 05:00:00,-1.397347387060181
2012-12-25 06:00:00,0.0
2012-12-25 07:00:00,0.0
2012-12-25 08:00:00,0.0
2012-12-25 09:00:00,-1.3786555372904277
2012-12-25 10:00:00,-1.5279572699899824
2012-12-25 11:00:00,-1.2340151137603868
2012-12-25 12:00:00,0.0
2012-12-25 13:00:00,-1.2573682726996545
2012-12-25 14:00:00,-1.3226732141645554
2012-12-25 15:00:00,-1.3133039827338313
2012-12-25 16:00:00,-1.33204244559528
2012-12-25 17:00:00,0.0
2012-12-25 18:00:00,-1.173371481465
2012-12-25 19:00:00,-1.360010300612369
2012-12-25 20:00:00,0.0
2012-12-25 21:00:00,-1.3879781556294561
2012-12-25 22:00:00,0.0
2012-12-25 23:00:00,-1.3413184508426146
2012-12-26 00:00:00,0.0
2012-12-26 01:00:00,0.0
2012-12-26 02:00:00,-1.6352139939805157
2012-12-26 03:00:00,-1.6259379887331817
2012-12-26 04:00:00,0.0
2012-12-26 05:00:00,-1.5932622114548831
2012-12-26 06:00:00,0.0
2012-12-26 07:00:00,0.0
2012-12-26 08:00:00,-0.21048484631835104
2012-12-26 09:00:00,0.0
2012-12-26 10:00:00,0.6450518386543788
2012-12-26 11:00:00,0.8788631065972311
2012-12-26 12:00:00,0.7432656228560515
2012-12-26 13:00:00,0.5468846675443998
2012-12-26 14:00:00,0.5749457487448743
2012-12-26 15:00:00,0.0
2012-12-26 16:00:00,0.8321101756269983
2012-12-26 17:00:00,1.500495297443714
2012-12-26 18:00:00,1.8328000281384154
2012-12-26 19:00:00,0.0
2012-12-26 20:00:00,0.0
2012-12-26 21:00:00,0.0
2012-12-26 22:00:00,1.3650842660693112
2012-12-26 23:00:00,0.0
2012-12-27 00:00:00,-0.22917669608810398
2012-12-27 01:00:00,-1.392639464798972
2012-12-27 02:00:00,-1.4765896429419305
2012-12-27 03:00:00,0.0
2012-12-27 04:00:00,-1.5513104289292512
2012-12-27 05:00:00,-1.4253152420772692
2012-12-27 06:00:00,-1.3973007739684857
2012-12-27 07:00:00,0.0
2012-12-27 08:00:00,0.0
2012-12-27 09:00:00,0.9489691965067357
2012-12-27 10:00:00,1.3041143421320625
2012-12-27 11:00:00,1.477002299229354
2012-12-27 12:00:00,0.0
2012-12-27 13:00:00,1.2761931002066598
2012-12-27 14:00:00,0.0
2012-12-27 15:00:00,1.1219503797874213
2012-12-27 16:00:00,0.5328075138524715
2012-12-27 17:00:00,0.6637436884241318
2012-12-27 18:00:00,0.0
2012-12-27 19:00:00,0.9443078873372169
2012-12-27 20:00:00,0.8975083432752898
2012-12-27 21:00:00,0.6918047696246061
2012-12-27 22:00:00,0.0
2012-12-27 23:00:00,-0.20582353714883161
2012-12-28 00:00:00,-0.6032467569416545
2012-12-28 01:00:00,0.0
2012-12-28 02:00:00,0.0
2012-12-28 03:00:00,0.0
2012-12-28 04:00:00,0.0
2012-12-28 05:00:00,-1.1874020220652406
2012-12-28 06:00:00,0.0
2012-12-28 07:00:00,0.5515925898056073
2012-12-28 08:00:00,1.0237365955857536
2012-12-28 09:00:00,0.0
2012-12-28 10:00:00,1.1032585300176683
2012-12-28 11:00:00,0.0
2012-12-28 12:00:00,1.355715034638585
2012-12-28 13:00:00,1.0939359116786418
2012-12-28 14:00:00,0.0
2012-12-28 15:00:00,1.0471363676167147
2012-12-28 16:00:00,0.7291884691641182
2012-12-28 17:00:00,0.6590823792546184
2012-12-28 18:00:00,0.0
2012-12-28 19:00:00,1.0190752864162402
2012-12-28 20:00:00,0.9302773467369773
2012-12-28 21:00:00,0.0
2012-12-28 22:00:00,0.7386043136865332
2012-12-28 23:00:00,0.5188235863439206
2012-12-29 00:00:00,0.0
2012-12-29 01:00:00,-1.41128470147703
2012-12-29 02:00:00,0.0
2012-12-29 03:00:00,0.0
2012-12-29 04:00:00,-1.5465558935763468
2012-12-29 05:00:00,-1.439252556494118
2012-12-29 06:00:00,-1.3133505958255267
2012-12-29 07:00:00,0.0
2012-12-29 08:00:00,0.7432190097643516
2012-12-29 09:00:00,1.224872086250313
2012-12-29 10:00:00,0.0
2012-12-29 11:00:00,1.6454153995239253
2012-12-29 12:00:00,1.5238018432912868
2012-12-29 13:00:00,0.9863528960462478
2012-12-29 14:00:00,0.0
2012-12-29 15:00:00,0.0
2012-12-29 16:00:00,0.5281462046829472
2012-12-29 17:00:00,0.6356826072236524
2012-12-29 18:00:00,0.0
2012-12-29 19:00:00,1.0658282173864677
2012-12-29 20:00:00,0.8134183258572454
2012-12-29 21:00:00,0.7338963914253306
2012-12-29 22:00:00,0.5047930457436748
2012-12-29 23:00:00,0.0
2012-12-30 00:00:00,0.0
2012-12-30 01:00:00,-1.4159926237382405
2012-12-30 02:00:00,0.0
2012-12-30 03:00:00,-1.5605864341765854
2012-12-30 04:00:00,0.0
2012-12-30 05:00:00,0.0
2012-12-30 06:00:00,-1.3505944560899488
2012-12-30 07:00:00,0.42531772440344934
2012-12-30 08:00:00,0.6824355381938847
2012-12-30 09:00:00,0.9582918148457623
2012-12-30 10:00:00,0.0
2012-12-30 11:00:00,1.46781952016541
2012-12-30 12:00:00,1.518954081754991
2012-12-30 13:00:00,0.0
2012-12-30 14:00:00,1.23414809149764
2012-12-30 15:00:00,0.0
2012-12-30 16:00:00,1.458217223276218
2012-12-30 17:00:00,1.7627871644123048
2012-12-30 18:00:00,0.0
2012-12-30 19:00:00,1.85629302635277
2012-12-30 20:00:00,0.0
2012-12-30 21:00:00,1.0611669082169544
2012-12-30 22:00:00,0.0
2012-12-30 23:00:00,0.2897202406622696
2012-12-31 00:00:00,0.0
2012-12-31 01:00:00,-1.294705359147467
2012-12-31 02:00:00,-1.4299765512467837
2012-12-31 03:00:00,-1.5092654202202282
2012-12-31 04:00:00,-1.4719283337724158
2012-12-31 05:00:00,0.0
2012-12-31 06:00:00,0.0
2012-12-31 07:00:00,0.3271505532934703
2012-12-31 08:00:00,0.0
2012-12-31 09:00:00,1.6169814135898872
2012-12-31 10:00:00,1.6313382458319858
2012-12-31 11:00:00,1.842215872660831
2012-12-31 12:00:00,1.5048769280630514
2012-12-31 13:00:00,0.0
2012-12-31 14:00:00,0.0
2012-12-31 15:00:00,0.6918047696246061
2012-12-31 16:00:00,0.6029602168536593
2012-12-31 17:00:00,0.0
2012-12-31 18:00:00,0.892847034105771
2012-12-31 19:00:00,0.0
2012-12-31 20:00:00,-0.6415161052233791
2012-12-31 21:00:00,-1.5046041110507138
2012-12-31 22:00:00,0.0
2012-12-31 23:00:00,-1.509265420220229
2013-01-01 00:00:00,0.0
2013-01-01 01:00:00,0.0
2013-01-01 02:00:00,-1.6165687573024565
2013-01-01 03:00:00,0.0
2013-01-01 04:00:00,0.0
2013-01-01 05:00:00,0.0
2013-01-01 06:00:00,0.0
2013-01-01 07:00:00,-1.588600902285369
2013-01-01 08:00:00,0.0
2013-01-01 09:00:00,-1.5186346516509537
2013-01-01 10:00:00,0.0
2013-01-01 11:00:00,0.0
2013-01-01 12:00:00,-1.3926394647989713
2013-01-01 13:00:00,-1.4952348796199895
2013-01-01 14:00:00,-1.5232493477287734
2013-01-01 15:00:00,0.0
2013-01-01 16:00:00,-1.551263815837556
2013-01-01 17:00:00,-1.4392525564941185
2013-01-01 18:00:00,-1.397347387060181
2013-01-01 19:00:00,0.0
2013-01-01 20:00:00,-1.621230066471972
2013-01-01 21:00:00,0.0
2013-01-01 22:00:00,-1.5513104289292512
2013-01-01 23:00:00,0.0
2013-01-02 00:00:00,-1.5418945844068317
2013-01-02 01:00:00,-1.7517933363100784
2013-01-02 02:00:00,0.0
2013-01-02 03:00:00,0.0
2013-01-02 04:00:00,-1.7331947127237142
2013-01-02 05:00:00,-1.7471786402322587
2013-01-02 06:00:00,0.0
2013-01-02 07:00:00,0.0
2013-01-02 08:00:00,0.6030068299453479
2013-01-02 09:00:00,1.0284445178469563
2013-01-02 10:00:00,0.9816915868767234
2013-01-02 11:00:00,1.271531791037152
2013-01-02 12:00:00,0.0
2013-01-02 13:00:00,1.014413977246716
2013-01-02 14:00:00,0.930230733645283
2013-01-02 15:00:00,1.0331524401081686
2013-01-02 16:00:00,0.5936375985146272
2013-01-02 17:00:00,0.0
2013-01-02 18:00:00,0.0
2013-01-02 19:00:00,0.916246806136737
2013-01-02 20:00:00,0.0
2013-01-02 21:00:00,0.0
2013-01-02 22:00:00,0.5468380544527056
2013-01-02 23:00:00,0.0
2013-01-03 00:00:00,0.0
2013-01-03 01:00:00,-1.5606330472682808
2013-01-03 02:00:00,-1.658520539828089
2013-01-03 03:00:00,0.0
2013-01-03 04:00:00,0.0
2013-01-03 05:00:00,-1.5839395931158546
2013-01-03 06:00:00,-1.3646249966901889
2013-01-03 07:00:00,0.0
2013-01-03 08:00:00,0.0
2013-01-03 09:00:00,0.0
2013-01-03 10:00:00,0.0
2013-01-03 11:00:00,1.1873951605274078
2013-01-03 12:00:00,0.0
2013-01-03 13:00:00,0.8975083432752954
2013-01-03 14:00:00,0.0
2013-01-03 15:00:00,0.3037973943542041
2013-01-03 16:00:00,0.32715055329347587
2013-01-03 17:00:00,0.40191795237248884
2013-01-03 18:00:00,0.8040024813348303
2013-01-03 19:00:00,0.0
2013-01-03 20:00:00,0.0
2013-01-03 21:00:00,0.0
2013-01-03 22:00:00,0.5702378264836612
2013-01-03 23:00:00,0.0
2013-01-04 00:00:00,0.0
2013-01-04 01:00:00,-1.5512638158375567
2013-01-04 02:00:00,-1.5979235206243982
2013-01-04 03:00:00,0.0
2013-01-04 04:00:00,-1.6166153703941517
2013-01-04 05:00:00,-1.5279106568982872
2013-01-04 06:00:00,0.0
2013-01-04 07:00:00,0.0
2013-01-04 08:00:00,0.0
2013-01-04 09:00:00,0.9676610462764886
2013-01-04 10:00:00,1.0471363676167147
2013-01-04 11:00:00,0.0
2013-01-04 12:00:00,1.1639953884964411
2013-01-04 13:00:00,0.0
2013-01-04 14:00:00,0.4955170404963424
2013-01-04 15:00:00,0.0
2013-01-04 16:00:00,0.3645808659246766
2013-01-04 17:00:00,0.0
2013-01-04 18:00:00,0.0
2013-01-04 19:00:00,0.0
2013-01-04 20:00:00,0.0
2013-01-04 21:00:00,0.0
2013-01-04 22:00:00,0.6122828351926969
2013-01-04 23:00:00,0.03721712294966435
2013-01-05 00:00:00,0.0
2013-01-05 01:00:00,-1.3086892866560114
2013-01-05 02:00:00,0.0
2013-01-05 03:00:00,-1.476636256033626
2013-01-05 04:00:00,0.0
2013-01-05 05:00:00,-1.4859588743726548
2013-01-05 06:00:00,-1.3553489914428538
2013-01-05 07:00:00,-0.6618860262941497
2013-01-05 08:00:00,0.06998612641134626
2013-01-05 09:00:00,0.9489225834150415
2013-01-05 10:00:00,0.0
2013-01-05 11:00:00,0.0
2013-01-05 12:00:00,1.7390144876477744
2013-01-05 13:00:00,1.6031373253564245
2013-01-05 14:00:00,0.0
2013-01-05 15:00:00,0.0
2013-01-05 16:00:00,1.2247788600669136
2013-01-05 17:00:00,1.621969014401265
2013-01-05 18:00:00,1.9548797152880075
2013-01-05 19:00:00,1.903279022781474
2013-01-05 20:00:00,1.729552030033659
2013-01-05 21:00:00,1.6920751043107647
2013-01-05 22:00:00,0.0
2013-01-05 23:00:00,-0.00011996349815835383
2013-01-06 00:00:00,-0.7739905118209818
2013-01-06 01:00:00,-1.387931542537761
2013-01-06 02:00:00,-1.4346378604162984
2013-01-06 03:00:00,-1.4626523285250819
2013-01-06 04:00:00,-1.383363459551637
2013-01-06 05:00:00,-1.3366571416731
2013-01-06 06:00:00,-1.322673214164555
2013-01-06 07:00:00,0.0
2013-01-06 08:00:00,0.5749457487448791
2013-01-06 09:00:00,0.0
2013-01-06 10:00:00,1.0377671361859884
2013-01-06 11:00:00,1.3650376529776116
2013-01-06 12:00:00,0.0
2013-01-06 13:00:00,0.0
2013-01-06 14:00:00,0.9676144331847896
2013-01-06 15:00:00,1.0331058270164806
2013-01-06 16:00:00,0.0
2013-01-06 17:00:00,1.472201150784758
2013-01-06 18:00:00,0.0
2013-01-06 19:00:00,1.7389678745560797
2013-01-06 20:00:00,1.3039745028569742
2013-01-06 21:00:00,0.0
2013-01-06 22:00:00,0.43468695583417566
2013-01-06 23:00:00,0.0
2013-01-07 00:00:00,0.0
2013-01-07 01:00:00,-1.5139733424814392
2013-01-07 02:00:00,-1.611954061224638
2013-01-07 03:00:00,0.0
2013-01-07 04:00:00,-1.6725044673366334
2013-01-07 05:00:00,-1.663181848997604
2013-01-07 06:00:00,0.0
2013-01-07 07:00:00,0.0
2013-01-07 08:00:00,0.22898338218349196
2013-01-07 09:00:00,0.0
2013-01-07 10:00:00,1.266870481867633
2013-01-07 11:00:00,1.5096780765076578
2013-01-07 12:00:00,1.5797841664171521
2013-01-07 13:00:00,0.0
2013-01-07 14:00:00,0.0
2013-01-07 15:00:00,0.2897202406622702
2013-01-07 16:00:00,0.22893676909180263
2013-01-07 17:00:00,0.5375154361136735
2013-01-07 18:00:00,0.8226943311045777
2013-01-07 19:00:00,0.8508020253967519
2013-01-07 20:00:00,0.8180330219350644
2013-01-07 21:00:00,0.5282394308663356
2013-01-07 22:00:00,0.4066258746337019
2013-01-07 23:00:00,-0.2713149309805116
2013-01-08 00:00:00,-0.9421239335653762
2013-01-08 01:00:00,-1.341318450842615
2013-01-08 02:00:00,-1.64458322541124
2013-01-08 03:00:00,0.0
2013-01-08 04:00:00,-1.6491979214890595
2013-01-08 05:00:00,-1.3646716097818832
2013-01-08 06:00:00,0.0
2013-01-08 07:00:00,-0.5623670755250131
2013-01-08 08:00:00,-0.22922330917979822
2013-01-08 09:00:00,0.49547042740464325
2013-01-08 10:00:00,0.7479269320255647
2013-01-08 11:00:00,0.0
2013-01-08 12:00:00,0.0
2013-01-08 13:00:00,0.8508020253967519
2013-01-08 14:00:00,0.48610119597393286
2013-01-08 15:00:00,0.3084587035237174
2013-01-08 16:00:00,0.0
2013-01-08 17:00:00,0.3505503253244314
2013-01-08 18:00:00,0.6030068299453479
2013-01-08 19:00:00,0.6731129198548526
2013-01-08 20:00:00,0.6356826072236573
2013-01-08 21:00:00,0.5889762893451138
2013-01-08 22:00:00,0.4580401147734474
2013-01-08 23:00:00,0.0
2013-01-09 00:00:00,-1.0615000613966432
2013-01-09 01:00:00,-1.518634651650953
2013-01-09 02:00:00,-1.588600902285369
2013-01-09 03:00:00,-1.789223648941281
2013-01-09 04:00:00,-1.8265141222973984
2013-01-09 05:00:00,-1.6865350079368726
2013-01-09 06:00:00,0.0
2013-01-09 07:00:00,-0.31335993968954245
2013-01-09 08:00:00,-0.35540494839856224
2013-01-09 09:00:00,0.0
2013-01-09 10:00:00,0.0
2013-01-09 11:00:00,1.3744068844083386
2013-01-09 12:00:00,1.2107949325583738
2013-01-09 13:00:00,0.0
2013-01-09 14:00:00,0.9068775747060113
2013-01-09 15:00:00,0.9395999650760039
2013-01-09 16:00:00,0.0
2013-01-09 17:00:00,1.0237832086774423
2013-01-09 18:00:00,1.4445595874095374
2013-01-09 19:00:00,1.3930987341780914
2013-01-09 20:00:00,1.2434707098366666
2013-01-09 21:00:00,0.0
2013-01-09 22:00:00,0.0
2013-01-09 23:00:00,-0.4396348050916898
2013-01-10 00:00:00,-1.075437375813497
2013-01-10 01:00:00,-1.4066700053992103
2013-01-10 02:00:00,-1.439299169585813
2013-01-10 03:00:00,-1.579231670854644
2013-01-10 04:00:00,0.0
2013-01-10 05:00:00,0.0
2013-01-10 06:00:00,0.0
2013-01-10 07:00:00,0.41590187988103977
2013-01-10 08:00:00,0.0
2013-01-10 09:00:00,0.0
2013-01-10 10:00:00,0.0
2013-01-10 11:00:00,0.0
2013-01-10 12:00:00,0.0
2013-01-10 13:00:00,0.0
2013-01-10 14:00:00,0.0
2013-01-10 15:00:00,0.0
2013-01-10 16:00:00,0.322489244123957
2013-01-10 17:00:00,0.0
2013-01-10 18:00:00,0.9629531240152756
2013-01-10 19:00:00,0.0
2013-01-10 20:00:00,0.8460941031355437
2013-01-10 21:00:00,0.0
2013-01-10 22:00:00,0.5796536710060818
2013-01-10 23:00:00,-0.5016768301379331
2013-01-11 00:00:00,-1.0075221012136693
2013-01-11 01:00:00,0.0
2013-01-11 02:00:00,-1.5279106568982872
2013-01-11 03:00:00,-1.5465558935763464
2013-01-11 04:00:00,0.0
2013-01-11 05:00:00,-1.41128470147703
2013-01-11 06:00:00,0.0
2013-01-11 07:00:00,0.0
2013-01-11 08:00:00,0.06066350807231905
2013-01-11 09:00:00,0.6544210700850996
2013-01-11 10:00:00,1.1453035387266937
2013-01-11 11:00:00,0.0
2013-01-11 12:00:00,0.0
2013-01-11 13:00:00,0.9676610462764837
2013-01-11 14:00:00,0.0
2013-01-11 15:00:00,0.18689176038277794
2013-01-11 16:00:00,0.21966076384446537
2013-01-11 17:00:00,0.5702844395753609
2013-01-11 18:00:00,0.0
2013-01-11 19:00:00,0.9583384279374572
2013-01-11 20:00:00,0.864739339813608
2013-01-11 21:00:00,0.0
2013-01-11 22:00:00,0.5375154361136735
2013-01-11 23:00:00,0.0
2013-01-12 00:00:00,-0.8860483842561134
2013-01-12 01:00:00,0.0
2013-01-12 02:00:00,-1.4999428018811987
2013-01-12 03:00:00,-1.532571966067802
2013-01-12 04:00:00,-1.5046507241424092
2013-01-12 05:00:00,0.0
2013-01-12 06:00:00,0.0
2013-01-12 07:00:00,0.12144697964279154
2013-01-12 08:00:00,0.0
2013-01-12 09:00:00,0.0
2013-01-12 10:00:00,1.2760066478398884
2013-01-12 11:00:00,1.8096333215659262
2013-01-12 12:00:00,1.5985226292786103
2013-01-12 13:00:00,1.495600922815724
2013-01-12 14:00:00,1.2294867823281266
2013-01-12 15:00:00,0.0
2013-01-12 16:00:00,1.3180982696406023
2013-01-12 17:00:00,0.0
2013-01-12 18:00:00,0.0
2013-01-12 19:00:00,1.8328000281384154
2013-01-12 20:00:00,1.5656603996335239
2013-01-12 21:00:00,1.4069428224115492
2013-01-12 22:00:00,1.3042541814071396
2013-01-12 23:00:00,0.1074164390425519
2013-01-13 00:00:00,-0.8905232410588537
2013-01-13 01:00:00,-1.5046041110507145
2013-01-13 02:00:00,-1.5279106568982876
2013-01-13 03:00:00,-1.6585671529197843
2013-01-13 04:00:00,-1.5232493477287727
2013-01-13 05:00:00,-1.467267024602902
2013-01-13 06:00:00,-1.33204244559528
2013-01-13 07:00:00,-0.10299505686933934
2013-01-13 08:00:00,0.9816915868767283
2013-01-13 09:00:00,1.3975269778891342
2013-01-13 10:00:00,0.0
2013-01-13 11:00:00,0.0
2013-01-13 12:00:00,1.6077986345259379
2013-01-13 13:00:00,0.0
2013-01-13 14:00:00,1.3229926442685924
2013-01-13 15:00:00,1.2248254731586135
2013-01-13 16:00:00,0.0
2013-01-13 17:00:00,0.0
2013-01-13 18:00:00,1.6782776291690011
2013-01-13 19:00:00,0.0
2013-01-13 20:00:00,1.4444197481344492
2013-01-13 21:00:00,1.2388094006671533
2013-01-13 22:00:00,0.0
2013-01-13 23:00:00,0.0
2013-01-14 00:00:00,-1.378655537290427
2013-01-14 01:00:00,-1.5465558935763464
2013-01-14 02:00:00,-1.7658704900020123
2013-01-14 03:00:00,-1.7331947127237153
2013-01-14 04:00:00,-1.751886562493469
2013-01-14 05:00:00,-1.5699556656073101
2013-01-14 06:00:00,-1.4006569165705347
2013-01-14 07:00:00,0.1448001385820584
2013-01-14 08:00:00,0.45808672786514165
2013-01-14 09:00:00,0.0
2013-01-14 10:00:00,1.0611669082169488
2013-01-14 11:00:00,1.6263506450206136
2013-01-14 12:00:00,1.5100509812412173
2013-01-14 13:00:00,0.0
2013-01-14 14:00:00,1.5099111419661346
2013-01-14 15:00:00,0.0
2013-01-14 16:00:00,1.4956941489991125
2013-01-14 17:00:00,1.6357198764513343
2013-01-14 18:00:00,1.8046457207545477
2013-01-14 19:00:00,0.0
2013-01-14 20:00:00,1.68293893833852
2013-01-14 21:00:00,1.4817568345822614
2013-01-14 22:00:00,0.0
2013-01-14 23:00:00,-0.18713168737907868
2013-01-15 00:00:00,-0.5903815436337987
2013-01-15 01:00:00,-0.2806375493195444
2013-01-15 02:00:00,-0.19650091880980503
2013-01-15 03:00:00,0.0
2013-01-15 04:00:00,-0.2572843903802775
2013-01-15 05:00:00,-0.17776245594835785
2013-01-15 06:00:00,0.322489244123957
2013-01-15 07:00:00,0.0
2013-01-15 08:00:00,0.3879340248639428
2013-01-15 09:00:00,1.0050447458160008
2013-01-15 10:00:00,1.2247788600669192
2013-01-15 11:00:00,1.3744068844083386
2013-01-15 12:00:00,0.0
2013-01-15 13:00:00,0.0
2013-01-15 14:00:00,1.2107949325583738
2013-01-15 15:00:00,0.0
2013-01-15 16:00:00,1.182687238266205
2013-01-15 17:00:00,0.0
2013-01-15 18:00:00,1.5609058642806222
2013-01-15 19:00:00,0.0
2013-01-15 20:00:00,0.0
2013-01-15 21:00:00,1.2715317910371464
2013-01-15 22:00:00,1.2247788600669192
2013-01-15 23:00:00,0.6076681391148668
2013-01-16 00:00:00,0.2617057725534901
2013-01-16 01:00:00,0.0
2013-01-16 02:00:00,-0.06090343506862531
2013-01-16 03:00:00,-0.09357921234692428
2013-01-16 04:00:00,-0.08901112936079392
2013-01-16 05:00:00,0.18684514729108925
2013-01-16 06:00:00,0.07935535784207261
2013-01-16 07:00:00,0.0
2013-01-16 08:00:00,0.0
2013-01-16 09:00:00,1.0518442898779223
2013-01-16 10:00:00,1.2013790880359476
2013-01-16 11:00:00,1.1873951605274127
2013-01-16 12:00:00,1.4163586669339698
2013-01-16 13:00:00,0.5141622771744011
2013-01-16 14:00:00,0.5515925898056018
2013-01-16 15:00:00,0.38793402486394835
2013-01-16 16:00:00,0.5515925898056018
2013-01-16 17:00:00,0.0
2013-01-16 18:00:00,0.8928470341057765
2013-01-16 19:00:00,0.8367714847965171
2013-01-16 20:00:00,0.0
2013-01-16 21:00:00,0.0
2013-01-16 22:00:00,0.0
2013-01-16 23:00:00,-0.3520021927048142
2013-01-17 00:00:00,-1.0835014406767576
2013-01-17 01:00:00,0.0
2013-01-17 02:00:00,0.0
2013-01-17 03:00:00,-1.6165687573024576
2013-01-17 04:00:00,-1.6071995258717324
2013-01-17 05:00:00,-1.5326185791594982
2013-01-17 06:00:00,0.0
2013-01-17 07:00:00,0.8834778026750557
2013-01-17 08:00:00,0.8414327939660249
2013-01-17 09:00:00,1.304114342132057
2013-01-17 10:00:00,1.5284165393691003
2013-01-17 11:00:00,0.0
2013-01-17 12:00:00,0.0
2013-01-17 13:00:00,0.0
2013-01-17 14:00:00,0.0
2013-01-17 15:00:00,0.0
2013-01-17 16:00:00,1.135980920387661
2013-01-17 17:00:00,0.0
2013-01-17 18:00:00,1.622062240584654
2013-01-17 19:00:00,1.528183473910629
2013-01-17 20:00:00,1.3276539534381055
2013-01-17 21:00:00,1.1500114609879013
2013-01-17 22:00:00,0.0
2013-01-17 23:00:00,-0.40220449246048934
2013-01-18 00:00:00,-0.971396955149929
2013-01-18 01:00:00,0.0
2013-01-18 02:00:00,-1.5606330472682808
2013-01-18 03:00:00,0.0
2013-01-18 04:00:00,0.0
2013-01-18 05:00:00,-1.476636256033626
2013-01-18 06:00:00,0.0
2013-01-18 07:00:00,0.0
2013-01-18 08:00:00,0.11678567047327333
2013-01-18 09:00:00,0.0
2013-01-18 10:00:00,0.874155184336018
2013-01-18 11:00:00,0.7245737730862984
2013-01-18 12:00:00,0.9162001930450434
2013-01-18 13:00:00,1.0751508357254942
2013-01-18 14:00:00,0.0
2013-01-18 15:00:00,1.1219503797874213
2013-01-18 16:00:00,1.2574080242535184
2013-01-18 17:00:00,1.3742670451332502
2013-01-18 18:00:00,1.6122268782369744
2013-01-18 19:00:00,1.6545049524044813
2013-01-18 20:00:00,1.495600922815724
2013-01-18 21:00:00,1.4441400695842788
2013-01-18 22:00:00,0.8367248717048235
2013-01-18 23:00:00,-0.07959528483837333
2013-01-19 00:00:00,0.0
2013-01-19 01:00:00,-1.588600902285369
2013-01-19 02:00:00,0.0
2013-01-19 03:00:00,-1.7145494760456559
2013-01-19 04:00:00,-1.7518399494017733
2013-01-19 05:00:00,-1.6398286900583352
2013-01-19 06:00:00,0.0
2013-01-19 07:00:00,-0.6593223062509139
2013-01-19 08:00:00,1.0237365955857536
2013-01-19 09:00:00,1.3790681935778573
2013-01-19 10:00:00,1.0097060549855084
2013-01-19 11:00:00,0.0
2013-01-19 12:00:00,1.0704895265559808
2013-01-19 13:00:00,0.584314980175595
2013-01-19 14:00:00,0.7713267040565258
2013-01-19 15:00:00,0.9629531240152818
2013-01-19 16:00:00,1.3323618756993187
2013-01-19 17:00:00,1.5049701542464455
2013-01-19 18:00:00,0.0
2013-01-19 19:00:00,0.0
2013-01-19 20:00:00,1.7014443357414855
2013-01-19 21:00:00,0.0
2013-01-19 22:00:00,0.0
2013-01-19 23:00:00,-0.21048484631835104
2013-01-20 00:00:00,-0.9980596435995508
2013-01-20 01:00:00,-1.5279572699899824
2013-01-20 02:00:00,-1.7798078044188617
2013-01-20 03:00:00,-1.5792782839463395
2013-01-20 04:00:00,-1.6398753031500304
2013-01-20 05:00:00,-1.5326185791594975
2013-01-20 06:00:00,-1.415992623738242
2013-01-20 07:00:00,0.08863136308941048
2013-01-20 08:00:00,0.8507554123050625
2013-01-20 09:00:00,1.1453035387266937
2013-01-20 10:00:00,0.0
2013-01-20 11:00:00,0.0
2013-01-20 12:00:00,0.0
2013-01-20 13:00:00,0.0
2013-01-20 14:00:00,1.4350039036120286
2013-01-20 15:00:00,0.0
2013-01-20 16:00:00,0.0
2013-01-20 17:00:00,1.4394787604147594
2013-01-20 18:00:00,0.0
2013-01-20 19:00:00,1.5235687778328044
2013-01-20 20:00:00,1.3835896634722824
2013-01-20 21:00:00,1.093889298586953
2013-01-20 22:00:00,0.4487174964344208
2013-01-20 23:00:00,0.0
2013-01-21 00:00:00,0.0
2013-01-21 01:00:00,-1.3879781556294568
2013-01-21 02:00:00,-1.4299765512467844
2013-01-21 03:00:00,-1.467313637694596
2013-01-21 04:00:00,-1.4719283337724154
2013-01-21 05:00:00,0.0
2013-01-21 06:00:00,0.0
2013-01-21 07:00:00,-0.1778090690400521
2013-01-21 08:00:00,0.0
2013-01-21 09:00:00,0.6450052255626846
2013-01-21 10:00:00,0.0
2013-01-21 11:00:00,1.0378137492776882
2013-01-21 12:00:00,0.0
2013-01-21 13:00:00,1.117289070617908
2013-01-21 14:00:00,1.0985972208481551
2013-01-21 15:00:00,0.9021696524447982
2013-01-21 16:00:00,0.9770302777072156
2013-01-21 17:00:00,0.0
2013-01-21 18:00:00,1.327607340346406
2013-01-21 19:00:00,1.4491276703956566
2013-01-21 20:00:00,0.0
2013-01-21 21:00:00,1.3043007944988387
2013-01-21 22:00:00,0.0
2013-01-21 23:00:00,0.0
2013-01-22 00:00:00,-1.1440518467887548
2013-01-22 01:00:00,0.0
2013-01-22 02:00:00,0.0
2013-01-22 03:00:00,0.0
2013-01-22 04:00:00,0.0
2013-01-22 05:00:00,-1.663181848997604
2013-01-22 06:00:00,-1.5419411974985269
2013-01-22 07:00:00,-0.7272841939424416
2013-01-22 08:00:00,-0.1403787564088458
2013-01-22 09:00:00,0.0
2013-01-22 10:00:00,0.0
2013-01-22 11:00:00,0.0
2013-01-22 12:00:00,0.0
2013-01-22 13:00:00,1.0751974488171891
2013-01-22 14:00:00,1.1313196112181476
2013-01-22 15:00:00,0.0
2013-01-22 16:00:00,0.0
2013-01-22 17:00:00,1.1079198391871816
2013-01-22 18:00:00,1.2995928722376264
2013-01-22 19:00:00,1.19210308278862
2013-01-22 20:00:00,0.0
2013-01-22 21:00:00,0.0
2013-01-22 22:00:00,0.0
2013-01-22 23:00:00,-0.4781372188318831
2013-01-23 00:00:00,-1.1733714814649998
2013-01-23 01:00:00,-1.630552684811001
2013-01-23 02:00:00,-1.775193108341042
2013-01-23 03:00:00,-1.7751464952493472
2013-01-23 04:00:00,0.0
2013-01-23 05:00:00,0.0
2013-01-23 06:00:00,-1.6725510804283281
2013-01-23 07:00:00,-0.5250299890771996
2013-01-23 08:00:00,-0.5050329727399868
2013-01-23 09:00:00,0.0
2013-01-23 10:00:00,0.6964660787941244
2013-01-23 11:00:00,1.173364619927173
2013-01-23 12:00:00,1.089181376325729
2013-01-23 13:00:00,0.0
2013-01-23 14:00:00,0.0
2013-01-23 15:00:00,0.0
2013-01-23 16:00:00,0.8694938751665103
2013-01-23 17:00:00,0.0
2013-01-23 18:00:00,0.0
2013-01-23 19:00:00,0.0
2013-01-23 20:00:00,0.0
2013-01-23 21:00:00,0.7525882411950842
2013-01-23 22:00:00,0.6497131478238921
2013-01-23 23:00:00,-0.06090343506862039
2013-01-24 00:00:00,0.0
2013-01-24 01:00:00,0.0
2013-01-24 02:00:00,-1.6212766795636668
2013-01-24 03:00:00,-1.6678431581671178
2013-01-24 04:00:00,0.0
2013-01-24 05:00:00,-1.5605864341765854
2013-01-24 06:00:00,0.0
2013-01-24 07:00:00,-0.4396348050916898
2013-01-24 08:00:00,0.0
2013-01-24 09:00:00,0.4954704274046537
2013-01-24 10:00:00,0.0
2013-01-24 11:00:00,1.1406422295571743
2013-01-24 12:00:00,0.0
2013-01-24 13:00:00,0.0
2013-01-24 14:00:00,0.0
2013-01-24 15:00:00,0.888139111844569
2013-01-24 16:00:00,0.8788164935055369
2013-01-24 17:00:00,0.5328541269441547
2013-01-24 18:00:00,0.0
2013-01-24 19:00:00,0.5842683670839063
2013-01-24 20:00:00,0.5095009680048933
2013-01-24 21:00:00,0.2944281629234882
2013-01-24 22:00:00,0.3411344808020268
2013-01-24 23:00:00,0.0
2013-01-25 00:00:00,-0.8826922416540632
2013-01-25 01:00:00,0.0
2013-01-25 02:00:00,0.0
2013-01-25 03:00:00,-1.4672670246029018
2013-01-25 04:00:00,-1.4019620831380013
2013-01-25 05:00:00,0.0
2013-01-25 06:00:00,0.0
2013-01-25 07:00:00,-0.018811813267906374
2013-01-25 08:00:00,0.7338497783336364
2013-01-25 09:00:00,1.1780259290966864
2013-01-25 10:00:00,0.0
2013-01-25 11:00:00,1.5750296310642504
2013-01-25 12:00:00,1.650169934876827
2013-01-25 13:00:00,1.420973363011789
2013-01-25 14:00:00,1.3791148066695516
2013-01-25 15:00:00,0.0
2013-01-25 16:00:00,0.0
2013-01-25 17:00:00,0.6824821512855789
2013-01-25 18:00:00,0.9629531240152762
2013-01-25 19:00:00,1.0845666802479155
2013-01-25 20:00:00,0.0
2013-01-25 21:00:00,0.6777742290243659
2013-01-25 22:00:00,0.40662587463369637
2013-01-25 23:00:00,-0.08425659400789769
2013-01-26 00:00:00,0.0
2013-01-26 01:00:00,0.0
2013-01-26 02:00:00,0.0
2013-01-26 03:00:00,-1.5046507241424092
2013-01-26 04:00:00,0.0
2013-01-26 05:00:00,-1.425268628985574
2013-01-26 06:00:00,0.0
2013-01-26 07:00:00,-0.37880472042952823
2013-01-26 08:00:00,0.0
2013-01-26 09:00:00,1.1452569256349938
2013-01-26 10:00:00,0.0
2013-01-26 11:00:00,1.7671687950316473
2013-01-26 12:00:00,1.355621808455197
2013-01-26 13:00:00,0.0
2013-01-26 14:00:00,0.0
2013-01-26 15:00:00,1.0050447458159897
2013-01-26 16:00:00,0.0
2013-01-26 17:00:00,1.1032119169259686
2013-01-26 18:00:00,1.3882509726417958
2013-01-26 19:00:00,0.0
2013-01-26 20:00:00,1.4025145787005175
2013-01-26 21:00:00,1.16865669766596
2013-01-26 22:00:00,0.0
2013-01-26 23:00:00,0.0
2013-01-27 00:00:00,-0.8592458565314076
2013-01-27 01:00:00,-1.406670005399211
2013-01-27 02:00:00,0.0
2013-01-27 03:00:00,-1.4625591023416915
2013-01-27 04:00:00,-1.4998961887895046
2013-01-27 05:00:00,-1.3367037547647944
2013-01-27 06:00:00,-1.234015113760386
2013-01-27 07:00:00,0.0
2013-01-27 08:00:00,0.0
2013-01-27 09:00:00,0.1074164390425519
2013-01-27 10:00:00,0.6590823792546129
2013-01-27 11:00:00,0.8647859529052966
2013-01-27 12:00:00,0.8975083432752954
2013-01-27 13:00:00,0.0
2013-01-27 14:00:00,0.7198192377333912
2013-01-27 15:00:00,0.0
2013-01-27 16:00:00,0.0
2013-01-27 17:00:00,0.8694938751665097
2013-01-27 18:00:00,0.8227409441962774
2013-01-27 19:00:00,0.0
2013-01-27 20:00:00,0.0
2013-01-27 21:00:00,0.2990428590013072
2013-01-27 22:00:00,-0.4829383672764803
2013-01-27 23:00:00,-0.8827854678374517
2013-01-28 00:00:00,-1.168710172295488
2013-01-28 01:00:00,0.0
2013-01-28 02:00:00,-1.6211834533802767
2013-01-28 03:00:00,-1.6165687573024565
2013-01-28 04:00:00,-1.6678897712588137
2013-01-28 05:00:00,0.0
2013-01-28 06:00:00,0.0
2013-01-28 07:00:00,0.13076959798181814
2013-01-28 08:00:00,0.46274803703465556
2013-01-28 09:00:00,0.663790301515826
2013-01-28 10:00:00,0.7806493223955585
2013-01-28 11:00:00,0.0
2013-01-28 12:00:00,0.0
2013-01-28 13:00:00,0.0
2013-01-28 14:00:00,0.19159968264398547
2013-01-28 15:00:00,0.15883067918229804
2013-01-28 16:00:00,0.17747591586035674
2013-01-28 17:00:00,0.3365197847241973
2013-01-28 18:00:00,0.0
2013-01-28 19:00:00,1.3461127377493818
2013-01-28 20:00:00,1.355715034638585
2013-01-28 21:00:00,0.0
2013-01-28 22:00:00,1.2247788600669192
2013-01-28 23:00:00,-0.22111263122484265
2013-01-29 00:00:00,-1.0181032730284643
2013-01-29 01:00:00,0.0
2013-01-29 02:00:00,-1.5792316708546443
2013-01-29 03:00:00,0.0
2013-01-29 04:00:00,-1.5512172027458608
2013-01-29 05:00:00,-1.4953281058033803
2013-01-29 06:00:00,-1.378655537290427
2013-01-29 07:00:00,0.3037507812625154
2013-01-29 08:00:00,0.7666653948870125
2013-01-29 09:00:00,0.8180330219350693
2013-01-29 10:00:00,0.0
2013-01-29 11:00:00,0.7619108595341108
2013-01-29 12:00:00,0.4066258746337013
2013-01-29 13:00:00,0.14484675167374708
2013-01-29 14:00:00,0.10270851678134438
2013-01-29 15:00:00,0.0
2013-01-29 16:00:00,0.0
2013-01-29 17:00:00,0.2944281629234771
2013-01-29 18:00:00,0.0
2013-01-29 19:00:00,0.5281928177746413
2013-01-29 20:00:00,0.411240570711521
2013-01-29 21:00:00,0.28505893149276185
2013-01-29 22:00:00,0.20558361015253088
2013-01-29 23:00:00,0.0
2013-01-30 00:00:00,-1.0601016686457918
2013-01-30 01:00:00,-1.5045574979590188
2013-01-30 02:00:00,0.0
2013-01-30 03:00:00,0.0
2013-01-30 04:00:00,-1.5559251250070705
2013-01-30 05:00:00,-1.4019620831380006
2013-01-30 06:00:00,-1.3833168464599421
2013-01-30 07:00:00,-0.07027266649934122
2013-01-30 08:00:00,0.29442816292347773
2013-01-30 09:00:00,0.6637436884241373
2013-01-30 10:00:00,0.9583384279374566
2013-01-30 11:00:00,1.0658282173864628
2013-01-30 12:00:00,1.4067563700447723
2013-01-30 13:00:00,0.6030068299453535
2013-01-30 14:00:00,0.0
2013-01-30 15:00:00,0.32710394020178163
2013-01-30 16:00:00,0.0
2013-01-30 17:00:00,0.43468695583417566
2013-01-30 18:00:00,0.6403905294848655
2013-01-30 19:00:00,0.0
2013-01-30 20:00:00,0.44871749643441533
2013-01-30 21:00:00,0.238306000522529
2013-01-30 22:00:00,0.0
2013-01-30 23:00:00,-0.4642465175067326
2013-01-31 00:00:00,0.0
2013-01-31 01:00:00,-1.3973007739684864
2013-01-31 02:00:00,-1.5512638158375567
2013-01-31 03:00:00,-1.5139733424814386
2013-01-31 04:00:00,-1.4812509521114463
2013-01-31 05:00:00,-1.4066700053992103
2013-01-31 06:00:00,0.0
2013-01-31 07:00:00,0.2476752319532449
2013-01-31 08:00:00,0.0
2013-01-31 09:00:00,0.14013882941255063
2013-01-31 10:00:00,0.2897668537539638
2013-01-31 11:00:00,0.3551650214022615
2013-01-31 12:00:00,0.4393482650036945
2013-01-31 13:00:00,0.0
2013-01-31 14:00:00,0.3177347087710608
2013-01-31 15:00:00,0.0
2013-01-31 16:00:00,0.0
2013-01-31 17:00:00,0.40196456546418247
2013-01-31 18:00:00,0.0
2013-01-31 19:00:00,0.5234382824217452
2013-01-31 20:00:00,0.44405618726490204
2013-01-31 21:00:00,0.28044423541493235
2013-01-31 22:00:00,0.28501231840106206
2013-01-31 23:00:00,0.0
2013-02-01 00:00:00,0.0
2013-02-01 01:00:00,0.0
2013-02-01 02:00:00,0.0
2013-02-01 03:00:00,-1.5699090525156156
2013-02-01 04:00:00,-1.5745703616851294
2013-02-01 05:00:00,-1.4673136376945963
2013-02-01 06:00:00,-1.3600103006123683
2013-02-01 07:00:00,-0.42094295532193654
2013-02-01 08:00:00,0.0
2013-02-01 09:00:00,0.0
2013-02-01 10:00:00,0.28972024066227514
2013-02-01 11:00:00,0.0
2013-02-01 12:00:00,0.4720706553736877
2013-02-01 13:00:00,0.32244263103226833
2013-02-01 14:00:00,0.1681999106130244
2013-02-01 15:00:00,0.0
2013-02-01 16:00:00,0.0
2013-02-01 17:00:00,0.18689176038277794
2013-02-01 18:00:00,0.6544210700850996
2013-02-01 19:00:00,0.593637598514632
2013-02-01 20:00:00,0.6030068299453535
2013-02-01 21:00:00,0.3037973943542041
2013-02-01 22:00:00,0.191506456460597
2013-02-01 23:00:00,0.0
2013-02-02 00:00:00,-0.946692016551501
2013-02-02 01:00:00,-1.5466025066680416
2013-02-02 02:00:00,-1.6865350079368726
2013-02-02 03:00:00,-1.6398753031500304
2013-02-02 04:00:00,0.0
2013-02-02 05:00:00,0.0
2013-02-02 06:00:00,0.0
2013-02-02 07:00:00,-0.4676492732004751
2013-02-02 08:00:00,-0.18247037820956538
2013-02-02 09:00:00,0.0
2013-02-02 10:00:00,0.0
2013-02-02 11:00:00,0.0
2013-02-02 12:00:00,1.196764391958134
2013-02-02 13:00:00,0.7198658508250854
2013-02-02 14:00:00,0.5796070579143924
2013-02-02 15:00:00,0.5796070579143875
2013-02-02 16:00:00,0.9022162655365029
2013-02-02 17:00:00,0.6825287643772732
2013-02-02 18:00:00,0.7619108595341052
2013-02-02 19:00:00,0.0
2013-02-02 20:00:00,0.799387785257005
2013-02-02 21:00:00,0.0
2013-02-02 22:00:00,0.36924217509418433
2013-02-02 23:00:00,-0.3801098869969933
2013-02-03 00:00:00,0.0
2013-02-03 01:00:00,0.0
2013-02-03 02:00:00,-1.73324132581541
2013-02-03 03:00:00,-1.7984996541886151
2013-02-03 04:00:00,-1.663181848997604
2013-02-03 05:00:00,0.0
2013-02-03 06:00:00,0.0
2013-02-03 07:00:00,0.0
2013-02-03 08:00:00,-0.07493397566886557
2013-02-03 09:00:00,0.7385577005948445
2013-02-03 10:00:00,1.4680525856238862
2013-02-03 11:00:00,0.0
2013-02-03 12:00:00,1.3274675010713286
2013-02-03 13:00:00,0.0
2013-02-03 14:00:00,0.9910142052157556
2013-02-03 15:00:00,0.9349386559064905
2013-02-03 16:00:00,1.1219969928791211
2013-02-03 17:00:00,1.290270253898599
2013-02-03 18:00:00,1.3276539534381055
2013-02-03 19:00:00,0.0
2013-02-03 20:00:00,1.117289070617908
2013-02-03 21:00:00,0.8414327939660304
2013-02-03 22:00:00,0.0
2013-02-03 23:00:00,-0.7880676655129141
2013-02-04 00:00:00,0.0
2013-02-04 01:00:00,-1.6071995258717324
2013-02-04 02:00:00,-1.5652477433461005
2013-02-04 03:00:00,0.0
2013-02-04 04:00:00,-1.639921916241726
2013-02-04 05:00:00,-1.5558785119153757
2013-02-04 06:00:00,-1.4206539329077545
2013-02-04 07:00:00,-0.5050795858316756
2013-02-04 08:00:00,0.16349198835181133
2013-02-04 09:00:00,0.7946332499041033
2013-02-04 10:00:00,0.5047930457436802
2013-02-04 11:00:00,0.3505037122327427
2013-02-04 12:00:00,0.0
2013-02-04 13:00:00,0.0
2013-02-04 14:00:00,0.2663670817230089
2013-02-04 15:00:00,0.0
2013-02-04 16:00:00,0.16819991061301887
2013-02-04 17:00:00,0.0
2013-02-04 18:00:00,0.0
2013-02-04 19:00:00,0.47202404228199835
2013-02-04 20:00:00,0.19150645646060252
2013-02-04 21:00:00,0.18689176038277794
2013-02-04 22:00:00,0.14950806084326593
2013-02-04 23:00:00,0.0
2013-02-05 00:00:00,-0.7166097959442582
2013-02-05 01:00:00,0.0
2013-02-05 02:00:00,0.0
2013-02-05 03:00:00,-1.471928333772416
2013-02-05 04:00:00,-1.569909052515615
2013-02-05 05:00:00,-1.5932622114548838
2013-02-05 06:00:00,-1.3739942281209123
2013-02-05 07:00:00,0.0
2013-02-05 08:00:00,0.03726373604135859
2013-02-05 09:00:00,0.0
2013-02-05 10:00:00,0.0
2013-02-05 11:00:00,0.28972024066227514
2013-02-05 12:00:00,0.38327271569442956
2013-02-05 13:00:00,0.0
2013-02-05 14:00:00,0.0
2013-02-05 15:00:00,0.0
2013-02-05 16:00:00,0.24767523195325045
2013-02-05 17:00:00,0.29908947209300146
2013-02-05 18:00:00,0.0
2013-02-05 19:00:00,0.5515925898056018
2013-02-05 20:00:00,0.0
2013-02-05 21:00:00,0.22427545992228382
2013-02-05 22:00:00,0.1681999106130244
2013-02-05 23:00:00,0.0
2013-02-06 00:00:00,0.0
2013-02-06 01:00:00,-1.6026314428856079
2013-02-06 02:00:00,0.0
2013-02-06 03:00:00,-1.7798078044188617
2013-02-06 04:00:00,-1.6818736987673588
2013-02-06 05:00:00,-1.5979235206243982
2013-02-06 06:00:00,-1.49062018354217
2013-02-06 07:00:00,0.0
2013-02-06 08:00:00,0.0
2013-02-06 09:00:00,0.08872458927279896
2013-02-06 10:00:00,0.0
2013-02-06 11:00:00,0.3645808659246766
2013-02-06 12:00:00,0.0
2013-02-06 13:00:00,0.49080911823513484
2013-02-06 14:00:00,0.0
2013-02-06 15:00:00,0.0
2013-02-06 16:00:00,0.22898338218349687
2013-02-06 17:00:00,0.0
2013-02-06 18:00:00,0.47207065537368215
2013-02-06 19:00:00,0.0
2013-02-06 20:00:00,0.0
2013-02-06 21:00:00,0.09804720761182555
2013-02-06 22:00:00,0.25704446338397124
2013-02-06 23:00:00,-0.5670283846945307
2013-02-07 00:00:00,0.0
2013-02-07 01:00:00,0.0
2013-02-07 02:00:00,0.0
2013-02-07 03:00:00,0.0
2013-02-07 04:00:00,0.0
2013-02-07 05:00:00,-1.64458322541124
2013-02-07 06:00:00,0.0
2013-02-07 07:00:00,-0.5658164443104541
2013-02-07 08:00:00,-0.6125693752806867
2013-02-07 09:00:00,-0.30869863052002366
2013-02-07 10:00:00,-0.05158081672958766
2013-02-07 11:00:00,0.09338589844231225
2013-02-07 12:00:00,0.12610828881231098
2013-02-07 13:00:00,0.09804720761183108
2013-02-07 14:00:00,-0.023519735529113902
2013-02-07 15:00:00,0.0
2013-02-07 16:00:00,0.0
2013-02-07 17:00:00,0.02794111770232647
2013-02-07 18:00:00,0.0
2013-02-07 19:00:00,0.3879806379556377
2013-02-07 20:00:00,0.22893676909180327
2013-02-07 21:00:00,0.11678567047327826
2013-02-07 22:00:00,0.0
2013-02-07 23:00:00,-0.7645280542068605
2013-02-08 00:00:00,-1.2060938718349905
2013-02-08 01:00:00,-1.6072461389634276
2013-02-08 02:00:00,0.0
2013-02-08 03:00:00,0.0
2013-02-08 04:00:00,-1.6818736987673575
2013-02-08 05:00:00,-1.6678897712588137
2013-02-08 06:00:00,0.0
2013-02-08 07:00:00,-0.43958819199999555
2013-02-08 08:00:00,0.0
2013-02-08 09:00:00,0.0
2013-02-08 10:00:00,0.21499945467494594
2013-02-08 11:00:00,0.0
2013-02-08 12:00:00,0.36453425283298235
2013-02-08 13:00:00,0.25233654112276926
2013-02-08 14:00:00,0.0
2013-02-08 15:00:00,0.05134088973328694
2013-02-08 16:00:00,0.0
2013-02-08 17:00:00,0.0
2013-02-08 18:00:00,0.0
2013-02-08 19:00:00,0.5468846675443888
2013-02-08 20:00:00,0.4019179523724938
2013-02-08 21:00:00,0.0
2013-02-08 22:00:00,0.08401666701159635
2013-02-08 23:00:00,-0.6279050824483916
2013-02-09 00:00:00,-1.0740855961543379
2013-02-09 01:00:00,-1.658567152919785
2013-02-09 02:00:00,-1.6025382167022173
2013-02-09 03:00:00,-1.6818736987673581
2013-02-09 04:00:00,-1.6538126175668797
2013-02-09 05:00:00,-1.583939593115854
2013-02-09 06:00:00,0.0
2013-02-09 07:00:00,0.0
2013-02-09 08:00:00,0.06066350807232459
2013-02-09 09:00:00,0.0
2013-02-09 10:00:00,0.37385687117202
2013-02-09 11:00:00,1.2247788600669247
2013-02-09 12:00:00,1.1780259290966815
2013-02-09 13:00:00,0.6731129198548581
2013-02-09 14:00:00,0.4440095741732078
2013-02-09 15:00:00,0.1728612197825432
2013-02-09 16:00:00,0.0
2013-02-09 17:00:00,0.0
2013-02-09 18:00:00,0.0
2013-02-09 19:00:00,0.0
2013-02-09 20:00:00,1.2762397132983594
2013-02-09 21:00:00,0.5609152081446339
2013-02-09 22:00:00,0.0
2013-02-09 23:00:00,-0.6125693752806867
2013-02-10 00:00:00,-1.0740855961543399
2013-02-10 01:00:00,-1.6305526848110017
2013-02-10 02:00:00,-1.6865816210285676
2013-02-10 03:00:00,-1.7005655485371116
2013-02-10 04:00:00,0.0
2013-02-10 05:00:00,-1.6025848297939127
2013-02-10 06:00:00,0.0
2013-02-10 07:00:00,-0.004827885759360964
2013-02-10 08:00:00,0.18689176038277794
2013-02-10 09:00:00,0.0
2013-02-10 10:00:00,0.0
2013-02-10 11:00:00,0.0
2013-02-10 12:00:00,1.210748319466685
2013-02-10 13:00:00,0.0
2013-02-10 14:00:00,0.8087104035960323
2013-02-10 15:00:00,0.897508343275285
2013-02-10 16:00:00,0.9629997371069754
2013-02-10 17:00:00,0.0
2013-02-10 18:00:00,1.2060870102971606
2013-02-10 19:00:00,0.9629531240152818
2013-02-10 20:00:00,0.7152511547472663
2013-02-10 21:00:00,0.0
2013-02-10 22:00:00,-0.49827407444419053
2013-02-10 23:00:00,-0.9634261164700616
2013-02-11 00:00:00,-1.1826474867123342
2013-02-11 01:00:00,-1.7658704900020123
2013-02-11 02:00:00,0.0
2013-02-11 03:00:00,0.0
2013-02-11 04:00:00,-1.807822272527645
2013-02-11 05:00:00,-1.672597693520024
2013-02-11 06:00:00,-1.6025848297939134
2013-02-11 07:00:00,-0.1310561380698137
2013-02-11 08:00:00,-0.07027266649935228
2013-02-11 09:00:00,0.0
2013-02-11 10:00:00,0.0
2013-02-11 11:00:00,0.0
2013-02-11 12:00:00,0.9021696524448086
2013-02-11 13:00:00,0.2009223009830225
2013-02-11 14:00:00,0.0
2013-02-11 15:00:00,-0.05158081672958827
2013-02-11 16:00:00,0.0512942766415927
2013-02-11 17:00:00,0.0
2013-02-11 18:00:00,0.0
2013-02-11 19:00:00,0.29438154983178844
2013-02-11 20:00:00,0.0
2013-02-11 21:00:00,-0.02351973552910837
2013-02-11 22:00:00,-0.11697898437789027
2013-02-11 23:00:00,0.0
2013-02-12 00:00:00,0.0
2013-02-12 01:00:00,-1.7051802446149318
2013-02-12 02:00:00,-1.6912429301980823
2013-02-12 03:00:00,-1.751839949401774
2013-02-12 04:00:00,-1.7192107852151708
2013-02-12 05:00:00,-1.6491979214890602
2013-02-12 06:00:00,-1.532571966067802
2013-02-12 07:00:00,-0.2958334172121626
2013-02-12 08:00:00,0.06532481724183296
2013-02-12 09:00:00,0.13076959798182428
2013-02-12 10:00:00,0.4861011959739218
2013-02-12 11:00:00,0.6030068299453535
2013-02-12 12:00:00,0.7011740010553325
2013-02-12 13:00:00,0.6356826072236524
2013-02-12 14:00:00,0.6310212980541392
2013-02-12 15:00:00,0.476731964543201
2013-02-12 16:00:00,0.0
2013-02-12 17:00:00,0.0
2013-02-12 18:00:00,0.0
2013-02-12 19:00:00,0.0
2013-02-12 20:00:00,0.0
2013-02-12 21:00:00,0.0
2013-02-12 22:00:00,0.0
2013-02-12 23:00:00,-0.6266465289726205
2013-02-13 00:00:00,-1.172112927989232
2013-02-13 01:00:00,0.0
2013-02-13 02:00:00,0.0
2013-02-13 03:00:00,-1.6119074481329427
2013-02-13 04:00:00,-1.700518935445416
2013-02-13 05:00:00,0.0
2013-02-13 06:00:00,0.0
2013-02-13 07:00:00,0.0
2013-02-13 08:00:00,-0.018811813267906374
2013-02-13 09:00:00,0.0
2013-02-13 10:00:00,0.0
2013-02-13 11:00:00,0.0
2013-02-13 12:00:00,0.0
2013-02-13 13:00:00,0.0
2013-02-13 14:00:00,0.19155306955229123
2013-02-13 15:00:00,0.0
2013-02-13 16:00:00,0.0
2013-02-13 17:00:00,0.2663670817230089
2013-02-13 18:00:00,0.33185847555467785
2013-02-13 19:00:00,0.0
2013-02-13 20:00:00,0.31782793495443823
2013-02-13 21:00:00,0.0
2013-02-13 22:00:00,0.0
2013-02-13 23:00:00,-0.6511184021125711
2013-02-14 00:00:00,0.0
2013-02-14 01:00:00,-1.5932622114548838
2013-02-14 02:00:00,0.0
2013-02-14 03:00:00,0.0
2013-02-14 04:00:00,-1.7984996541886158
2013-02-14 05:00:00,-1.7052268577066267
2013-02-14 06:00:00,0.0
2013-02-14 07:00:00,0.0
2013-02-14 08:00:00,0.0
2013-02-14 09:00:00,0.3552116344939502
2013-02-14 10:00:00,0.22427545992228382
2013-02-14 11:00:00,0.0
2013-02-14 12:00:00,0.22893676909180263
2013-02-14 13:00:00,0.046679580563773644
2013-02-14 14:00:00,0.0
2013-02-14 15:00:00,0.05590897271941729
2013-02-14 16:00:00,0.0
2013-02-14 17:00:00,0.2476752319532449
2013-02-14 18:00:00,0.3832261026027408
2013-02-14 19:00:00,0.0
2013-02-14 20:00:00,0.280397622323243
2013-02-14 21:00:00,0.0
2013-02-14 22:00:00,0.0
2013-02-14 23:00:00,-0.7225762716812341
2013-02-15 00:00:00,0.0
2013-02-15 01:00:00,-1.6399219162417256
2013-02-15 02:00:00,0.0
2013-02-15 03:00:00,-1.719164172123475
2013-02-15 04:00:00,0.0
2013-02-15 05:00:00,-1.6585205398280896
2013-02-15 06:00:00,0.0
2013-02-15 07:00:00,-0.6838874055742639
2013-02-15 08:00:00,0.2710283908925167
2013-02-15 09:00:00,0.0
2013-02-15 10:00:00,0.0
2013-02-15 11:00:00,0.0
2013-02-15 12:00:00,0.0
2013-02-15 13:00:00,0.3552116344939502
2013-02-15 14:00:00,0.0
2013-02-15 15:00:00,0.004541345671366004
2013-02-15 16:00:00,0.0
2013-02-15 17:00:00,0.0
2013-02-15 18:00:00,0.21024491932204417
2013-02-15 19:00:00,0.47202404228199346
2013-02-15 20:00:00,0.1401388294125451
2013-02-15 21:00:00,0.0
2013-02-15 22:00:00,-0.11231767520837206
2013-02-15 23:00:00,-0.6372277007874237
2013-02-16 00:00:00,0.0
2013-02-16 01:00:00,-1.6445832254112407
2013-02-16 02:00:00,-1.6958576262759024
2013-02-16 03:00:00,0.0
2013-02-16 04:00:00,0.0
2013-02-16 05:00:00,0.0
2013-02-16 06:00:00,-1.5139267293897434
2013-02-16 07:00:00,-0.5308566255390995
2013-02-16 08:00:00,0.25233654112276926
2013-02-16 09:00:00,0.3178279349544437
2013-02-16 10:00:00,0.9022162655365029
2013-02-16 11:00:00,1.0050447458159952
2013-02-16 12:00:00,0.5748991356531855
2013-02-16 13:00:00,0.0
2013-02-16 14:00:00,0.7479735451172596
2013-02-16 15:00:00,0.5095009680048878
2013-02-16 16:00:00,0.0
2013-02-16 17:00:00,0.35982633057176927
2013-02-16 18:00:00,0.0
2013-02-16 19:00:00,0.869447262074816
2013-02-16 20:00:00,0.7339430045170193
2013-02-16 21:00:00,0.6731595329465468
2013-02-16 22:00:00,0.0
2013-02-16 23:00:00,0.0
2013-02-17 00:00:00,0.0
2013-02-17 01:00:00,-1.5092654202202296
2013-02-17 02:00:00,-1.611907448132942
2013-02-17 03:00:00,0.0
2013-02-17 04:00:00,-1.5886009022853687
2013-02-17 05:00:00,0.0
2013-02-17 06:00:00,0.0
2013-02-17 07:00:00,-0.2245620000102843
2013-02-17 08:00:00,0.38327271569442956
2013-02-17 09:00:00,0.0
2013-02-17 10:00:00,0.0
2013-02-17 11:00:00,1.2947917237930249
2013-02-17 12:00:00,1.08918137632574
2013-02-17 13:00:00,0.0
2013-02-17 14:00:00,0.0
2013-02-17 15:00:00,1.0564589859557414
2013-02-17 16:00:00,1.0050447458159952
2013-02-17 17:00:00,0.0
2013-02-17 18:00:00,0.0
2013-02-17 19:00:00,1.0144139772467216
2013-02-17 20:00:00,0.9115854969672237
2013-02-17 21:00:00,0.0
2013-02-17 22:00:00,0.0
2013-02-17 23:00:00,0.0
2013-02-18 00:00:00,0.0
2013-02-18 01:00:00,0.0
2013-02-18 02:00:00,-1.6212300664719714
2013-02-18 03:00:00,0.0
2013-02-18 04:00:00,-1.6631818489976034
2013-02-18 05:00:00,0.0
2013-02-18 06:00:00,-1.495281492711685
2013-02-18 07:00:00,-0.6232437732788728
2013-02-18 08:00:00,0.0
2013-02-18 09:00:00,0.0
2013-02-18 10:00:00,0.0
2013-02-18 11:00:00,0.1821838381215698
2013-02-18 12:00:00,0.0
2013-02-18 13:00:00,0.0
2013-02-18 14:00:00,0.07469404867255931
2013-02-18 15:00:00,0.0
2013-02-18 16:00:00,0.013910577102086824
2013-02-18 17:00:00,0.0840166670115859
2013-02-18 18:00:00,0.0
2013-02-18 19:00:00,0.0
2013-02-18 20:00:00,0.0
2013-02-18 21:00:00,0.009202654840884214
2013-02-18 22:00:00,0.0
2013-02-18 23:00:00,-0.5484297611081659
2013-02-19 00:00:00,-1.1220970806003367
2013-02-19 01:00:00,-1.579231670854644
2013-02-19 02:00:00,0.0
2013-02-19 03:00:00,-1.6399219162417256
2013-02-19 04:00:00,0.0
2013-02-19 05:00:00,0.0
2013-02-19 06:00:00,0.0
2013-02-19 07:00:00,0.0
2013-02-19 08:00:00,0.0
2013-02-19 09:00:00,-0.09362582543861851
2013-02-19 10:00:00,0.0
2013-02-19 11:00:00,0.1868451472910831
2013-02-19 12:00:00,0.25228992803107503
2013-02-19 13:00:00,0.0
2013-02-19 14:00:00,-0.05158081672959381
2013-02-19 15:00:00,0.03726373604136412
2013-02-19 16:00:00,0.06066350807231967
2013-02-19 17:00:00,0.08406328010328014
2013-02-19 18:00:00,0.0
2013-02-19 19:00:00,0.0
2013-02-19 20:00:00,0.12140036655109793
2013-02-19 21:00:00,0.0
2013-02-19 22:00:00,0.0
2013-02-19 23:00:00,-0.5624603017084056
2013-02-20 00:00:00,-1.0120901841997971
2013-02-20 01:00:00,-1.3505944560899488
2013-02-20 02:00:00,-1.4579444062638718
2013-02-20 03:00:00,0.0
2013-02-20 04:00:00,-1.3787021503821226
2013-02-20 05:00:00,0.0
2013-02-20 06:00:00,0.0
2013-02-20 07:00:00,-0.7273308070341411
2013-02-20 08:00:00,-0.25728439038027195
2013-02-20 09:00:00,0.0
2013-02-20 10:00:00,0.09809382070351978
2013-02-20 11:00:00,0.0
2013-02-20 12:00:00,0.2850589314927563
2013-02-20 13:00:00,0.0
2013-02-20 14:00:00,0.18689176038277241
2013-02-20 15:00:00,0.10736982595085766
2013-02-20 16:00:00,0.14946144775157721
2013-02-20 17:00:00,0.0
2013-02-20 18:00:00,0.35516502140225537
2013-02-20 19:00:00,0.0
2013-02-20 20:00:00,0.30841209043202866
2013-02-20 21:00:00,0.16815329752133015
2013-02-20 22:00:00,0.07935535784207752
2013-02-20 23:00:00,0.0
2013-02-21 00:00:00,-1.0567455260437386
2013-02-21 01:00:00,-1.243337732099416
2013-02-21 02:00:00,0.0
2013-02-21 03:00:00,-1.3459797600121297
2013-02-21 04:00:00,0.0
2013-02-21 05:00:00,-1.2713988132998941
2013-02-21 06:00:00,0.0
2013-02-21 07:00:00,-0.6045519235091196
2013-02-21 08:00:00,-0.1778090690400521
2013-02-21 09:00:00,-0.17305453368715584
2013-02-21 10:00:00,0.0
2013-02-21 11:00:00,0.0
2013-02-21 12:00:00,0.33651978472420224
2013-02-21 13:00:00,0.0
2013-02-21 14:00:00,0.0
2013-02-21 15:00:00,0.04658635438038517
2013-02-21 16:00:00,0.09804720761182555
2013-02-21 17:00:00,0.0
2013-02-21 18:00:00,0.4907625051434406
2013-02-21 19:00:00,0.40662587463369637
2013-02-21 20:00:00,0.49542381431295945
2013-02-21 21:00:00,0.19159968264397995
2013-02-21 22:00:00,0.06066350807232459
2013-02-21 23:00:00,0.0
2013-02-22 00:00:00,-1.2839843480575828
2013-02-22 01:00:00,-0.9886904121688271
2013-02-22 02:00:00,0.0
2013-02-22 03:00:00,0.0
2013-02-22 04:00:00,-1.6305992979026962
2013-02-22 05:00:00,-1.49062018354217
2013-02-22 06:00:00,-1.4579444062638718
2013-02-22 07:00:00,-0.580919086019679
2013-02-22 08:00:00,0.0
2013-02-22 09:00:00,0.0
2013-02-22 10:00:00,0.0
2013-02-22 11:00:00,0.0
2013-02-22 12:00:00,0.45808672786514165
2013-02-22 13:00:00,0.07935535784206707
2013-02-22 14:00:00,0.13076959798182428
2013-02-22 15:00:00,0.0
2013-02-22 16:00:00,0.2055369970608422
2013-02-22 17:00:00,0.0
2013-02-22 18:00:00,0.3645808659246766
2013-02-22 19:00:00,0.3318118624629947
2013-02-22 20:00:00,0.29438154983178905
2013-02-22 21:00:00,0.0
2013-02-22 22:00:00,0.0
2013-02-22 23:00:00,0.0
2013-02-23 00:00:00,0.0
2013-02-23 01:00:00,0.0
2013-02-23 02:00:00,0.0
2013-02-23 03:00:00,-1.6725510804283281
2013-02-23 04:00:00,0.0
2013-02-23 05:00:00,-1.6212300664719714
2013-02-23 06:00:00,0.0
2013-02-23 07:00:00,-0.03750366303765931
2013-02-23 08:00:00,0.0
2013-02-23 09:00:00,0.3271505532934709
2013-02-23 10:00:00,0.0
2013-02-23 11:00:00,0.0
2013-02-23 12:00:00,1.0985506077564609
2013-02-23 13:00:00,0.9489691965067302
2013-02-23 14:00:00,0.9255694244757753
2013-02-23 15:00:00,0.8554167214745764
2013-02-23 16:00:00,0.0
2013-02-23 17:00:00,0.44871749643441533
2013-02-23 18:00:00,0.5749457487448743
2013-02-23 19:00:00,0.6450984517460675
2013-02-23 20:00:00,0.3505503253244308
2013-02-23 21:00:00,0.24301392278373715
2013-02-23 22:00:00,0.08877120236448767
2013-02-23 23:00:00,-0.8920148599930902
2013-02-24 00:00:00,-0.9418442550152086
2013-02-24 01:00:00,0.0
2013-02-24 02:00:00,-1.72382548129299
2013-02-24 03:00:00,-1.7472252533239536
2013-02-24 04:00:00,-1.7471786402322587
2013-02-24 05:00:00,0.0
2013-02-24 06:00:00,-1.3226732141645554
2013-02-24 07:00:00,0.0
2013-02-24 08:00:00,0.0
2013-02-24 09:00:00,0.0
2013-02-24 10:00:00,0.0
2013-02-24 11:00:00,0.7291884691641175
2013-02-24 12:00:00,0.0
2013-02-24 13:00:00,0.822740944196272
2013-02-24 14:00:00,0.9256160375674639
2013-02-24 15:00:00,0.6029602168536538
2013-02-24 16:00:00,0.8273556402740965
2013-02-24 17:00:00,1.0378137492776882
2013-02-24 18:00:00,1.1266116889569346
2013-02-24 19:00:00,0.0
2013-02-24 20:00:00,0.6450518386543788
2013-02-24 21:00:00,0.49080911823513484
2013-02-24 22:00:00,-0.3694821020904906
2013-02-24 23:00:00,-0.9775032701619949
2013-02-25 00:00:00,-1.2887388834104898
2013-02-25 01:00:00,-1.6911963171063873
2013-02-25 02:00:00,0.0
2013-02-25 03:00:00,0.0
2013-02-25 04:00:00,-1.8404980498059427
2013-02-25 05:00:00,-1.7378560218932295
2013-02-25 06:00:00,0.0
2013-02-25 07:00:00,0.0
2013-02-25 08:00:00,0.24767523195325045
2013-02-25 09:00:00,0.2523365411227582
2013-02-25 10:00:00,-0.07498058876055427
2013-02-25 11:00:00,0.20087568789132335
2013-02-25 12:00:00,0.0
2013-02-25 13:00:00,0.0
2013-02-25 14:00:00,0.4393482650036945
2013-02-25 15:00:00,0.0
2013-02-25 16:00:00,0.7152045416555721
2013-02-25 17:00:00,0.0
2013-02-25 18:00:00,0.948922583415036
2013-02-25 19:00:00,0.0
2013-02-25 20:00:00,0.0
2013-02-25 21:00:00,0.6731129198548526
2013-02-25 22:00:00,0.5609152081446339
2013-02-25 23:00:00,0.1400922163208564
2013-02-26 00:00:00,0.0
2013-02-26 01:00:00,0.0
2013-02-26 02:00:00,0.0
2013-02-26 03:00:00,-1.5465558935763464
2013-02-26 04:00:00,-1.7518399494017736
2013-02-26 05:00:00,0.0
2013-02-26 06:00:00,0.0
2013-02-26 07:00:00,0.0
2013-02-26 08:00:00,-0.07027266649935228
2013-02-26 09:00:00,0.0
2013-02-26 10:00:00,0.476731964543201
2013-02-26 11:00:00,0.0
2013-02-26 12:00:00,0.5094543549131936
2013-02-26 13:00:00,0.0
2013-02-26 14:00:00,0.0
2013-02-26 15:00:00,0.5094543549131941
2013-02-26 16:00:00,0.40196456546418247
2013-02-26 17:00:00,0.6122828351926969
2013-02-26 18:00:00,0.7245271599946043
2013-02-26 19:00:00,0.0
2013-02-26 20:00:00,0.0
2013-02-26 21:00:00,0.4300256466646568
2013-02-26 22:00:00,0.3505037122327476
2013-02-26 23:00:00,-0.8735094625901182
2013-02-27 00:00:00,-1.2806748185472319
2013-02-27 01:00:00,-1.686535007936872
2013-02-27 02:00:00,-1.807822272527645
2013-02-27 03:00:00,0.0
2013-02-27 04:00:00,0.0
2013-02-27 05:00:00,-1.7845157266800713
2013-02-27 06:00:00,-1.5932622114548838
2013-02-27 07:00:00,0.0
2013-02-27 08:00:00,-0.07027266649934122
2013-02-27 09:00:00,0.20558361015253088
2013-02-27 10:00:00,0.4580401147734474
2013-02-27 11:00:00,0.6263599888846203
2013-02-27 12:00:00,0.0
2013-02-27 13:00:00,0.6123294482843856
2013-02-27 14:00:00,0.6356826072236524
2013-02-27 15:00:00,0.3972566432029694
2013-02-27 16:00:00,0.0
2013-02-27 17:00:00,0.6871434604550873
2013-02-27 18:00:00,0.7479269320255708
2013-02-27 19:00:00,0.0
2013-02-27 20:00:00,0.0
2013-02-27 21:00:00,0.0
2013-02-27 22:00:00,0.0
2013-02-27 23:00:00,-0.6103319468793221
2013-02-28 00:00:00,-1.2993200552252868
2013-02-28 01:00:00,0.0
2013-02-28 02:00:00,-1.7472252533239538
2013-02-28 03:00:00,-1.737809408801534
2013-02-28 04:00:00,0.0
2013-02-28 05:00:00,0.0
2013-02-28 06:00:00,0.0
2013-02-28 07:00:00,0.0
2013-02-28 08:00:00,0.0
2013-02-28 09:00:00,0.0
2013-02-28 10:00:00,0.0
2013-02-28 11:00:00,0.0
2013-02-28 12:00:00,0.0
2013-02-28 13:00:00,0.0
2013-02-28 14:00:00,-0.004781272667666729
2013-02-28 15:00:00,0.3318584755546834
2013-02-28 16:00:00,0.0
2013-02-28 17:00:00,0.2710750039842164
2013-02-28 18:00:00,0.07469404867255931
2013-02-28 19:00:00,0.06061689498062482
2013-02-28 20:00:00,0.018571886271600117
2013-02-28 21:00:00,0.0
2013-02-28 22:00:00,0.0
2013-02-28 23:00:00,0.0
2013-03-01 00:00:00,0.0
2013-03-01 01:00:00,0.0
2013-03-01 02:00:00,0.0
2013-03-01 03:00:00,-1.8918190637622996
2013-03-01 04:00:00,0.0
2013-03-01 05:00:00,-1.7611159546491075
2013-03-01 06:00:00,0.0
2013-03-01 07:00:00,-0.5565404390631215
2013-03-01 08:00:00,0.05134088973329247
2013-03-01 09:00:00,0.07464743558087061
2013-03-01 10:00:00,0.16353860144350557
2013-03-01 11:00:00,-0.00011996349814790363
2013-03-01 12:00:00,0.09338589844231225
2013-03-01 13:00:00,0.0
2013-03-01 14:00:00,0.07935535784207752
2013-03-01 15:00:00,0.25238315421445245
2013-03-01 16:00:00,0.42065641523393604
2013-03-01 17:00:00,0.23830600052251855
2013-03-01 18:00:00,0.0
2013-03-01 19:00:00,0.6637436884241318
2013-03-01 20:00:00,0.0
2013-03-01 21:00:00,0.4861011959739218
2013-03-01 22:00:00,0.3738568711720145
2013-03-01 23:00:00,0.0
2013-03-02 00:00:00,0.0
2013-03-02 01:00:00,-1.611954061224638
2013-03-02 02:00:00,0.0
2013-03-02 03:00:00,0.0
2013-03-02 04:00:00,0.0
2013-03-02 05:00:00,-1.611907448132942
2013-03-02 06:00:00,0.0
2013-03-02 07:00:00,-0.30977073162901625
2013-03-02 08:00:00,0.0
2013-03-02 09:00:00,0.0
2013-03-02 10:00:00,0.892847034105782
2013-03-02 11:00:00,0.0
2013-03-02 12:00:00,1.0658282173864622
2013-03-02 13:00:00,0.0
2013-03-02 14:00:00,0.0
2013-03-02 15:00:00,0.0
2013-03-02 16:00:00,0.0
2013-03-02 17:00:00,1.140688842648874
2013-03-02 18:00:00,1.1780725421883804
2013-03-02 19:00:00,0.0
2013-03-02 20:00:00,0.0
2013-03-02 21:00:00,0.6871434604550928
2013-03-02 22:00:00,0.6637436884241318
2013-03-02 23:00:00,0.0
2013-03-03 00:00:00,0.0
2013-03-03 01:00:00,-1.4812509521114456
2013-03-03 02:00:00,-1.6072461389634276
2013-03-03 03:00:00,-1.64458322541124
2013-03-03 04:00:00,0.0
2013-03-03 05:00:00,0.0
2013-03-03 06:00:00,-1.4625591023416915
2013-03-03 07:00:00,0.0
2013-03-03 08:00:00,0.0
2013-03-03 09:00:00,0.710496619394359
2013-03-03 10:00:00,0.0
2013-03-03 11:00:00,1.135980920387661
2013-03-03 12:00:00,0.0
2013-03-03 13:00:00,0.0
2013-03-03 14:00:00,0.6684049975936506
2013-03-03 15:00:00,0.7899719407345845
2013-03-03 16:00:00,0.0
2013-03-03 17:00:00,0.9863528960462422
2013-03-03 18:00:00,0.9442612742455226
2013-03-03 19:00:00,0.0
2013-03-03 20:00:00,0.0
2013-03-03 21:00:00,0.0
2013-03-03 22:00:00,-0.49100243213974687
2013-03-03 23:00:00,-0.7540401085754507
2013-03-04 00:00:00,0.0
2013-03-04 01:00:00,0.0
2013-03-04 02:00:00,0.0
2013-03-04 03:00:00,-1.6865816210285678
2013-03-04 04:00:00,-1.5466025066680416
2013-03-04 05:00:00,-1.5372798883290126
2013-03-04 06:00:00,-1.4160392368299348
2013-03-04 07:00:00,-0.6138279287564574
2013-03-04 08:00:00,-0.25257646811907
2013-03-04 09:00:00,-0.2433004628717321
2013-03-04 10:00:00,-0.03755027612934802
2013-03-04 11:00:00,0.0
2013-03-04 12:00:00,0.0
2013-03-04 13:00:00,0.0
2013-03-04 14:00:00,0.0
2013-03-04 15:00:00,0.0
2013-03-04 16:00:00,-0.06561135732982792
2013-03-04 17:00:00,0.11207774821207073
2013-03-04 18:00:00,0.36453425283298235
2013-03-04 19:00:00,0.33647317163250245
2013-03-04 20:00:00,0.22427545992228382
2013-03-04 21:00:00,0.08872458927279343
2013-03-04 22:00:00,0.0
2013-03-04 23:00:00,-0.702579255344018
2013-03-05 00:00:00,-1.16404886312597
2013-03-05 01:00:00,-1.3086892866560116
2013-03-05 02:00:00,0.0
2013-03-05 03:00:00,0.0
2013-03-05 04:00:00,-1.2994132814086776
2013-03-05 05:00:00,-1.5046041110507138
2013-03-05 06:00:00,-1.392639464798972
2013-03-05 07:00:00,0.0
2013-03-05 08:00:00,-0.12168690663909841
2013-03-05 09:00:00,-0.13571744723933252
2013-03-05 10:00:00,0.1401388294125451
2013-03-05 11:00:00,0.22432207301397805
2013-03-05 12:00:00,0.05129427664159823
2013-03-05 13:00:00,0.0
2013-03-05 14:00:00,0.041925045210871884
2013-03-05 15:00:00,0.0
2013-03-05 16:00:00,0.0
2013-03-05 17:00:00,0.0
2013-03-05 18:00:00,0.0
2013-03-05 19:00:00,0.26165915946179585
2013-03-05 20:00:00,0.3037507812625099
2013-03-05 21:00:00,0.09333928535061801
2013-03-05 22:00:00,-0.03755027612935355
2013-03-05 23:00:00,-0.5530444571859794
2013-03-06 00:00:00,0.0
2013-03-06 01:00:00,-1.5419411974985267
2013-03-06 02:00:00,0.0
2013-03-06 03:00:00,-1.6258913756414866
2013-03-06 04:00:00,-1.64458322541124
2013-03-06 05:00:00,0.0
2013-03-06 06:00:00,0.0
2013-03-06 07:00:00,-0.8205103773327346
2013-03-06 08:00:00,-0.19183960964029173
2013-03-06 09:00:00,-0.08430320709958086
2013-03-06 10:00:00,0.0
2013-03-06 11:00:00,0.3177813218627495
2013-03-06 12:00:00,0.0
2013-03-06 13:00:00,0.12144697964279154
2013-03-06 14:00:00,0.0
2013-03-06 15:00:00,0.0
2013-03-06 16:00:00,0.0
2013-03-06 17:00:00,0.056002198902800226
2013-03-06 18:00:00,0.20092230098301758
2013-03-06 19:00:00,0.15416937001277922
2013-03-06 20:00:00,0.16344537526012262
2013-03-06 21:00:00,0.0
2013-03-06 22:00:00,0.0
2013-03-06 23:00:00,0.0
2013-03-07 00:00:00,-1.0121367972914865
2013-03-07 01:00:00,-1.490573570450475
2013-03-07 02:00:00,-1.5512638158375567
2013-03-07 03:00:00,0.0
2013-03-07 04:00:00,-1.5605864341765854
2013-03-07 05:00:00,0.0
2013-03-07 06:00:00,-1.3460263731038242
2013-03-07 07:00:00,-0.9015239306989036
2013-03-07 08:00:00,-0.12168690663909289
2013-03-07 09:00:00,-0.2572843903802775
2013-03-07 10:00:00,-0.0562421258991071
2013-03-07 11:00:00,0.0
2013-03-07 12:00:00,0.0
2013-03-07 13:00:00,0.06066350807231905
2013-03-07 14:00:00,0.0
2013-03-07 15:00:00,-0.16377852843981244
2013-03-07 16:00:00,0.0
2013-03-07 17:00:00,0.0
2013-03-07 18:00:00,0.20092230098301758
2013-03-07 19:00:00,0.2897202406622702
2013-03-07 20:00:00,0.19159968264398547
2013-03-07 21:00:00,0.0
2013-03-07 22:00:00,0.0
2013-03-07 23:00:00,-0.5845549071719068
2013-03-08 00:00:00,0.0
2013-03-08 01:00:00,-1.49062018354217
2013-03-08 02:00:00,-1.5978769075327033
2013-03-08 03:00:00,0.0
2013-03-08 04:00:00,0.0
2013-03-08 05:00:00,0.0
2013-03-08 06:00:00,-1.462605715433386
2013-03-08 07:00:00,-0.9187241615344133
2013-03-08 08:00:00,-0.20582353714883714
2013-03-08 09:00:00,-0.1871783004707729
2013-03-08 10:00:00,-0.03755027612934802
2013-03-08 11:00:00,0.1401388294125451
2013-03-08 12:00:00,0.2990894720929966
2013-03-08 13:00:00,-0.042164972207178755
2013-03-08 14:00:00,-0.06095004816031463
2013-03-08 15:00:00,-0.02356634862080814
2013-03-08 16:00:00,0.05595558581110661
2013-03-08 17:00:00,0.0
2013-03-08 18:00:00,0.0
2013-03-08 19:00:00,0.0
2013-03-08 20:00:00,0.20092230098301758
2013-03-08 21:00:00,0.06532481724183296
2013-03-08 22:00:00,0.0
2013-03-08 23:00:00,0.0
2013-03-09 00:00:00,0.0
2013-03-09 01:00:00,-1.5046041110507138
2013-03-09 02:00:00,-1.5979235206243982
2013-03-09 03:00:00,0.0
2013-03-09 04:00:00,-1.5652943564377952
2013-03-09 05:00:00,0.0
2013-03-09 06:00:00,0.0
2013-03-09 07:00:00,-0.5714566284055642
2013-03-09 08:00:00,0.0
2013-03-09 09:00:00,-0.31797463576736706
2013-03-09 10:00:00,0.0
2013-03-09 11:00:00,0.44871749643441533
2013-03-09 12:00:00,0.3037507812625099
2013-03-09 13:00:00,0.24762861886156112
2013-03-09 14:00:00,0.08872458927279896
2013-03-09 15:00:00,0.0
2013-03-09 16:00:00,0.0
2013-03-09 17:00:00,0.2710283908925167
2013-03-09 18:00:00,0.0
2013-03-09 19:00:00,0.09804720761183108
2013-03-09 20:00:00,0.4814398868044085
2013-03-09 21:00:00,-0.07959528483837887
2013-03-09 22:00:00,-0.0562421258991071
2013-03-09 23:00:00,-0.6512116282959636
2013-03-10 00:00:00,-0.971350342058236
2013-03-10 01:00:00,0.0
2013-03-10 02:00:00,0.0
2013-03-10 03:00:00,0.0
2013-03-10 04:00:00,0.0
2013-03-10 05:00:00,-1.625891375641486
2013-03-10 06:00:00,-1.402008696229696
2013-03-10 07:00:00,-0.7365601991897796
2013-03-10 08:00:00,0.0
2013-03-10 09:00:00,-0.27592962705833624
2013-03-10 10:00:00,0.4112871838032152
2013-03-10 11:00:00,0.0
2013-03-10 12:00:00,0.0
2013-03-10 13:00:00,0.06532481724183296
2013-03-10 14:00:00,-0.04216497220717814
2013-03-10 15:00:00,0.0
2013-03-10 16:00:00,0.0
2013-03-10 17:00:00,0.0
2013-03-10 18:00:00,0.8601246437357785
2013-03-10 19:00:00,0.8975083432752904
2013-03-10 20:00:00,0.5375620492053677
2013-03-10 21:00:00,0.0
2013-03-10 22:00:00,-0.37885133352121697
2013-03-10 23:00:00,-0.732038729295349
2013-03-11 00:00:00,0.0
2013-03-11 01:00:00,-1.4720215599558064
2013-03-11 02:00:00,-1.7098881668761414
2013-03-11 03:00:00,0.0
2013-03-11 04:00:00,0.0
2013-03-11 05:00:00,0.0
2013-03-11 06:00:00,0.0
2013-03-11 07:00:00,-0.5144022041707025
2013-03-11 08:00:00,0.0
2013-03-11 09:00:00,-0.27597624015002553
2013-03-11 10:00:00,-0.0796418979300731
2013-03-11 11:00:00,0.22427545992228382
2013-03-11 12:00:00,0.17747591586036227
2013-03-11 13:00:00,-0.18247037820956538
2013-03-11 14:00:00,0.0
2013-03-11 15:00:00,-0.20116222797932384
2013-03-11 16:00:00,-0.1404253695005456
2013-03-11 17:00:00,0.08872458927279896
2013-03-11 18:00:00,0.22893676909180327
2013-03-11 19:00:00,0.23364469135300525
2013-03-11 20:00:00,0.0
2013-03-11 21:00:00,0.11203113512037649
2013-03-11 22:00:00,0.0
2013-03-11 23:00:00,-0.8486180716249145
2013-03-12 00:00:00,0.0
2013-03-12 01:00:00,-1.6211834533802763
2013-03-12 02:00:00,0.0
2013-03-12 03:00:00,-1.6165221442107625
2013-03-12 04:00:00,-1.6445366123195455
2013-03-12 05:00:00,-1.751839949401774
2013-03-12 06:00:00,0.0
2013-03-12 07:00:00,0.0
2013-03-12 08:00:00,-0.5938309124192391
2013-03-12 09:00:00,-0.38817395186024967
2013-03-12 10:00:00,0.0
2013-03-12 11:00:00,0.07935535784207261
2013-03-12 12:00:00,0.42060980214225285
2013-03-12 13:00:00,0.7478803189338711
2013-03-12 14:00:00,0.0
2013-03-12 15:00:00,0.6684049975936506
2013-03-12 16:00:00,0.5328541269441602
2013-03-12 17:00:00,0.0
2013-03-12 18:00:00,0.4393482650036945
2013-03-12 19:00:00,0.0
2013-03-12 20:00:00,0.0
2013-03-12 21:00:00,0.0
2013-03-12 22:00:00,-0.15440929700908546
2013-03-12 23:00:00,0.0
2013-03-13 00:00:00,0.0
2013-03-13 01:00:00,-1.6679363843505095
2013-03-13 02:00:00,-1.7751931083410426
2013-03-13 03:00:00,-1.7984996541886151
2013-03-13 04:00:00,-1.7425173310627442
2013-03-13 05:00:00,0.0
2013-03-13 06:00:00,-1.5885542891936735
2013-03-13 07:00:00,0.0
2013-03-13 08:00:00,0.0
2013-03-13 09:00:00,0.22898338218349135
2013-03-13 10:00:00,0.42531772440344934
2013-03-13 11:00:00,0.0
2013-03-13 12:00:00,0.5562538989751207
2013-03-13 13:00:00,0.35987294366346845
2013-03-13 14:00:00,0.0
2013-03-13 15:00:00,0.49542381431295945
2013-03-13 16:00:00,0.5515459767139131
2013-03-13 17:00:00,0.5936375985146216
2013-03-13 18:00:00,0.0
2013-03-13 19:00:00,0.0
2013-03-13 20:00:00,0.8974617301836011
2013-03-13 21:00:00,0.5141622771744011
2013-03-13 22:00:00,0.0
2013-03-13 23:00:00,-0.24796177204125092
2013-03-14 00:00:00,0.0
2013-03-14 01:00:00,-1.7565012585712885
2013-03-14 02:00:00,-1.8451593589754574
2013-03-14 03:00:00,-1.8544819773144865
2013-03-14 04:00:00,0.0
2013-03-14 05:00:00,0.0
2013-03-14 06:00:00,-1.6352606070722113
2013-03-14 07:00:00,-0.7165631828525569
2013-03-14 08:00:00,0.20558361015253643
2013-03-14 09:00:00,0.0
2013-03-14 10:00:00,0.3505037122327427
2013-03-14 11:00:00,0.5796070579143875
2013-03-14 12:00:00,0.4533788056039341
2013-03-14 13:00:00,0.0
2013-03-14 14:00:00,0.13538429405964333
2013-03-14 15:00:00,-0.26660700871930965
2013-03-14 16:00:00,0.0
2013-03-14 17:00:00,-0.0562421258991071
2013-03-14 18:00:00,0.13543090715133757
2013-03-14 19:00:00,0.0
2013-03-14 20:00:00,0.07469404867255931
2013-03-14 21:00:00,-0.08896451626910522
2013-03-14 22:00:00,-0.23388461834931704
2013-03-14 23:00:00,0.0
2013-03-15 00:00:00,-1.3086426735643186
2013-03-15 01:00:00,0.0
2013-03-15 02:00:00,-1.784515726680072
2013-03-15 03:00:00,0.0
2013-03-15 04:00:00,-1.7845623397717667
2013-03-15 05:00:00,0.0
2013-03-15 06:00:00,0.0
2013-03-15 07:00:00,0.0
2013-03-15 08:00:00,0.0
2013-03-15 09:00:00,0.0
2013-03-15 10:00:00,0.0
2013-03-15 11:00:00,0.6918047696246061
2013-03-15 12:00:00,0.09804720761183108
2013-03-15 13:00:00,-0.3648207929209773
2013-03-15 14:00:00,-0.17776245594835785
2013-03-15 15:00:00,-0.18713168737907868
2013-03-15 16:00:00,0.0
2013-03-15 17:00:00,0.0
2013-03-15 18:00:00,0.26170577255348454
2013-03-15 19:00:00,0.0
2013-03-15 20:00:00,0.056002198902805764
2013-03-15 21:00:00,-0.11702559746957406
2013-03-15 22:00:00,0.0
2013-03-15 23:00:00,0.0
2013-03-16 00:00:00,-1.1767276240670481
2013-03-16 01:00:00,-1.5652477433460998
2013-03-16 02:00:00,-1.7098881668761414
2013-03-16 03:00:00,0.0
2013-03-16 04:00:00,0.0
2013-03-16 05:00:00,-1.6491979214890597
2013-03-16 06:00:00,0.0
2013-03-16 07:00:00,0.0
2013-03-16 08:00:00,0.0
2013-03-16 09:00:00,0.0
2013-03-16 10:00:00,0.0
2013-03-16 11:00:00,0.729188469164123
2013-03-16 12:00:00,0.9395999650760094
2013-03-16 13:00:00,0.8320635625352986
2013-03-16 14:00:00,0.7011740010553325
2013-03-16 15:00:00,0.6918047696246061
2013-03-16 16:00:00,0.0
2013-03-16 17:00:00,0.0
2013-03-16 18:00:00,0.0
2013-03-16 19:00:00,0.0
2013-03-16 20:00:00,0.0
2013-03-16 21:00:00,0.0
2013-03-16 22:00:00,0.0
2013-03-16 23:00:00,0.0
2013-03-17 00:00:00,-1.0553471332928885
2013-03-17 01:00:00,0.0
2013-03-17 02:00:00,0.0
2013-03-17 03:00:00,0.0
2013-03-17 04:00:00,-1.5185414254675638
2013-03-17 05:00:00,-1.5419411974985267
2013-03-17 06:00:00,-1.3553956045345492
2013-03-17 07:00:00,-0.6605808597266902
2013-03-17 08:00:00,0.07464743558086447
2013-03-17 09:00:00,-0.1497479878395777
2013-03-17 10:00:00,0.0
2013-03-17 11:00:00,0.5047930457436748
2013-03-17 12:00:00,0.28972024066227514
2013-03-17 13:00:00,0.0
2013-03-17 14:00:00,-0.07959528483837887
2013-03-17 15:00:00,0.032602426871839764
2013-03-17 16:00:00,0.22432207301397805
2013-03-17 17:00:00,0.43468695583417566
2013-03-17 18:00:00,0.22432207301398358
2013-03-17 19:00:00,0.11673905738157848
2013-03-17 20:00:00,0.0
2013-03-17 21:00:00,0.0
2013-03-17 22:00:00,0.0
2013-03-17 23:00:00,-1.041456431967732
2013-03-18 00:00:00,-1.2527069635301422
2013-03-18 01:00:00,0.0
2013-03-18 02:00:00,-1.7238720943846852
2013-03-18 03:00:00,-1.737856021893229
2013-03-18 04:00:00,0.0
2013-03-18 05:00:00,0.0
2013-03-18 06:00:00,0.0
2013-03-18 07:00:00,-0.6604876335432981
2013-03-18 08:00:00,-0.6464570929430619
2013-03-18 09:00:00,0.0
2013-03-18 10:00:00,-0.07027266649934674
2013-03-18 11:00:00,0.15883067918230356
2013-03-18 12:00:00,0.018525273179911414
2013-03-18 13:00:00,0.0
2013-03-18 14:00:00,0.0
2013-03-18 15:00:00,0.0
2013-03-18 16:00:00,0.6403905294848544
2013-03-18 17:00:00,0.0
2013-03-18 18:00:00,0.0
2013-03-18 19:00:00,0.7993411721653109
2013-03-18 20:00:00,0.0
2013-03-18 21:00:00,0.4767785776348897
2013-03-18 22:00:00,-0.20587015024052585
2013-03-18 23:00:00,-0.6277652431733083
2013-03-19 00:00:00,-1.2666442779469915
2013-03-19 01:00:00,0.0
2013-03-19 02:00:00,-1.770485186079832
2013-03-19 03:00:00,0.0
2013-03-19 04:00:00,0.0
2013-03-19 05:00:00,-1.7565478716629837
2013-03-19 06:00:00,-1.6725510804283281
2013-03-19 07:00:00,-0.7316192114700943
2013-03-19 08:00:00,0.0
2013-03-19 09:00:00,-0.45366534569192973
2013-03-19 10:00:00,0.0
2013-03-19 11:00:00,0.0840166670115859
2013-03-19 12:00:00,0.2663670817230034
2013-03-19 13:00:00,0.0
2013-03-19 14:00:00,0.663790301515826
2013-03-19 15:00:00,0.7152045416555721
2013-03-19 16:00:00,0.0
2013-03-19 17:00:00,0.0
2013-03-19 18:00:00,0.8320635625352986
2013-03-19 19:00:00,0.0
2013-03-19 20:00:00,0.8134183258572454
2013-03-19 21:00:00,0.0
2013-03-19 22:00:00,0.0
2013-03-19 23:00:00,-0.4314775140450415
2013-03-20 00:00:00,-1.159387553956456
2013-03-20 01:00:00,0.0
2013-03-20 02:00:00,-1.7285334035541997
2013-03-20 03:00:00,-1.6492445345807554
2013-03-20 04:00:00,0.0
2013-03-20 05:00:00,-1.635213993980516
2013-03-20 06:00:00,-1.6165687573024572
2013-03-20 07:00:00,-0.8485714585332162
2013-03-20 08:00:00,-0.34267957436578766
2013-03-20 09:00:00,0.0
2013-03-20 10:00:00,0.7899719407345851
2013-03-20 11:00:00,0.8554633345662651
2013-03-20 12:00:00,0.9629997371069705
2013-03-20 13:00:00,0.009202654840878682
2013-03-20 14:00:00,-0.07027266649935228
2013-03-20 15:00:00,0.0
2013-03-20 16:00:00,0.04197165830256611
2013-03-20 17:00:00,0.0
2013-03-20 18:00:00,0.0
2013-03-20 19:00:00,0.2897668537539638
2013-03-20 20:00:00,0.3692421750941899
2013-03-20 21:00:00,0.26170577255348454
2013-03-20 22:00:00,0.1681999106130244
2013-03-20 23:00:00,-0.5437684519386523
2013-03-21 00:00:00,0.0
2013-03-21 01:00:00,-1.4065767792158204
2013-03-21 02:00:00,-1.457897793172177
2013-03-21 03:00:00,0.0
2013-03-21 04:00:00,0.0
2013-03-21 05:00:00,-1.5372798883290122
2013-03-21 06:00:00,0.0
2013-03-21 07:00:00,0.0
2013-03-21 08:00:00,0.0
2013-03-21 09:00:00,0.15887729227399228
2013-03-21 10:00:00,0.0
2013-03-21 11:00:00,0.33181186246298916
2013-03-21 12:00:00,0.0
2013-03-21 13:00:00,0.15883067918229804
2013-03-21 14:00:00,0.0
2013-03-21 15:00:00,-0.028134431606938494
2013-03-21 16:00:00,0.0
2013-03-21 17:00:00,0.15883067918229804
2013-03-21 18:00:00,0.0
2013-03-21 19:00:00,0.33181186246298916
2013-03-21 20:00:00,0.0
2013-03-21 21:00:00,0.08406328010328014
2013-03-21 22:00:00,0.0
2013-03-21 23:00:00,0.0
2013-03-22 00:00:00,-1.0355365693224494
2013-03-22 01:00:00,-1.5418945844068317
2013-03-22 02:00:00,-1.4579444062638724
2013-03-22 03:00:00,0.0
2013-03-22 04:00:00,0.0
2013-03-22 05:00:00,-1.5418945844068312
2013-03-22 06:00:00,0.0
2013-03-22 07:00:00,-0.9000789248563552
2013-03-22 08:00:00,0.009249267932567999
2013-03-22 09:00:00,0.0
2013-03-22 10:00:00,0.06532481724183788
2013-03-22 11:00:00,0.0
2013-03-22 12:00:00,0.49076250514344616
2013-03-22 13:00:00,0.26641369481469207
2013-03-22 14:00:00,-0.042211585298872374
2013-03-22 15:00:00,0.1635386014435111
2013-03-22 16:00:00,0.12606167572061122
2013-03-22 17:00:00,0.4019179523724938
2013-03-22 18:00:00,0.5188235863439206
2013-03-22 19:00:00,0.4112405707115265
2013-03-22 20:00:00,0.570237826483666
2013-03-22 21:00:00,0.2757363131537242
2013-03-22 22:00:00,0.0
2013-03-22 23:00:00,-0.3554515614902565
2013-03-23 00:00:00,-0.9328013152263527
2013-03-23 01:00:00,-1.4439604787553282
2013-03-23 02:00:00,-1.5605864341765854
2013-03-23 03:00:00,0.0
2013-03-23 04:00:00,-1.5932155983631888
2013-03-23 05:00:00,0.0
2013-03-23 06:00:00,-1.3833168464599421
2013-03-23 07:00:00,0.0
2013-03-23 08:00:00,0.0
2013-03-23 09:00:00,0.0
2013-03-23 10:00:00,0.4486708833427211
2013-03-23 11:00:00,0.0
2013-03-23 12:00:00,0.0
2013-03-23 13:00:00,0.0
2013-03-23 14:00:00,0.0
2013-03-23 15:00:00,0.0
2013-03-23 16:00:00,0.0
2013-03-23 17:00:00,0.0
2013-03-23 18:00:00,0.0
2013-03-23 19:00:00,0.7198192377333912
2013-03-23 20:00:00,0.6544210700850996
2013-03-23 21:00:00,0.4814398868044134
2013-03-23 22:00:00,0.4019179523724938
2013-03-23 23:00:00,0.0
2013-03-24 00:00:00,0.0
2013-03-24 01:00:00,-1.4300231643384789
2013-03-24 02:00:00,0.0
2013-03-24 03:00:00,0.0
2013-03-24 04:00:00,-1.5652477433460998
2013-03-24 05:00:00,-1.5046041110507145
2013-03-24 06:00:00,0.0
2013-03-24 07:00:00,-0.7924959092239569
2013-03-24 08:00:00,-0.4923075987072067
2013-03-24 09:00:00,0.009202654840879296
2013-03-24 10:00:00,0.36924217509419544
2013-03-24 11:00:00,1.0611669082169544
2013-03-24 12:00:00,0.0
2013-03-24 13:00:00,0.5749457487448743
2013-03-24 14:00:00,0.280397622323243
2013-03-24 15:00:00,0.0
2013-03-24 16:00:00,0.4907625051434406
2013-03-24 17:00:00,0.0
2013-03-24 18:00:00,0.5281928177746408
2013-03-24 19:00:00,0.0
2013-03-24 20:00:00,0.4861011959739273
2013-03-24 21:00:00,0.3552116344939502
2013-03-24 22:00:00,0.0
2013-03-24 23:00:00,-0.7387976275911396
2013-03-25 00:00:00,-0.9994580363504071
2013-03-25 01:00:00,-1.453283097094358
2013-03-25 02:00:00,0.0
2013-03-25 03:00:00,-1.5279106568982876
2013-03-25 04:00:00,-1.490573570450475
2013-03-25 05:00:00,0.0
2013-03-25 06:00:00,-1.2527069635301384
2013-03-25 07:00:00,-0.5950428528033154
2013-03-25 08:00:00,0.0
2013-03-25 09:00:00,-0.13576406033102675
2013-03-25 10:00:00,0.322489244123957
2013-03-25 11:00:00,0.0
2013-03-25 12:00:00,0.44871749643441533
2013-03-25 13:00:00,0.355165021402256
2013-03-25 14:00:00,0.256997850292277
2013-03-25 15:00:00,0.21024491932204417
2013-03-25 16:00:00,0.25704446338397124
2013-03-25 17:00:00,0.256997850292277
2013-03-25 18:00:00,0.0
2013-03-25 19:00:00,0.0
2013-03-25 20:00:00,0.4066258746337019
2013-03-25 21:00:00,0.32244263103226833
2013-03-25 22:00:00,0.2710283908925167
2013-03-25 23:00:00,-0.6664074961885831
2013-03-26 00:00:00,-0.7834063563434008
2013-03-26 01:00:00,-1.3180119049950412
2013-03-26 02:00:00,-1.3833168464599417
2013-03-26 03:00:00,0.0
2013-03-26 04:00:00,-1.4579444062638724
2013-03-26 05:00:00,0.0
2013-03-26 06:00:00,-1.1766810109753545
2013-03-26 07:00:00,0.0
2013-03-26 08:00:00,0.0
2013-03-26 09:00:00,0.0
2013-03-26 10:00:00,0.3458424030632288
2013-03-26 11:00:00,0.710496619394359
2013-03-26 12:00:00,1.0611669082169488
2013-03-26 13:00:00,0.0
2013-03-26 14:00:00,0.0
2013-03-26 15:00:00,0.15883067918229804
2013-03-26 16:00:00,0.0
2013-03-26 17:00:00,0.934938655906496
2013-03-26 18:00:00,1.0050913589076949
2013-03-26 19:00:00,0.0
2013-03-26 20:00:00,0.0
2013-03-26 21:00:00,0.832063562535304
2013-03-26 22:00:00,0.7665721687036295
2013-03-26 23:00:00,-0.19183960964029173
2013-03-27 00:00:00,-0.8707126770884084
2013-03-27 01:00:00,-1.25270696353014
2013-03-27 02:00:00,-1.3739942281209123
2013-03-27 03:00:00,-1.3739942281209128
2013-03-27 04:00:00,0.0
2013-03-27 05:00:00,-1.318011904995041
2013-03-27 06:00:00,-1.192016718143059
2013-03-27 07:00:00,0.0
2013-03-27 08:00:00,0.0
2013-03-27 09:00:00,0.0
2013-03-27 10:00:00,0.0
2013-03-27 11:00:00,0.0
2013-03-27 12:00:00,0.0
2013-03-27 13:00:00,0.43002564666466236
2013-03-27 14:00:00,0.2991360851846902
2013-03-27 15:00:00,0.0
2013-03-27 16:00:00,0.0
2013-03-27 17:00:00,0.0
2013-03-27 18:00:00,0.4253643374951436
2013-03-27 19:00:00,0.4487174964344208
2013-03-27 20:00:00,0.0
2013-03-27 21:00:00,0.0
2013-03-27 22:00:00,0.15883067918229804
2013-03-27 23:00:00,-0.4115271107995215
2013-03-28 00:00:00,-0.9188173877178036
2013-03-28 01:00:00,-1.3693329189513976
2013-03-28 02:00:00,-1.4579444062638724
2013-03-28 03:00:00,-1.5139267293897434
2013-03-28 04:00:00,-1.4765896429419305
2013-03-28 05:00:00,-1.439345782677508
2013-03-28 06:00:00,0.0
2013-03-28 07:00:00,-0.3274370933814714
2013-03-28 08:00:00,0.19621437872181005
2013-03-28 09:00:00,0.7806959354872521
2013-03-28 10:00:00,1.16865669766596
2013-03-28 11:00:00,1.4439536172175018
2013-03-28 12:00:00,0.0
2013-03-28 13:00:00,0.0
2013-03-28 14:00:00,1.1873485474357184
2013-03-28 15:00:00,0.0
2013-03-28 16:00:00,0.0
2013-03-28 17:00:00,0.0
2013-03-28 18:00:00,0.0
2013-03-28 19:00:00,0.710496619394359
2013-03-28 20:00:00,0.7619574726258049
2013-03-28 21:00:00,0.0
2013-03-28 22:00:00,0.42065641523394154
2013-03-28 23:00:00,0.0
2013-03-29 00:00:00,-0.9525652661050933
2013-03-29 01:00:00,-1.439299169585813
2013-03-29 02:00:00,-1.5326185791594975
2013-03-29 03:00:00,-1.4765896429419312
2013-03-29 04:00:00,0.0
2013-03-29 05:00:00,0.0
2013-03-29 06:00:00,-1.3600103006123687
2013-03-29 07:00:00,0.14950806084327145
2013-03-29 08:00:00,-0.26660700871930965
2013-03-29 09:00:00,0.20092230098301206
2013-03-29 10:00:00,0.0
2013-03-29 11:00:00,0.0
2013-03-29 12:00:00,0.8040024813348297
2013-03-29 13:00:00,0.6497597609155863
2013-03-29 14:00:00,0.5328075138524653
2013-03-29 15:00:00,0.40191795237248884
2013-03-29 16:00:00,0.5655765173141478
2013-03-29 17:00:00,0.0
2013-03-29 18:00:00,0.7759880132260446
2013-03-29 19:00:00,0.7993411721653114
2013-03-29 20:00:00,0.663790301515826
2013-03-29 21:00:00,0.41599510606442214
2013-03-29 22:00:00,0.4346403427424814
2013-03-29 23:00:00,-0.18242376511787115
2013-03-30 00:00:00,-0.688548714743775
2013-03-30 01:00:00,-1.2433377320994152
2013-03-30 02:00:00,-1.378702150382122
2013-03-30 03:00:00,0.0
2013-03-30 04:00:00,-1.3599636875206729
2013-03-30 05:00:00,0.0
2013-03-30 06:00:00,-1.1827407128957232
2013-03-30 07:00:00,0.0
2013-03-30 08:00:00,0.11207774821206028
2013-03-30 09:00:00,0.0
2013-03-30 10:00:00,0.8694006489831274
2013-03-30 11:00:00,0.0
2013-03-30 12:00:00,0.0
2013-03-30 13:00:00,0.7993411721653114
2013-03-30 14:00:00,0.36453425283298235
2013-03-30 15:00:00,0.0
2013-03-30 16:00:00,0.6871434604550928
2013-03-30 17:00:00,0.0
2013-03-30 18:00:00,0.0
2013-03-30 19:00:00,0.813371712765556
2013-03-30 20:00:00,0.0
2013-03-30 21:00:00,0.5047930457436802
2013-03-30 22:00:00,0.0
2013-03-30 23:00:00,-0.28063754931954926
2013-03-31 00:00:00,-0.6838407924825665
2013-03-31 01:00:00,-1.6445366123195453
2013-03-31 02:00:00,0.0
2013-03-31 03:00:00,-1.2246924954213567
2013-03-31 04:00:00,-1.2760135093777145
2013-03-31 05:00:00,-1.1174357714308254
2013-03-31 06:00:00,0.0
2013-03-31 07:00:00,-0.37880472042952823
2013-03-31 08:00:00,-0.23859254061051904
2013-03-31 09:00:00,0.013863964010392589
2013-03-31 10:00:00,0.0
2013-03-31 11:00:00,0.0
2013-03-31 12:00:00,0.4954238143129539
2013-03-31 13:00:00,0.0
2013-03-31 14:00:00,0.0
2013-03-31 15:00:00,0.0
2013-03-31 16:00:00,0.3271505532934703
2013-03-31 17:00:00,0.0
2013-03-31 18:00:00,0.5047930457436809
2013-03-31 19:00:00,0.38322610260273593
2013-03-31 20:00:00,0.32248924412396257
2013-03-31 21:00:00,-0.5939241386026276
2013-03-31 22:00:00,0.0
2013-03-31 23:00:00,-0.6886885540188585
2013-04-01 00:00:00,-0.9947967271808937
2013-04-01 01:00:00,0.0
2013-04-01 02:00:00,0.0
2013-04-01 03:00:00,0.0
2013-04-01 04:00:00,0.0
2013-04-01 05:00:00,0.0
2013-04-01 06:00:00,-1.439299169585813
2013-04-01 07:00:00,0.0
2013-04-01 08:00:00,-0.0562421258991071
2013-04-01 09:00:00,0.16349198835181686
2013-04-01 10:00:00,0.29438154983178844
2013-04-01 11:00:00,0.0
2013-04-01 12:00:00,0.6029602168536593
2013-04-01 13:00:00,0.2757363131537242
2013-04-01 14:00:00,0.4020111785558767
2013-04-01 15:00:00,0.20558361015253088
2013-04-01 16:00:00,0.07930874475038391
2013-04-01 17:00:00,0.0
2013-04-01 18:00:00,0.0
2013-04-01 19:00:00,0.36919556200249565
2013-04-01 20:00:00,0.38327271569442956
2013-04-01 21:00:00,0.19155306955229615
2013-04-01 22:00:00,0.0
2013-04-01 23:00:00,0.0
2013-04-02 00:00:00,-0.9420307073819828
2013-04-02 01:00:00,0.0
2013-04-02 02:00:00,-1.5745703616851294
2013-04-02 03:00:00,-1.5372798883290122
2013-04-02 04:00:00,-1.551263815837556
2013-04-02 05:00:00,-1.5605864341765854
2013-04-02 06:00:00,0.0
2013-04-02 07:00:00,0.0
2013-04-02 08:00:00,-0.23388461834931704
2013-04-02 09:00:00,-0.14037875640885136
2013-04-02 10:00:00,0.23830600052252346
2013-04-02 11:00:00,0.2710283908925167
2013-04-02 12:00:00,0.0
2013-04-02 13:00:00,0.0
2013-04-02 14:00:00,0.06532481724183788
2013-04-02 15:00:00,0.0
2013-04-02 16:00:00,0.08401666701159144
2013-04-02 17:00:00,0.0
2013-04-02 18:00:00,0.17286121978253768
2013-04-02 19:00:00,0.17756914204375074
2013-04-02 20:00:00,0.0
2013-04-02 21:00:00,0.14950806084327145
2013-04-02 22:00:00,0.0
2013-04-02 23:00:00,-0.5284793578626419
2013-04-03 00:00:00,-1.0881161367545735
2013-04-03 01:00:00,0.0
2013-04-03 02:00:00,0.0
2013-04-03 03:00:00,0.0
2013-04-03 04:00:00,-1.6212300664719714
2013-04-03 05:00:00,0.0
2013-04-03 06:00:00,-1.425268628985574
2013-04-03 07:00:00,-0.7914704212066621
2013-04-03 08:00:00,0.0
2013-04-03 09:00:00,-0.2993760121809915
2013-04-03 10:00:00,0.0
2013-04-03 11:00:00,0.3318118624629836
2013-04-03 12:00:00,0.3458424030632288
2013-04-03 13:00:00,0.23359807826131657
2013-04-03 14:00:00,0.25699785029228256
2013-04-03 15:00:00,0.0
2013-04-03 16:00:00,0.19155306955229676
2013-04-03 17:00:00,0.0
2013-04-03 18:00:00,0.0
2013-04-03 19:00:00,0.3457957899715352
2013-04-03 20:00:00,0.0
2013-04-03 21:00:00,0.0
2013-04-03 22:00:00,0.0
2013-04-03 23:00:00,-0.5016768301379275
2013-04-04 00:00:00,0.0
2013-04-04 01:00:00,0.0
2013-04-04 02:00:00,-1.686535007936872
2013-04-04 03:00:00,0.0
2013-04-04 04:00:00,-1.616568757302457
2013-04-04 05:00:00,0.0
2013-04-04 06:00:00,-1.457991019355567
2013-04-04 07:00:00,0.0
2013-04-04 08:00:00,0.0
2013-04-04 09:00:00,0.06532481724183788
2013-04-04 10:00:00,0.0
2013-04-04 11:00:00,0.0
2013-04-04 12:00:00,0.0
2013-04-04 13:00:00,0.27107500398420536
2013-04-04 14:00:00,0.0
2013-04-04 15:00:00,0.0
2013-04-04 16:00:00,0.19155306955229123
2013-04-04 17:00:00,0.0
2013-04-04 18:00:00,0.5188701994356092
2013-04-04 19:00:00,0.4533788056039286
2013-04-04 20:00:00,0.4066724877253906
2013-04-04 21:00:00,0.0
2013-04-04 22:00:00,0.2851055445844561
2013-04-04 23:00:00,0.0
2013-04-05 00:00:00,-1.125499836294086
2013-04-05 01:00:00,-1.5559251250070711
2013-04-05 02:00:00,-1.6772123895978437
2013-04-05 03:00:00,-1.7098415537844458
2013-04-05 04:00:00,-1.6399219162417253
2013-04-05 05:00:00,-1.695857626275901
2013-04-05 06:00:00,-1.5279106568982883
2013-04-05 07:00:00,-0.9247838634547831
2013-04-05 08:00:00,0.0
2013-04-05 09:00:00,0.0
2013-04-05 10:00:00,0.0
2013-04-05 11:00:00,0.0
2013-04-05 12:00:00,0.6684049975936506
2013-04-05 13:00:00,0.317781321862744
2013-04-05 14:00:00,0.0
2013-04-05 15:00:00,0.08406328010328566
2013-04-05 16:00:00,0.20092230098301758
2013-04-05 17:00:00,0.0
2013-04-05 18:00:00,0.6684049975936506
2013-04-05 19:00:00,0.5375154361136735
2013-04-05 20:00:00,0.6590823792546129
2013-04-05 21:00:00,0.0
2013-04-05 22:00:00,0.0
2013-04-05 23:00:00,-0.28063754931954926
2013-04-06 00:00:00,0.0
2013-04-06 01:00:00,0.0
2013-04-06 02:00:00,0.0
2013-04-06 03:00:00,-1.6071995258717324
2013-04-06 04:00:00,-1.7145494760456552
2013-04-06 05:00:00,0.0
2013-04-06 06:00:00,0.0
2013-04-06 07:00:00,-0.28641757268975004
2013-04-06 08:00:00,0.10270851678134438
2013-04-06 09:00:00,0.0
2013-04-06 10:00:00,0.9863528960462422
2013-04-06 11:00:00,1.4024213525171236
2013-04-06 12:00:00,1.2762397132983594
2013-04-06 13:00:00,1.0938892985869468
2013-04-06 14:00:00,0.0
2013-04-06 15:00:00,0.10736982595085766
2013-04-06 16:00:00,0.2710283908925222
2013-04-06 17:00:00,0.0
2013-04-06 18:00:00,0.0
2013-04-06 19:00:00,0.0
2013-04-06 20:00:00,0.3598263305717748
2013-04-06 21:00:00,0.42527111131176615
2013-04-06 22:00:00,0.2102449193220497
2013-04-06 23:00:00,-0.47701850463119627
2013-04-07 00:00:00,-1.035396730047363
2013-04-07 01:00:00,-1.5466025066680416
2013-04-07 02:00:00,0.0
2013-04-07 03:00:00,-1.6585671529197856
2013-04-07 04:00:00,0.0
2013-04-07 05:00:00,0.0
2013-04-07 06:00:00,0.0
2013-04-07 07:00:00,0.0
2013-04-07 08:00:00,0.981691586876729
2013-04-07 09:00:00,0.9956755143852688
2013-04-07 10:00:00,0.0
2013-04-07 11:00:00,1.4443265219510606
2013-04-07 12:00:00,1.5190473079383793
2013-04-07 13:00:00,0.0
2013-04-07 14:00:00,0.0
2013-04-07 15:00:00,1.0985506077564553
2013-04-07 16:00:00,0.0
2013-04-07 17:00:00,1.2992199675040725
2013-04-07 18:00:00,1.5192337603051558
2013-04-07 19:00:00,0.0
2013-04-07 20:00:00,1.2388094006671588
2013-04-07 21:00:00,1.0705361396476751
2013-04-07 22:00:00,0.004587958763054707
2013-04-07 23:00:00,0.0
2013-04-08 00:00:00,-0.9840757160910063
2013-04-08 01:00:00,-1.4859588743726548
2013-04-08 02:00:00,0.0
2013-04-08 03:00:00,0.0
2013-04-08 04:00:00,0.0
2013-04-08 05:00:00,-1.523202734637078
2013-04-08 06:00:00,-1.4579444062638724
2013-04-08 07:00:00,-0.9153680189323616
2013-04-08 08:00:00,0.0
2013-04-08 09:00:00,-0.1778090690400521
2013-04-08 10:00:00,0.0
2013-04-08 11:00:00,0.5094543549131941
2013-04-08 12:00:00,0.2803976223232375
2013-04-08 13:00:00,0.23364469135301016
2013-04-08 14:00:00,0.14018544250423381
2013-04-08 15:00:00,0.05129427664159331
2013-04-08 16:00:00,-0.38817395186024967
2013-04-08 17:00:00,0.31782793495443823
2013-04-08 18:00:00,0.0
2013-04-08 19:00:00,0.0
2013-04-08 20:00:00,0.0
2013-04-08 21:00:00,0.2617523856451788
2013-04-08 22:00:00,0.0
2013-04-08 23:00:00,-0.47235719546168264
2013-04-09 00:00:00,-1.1066681472492428
2013-04-09 01:00:00,0.0
2013-04-09 02:00:00,-1.4253152420772692
2013-04-09 03:00:00,-1.72382548129299
2013-04-09 04:00:00,0.0
2013-04-09 05:00:00,-1.6491979214890595
2013-04-09 06:00:00,-1.471928333772416
2013-04-09 07:00:00,-0.7774398806064222
2013-04-09 08:00:00,0.04197165830256611
2013-04-09 09:00:00,0.0
2013-04-09 10:00:00,0.33181186246298916
2013-04-09 11:00:00,0.0
2013-04-09 12:00:00,0.0
2013-04-09 13:00:00,0.0
2013-04-09 14:00:00,0.22427545992228937
2013-04-09 15:00:00,0.18227706430495336
2013-04-09 16:00:00,0.1494614477515717
2013-04-09 17:00:00,0.22427545992228998
2013-04-09 18:00:00,0.5141622771743962
2013-04-09 19:00:00,0.4253643374951436
2013-04-09 20:00:00,0.44405618726490204
2013-04-09 21:00:00,0.0
2013-04-09 22:00:00,0.0
2013-04-09 23:00:00,0.0
2013-04-10 00:00:00,0.0
2013-04-10 01:00:00,-1.5512172027458615
2013-04-10 02:00:00,-1.6305992979026955
2013-04-10 03:00:00,-1.6258447625497907
2013-04-10 04:00:00,0.0
2013-04-10 05:00:00,0.0
2013-04-10 06:00:00,-1.4299765512467837
2013-04-10 07:00:00,-0.8955108418702282
2013-04-10 08:00:00,-0.18247037820956538
2013-04-10 09:00:00,-0.08896451626909968
2013-04-10 10:00:00,0.4486708833427211
2013-04-10 11:00:00,0.7759414001343559
2013-04-10 12:00:00,0.6310212980541392
2013-04-10 13:00:00,0.39259533403346164
2013-04-10 14:00:00,0.0
2013-04-10 15:00:00,0.26632046863130915
2013-04-10 16:00:00,0.2476752319532449
2013-04-10 17:00:00,0.2944281629234833
2013-04-10 18:00:00,0.5983455207758347
2013-04-10 19:00:00,0.6076681391148668
2013-04-10 20:00:00,0.44396296108151906
2013-04-10 21:00:00,0.3925487209417674
2013-04-10 22:00:00,0.0
2013-04-10 23:00:00,-0.38351264269073576
2013-04-11 00:00:00,0.0
2013-04-11 01:00:00,0.0
2013-04-11 02:00:00,-1.3926394647989706
2013-04-11 03:00:00,0.0
2013-04-11 04:00:00,-1.3879781556294568
2013-04-11 05:00:00,-1.4159460106465451
2013-04-11 06:00:00,0.0
2013-04-11 07:00:00,-0.8080180687584391
2013-04-11 08:00:00,0.013910577102091742
2013-04-11 09:00:00,-0.09828713460813242
2013-04-11 10:00:00,0.17747591586036288
2013-04-11 11:00:00,0.0
2013-04-11 12:00:00,0.42531772440345483
2013-04-11 13:00:00,0.16349198835181133
2013-04-11 14:00:00,0.0794019709337613
2013-04-11 15:00:00,0.0
2013-04-11 16:00:00,0.004587958763054707
2013-04-11 17:00:00,0.0
2013-04-11 18:00:00,0.0
2013-04-11 19:00:00,0.15883067918229804
2013-04-11 20:00:00,0.0
2013-04-11 21:00:00,0.1728612197825383
2013-04-11 22:00:00,0.0
2013-04-11 23:00:00,0.0
2013-04-12 00:00:00,0.0
2013-04-12 01:00:00,0.0
2013-04-12 02:00:00,-1.5559251250070705
2013-04-12 03:00:00,-1.639875303150031
2013-04-12 04:00:00,-1.6258913756414866
2013-04-12 05:00:00,-1.485958874372656
2013-04-12 06:00:00,-1.3973473870601816
2013-04-12 07:00:00,0.0
2013-04-12 08:00:00,0.0
2013-04-12 09:00:00,0.0
2013-04-12 10:00:00,0.22893676909180327
2013-04-12 11:00:00,0.0
2013-04-12 12:00:00,0.5936842116063213
2013-04-12 13:00:00,0.0
2013-04-12 14:00:00,0.0
2013-04-12 15:00:00,0.0
2013-04-12 16:00:00,0.36924217509418433
2013-04-12 17:00:00,0.46270142394296687
2013-04-12 18:00:00,0.5796070579143924
2013-04-12 19:00:00,0.40667248772539555
2013-04-12 20:00:00,0.0
2013-04-12 21:00:00,0.0
2013-04-12 22:00:00,0.0
2013-04-12 23:00:00,0.0
2013-04-13 00:00:00,0.0
2013-04-13 01:00:00,0.0
2013-04-13 02:00:00,-1.4579444062638718
2013-04-13 03:00:00,-1.5885542891936735
2013-04-13 04:00:00,-1.5232493477287727
2013-04-13 05:00:00,-1.5606330472682808
2013-04-13 06:00:00,-1.285336127716743
2013-04-13 07:00:00,0.0
2013-04-13 08:00:00,0.0
2013-04-13 09:00:00,-0.004781272667671647
2013-04-13 10:00:00,0.44405618726490204
2013-04-13 11:00:00,0.0
2013-04-13 12:00:00,0.0
2013-04-13 13:00:00,0.3552116344939502
2013-04-13 14:00:00,0.3879340248639428
2013-04-13 15:00:00,0.08872458927279896
2013-04-13 16:00:00,0.0
2013-04-13 17:00:00,0.0
2013-04-13 18:00:00,0.6496665347322034
2013-04-13 19:00:00,0.7526348542867728
2013-04-13 20:00:00,0.0
2013-04-13 21:00:00,0.598298907684146
2013-04-13 22:00:00,0.30841209043202866
2013-04-13 23:00:00,0.0
2013-04-14 00:00:00,-0.7926357484990383
2013-04-14 01:00:00,0.0
2013-04-14 02:00:00,-1.4765896429419305
2013-04-14 03:00:00,-1.509265420220229
2013-04-14 04:00:00,0.0
2013-04-14 05:00:00,0.0
2013-04-14 06:00:00,0.0
2013-04-14 07:00:00,-0.5658164443104485
2013-04-14 08:00:00,0.0
2013-04-14 09:00:00,0.0
2013-04-14 10:00:00,0.0
2013-04-14 11:00:00,0.5048396588353696
2013-04-14 12:00:00,0.0
2013-04-14 13:00:00,0.11207774821206519
2013-04-14 14:00:00,0.21024491932204417
2013-04-14 15:00:00,0.0
2013-04-14 16:00:00,0.25238315421445245
2013-04-14 17:00:00,0.5329007400358489
2013-04-14 18:00:00,0.7993411721653114
2013-04-14 19:00:00,0.0
2013-04-14 20:00:00,0.38793402486394835
2013-04-14 21:00:00,0.0
2013-04-14 22:00:00,-0.2900067807502652
2013-04-14 23:00:00,0.0
2013-04-15 00:00:00,0.0
2013-04-15 01:00:00,-1.2807214316389235
2013-04-15 02:00:00,-1.397300773968486
2013-04-15 03:00:00,0.0
2013-04-15 04:00:00,-1.3693329189513976
2013-04-15 05:00:00,-1.2900440499779526
2013-04-15 06:00:00,-1.2060938718349932
2013-04-15 07:00:00,-0.31802124885905575
2013-04-15 08:00:00,0.0
2013-04-15 09:00:00,0.0
2013-04-15 10:00:00,0.0
2013-04-15 11:00:00,0.3458424030632343
2013-04-15 12:00:00,0.0
2013-04-15 13:00:00,0.0
2013-04-15 14:00:00,0.22898338218349196
2013-04-15 15:00:00,0.05134088973328694
2013-04-15 16:00:00,0.0
2013-04-15 17:00:00,0.23830600052252962
2013-04-15 18:00:00,0.0
2013-04-15 19:00:00,0.0
2013-04-15 20:00:00,0.0
2013-04-15 21:00:00,0.2663670817230034
2013-04-15 22:00:00,0.17281460669084897
2013-04-15 23:00:00,-0.26194569954978525
2013-04-16 00:00:00,0.0
2013-04-16 01:00:00,-1.4159926237382392
2013-04-16 02:00:00,0.0
2013-04-16 03:00:00,-1.4999428018811993
2013-04-16 04:00:00,-1.5232493477287727
2013-04-16 05:00:00,-1.485958874372656
2013-04-16 06:00:00,0.0
2013-04-16 07:00:00,0.0
2013-04-16 08:00:00,-0.0001199634981534361
2013-04-16 09:00:00,-0.1590706061786043
2013-04-16 10:00:00,0.0
2013-04-16 11:00:00,0.0
2013-04-16 12:00:00,0.08401666701159144
2013-04-16 13:00:00,-0.01885842635960061
2013-04-16 14:00:00,0.0
2013-04-16 15:00:00,-0.042211585298866844
2013-04-16 16:00:00,0.05134088973329247
2013-04-16 17:00:00,-0.06095004816032016
2013-04-16 18:00:00,0.0
2013-04-16 19:00:00,0.39259533403346164
2013-04-16 20:00:00,0.32244263103226833
2013-04-16 21:00:00,0.243013922783731
2013-04-16 22:00:00,0.19626099181349876
2013-04-16 23:00:00,-0.3273904802897766
2013-04-17 00:00:00,0.0
2013-04-17 01:00:00,0.0
2013-04-17 02:00:00,-1.49062018354217
2013-04-17 03:00:00,-1.5699090525156156
2013-04-17 04:00:00,-1.5232959608204686
2013-04-17 05:00:00,-1.4159460106465445
2013-04-17 06:00:00,0.0
2013-04-17 07:00:00,0.0
2013-04-17 08:00:00,0.02323319544111894
2013-04-17 09:00:00,-0.03750366303766484
2013-04-17 10:00:00,0.0
2013-04-17 11:00:00,0.542223358374881
2013-04-17 12:00:00,0.4440095741732133
2013-04-17 13:00:00,0.3365197847241967
2013-04-17 14:00:00,0.2617523856451788
2013-04-17 15:00:00,0.2710750039842109
2013-04-17 16:00:00,0.0
2013-04-17 17:00:00,0.0
2013-04-17 18:00:00,0.5000851234824782
2013-04-17 19:00:00,0.5188701994356092
2013-04-17 20:00:00,0.49547042740464814
2013-04-17 21:00:00,0.4580401147734474
2013-04-17 22:00:00,0.0
2013-04-17 23:00:00,0.0
2013-04-18 00:00:00,0.0
2013-04-18 01:00:00,-1.345979760012129
2013-04-18 02:00:00,0.0
2013-04-18 03:00:00,0.0
2013-04-18 04:00:00,0.0
2013-04-18 05:00:00,-1.3879781556294568
2013-04-18 06:00:00,0.0
2013-04-18 07:00:00,0.0
2013-04-18 08:00:00,0.0
2013-04-18 09:00:00,0.0
2013-04-18 10:00:00,0.1401388294125451
2013-04-18 11:00:00,0.0
2013-04-18 12:00:00,0.19150645646060252
2013-04-18 13:00:00,0.0
2013-04-18 14:00:00,0.2430139227837316
2013-04-18 15:00:00,0.29904285900130173
2013-04-18 16:00:00,0.17281460669084345
2013-04-18 17:00:00,0.4814398868044085
2013-04-18 18:00:00,0.0
2013-04-18 19:00:00,0.0
2013-04-18 20:00:00,0.0
2013-04-18 21:00:00,0.4019179523724938
2013-04-18 22:00:00,0.1775691420437403
2013-04-18 23:00:00,0.0
2013-04-19 00:00:00,0.0
2013-04-19 01:00:00,0.0
2013-04-19 02:00:00,-1.4486217879248429
2013-04-19 03:00:00,-1.5279572699899824
2013-04-19 04:00:00,0.0
2013-04-19 05:00:00,0.0
2013-04-19 06:00:00,0.0
2013-04-19 07:00:00,-0.7783255293486342
2013-04-19 08:00:00,-0.07493397566886557
2013-04-19 09:00:00,-0.1543626839174023
2013-04-19 10:00:00,0.1962143787218156
2013-04-19 11:00:00,0.4065792615420071
2013-04-19 12:00:00,0.0
2013-04-19 13:00:00,0.0
2013-04-19 14:00:00,0.0
2013-04-19 15:00:00,0.0
2013-04-19 16:00:00,0.36924217509419544
2013-04-19 17:00:00,0.3598729436634635
2013-04-19 18:00:00,0.0
2013-04-19 19:00:00,0.5188701994356142
2013-04-19 20:00:00,0.0
2013-04-19 21:00:00,0.4533788056039341
2013-04-19 22:00:00,0.21019830623035546
2013-04-19 23:00:00,0.0
2013-04-20 00:00:00,0.0
2013-04-20 01:00:00,-1.41128470147703
2013-04-20 02:00:00,-1.4905735704504748
2013-04-20 03:00:00,0.0
2013-04-20 04:00:00,-1.495281492711685
2013-04-20 05:00:00,0.0
2013-04-20 06:00:00,-1.3413184508426146
2013-04-20 07:00:00,-0.9759650381360544
2013-04-20 08:00:00,0.12610828881230485
2013-04-20 09:00:00,0.0
2013-04-20 10:00:00,0.0
2013-04-20 11:00:00,0.7385577005948384
2013-04-20 12:00:00,0.0
2013-04-20 13:00:00,0.2663670817230034
2013-04-20 14:00:00,0.0
2013-04-20 15:00:00,0.3411810938937106
2013-04-20 16:00:00,0.0
2013-04-20 17:00:00,0.5234848955134338
2013-04-20 18:00:00,0.6170373705455932
2013-04-20 19:00:00,0.5328541269441602
2013-04-20 20:00:00,0.0
2013-04-20 21:00:00,0.0
2013-04-20 22:00:00,0.31316662578493043
2013-04-20 23:00:00,-0.25723777728858327
2013-04-21 00:00:00,-0.8894511399498651
2013-04-21 01:00:00,-1.3787021503821226
2013-04-21 02:00:00,-1.495281492711685
2013-04-21 03:00:00,-1.513973342481438
2013-04-21 04:00:00,0.0
2013-04-21 05:00:00,-1.4719749468641115
2013-04-21 06:00:00,-1.3273811364257657
2013-04-21 07:00:00,-0.5482899218330795
2013-04-21 08:00:00,0.0
2013-04-21 09:00:00,0.03726373604135859
2013-04-21 10:00:00,0.17281460669084958
2013-04-21 11:00:00,0.0
2013-04-21 12:00:00,0.5188701994356142
2013-04-21 13:00:00,0.0
2013-04-21 14:00:00,0.0
2013-04-21 15:00:00,0.0
2013-04-21 16:00:00,0.39725664320297494
2013-04-21 17:00:00,0.0
2013-04-21 18:00:00,0.7245271599945987
2013-04-21 19:00:00,0.733896391425325
2013-04-21 20:00:00,0.6778208421160656
2013-04-21 21:00:00,0.5421767452831923
2013-04-21 22:00:00,0.0
2013-04-21 23:00:00,-0.5564938259714217
2013-04-22 00:00:00,-0.8861416104395056
2013-04-22 01:00:00,-1.3273345233340705
2013-04-22 02:00:00,-1.4533297101860525
2013-04-22 03:00:00,-1.4953281058033796
2013-04-22 04:00:00,-1.4719283337724167
2013-04-22 05:00:00,0.0
2013-04-22 06:00:00,-1.3413184508426141
2013-04-22 07:00:00,-0.45832665486144825
2013-04-22 08:00:00,0.0
2013-04-22 09:00:00,-0.028181044698627197
2013-04-22 10:00:00,0.21966076384445923
2013-04-22 11:00:00,0.46736273311248017
2013-04-22 12:00:00,0.0
2013-04-22 13:00:00,0.3037041681708212
2013-04-22 14:00:00,0.0
2013-04-22 15:00:00,0.23830600052252962
2013-04-22 16:00:00,0.0
2013-04-22 17:00:00,0.44871749643441533
2013-04-22 18:00:00,0.6870968473633979
2013-04-22 19:00:00,0.0
2013-04-22 20:00:00,0.5328541269441547
2013-04-22 21:00:00,0.401964565464188
2013-04-22 22:00:00,0.42531772440345483
2013-04-22 23:00:00,0.0
2013-04-23 00:00:00,-0.9141094654565887
2013-04-23 01:00:00,-1.4113313145687247
2013-04-23 02:00:00,-1.4626057154333867
2013-04-23 03:00:00,0.0
2013-04-23 04:00:00,-1.4672670246029011
2013-04-23 05:00:00,-1.4206539329077545
2013-04-23 06:00:00,0.0
2013-04-23 07:00:00,0.0
2013-04-23 08:00:00,-0.3741900243517037
2013-04-23 09:00:00,0.0
2013-04-23 10:00:00,0.3411810938937106
2013-04-23 11:00:00,0.5562072858834264
2013-04-23 12:00:00,0.0
2013-04-23 13:00:00,0.18684514729108925
2013-04-23 14:00:00,0.0
2013-04-23 15:00:00,0.32715055329347587
2013-04-23 16:00:00,0.2476752319532498
2013-04-23 17:00:00,0.2430139227837365
2013-04-23 18:00:00,0.6030534430370478
2013-04-23 19:00:00,0.0
2013-04-23 20:00:00,0.6030068299453535
2013-04-23 21:00:00,0.0
2013-04-23 22:00:00,0.3458890161549175
2013-04-23 23:00:00,0.0
2013-04-24 00:00:00,-0.9000323117646567
2013-04-24 01:00:00,0.0
2013-04-24 02:00:00,0.0
2013-04-24 03:00:00,0.0
2013-04-24 04:00:00,-1.439299169585813
2013-04-24 05:00:00,-1.425268628985574
2013-04-24 06:00:00,-1.3133505958255267
2013-04-24 07:00:00,-0.3834660295990415
2013-04-24 08:00:00,0.0
2013-04-24 09:00:00,-0.0843032070995864
2013-04-24 10:00:00,0.15887729227399228
2013-04-24 11:00:00,0.5982989076841404
2013-04-24 12:00:00,0.378564793433222
2013-04-24 13:00:00,0.35987294366346845
2013-04-24 14:00:00,0.17281460669084897
2013-04-24 15:00:00,0.1448001385820584
2013-04-24 16:00:00,0.0
2013-04-24 17:00:00,0.0
2013-04-24 18:00:00,0.0
2013-04-24 19:00:00,0.593637598514632
2013-04-24 20:00:00,0.0
2013-04-24 21:00:00,0.0
2013-04-24 22:00:00,0.3552116344939502
2013-04-24 23:00:00,-0.12168690663909289
2013-04-25 00:00:00,-0.8206968296995127
2013-04-25 01:00:00,0.0
2013-04-25 02:00:00,-1.3739942281209123
2013-04-25 03:00:00,-1.4439604787553282
2013-04-25 04:00:00,-1.4113313145687247
2013-04-25 05:00:00,-1.3226266010728602
2013-04-25 06:00:00,0.0
2013-04-25 07:00:00,0.0
2013-04-25 08:00:00,-0.09828713460812627
2013-04-25 09:00:00,0.0
2013-04-25 10:00:00,0.6731595329465468
2013-04-25 11:00:00,0.8601246437357839
2013-04-25 12:00:00,0.6216520666234178
2013-04-25 13:00:00,0.3879340248639428
2013-04-25 14:00:00,0.5095009680048878
2013-04-25 15:00:00,0.3691955620025012
2013-04-25 16:00:00,0.2756897000620306
2013-04-25 17:00:00,0.0
2013-04-25 18:00:00,0.7900185538262787
2013-04-25 19:00:00,0.6076681391148723
2013-04-25 20:00:00,0.46740934620416885
2013-04-25 21:00:00,0.3411344808020213
2013-04-25 22:00:00,-0.07493397566886557
2013-04-25 23:00:00,-0.4208963422302423
2013-04-26 00:00:00,-0.7867158858537543
2013-04-26 01:00:00,0.0
2013-04-26 02:00:00,-1.364624996690188
2013-04-26 03:00:00,-1.4533297101860525
2013-04-26 04:00:00,-1.3693329189513972
2013-04-26 05:00:00,-1.3086892866560123
2013-04-26 06:00:00,-1.2899974368862577
2013-04-26 07:00:00,0.0
2013-04-26 08:00:00,-0.2011156148876296
2013-04-26 09:00:00,0.0
2013-04-26 10:00:00,0.2102915324137384
2013-04-26 11:00:00,0.7151579285638724
2013-04-26 12:00:00,0.5141622771744067
2013-04-26 13:00:00,0.3037507812625099
2013-04-26 14:00:00,0.0
2013-04-26 15:00:00,0.2663670817230034
2013-04-26 16:00:00,0.26165915946179585
2013-04-26 17:00:00,0.33647317163250245
2013-04-26 18:00:00,0.7058353102248507
2013-04-26 19:00:00,0.0
2013-04-26 20:00:00,0.0
2013-04-26 21:00:00,0.4393948780953832
2013-04-26 22:00:00,0.2850123184010676
2013-04-26 23:00:00,-0.1917929965485975
2013-04-27 00:00:00,0.0
2013-04-27 01:00:00,0.0
2013-04-27 02:00:00,-1.425268628985574
2013-04-27 03:00:00,-1.4765896429419312
2013-04-27 04:00:00,0.0
2013-04-27 05:00:00,-1.4672670246029018
2013-04-27 06:00:00,-1.4439138656636328
2013-04-27 07:00:00,-0.34142102089001686
2013-04-27 08:00:00,0.0
2013-04-27 09:00:00,-0.06556474423813922
2013-04-27 10:00:00,0.49547042740464814
2013-04-27 11:00:00,0.0
2013-04-27 12:00:00,0.0
2013-04-27 13:00:00,0.3879340248639428
2013-04-27 14:00:00,0.31778132186275443
2013-04-27 15:00:00,0.3131200126932307
2013-04-27 16:00:00,0.39259533403346225
2013-04-27 17:00:00,0.6076681391148723
2013-04-27 18:00:00,0.6777742290243713
2013-04-27 19:00:00,0.64039052948486
2013-04-27 20:00:00,0.584314980175595
2013-04-27 21:00:00,0.0
2013-04-27 22:00:00,0.0
2013-04-27 23:00:00,0.0
2013-04-28 00:00:00,0.0
2013-04-28 01:00:00,-1.4439604787553277
2013-04-28 02:00:00,-1.4998961887895046
2013-04-28 03:00:00,-1.616568757302457
2013-04-28 04:00:00,-1.471928333772416
2013-04-28 05:00:00,0.0
2013-04-28 06:00:00,0.0
2013-04-28 07:00:00,0.0
2013-04-28 08:00:00,-0.09828713460812627
2013-04-28 09:00:00,-0.09828713460813242
2013-04-28 10:00:00,0.0
2013-04-28 11:00:00,0.7665721687036295
2013-04-28 12:00:00,0.3458424030632288
2013-04-28 13:00:00,0.0
2013-04-28 14:00:00,0.2056302232442251
2013-04-28 15:00:00,0.07930874475038391
2013-04-28 16:00:00,0.19621437872181005
2013-04-28 17:00:00,0.0
2013-04-28 18:00:00,0.4627946501263492
2013-04-28 19:00:00,0.6123294482843856
2013-04-28 20:00:00,0.23359807826131657
2013-04-28 21:00:00,0.07930874475038391
2013-04-28 22:00:00,-0.40220449246048934
2013-04-28 23:00:00,-0.8735094625901182
2013-04-29 00:00:00,-1.0973921420019115
2013-04-29 01:00:00,0.0
2013-04-29 02:00:00,-1.700518935445416
2013-04-29 03:00:00,-1.7611625677408032
2013-04-29 04:00:00,0.0
2013-04-29 05:00:00,-1.6399219162417253
2013-04-29 06:00:00,-1.6725044673366334
2013-04-29 07:00:00,-0.43143090095334724
2013-04-29 08:00:00,0.0
2013-04-29 09:00:00,-0.0048278857593554315
2013-04-29 10:00:00,0.05595558581111706
2013-04-29 11:00:00,0.0
2013-04-29 12:00:00,0.0
2013-04-29 13:00:00,0.0
2013-04-29 14:00:00,0.0
2013-04-29 15:00:00,0.21024491932204417
2013-04-29 16:00:00,0.0
2013-04-29 17:00:00,0.0
2013-04-29 18:00:00,0.5562538989751207
2013-04-29 19:00:00,0.4300256466646568
2013-04-29 20:00:00,0.0
2013-04-29 21:00:00,0.1728612197825432
2013-04-29 22:00:00,0.13543090715133757
2013-04-29 23:00:00,-0.3181144750424442
2013-04-30 00:00:00,-0.96543047941295
2013-04-30 01:00:00,-1.3973473870601807
2013-04-30 02:00:00,-1.5745703616851294
2013-04-30 03:00:00,-1.5186346516509537
2013-04-30 04:00:00,-1.4859588743726553
2013-04-30 05:00:00,0.0
2013-04-30 06:00:00,-1.3506410691816442
2013-04-30 07:00:00,-0.5798469849106938
2013-04-30 08:00:00,0.0
2013-04-30 09:00:00,-0.14979460093126643
2013-04-30 10:00:00,0.1541227569210905
2013-04-30 11:00:00,0.3131200126932362
2013-04-30 12:00:00,0.3271505532934703
2013-04-30 13:00:00,0.0794019709337613
2013-04-30 14:00:00,0.1681999106130244
2013-04-30 15:00:00,0.0
2013-04-30 16:00:00,0.0
2013-04-30 17:00:00,0.0
2013-04-30 18:00:00,0.35516502140225537
2013-04-30 19:00:00,0.0
2013-04-30 20:00:00,0.3832261026027353
2013-04-30 21:00:00,0.3037973943542041
2013-04-30 22:00:00,0.0
2013-04-30 23:00:00,-0.360159483751464
2013-05-01 00:00:00,-1.0274258913675003
2013-05-01 01:00:00,-1.4532830970943573
2013-05-01 02:00:00,-1.5373265014207074
2013-05-01 03:00:00,0.0
2013-05-01 04:00:00,0.0
2013-05-01 05:00:00,-1.420607319816059
2013-05-01 06:00:00,0.0
2013-05-01 07:00:00,-0.792635748499039
2013-05-01 08:00:00,-0.20587015024053137
2013-05-01 09:00:00,0.0
2013-05-01 10:00:00,0.0
2013-05-01 11:00:00,0.7853106315650767
2013-05-01 12:00:00,0.7338497783336364
2013-05-01 13:00:00,0.0
2013-05-01 14:00:00,0.0
2013-05-01 15:00:00,0.0
2013-05-01 16:00:00,0.2055369970608422
2013-05-01 17:00:00,0.0
2013-05-01 18:00:00,0.0
2013-05-01 19:00:00,0.0
2013-05-01 20:00:00,0.0
2013-05-01 21:00:00,0.14484675167375263
2013-05-01 22:00:00,-0.2853454715807574
2013-05-01 23:00:00,-0.5424166722794878
2013-05-02 00:00:00,-0.8534192200695105
2013-05-02 01:00:00,-1.3133039827338309
2013-05-02 02:00:00,-1.369286305859703
2013-05-02 03:00:00,0.0
2013-05-02 04:00:00,0.0
2013-05-02 05:00:00,-1.3040279774864971
2013-05-02 06:00:00,-1.1780794037262101
2013-05-02 07:00:00,-0.4595852083372138
2013-05-02 08:00:00,-0.13571744723933807
2013-05-02 09:00:00,0.0
2013-05-02 10:00:00,0.21495284158325723
2013-05-02 11:00:00,0.3505037122327476
2013-05-02 12:00:00,0.0
2013-05-02 13:00:00,0.0
2013-05-02 14:00:00,0.19626099181349876
2013-05-02 15:00:00,0.0
2013-05-02 16:00:00,0.0
2013-05-02 17:00:00,0.0
2013-05-02 18:00:00,0.0
2013-05-02 19:00:00,0.43468695583417566
2013-05-02 20:00:00,0.43934826500368895
2013-05-02 21:00:00,0.1354775202430312
2013-05-02 22:00:00,0.23830600052252346
2013-05-02 23:00:00,-0.41157372389121016
2013-05-03 00:00:00,0.0
2013-05-03 01:00:00,-1.3319958325035852
2013-05-03 02:00:00,0.0
2013-05-03 03:00:00,-1.4813441782948351
2013-05-03 04:00:00,-1.4159926237382399
2013-05-03 05:00:00,0.0
2013-05-03 06:00:00,0.0
2013-05-03 07:00:00,-0.4022511055521836
2013-05-03 08:00:00,-0.3180678619507445
2013-05-03 09:00:00,0.0
2013-05-03 10:00:00,0.0
2013-05-03 11:00:00,0.42531772440345483
2013-05-03 12:00:00,0.0
2013-05-03 13:00:00,0.3177347087710608
2013-05-03 14:00:00,0.21495284158325723
2013-05-03 15:00:00,0.3458890161549237
2013-05-03 16:00:00,0.25704446338396575
2013-05-03 17:00:00,0.40196456546418247
2013-05-03 18:00:00,0.5656231304058414
2013-05-03 19:00:00,0.6591289923463127
2013-05-03 20:00:00,0.0
2013-05-03 21:00:00,0.41599510606442824
2013-05-03 22:00:00,0.23359807826131657
2013-05-03 23:00:00,-0.21519276857955796
2013-05-04 00:00:00,0.0
2013-05-04 01:00:00,0.0
2013-05-04 02:00:00,0.0
2013-05-04 03:00:00,-1.4206539329077545
2013-05-04 04:00:00,0.0
2013-05-04 05:00:00,-1.3879781556294561
2013-05-04 06:00:00,0.0
2013-05-04 07:00:00,-0.5437218388469528
2013-05-04 08:00:00,0.02323319544111894
2013-05-04 09:00:00,0.004541345671366004
2013-05-04 10:00:00,0.5702378264836716
2013-05-04 11:00:00,0.0
2013-05-04 12:00:00,0.584314980175595
2013-05-04 13:00:00,0.0
2013-05-04 14:00:00,0.4066258746337019
2013-05-04 15:00:00,0.0
2013-05-04 16:00:00,0.0
2013-05-04 17:00:00,0.0
2013-05-04 18:00:00,0.6824355381938847
2013-05-04 19:00:00,0.0
2013-05-04 20:00:00,0.5842683670839057
2013-05-04 21:00:00,0.46736273311248017
2013-05-04 22:00:00,0.2897202406622702
2013-05-04 23:00:00,-0.2853454715807574
2013-05-05 00:00:00,0.0
2013-05-05 01:00:00,-1.303981364394802
2013-05-05 02:00:00,-1.4672670246029018
2013-05-05 03:00:00,0.0
2013-05-05 04:00:00,-1.4766362560336266
2013-05-05 05:00:00,0.0
2013-05-05 06:00:00,0.0
2013-05-05 07:00:00,0.0
2013-05-05 08:00:00,-0.14970137474788348
2013-05-05 09:00:00,0.02323319544111894
2013-05-05 10:00:00,0.0
2013-05-05 11:00:00,0.733896391425325
2013-05-05 12:00:00,0.6543744569934109
2013-05-05 13:00:00,0.0
2013-05-05 14:00:00,0.280397622323243
2013-05-05 15:00:00,0.40191795237248884
2013-05-05 16:00:00,0.32710394020178163
2013-05-05 17:00:00,0.542223358374881
2013-05-05 18:00:00,0.0
2013-05-05 19:00:00,0.0
2013-05-05 20:00:00,0.0
2013-05-05 21:00:00,0.36448763974129306
2013-05-05 22:00:00,-0.2713149309805178
2013-05-05 23:00:00,-0.5237714356014344
2013-05-06 00:00:00,0.0
2013-05-06 01:00:00,0.0
2013-05-06 02:00:00,-1.3973007739684864
2013-05-06 03:00:00,-1.4579444062638724
2013-05-06 04:00:00,0.0
2013-05-06 05:00:00,0.0
2013-05-06 06:00:00,-1.2294004176825666
2013-05-06 07:00:00,0.0
2013-05-06 08:00:00,0.0
2013-05-06 09:00:00,0.0
2013-05-06 10:00:00,0.0
2013-05-06 11:00:00,0.3412277069854042
2013-05-06 12:00:00,0.4206098021422418
2013-05-06 13:00:00,0.24296730969204292
2013-05-06 14:00:00,0.0
2013-05-06 15:00:00,0.191599682643991
2013-05-06 16:00:00,0.0
2013-05-06 17:00:00,0.0
2013-05-06 18:00:00,0.5889296762534252
2013-05-06 19:00:00,0.5281462046829472
2013-05-06 20:00:00,0.0
2013-05-06 21:00:00,0.3879340248639428
2013-05-06 22:00:00,0.0
2013-05-06 23:00:00,-0.03755027612935355
2013-05-07 00:00:00,0.0
2013-05-07 01:00:00,0.0
2013-05-07 02:00:00,-1.3273345233340705
2013-05-07 03:00:00,-1.360010300612369
2013-05-07 04:00:00,-1.3506876822733387
2013-05-07 05:00:00,0.0
2013-05-07 06:00:00,0.0
2013-05-07 07:00:00,0.0
2013-05-07 08:00:00,0.0
2013-05-07 09:00:00,-0.16373191534812312
2013-05-07 10:00:00,0.0
2013-05-07 11:00:00,0.3691955620025012
2013-05-07 12:00:00,0.0
2013-05-07 13:00:00,0.45337880560392924
2013-05-07 14:00:00,0.0
2013-05-07 15:00:00,0.3130733996015475
2013-05-07 16:00:00,0.0
2013-05-07 17:00:00,0.4440095741732078
2013-05-07 18:00:00,0.0
2013-05-07 19:00:00,0.49076250514344616
2013-05-07 20:00:00,0.33651978472419114
2013-05-07 21:00:00,0.0
2013-05-07 22:00:00,0.06998612641135117
2013-05-07 23:00:00,-0.159117219270293
2013-05-08 00:00:00,-0.8533726069778178
2013-05-08 01:00:00,-1.341318450842615
2013-05-08 02:00:00,-1.4253152420772692
2013-05-08 03:00:00,-1.4439604787553282
2013-05-08 04:00:00,0.0
2013-05-08 05:00:00,0.0
2013-05-08 06:00:00,0.0
2013-05-08 07:00:00,0.0
2013-05-08 08:00:00,-0.1497479878395722
2013-05-08 09:00:00,-0.154409297009091
2013-05-08 10:00:00,0.13543090715133757
2013-05-08 11:00:00,0.40657926154200213
2013-05-08 12:00:00,0.542223358374881
2013-05-08 13:00:00,0.5048396588353745
2013-05-08 14:00:00,0.4721172684653758
2013-05-08 15:00:00,0.0
2013-05-08 16:00:00,0.09809382070351978
2013-05-08 17:00:00,0.0
2013-05-08 18:00:00,0.5468846675443998
2013-05-08 19:00:00,0.0
2013-05-08 20:00:00,0.4066724877253906
2013-05-08 21:00:00,0.3691955620025012
2013-05-08 22:00:00,0.31778132186275504
2013-05-08 23:00:00,-0.1965009188097995
2013-05-09 00:00:00,-0.8380368998101103
2013-05-09 01:00:00,0.0
2013-05-09 02:00:00,-1.3880247687211515
2013-05-09 03:00:00,-1.4159926237382399
2013-05-09 04:00:00,-1.5046041110507145
2013-05-09 05:00:00,-1.1686635592037906
2013-05-09 06:00:00,0.0
2013-05-09 07:00:00,0.0
2013-05-09 08:00:00,0.0
2013-05-09 09:00:00,-0.08896451626910522
2013-05-09 10:00:00,0.14480013858206392
2013-05-09 11:00:00,0.0
2013-05-09 12:00:00,0.0
2013-05-09 13:00:00,0.5328541269441602
2013-05-09 14:00:00,0.0
2013-05-09 15:00:00,0.0
2013-05-09 16:00:00,0.1775225289520516
2013-05-09 17:00:00,0.40662587463369637
2013-05-09 18:00:00,0.47207065537368215
2013-05-09 19:00:00,0.5375154361136735
2013-05-09 20:00:00,0.5001317365741614
2013-05-09 21:00:00,0.42531772440345483
2013-05-09 22:00:00,0.0
2013-05-09 23:00:00,-0.2993293990892973
2013-05-10 00:00:00,-0.7787916602655814
2013-05-10 01:00:00,0.0
2013-05-10 02:00:00,-1.3693329189513983
2013-05-10 03:00:00,-1.49062018354217
2013-05-10 04:00:00,-1.5046041110507138
2013-05-10 05:00:00,-1.4626057154333867
2013-05-10 06:00:00,-1.2760601224694108
2013-05-10 07:00:00,-0.6838874055742611
2013-05-10 08:00:00,-0.2853454715807574
2013-05-10 09:00:00,-0.09828713460813733
2013-05-10 10:00:00,0.0
2013-05-10 11:00:00,0.0
2013-05-10 12:00:00,0.39254872094177296
2013-05-10 13:00:00,0.30375078126251476
2013-05-10 14:00:00,0.2850589314927569
2013-05-10 15:00:00,0.4487174964344208
2013-05-10 16:00:00,0.41599510606442275
2013-05-10 17:00:00,0.0
2013-05-10 18:00:00,0.0
2013-05-10 19:00:00,0.5889296762534252
2013-05-10 20:00:00,0.7011740010553325
2013-05-10 21:00:00,0.4767785776348897
2013-05-10 22:00:00,0.0
2013-05-10 23:00:00,-0.24320723668834918
2013-05-11 00:00:00,0.0
2013-05-11 01:00:00,0.0
2013-05-11 02:00:00,0.0
2013-05-11 03:00:00,-1.6165687573024576
2013-05-11 04:00:00,-1.4952814927116844
2013-05-11 05:00:00,-1.4579444062638718
2013-05-11 06:00:00,-1.3739010019375228
2013-05-11 07:00:00,-0.6045053104174253
2013-05-11 08:00:00,0.018571886271599503
2013-05-11 09:00:00,0.0
2013-05-11 10:00:00,0.5001317365741614
2013-05-11 11:00:00,0.5796070579143924
2013-05-11 12:00:00,0.0
2013-05-11 13:00:00,0.0
2013-05-11 14:00:00,0.13547752024302628
2013-05-11 15:00:00,0.0
2013-05-11 16:00:00,0.0
2013-05-11 17:00:00,0.31316662578492493
2013-05-11 18:00:00,0.5188235863439199
2013-05-11 19:00:00,0.8508020253967568
2013-05-11 20:00:00,0.42536433749514907
2013-05-11 21:00:00,0.0
2013-05-11 22:00:00,0.0
2013-05-11 23:00:00,0.0
2013-05-12 00:00:00,-0.8253581388690315
2013-05-12 01:00:00,0.0
2013-05-12 02:00:00,0.0
2013-05-12 03:00:00,0.0
2013-05-12 04:00:00,-1.4999428018811995
2013-05-12 05:00:00,-1.5838929800241588
2013-05-12 06:00:00,-1.2107085679128122
2013-05-12 07:00:00,0.0
2013-05-12 08:00:00,-0.05158081672959381
2013-05-12 09:00:00,0.0
2013-05-12 10:00:00,0.5701912133919724
2013-05-12 11:00:00,0.0
2013-05-12 12:00:00,0.5095009680048878
2013-05-12 13:00:00,0.36919556200249565
2013-05-12 14:00:00,0.2476286188615562
2013-05-12 15:00:00,0.27568970006203547
2013-05-12 16:00:00,0.0
2013-05-12 17:00:00,0.0
2013-05-12 18:00:00,0.5095009680048878
2013-05-12 19:00:00,0.6731129198548581
2013-05-12 20:00:00,0.0
2013-05-12 21:00:00,0.0
2013-05-12 22:00:00,0.0
2013-05-12 23:00:00,-0.45832665486144303
2013-05-13 00:00:00,-0.7820079635925482
2013-05-13 01:00:00,0.0
2013-05-13 02:00:00,-1.2340617268520817
2013-05-13 03:00:00,0.0
2013-05-13 04:00:00,-1.2433377320994163
2013-05-13 05:00:00,-1.1640488631259687
2013-05-13 06:00:00,-1.080052071891318
2013-05-13 07:00:00,0.0
2013-05-13 08:00:00,0.06532481724183788
2013-05-13 09:00:00,-0.04216497220717261
2013-05-13 10:00:00,0.30841209043202866
2013-05-13 11:00:00,0.36919556200249565
2013-05-13 12:00:00,0.0
2013-05-13 13:00:00,0.0
2013-05-13 14:00:00,0.1541227569210905
2013-05-13 15:00:00,0.0
2013-05-13 16:00:00,0.2102915324137384
2013-05-13 17:00:00,0.2523365411227637
2013-05-13 18:00:00,0.476731964543201
2013-05-13 19:00:00,0.0
2013-05-13 20:00:00,0.42065641523393604
2013-05-13 21:00:00,0.34118109389371
2013-05-13 22:00:00,0.0
2013-05-13 23:00:00,0.0
2013-05-14 00:00:00,-0.6044586973257311
2013-05-14 01:00:00,-1.0008098160095673
2013-05-14 02:00:00,-1.1407423172783977
2013-05-14 03:00:00,0.0
2013-05-14 04:00:00,-1.2013859495737833
2013-05-14 05:00:00,-1.1161306048633606
2013-05-14 06:00:00,0.0
2013-05-14 07:00:00,-0.17310114677884456
2013-05-14 08:00:00,-0.23388461834931704
2013-05-14 09:00:00,-0.2291766960881089
2013-05-14 10:00:00,0.2476752319532449
2013-05-14 11:00:00,0.4440095741732078
2013-05-14 12:00:00,0.280397622323243
2013-05-14 13:00:00,0.11678567047327333
2013-05-14 14:00:00,0.1354775202430312
2013-05-14 15:00:00,0.0
2013-05-14 16:00:00,0.0
2013-05-14 17:00:00,0.0
2013-05-14 18:00:00,0.0
2013-05-14 19:00:00,0.43930165191200027
2013-05-14 20:00:00,0.38327271569442956
2013-05-14 21:00:00,0.0
2013-05-14 22:00:00,0.0
2013-05-14 23:00:00,0.0
2013-05-15 00:00:00,-0.5237714356014344
2013-05-15 01:00:00,-0.9388144040550209
2013-05-15 02:00:00,0.0
2013-05-15 03:00:00,-1.1687101722954858
2013-05-15 04:00:00,-1.2386764229299012
2013-05-15 05:00:00,0.0
2013-05-15 06:00:00,0.0
2013-05-15 07:00:00,0.0
2013-05-15 08:00:00,-0.08430320709959192
2013-05-15 09:00:00,-0.23859254061051904
2013-05-15 10:00:00,0.1821838381215698
2013-05-15 11:00:00,0.42065641523394154
2013-05-15 12:00:00,0.19626099181349876
2013-05-15 13:00:00,-0.06561135732982792
2013-05-15 14:00:00,0.09804720761183108
2013-05-15 15:00:00,0.0
2013-05-15 16:00:00,0.0
2013-05-15 17:00:00,0.0
2013-05-15 18:00:00,0.0
2013-05-15 19:00:00,0.0
2013-05-15 20:00:00,0.0
2013-05-15 21:00:00,0.15883067918229804
2013-05-15 22:00:00,0.0
2013-05-15 23:00:00,0.0
2013-05-16 00:00:00,-0.6559195505571714
2013-05-16 01:00:00,-1.0007632029178741
2013-05-16 02:00:00,0.0
2013-05-16 03:00:00,0.0
2013-05-16 04:00:00,-1.3739942281209128
2013-05-16 05:00:00,-1.3786555372904274
2013-05-16 06:00:00,-1.2387230360215968
2013-05-16 07:00:00,-0.3227291711202633
2013-05-16 08:00:00,-0.2199006908407661
2013-05-16 09:00:00,-0.00011996349814790363
2013-05-16 10:00:00,0.0
2013-05-16 11:00:00,0.3458890161549237
2013-05-16 12:00:00,0.0
2013-05-16 13:00:00,0.0
2013-05-16 14:00:00,0.0
2013-05-16 15:00:00,0.0
2013-05-16 16:00:00,0.35987294366346906
2013-05-16 17:00:00,0.6029602168536647
2013-05-16 18:00:00,0.0
2013-05-16 19:00:00,0.4907625051434406
2013-05-16 20:00:00,0.4346869558341812
2013-05-16 21:00:00,0.0
2013-05-16 22:00:00,-0.2666070087193047
2013-05-16 23:00:00,-0.40691241472169687
2013-05-17 00:00:00,-0.5950428528033077
2013-05-17 01:00:00,0.0
2013-05-17 02:00:00,-1.1127278491696138
2013-05-17 03:00:00,0.0
2013-05-17 04:00:00,0.0
2013-05-17 05:00:00,0.0
2013-05-17 06:00:00,-0.9574130276413845
2013-05-17 07:00:00,0.0
2013-05-17 08:00:00,0.0
2013-05-17 09:00:00,-0.2198074646573887
2013-05-17 10:00:00,0.10270851678134438
2013-05-17 11:00:00,0.3645342528329879
2013-05-17 12:00:00,0.0
2013-05-17 13:00:00,0.27568970006203547
2013-05-17 14:00:00,0.0
2013-05-17 15:00:00,0.0
2013-05-17 16:00:00,0.13076959798182428
2013-05-17 17:00:00,0.0
2013-05-17 18:00:00,0.0
2013-05-17 19:00:00,0.542223358374881
2013-05-17 20:00:00,0.0
2013-05-17 21:00:00,0.07935535784207261
2013-05-17 22:00:00,0.15416937001278475
2013-05-17 23:00:00,-0.4255576513997611
2013-05-18 00:00:00,0.0
2013-05-18 01:00:00,0.0
2013-05-18 02:00:00,-1.560586434176586
2013-05-18 03:00:00,-1.7098415537844458
2013-05-18 04:00:00,-1.5232959608204677
2013-05-18 05:00:00,-1.621230066471972
2013-05-18 06:00:00,0.0
2013-05-18 07:00:00,-0.49104904523144144
2013-05-18 08:00:00,0.0
2013-05-18 09:00:00,0.05129427664159823
2013-05-18 10:00:00,0.0
2013-05-18 11:00:00,1.0798587579867074
2013-05-18 12:00:00,0.7525882411950842
2013-05-18 13:00:00,0.4907625051434406
2013-05-18 14:00:00,0.336473171632508
2013-05-18 15:00:00,0.6030068299453535
2013-05-18 16:00:00,0.4580401147734474
2013-05-18 17:00:00,0.0
2013-05-18 18:00:00,0.6777742290243713
2013-05-18 19:00:00,0.0
2013-05-18 20:00:00,0.0
2013-05-18 21:00:00,0.3178279349544437
2013-05-18 22:00:00,0.43930165191200027
2013-05-18 23:00:00,0.0
2013-05-19 00:00:00,0.0
2013-05-19 01:00:00,-1.4579444062638722
2013-05-19 02:00:00,0.0
2013-05-19 03:00:00,0.0
2013-05-19 04:00:00,0.0
2013-05-19 05:00:00,-1.4906201835421704
2013-05-19 06:00:00,-1.4159926237382399
2013-05-19 07:00:00,-0.6840272448493453
2013-05-19 08:00:00,-0.05619551280741287
2013-05-19 09:00:00,0.0
2013-05-19 10:00:00,0.6030068299453535
2013-05-19 11:00:00,0.7292350822558118
2013-05-19 12:00:00,0.7432190097643523
2013-05-19 13:00:00,0.0
2013-05-19 14:00:00,0.0
2013-05-19 15:00:00,0.0
2013-05-19 16:00:00,0.3318118624629836
2013-05-19 17:00:00,0.3645808659246766
2013-05-19 18:00:00,0.0
2013-05-19 19:00:00,0.0
2013-05-19 20:00:00,0.0
2013-05-19 21:00:00,0.0
2013-05-19 22:00:00,0.0
2013-05-19 23:00:00,-0.24791515894955116
2013-05-20 00:00:00,-1.0661147574744638
2013-05-20 01:00:00,0.0
2013-05-20 02:00:00,-1.583939593115854
2013-05-20 03:00:00,0.0
2013-05-20 04:00:00,-1.6585671529197843
2013-05-20 05:00:00,0.0
2013-05-20 06:00:00,-1.5045574979590188
2013-05-20 07:00:00,-0.7938943019748109
2013-05-20 08:00:00,-0.3320984025509847
2013-05-20 09:00:00,0.0
2013-05-20 10:00:00,0.29438154983178844
2013-05-20 11:00:00,0.0
2013-05-20 12:00:00,0.18218383812156488
2013-05-20 13:00:00,0.19621437872181005
2013-05-20 14:00:00,0.0
2013-05-20 15:00:00,0.0
2013-05-20 16:00:00,0.3411810938937155
2013-05-20 17:00:00,0.2803976223232436
2013-05-20 18:00:00,0.3972566432029805
2013-05-20 19:00:00,0.5141622771744067
2013-05-20 20:00:00,0.0
2013-05-20 21:00:00,0.18689176038277794
2013-05-20 22:00:00,0.0
2013-05-20 23:00:00,-0.4302655736609631
2013-05-21 00:00:00,0.0
2013-05-21 01:00:00,-1.1173891583391298
2013-05-21 02:00:00,-1.2153698770823276
2013-05-21 03:00:00,-1.569909052515615
2013-05-21 04:00:00,0.0
2013-05-21 05:00:00,-1.509265420220229
2013-05-21 06:00:00,-1.4532830970943573
2013-05-21 07:00:00,0.07930874475037837
2013-05-21 08:00:00,-0.3507902523207432
2013-05-21 09:00:00,0.0
2013-05-21 10:00:00,0.0
2013-05-21 11:00:00,0.0
2013-05-21 12:00:00,0.26165915946179585
2013-05-21 13:00:00,0.33181186246298916
2013-05-21 14:00:00,0.0
2013-05-21 15:00:00,0.0
2013-05-21 16:00:00,0.1587840660906038
2013-05-21 17:00:00,0.0
2013-05-21 18:00:00,0.514208890266096
2013-05-21 19:00:00,0.5469312806360885
2013-05-21 20:00:00,0.0
2013-05-21 21:00:00,0.14950806084327145
2013-05-21 22:00:00,0.14480013858206392
2013-05-21 23:00:00,-0.2806375493195499
2013-05-22 00:00:00,-0.825404751960726
2013-05-22 01:00:00,0.0
2013-05-22 02:00:00,0.0
2013-05-22 03:00:00,0.0
2013-05-22 04:00:00,0.0
2013-05-22 05:00:00,-1.420653932907755
2013-05-22 06:00:00,-1.29936666831698
2013-05-22 07:00:00,0.0
2013-05-22 08:00:00,-0.23854592751883033
2013-05-22 09:00:00,-0.11702559746957959
2013-05-22 10:00:00,0.22432207301397805
2013-05-22 11:00:00,0.2710750039842164
2013-05-22 12:00:00,0.322489244123957
2013-05-22 13:00:00,0.1400922163208564
2013-05-22 14:00:00,0.0
2013-05-22 15:00:00,0.0
2013-05-22 16:00:00,0.1494614477515717
2013-05-22 17:00:00,0.0
2013-05-22 18:00:00,0.0
2013-05-22 19:00:00,0.0
2013-05-22 20:00:00,0.0
2013-05-22 21:00:00,0.24296730969204292
2013-05-22 22:00:00,0.0
2013-05-22 23:00:00,-0.17310114677883903
2013-05-23 00:00:00,0.0
2013-05-23 01:00:00,0.0
2013-05-23 02:00:00,0.0
2013-05-23 03:00:00,0.0
2013-05-23 04:00:00,-1.4719283337724163
2013-05-23 05:00:00,0.0
2013-05-23 06:00:00,-1.3086892866560116
2013-05-23 07:00:00,-0.5250299890772051
2013-05-23 08:00:00,-0.2338846183493115
2013-05-23 09:00:00,0.0
2013-05-23 10:00:00,0.0
2013-05-23 11:00:00,0.4207030283256303
2013-05-23 12:00:00,0.0
2013-05-23 13:00:00,0.21029153241374393
2013-05-23 14:00:00,0.28044423541493235
2013-05-23 15:00:00,0.0
2013-05-23 16:00:00,0.3084587035237229
2013-05-23 17:00:00,0.3505503253244308
2013-05-23 18:00:00,0.0
2013-05-23 19:00:00,0.6216986797151064
2013-05-23 20:00:00,0.0
2013-05-23 21:00:00,0.0
2013-05-23 22:00:00,0.3552116344939502
2013-05-23 23:00:00,0.0
2013-05-24 00:00:00,0.0
2013-05-24 01:00:00,0.0
2013-05-24 02:00:00,-1.1034518439222805
2013-05-24 03:00:00,-1.3647182228735786
2013-05-24 04:00:00,-1.4626523285250819
2013-05-24 05:00:00,0.0
2013-05-24 06:00:00,0.0
2013-05-24 07:00:00,0.0
2013-05-24 08:00:00,-0.2338846183493115
2013-05-24 09:00:00,-0.07027266649934674
2013-05-24 10:00:00,0.0
2013-05-24 11:00:00,0.43934826500368895
2013-05-24 12:00:00,0.0
2013-05-24 13:00:00,0.0
2013-05-24 14:00:00,0.2944281629234771
2013-05-24 15:00:00,0.0
2013-05-24 16:00:00,0.30841209043202866
2013-05-24 17:00:00,0.3552116344939502
2013-05-24 18:00:00,0.5796070579143819
2013-05-24 19:00:00,0.6870968473634035
2013-05-24 20:00:00,0.6122828351926969
2013-05-24 21:00:00,0.24296730969203736
2013-05-24 22:00:00,0.15887729227399228
2013-05-24 23:00:00,-0.22922330917979822
2013-05-25 00:00:00,-0.80531450944012
2013-05-25 01:00:00,0.0
2013-05-25 02:00:00,-1.4859122612809603
2013-05-25 03:00:00,0.0
2013-05-25 04:00:00,-1.5046507241424092
2013-05-25 05:00:00,-1.4533297101860532
2013-05-25 06:00:00,0.0
2013-05-25 07:00:00,0.0
2013-05-25 08:00:00,-0.07027266649934674
2013-05-25 09:00:00,0.0
2013-05-25 10:00:00,0.5468846675443942
2013-05-25 11:00:00,0.6123760613760798
2013-05-25 12:00:00,0.6356826072236524
2013-05-25 13:00:00,0.5889762893451138
2013-05-25 14:00:00,0.27568970006203547
2013-05-25 15:00:00,0.0
2013-05-25 16:00:00,0.3224892441239515
2013-05-25 17:00:00,0.49547042740464814
2013-05-25 18:00:00,0.0
2013-05-25 19:00:00,0.6123294482843856
2013-05-25 20:00:00,0.45337880560392924
2013-05-25 21:00:00,0.0
2013-05-25 22:00:00,0.3691955620025012
2013-05-25 23:00:00,0.0
2013-05-26 00:00:00,-0.7072405645135276
2013-05-26 01:00:00,-1.2946587460557728
2013-05-26 02:00:00,0.0
2013-05-26 03:00:00,0.0
2013-05-26 04:00:00,-1.4626057154333867
2013-05-26 05:00:00,-1.350641069181644
2013-05-26 06:00:00,0.0
2013-05-26 07:00:00,-0.336759711720498
2013-05-26 08:00:00,0.0
2013-05-26 09:00:00,0.032602426871839764
2013-05-26 10:00:00,0.2757363131537297
2013-05-26 11:00:00,0.0
2013-05-26 12:00:00,0.0
2013-05-26 13:00:00,0.0
2013-05-26 14:00:00,0.15887729227399228
2013-05-26 15:00:00,0.041925045210871884
2013-05-26 16:00:00,0.0
2013-05-26 17:00:00,0.0
2013-05-26 18:00:00,0.5655765173141528
2013-05-26 19:00:00,0.5421767452831923
2013-05-26 20:00:00,0.2990894720929966
2013-05-26 21:00:00,0.21961415075277052
2013-05-26 22:00:00,0.0
2013-05-26 23:00:00,0.0
2013-05-27 00:00:00,-0.9980596435995508
2013-05-27 01:00:00,0.0
2013-05-27 02:00:00,-1.5466025066680416
2013-05-27 03:00:00,0.0
2013-05-27 04:00:00,0.0
2013-05-27 05:00:00,-1.4718817206807209
2013-05-27 06:00:00,0.0
2013-05-27 07:00:00,0.0
2013-05-27 08:00:00,-0.294668089919784
2013-05-27 09:00:00,0.0
2013-05-27 10:00:00,0.2710283908925173
2013-05-27 11:00:00,0.0
2013-05-27 12:00:00,0.0
2013-05-27 13:00:00,0.05129427664159823
2013-05-27 14:00:00,0.0
2013-05-27 15:00:00,0.26636708172299783
2013-05-27 16:00:00,0.1728612197825383
2013-05-27 17:00:00,0.19159968264398547
2013-05-27 18:00:00,0.4440561872648965
2013-05-27 19:00:00,0.4393482650036945
2013-05-27 20:00:00,0.3598729436634635
2013-05-27 21:00:00,0.0
2013-05-27 22:00:00,0.1775225289520565
2013-05-27 23:00:00,0.0
2013-05-28 00:00:00,-0.8534658331612056
2013-05-28 01:00:00,-1.038100289365683
2013-05-28 02:00:00,0.0
2013-05-28 03:00:00,0.0
2013-05-28 04:00:00,-1.481250952111445
2013-05-28 05:00:00,0.0
2013-05-28 06:00:00,-1.3412718377509194
2013-05-28 07:00:00,-0.2993760121809915
2013-05-28 08:00:00,-0.21053145941004467
2013-05-28 09:00:00,0.0
2013-05-28 10:00:00,0.09343251153400095
2013-05-28 11:00:00,0.12610828881230485
2013-05-28 12:00:00,0.08406328010328014
2013-05-28 13:00:00,0.1401388294125451
2013-05-28 14:00:00,0.17286121978253768
2013-05-28 15:00:00,0.07935535784207261
2013-05-28 16:00:00,0.1821838381215698
2013-05-28 17:00:00,0.0
2013-05-28 18:00:00,0.3084587035237174
2013-05-28 19:00:00,0.0
2013-05-28 20:00:00,0.34118109389371
2013-05-28 21:00:00,0.10736982595085766
2013-05-28 22:00:00,0.0
2013-05-28 23:00:00,-0.39758979638266967
2013-05-29 00:00:00,-0.9621209499025976
2013-05-29 01:00:00,-1.406623392307515
2013-05-29 02:00:00,-1.4206539329077545
2013-05-29 03:00:00,-1.5326185791594975
2013-05-29 04:00:00,-1.4299765512467837
2013-05-29 05:00:00,-1.3879781556294568
2013-05-29 06:00:00,0.0
2013-05-29 07:00:00,-0.2245153869185907
2013-05-29 08:00:00,-0.360159483751464
2013-05-29 09:00:00,0.0
2013-05-29 10:00:00,0.0839700539198972
2013-05-29 11:00:00,0.4861011959739273
2013-05-29 12:00:00,0.0
2013-05-29 13:00:00,0.0
2013-05-29 14:00:00,0.1728612197825432
2013-05-29 15:00:00,0.256997850292277
2013-05-29 16:00:00,0.1728612197825383
2013-05-29 17:00:00,0.2850589314927569
2013-05-29 18:00:00,0.0
2013-05-29 19:00:00,0.32710394020178163
2013-05-29 20:00:00,0.2990894720929966
2013-05-29 21:00:00,0.13081621107350744
2013-05-29 22:00:00,0.0
2013-05-29 23:00:00,0.0
2013-05-30 00:00:00,-0.9888768645356121
2013-05-30 01:00:00,0.0
2013-05-30 02:00:00,0.0
2013-05-30 03:00:00,0.0
2013-05-30 04:00:00,-1.611907448132942
2013-05-30 05:00:00,-1.4206539329077545
2013-05-30 06:00:00,0.0
2013-05-30 07:00:00,-0.6372277007874182
2013-05-30 08:00:00,-0.0796418979300731
2013-05-30 09:00:00,0.0
2013-05-30 10:00:00,0.0
2013-05-30 11:00:00,0.2523365411227637
2013-05-30 12:00:00,0.19626099181349876
2013-05-30 13:00:00,0.0
2013-05-30 14:00:00,-0.014197117190087318
2013-05-30 15:00:00,0.0
2013-05-30 16:00:00,-0.04687289446838075
2013-05-30 17:00:00,0.1541227569210905
2013-05-30 18:00:00,0.3739034842637032
2013-05-30 19:00:00,0.39259533403346164
2013-05-30 20:00:00,0.0
2013-05-30 21:00:00,0.0
2013-05-30 22:00:00,0.0
2013-05-30 23:00:00,0.0
2013-05-31 00:00:00,-0.8427448220713222
2013-05-31 01:00:00,0.0
2013-05-31 02:00:00,0.0
2013-05-31 03:00:00,0.0
2013-05-31 04:00:00,-1.5186346516509537
2013-05-31 05:00:00,0.0
2013-05-31 06:00:00,0.0
2013-05-31 07:00:00,-0.6603477942682148
2013-05-31 08:00:00,-0.21519276857955857
2013-05-31 09:00:00,-0.12168690663909841
2013-05-31 10:00:00,0.0
2013-05-31 11:00:00,0.0
2013-05-31 12:00:00,0.2850589314927563
2013-05-31 13:00:00,0.238306000522529
2013-05-31 14:00:00,0.0
2013-05-31 15:00:00,0.0
2013-05-31 16:00:00,0.0
2013-05-31 17:00:00,0.378564793433222
2013-05-31 18:00:00,0.5421767452831867
2013-05-31 19:00:00,0.0
2013-05-31 20:00:00,0.0
2013-05-31 21:00:00,0.0
2013-05-31 22:00:00,0.15416937001279027
2013-05-31 23:00:00,0.0
2013-06-01 00:00:00,0.0
2013-06-01 01:00:00,-1.350641069181644
2013-06-01 02:00:00,0.0
2013-06-01 03:00:00,-1.434637860416299
2013-06-01 04:00:00,-1.4812975652031406
2013-06-01 05:00:00,-1.453283097094358
2013-06-01 06:00:00,-1.2853827408084384
2013-06-01 07:00:00,-0.41623503306072346
2013-06-01 08:00:00,0.0
2013-06-01 09:00:00,0.0
2013-06-01 10:00:00,0.0
2013-06-01 11:00:00,0.0
2013-06-01 12:00:00,0.0
2013-06-01 13:00:00,0.0
2013-06-01 14:00:00,0.35521163449395515
2013-06-01 15:00:00,0.0
2013-06-01 16:00:00,0.3131200126932307
2013-06-01 17:00:00,0.0
2013-06-01 18:00:00,0.0
2013-06-01 19:00:00,0.0
2013-06-01 20:00:00,0.0
2013-06-01 21:00:00,0.0
2013-06-01 22:00:00,0.0
2013-06-01 23:00:00,0.0
2013-06-02 00:00:00,0.0
2013-06-02 01:00:00,0.0
2013-06-02 02:00:00,0.0
2013-06-02 03:00:00,-1.3739942281209123
2013-06-02 04:00:00,-1.4345912473246034
2013-06-02 05:00:00,-1.3506876822733394
2013-06-02 06:00:00,-1.2060472587433007
2013-06-02 07:00:00,-0.5284327447709531
2013-06-02 08:00:00,0.0
2013-06-02 09:00:00,0.0
2013-06-02 10:00:00,0.0
2013-06-02 11:00:00,0.6356826072236524
2013-06-02 12:00:00,0.5468846675443998
2013-06-02 13:00:00,0.45337880560392924
2013-06-02 14:00:00,0.25699785029228256
2013-06-02 15:00:00,0.3037041681708212
2013-06-02 16:00:00,0.33647317163250245
2013-06-02 17:00:00,0.5748991356531794
2013-06-02 18:00:00,0.5141622771744011
2013-06-02 19:00:00,0.0
2013-06-02 20:00:00,0.0
2013-06-02 21:00:00,0.40662587463369637
2013-06-02 22:00:00,0.0
2013-06-02 23:00:00,-0.271268317888818
2013-06-03 00:00:00,-0.9188173877178026
2013-06-03 01:00:00,-1.210708567912813
2013-06-03 02:00:00,-1.3739942281209117
2013-06-03 03:00:00,-1.4113313145687247
2013-06-03 04:00:00,-1.406623392307515
2013-06-03 05:00:00,-1.3506410691816442
2013-06-03 06:00:00,-1.2666908910386838
2013-06-03 07:00:00,-0.3905046064450039
2013-06-03 08:00:00,-0.2993293990892973
2013-06-03 09:00:00,-0.10765636603885262
2013-06-03 10:00:00,0.214906228491563
2013-06-03 11:00:00,0.3318118624629947
2013-06-03 12:00:00,0.25228992803107503
2013-06-03 13:00:00,0.2617057725534901
2013-06-03 14:00:00,0.11207774821206519
2013-06-03 15:00:00,0.0
2013-06-03 16:00:00,0.0
2013-06-03 17:00:00,0.16349198835181686
2013-06-03 18:00:00,0.37390348426370873
2013-06-03 19:00:00,0.0
2013-06-03 20:00:00,0.46274803703465556
2013-06-03 21:00:00,0.0
2013-06-03 22:00:00,0.3177813218627495
2013-06-03 23:00:00,-0.20116222797931832
2013-06-04 00:00:00,-0.8615298980244667
2013-06-04 01:00:00,-1.2993666683169827
2013-06-04 02:00:00,-1.3647182228735781
2013-06-04 03:00:00,-1.4300231643384786
2013-06-04 04:00:00,0.0
2013-06-04 05:00:00,0.0
2013-06-04 06:00:00,-1.243384345191111
2013-06-04 07:00:00,-0.24325384978003786
2013-06-04 08:00:00,-0.1590706061786043
2013-06-04 09:00:00,-0.0843032070995864
2013-06-04 10:00:00,0.40196456546418247
2013-06-04 11:00:00,0.514208890266096
2013-06-04 12:00:00,0.0
2013-06-04 13:00:00,0.0
2013-06-04 14:00:00,0.0
2013-06-04 15:00:00,0.2476752319532449
2013-06-04 16:00:00,0.2850589314927563
2013-06-04 17:00:00,0.0
2013-06-04 18:00:00,0.0
2013-06-04 19:00:00,0.6030068299453535
2013-06-04 20:00:00,0.0
2013-06-04 21:00:00,0.3458890161549175
2013-06-04 22:00:00,0.3691955620025012
2013-06-04 23:00:00,0.0
2013-06-05 00:00:00,-0.8147303539625387
2013-06-05 01:00:00,-1.2666908910386838
2013-06-05 02:00:00,-1.3180585180867364
2013-06-05 03:00:00,0.0
2013-06-05 04:00:00,-1.406623392307515
2013-06-05 05:00:00,-1.318058518086736
2013-06-05 06:00:00,-1.2386764229299012
2013-06-05 07:00:00,-0.4302655736609686
2013-06-05 08:00:00,0.0
2013-06-05 09:00:00,-0.09828713460813181
2013-06-05 10:00:00,0.0
2013-06-05 11:00:00,0.0
2013-06-05 12:00:00,0.5048396588353745
2013-06-05 13:00:00,0.3785181803415333
2013-06-05 14:00:00,0.0
2013-06-05 15:00:00,0.0
2013-06-05 16:00:00,0.0
2013-06-05 17:00:00,0.3177813218627495
2013-06-05 18:00:00,0.46274803703465556
2013-06-05 19:00:00,0.0
2013-06-05 20:00:00,0.49547042740464814
2013-06-05 21:00:00,0.40196456546418247
2013-06-05 22:00:00,0.3552116344939502
2013-06-05 23:00:00,-0.06556474423813922
2013-06-06 00:00:00,0.0
2013-06-06 01:00:00,-1.26202958186917
2013-06-06 02:00:00,-1.406670005399211
2013-06-06 03:00:00,-1.3973007739684866
2013-06-06 04:00:00,-1.5372332752373166
2013-06-06 05:00:00,-1.266644277946989
2013-06-06 06:00:00,-1.2107085679128122
2013-06-06 07:00:00,-0.721317718205463
2013-06-06 08:00:00,-0.19650091880980503
2013-06-06 09:00:00,0.0
2013-06-06 10:00:00,0.14946144775157721
2013-06-06 11:00:00,0.4440095741732078
2013-06-06 12:00:00,0.46274803703465556
2013-06-06 13:00:00,0.0
2013-06-06 14:00:00,0.2897668537539638
2013-06-06 15:00:00,0.35987294366346906
2013-06-06 16:00:00,0.3318118624629947
2013-06-06 17:00:00,0.0
2013-06-06 18:00:00,0.0
2013-06-06 19:00:00,0.5375154361136735
2013-06-06 20:00:00,0.43468695583417566
2013-06-06 21:00:00,0.14480013858206392
2013-06-06 22:00:00,0.0
2013-06-06 23:00:00,-0.2292233091797927
2013-06-07 00:00:00,0.0
2013-06-07 01:00:00,-1.3879781556294568
2013-06-07 02:00:00,-1.4253152420772692
2013-06-07 03:00:00,-1.4999428018811987
2013-06-07 04:00:00,0.0
2013-06-07 05:00:00,0.0
2013-06-07 06:00:00,-1.2806748185472283
2013-06-07 07:00:00,0.0
2013-06-07 08:00:00,-0.16373191534812312
2013-06-07 09:00:00,0.0
2013-06-07 10:00:00,0.0
2013-06-07 11:00:00,0.2757363131537242
2013-06-07 12:00:00,0.0
2013-06-07 13:00:00,0.0
2013-06-07 14:00:00,0.2663670817230089
2013-06-07 15:00:00,0.0
2013-06-07 16:00:00,0.0
2013-06-07 17:00:00,0.4579935016817538
2013-06-07 18:00:00,0.0
2013-06-07 19:00:00,0.0
2013-06-07 20:00:00,0.20087568789132335
2013-06-07 21:00:00,0.42531772440345483
2013-06-07 22:00:00,0.0
2013-06-07 23:00:00,0.0
2013-06-08 00:00:00,0.0
2013-06-08 01:00:00,-1.2713055871165035
2013-06-08 02:00:00,-1.4113313145687247
2013-06-08 03:00:00,-1.4626523285250819
2013-06-08 04:00:00,-1.453283097094358
2013-06-08 05:00:00,0.0
2013-06-08 06:00:00,0.0
2013-06-08 07:00:00,-0.46769588629216935
2013-06-08 08:00:00,0.07464743558086508
2013-06-08 09:00:00,0.0
2013-06-08 10:00:00,0.3458424030632288
2013-06-08 11:00:00,0.0
2013-06-08 12:00:00,0.0
2013-06-08 13:00:00,0.0
2013-06-08 14:00:00,0.5001317365741614
2013-06-08 15:00:00,0.39725664320297555
2013-06-08 16:00:00,0.0
2013-06-08 17:00:00,0.6030068299453535
2013-06-08 18:00:00,0.6544210700851052
2013-06-08 19:00:00,0.0
2013-06-08 20:00:00,0.5188701994356092
2013-06-08 21:00:00,0.0
2013-06-08 22:00:00,0.23364469135301016
2013-06-08 23:00:00,-0.294668089919784
2013-06-09 00:00:00,0.0
2013-06-09 01:00:00,-1.3553489914428545
2013-06-09 02:00:00,0.0
2013-06-09 03:00:00,-1.4253152420772697
2013-06-09 04:00:00,-1.4206073198160596
2013-06-09 05:00:00,0.0
2013-06-09 06:00:00,-1.2527069635301407
2013-06-09 07:00:00,-0.5705243665716616
2013-06-09 08:00:00,0.0
2013-06-09 09:00:00,0.0
2013-06-09 10:00:00,0.3598729436634635
2013-06-09 11:00:00,0.7666187817953183
2013-06-09 12:00:00,0.0
2013-06-09 13:00:00,0.0
2013-06-09 14:00:00,0.40662587463369576
2013-06-09 15:00:00,0.0
2013-06-09 16:00:00,0.0
2013-06-09 17:00:00,0.5515459767139131
2013-06-09 18:00:00,0.0
2013-06-09 19:00:00,0.0
2013-06-09 20:00:00,0.0
2013-06-09 21:00:00,0.29904285900130173
2013-06-09 22:00:00,0.2523365411227637
2013-06-09 23:00:00,0.0
2013-06-10 00:00:00,0.0
2013-06-10 01:00:00,-1.3739942281209123
2013-06-10 02:00:00,-1.4906201835421704
2013-06-10 03:00:00,-1.5372798883290124
2013-06-10 04:00:00,-1.4672670246029011
2013-06-10 05:00:00,-1.4113313145687254
2013-06-10 06:00:00,-1.3040279774864971
2013-06-10 07:00:00,-0.45366534569193495
2013-06-10 08:00:00,0.0839700539198972
2013-06-10 09:00:00,0.03731034913304729
2013-06-10 10:00:00,0.0
2013-06-10 11:00:00,0.7526348542867728
2013-06-10 12:00:00,0.0
2013-06-10 13:00:00,0.5374688230219793
2013-06-10 14:00:00,0.25704446338396575
2013-06-10 15:00:00,0.0
2013-06-10 16:00:00,0.4533788056039341
2013-06-10 17:00:00,0.6871434604550928
2013-06-10 18:00:00,0.0
2013-06-10 19:00:00,0.5656231304058414
2013-06-10 20:00:00,0.0
2013-06-10 21:00:00,0.355165021402256
2013-06-10 22:00:00,0.2430139227837316
2013-06-10 23:00:00,-0.21048484631835043
2013-06-11 00:00:00,-0.8521606665937456
2013-06-11 01:00:00,0.0
2013-06-11 02:00:00,-1.4066233923075158
2013-06-11 03:00:00,0.0
2013-06-11 04:00:00,-1.4859122612809603
2013-06-11 05:00:00,0.0
2013-06-11 06:00:00,-1.2386764229299012
2013-06-11 07:00:00,-0.3741900243517037
2013-06-11 08:00:00,-0.0001199634981534361
2013-06-11 09:00:00,0.0
2013-06-11 10:00:00,0.0
2013-06-11 11:00:00,0.6777742290243713
2013-06-11 12:00:00,0.4907625051434406
2013-06-11 13:00:00,0.5562538989751151
2013-06-11 14:00:00,0.0
2013-06-11 15:00:00,0.39730325629466917
2013-06-11 16:00:00,0.0
2013-06-11 17:00:00,0.0
2013-06-11 18:00:00,0.5047930457436802
2013-06-11 19:00:00,0.48605458288223863
2013-06-11 20:00:00,0.46274803703465006
2013-06-11 21:00:00,0.43934826500368895
2013-06-11 22:00:00,0.0
2013-06-11 23:00:00,0.0
2013-06-12 00:00:00,-0.842698208979632
2013-06-12 01:00:00,-1.2620295818691694
2013-06-12 02:00:00,-1.378655537290427
2013-06-12 03:00:00,0.0
2013-06-12 04:00:00,0.0
2013-06-12 05:00:00,-1.3506876822733394
2013-06-12 06:00:00,0.0
2013-06-12 07:00:00,0.0
2013-06-12 08:00:00,-0.13105613806981925
2013-06-12 09:00:00,-0.051534203637904494
2013-06-12 10:00:00,0.3598729436634635
2013-06-12 11:00:00,0.383272715694424
2013-06-12 12:00:00,0.4112871838032152
2013-06-12 13:00:00,0.0
2013-06-12 14:00:00,0.5001317365741614
2013-06-12 15:00:00,0.24767523195325045
2013-06-12 16:00:00,0.0
2013-06-12 17:00:00,0.3645342528329879
2013-06-12 18:00:00,0.7291884691641175
2013-06-12 19:00:00,0.0
2013-06-12 20:00:00,0.5562072858834264
2013-06-12 21:00:00,0.5095009680048878
2013-06-12 22:00:00,0.49080911823513484
2013-06-12 23:00:00,-0.042211585298872374
2013-06-13 00:00:00,-0.7305004972694106
2013-06-13 01:00:00,-1.2154164901740225
2013-06-13 02:00:00,-1.3553489914428531
2013-06-13 03:00:00,0.0
2013-06-13 04:00:00,-1.3553023783511584
2013-06-13 05:00:00,0.0
2013-06-13 06:00:00,0.0
2013-06-13 07:00:00,0.0
2013-06-13 08:00:00,0.0
2013-06-13 09:00:00,0.19155306955229615
2013-06-13 10:00:00,0.0
2013-06-13 11:00:00,0.0
2013-06-13 12:00:00,0.0
2013-06-13 13:00:00,0.0
2013-06-13 14:00:00,0.275689700062041
2013-06-13 15:00:00,0.0
2013-06-13 16:00:00,0.26170577255348454
2013-06-13 17:00:00,0.0
2013-06-13 18:00:00,0.6076681391148668
2013-06-13 19:00:00,0.6029602168536647
2013-06-13 20:00:00,0.6169441443622102
2013-06-13 21:00:00,0.0
2013-06-13 22:00:00,0.43930165191200027
2013-06-13 23:00:00,0.0
2013-06-14 00:00:00,0.0
2013-06-14 01:00:00,-1.243337732099416
2013-06-14 02:00:00,-1.3786555372904268
2013-06-14 03:00:00,-1.3833168464599417
2013-06-14 04:00:00,0.0
2013-06-14 05:00:00,0.0
2013-06-14 06:00:00,-1.2153232639906326
2013-06-14 07:00:00,0.0
2013-06-14 08:00:00,0.0
2013-06-14 09:00:00,0.0
2013-06-14 10:00:00,0.4720706553736871
2013-06-14 11:00:00,0.6450518386543733
2013-06-14 12:00:00,0.0
2013-06-14 13:00:00,0.2710283908925167
2013-06-14 14:00:00,0.26632046863130915
2013-06-14 15:00:00,0.2616591594617903
2013-06-14 16:00:00,0.0
2013-06-14 17:00:00,0.4299790335729737
2013-06-14 18:00:00,0.0
2013-06-14 19:00:00,0.7058353102248458
2013-06-14 20:00:00,0.6731595329465468
2013-06-14 21:00:00,0.0
2013-06-14 22:00:00,0.3504570991410485
2013-06-14 23:00:00,-0.14042536950054005
2013-06-15 00:00:00,-0.6453383787423738
2013-06-15 01:00:00,-0.962167562994294
2013-06-15 02:00:00,-1.378655537290427
2013-06-15 03:00:00,-1.397347387060181
2013-06-15 04:00:00,-1.4066700053992103
2013-06-15 05:00:00,-1.3413184508426146
2013-06-15 06:00:00,0.0
2013-06-15 07:00:00,0.0
2013-06-15 08:00:00,0.0
2013-06-15 09:00:00,-0.0001199634981534361
2013-06-15 10:00:00,0.3832261026027353
2013-06-15 11:00:00,0.7806493223955524
2013-06-15 12:00:00,0.6870968473634042
2013-06-15 13:00:00,0.0
2013-06-15 14:00:00,0.0
2013-06-15 15:00:00,0.33181186246298916
2013-06-15 16:00:00,0.0
2013-06-15 17:00:00,0.518823586343915
2013-06-15 18:00:00,0.0
2013-06-15 19:00:00,0.0
2013-06-15 20:00:00,0.598298907684146
2013-06-15 21:00:00,0.47207065537368215
2013-06-15 22:00:00,0.0
2013-06-15 23:00:00,-0.06090343506862593
2013-06-16 00:00:00,-0.7026258684357137
2013-06-16 01:00:00,-1.2060472587432984
2013-06-16 02:00:00,-1.3133039827338313
2013-06-16 03:00:00,-1.434637860416299
2013-06-16 04:00:00,-1.3739476150292167
2013-06-16 05:00:00,0.0
2013-06-16 06:00:00,-1.2060472587432978
2013-06-16 07:00:00,0.0
2013-06-16 08:00:00,-0.09828713460813181
2013-06-16 09:00:00,0.0
2013-06-16 10:00:00,0.0
2013-06-16 11:00:00,0.0
2013-06-16 12:00:00,0.0
2013-06-16 13:00:00,0.5328541269441547
2013-06-16 14:00:00,0.0
2013-06-16 15:00:00,0.2523365411227637
2013-06-16 16:00:00,0.5329007400358489
2013-06-16 17:00:00,0.0
2013-06-16 18:00:00,0.6497597609155863
2013-06-16 19:00:00,0.0
2013-06-16 20:00:00,0.4814398868044085
2013-06-16 21:00:00,0.0
2013-06-16 22:00:00,0.378564793433222
2013-06-16 23:00:00,-0.20582353714883714
2013-06-17 00:00:00,0.0
2013-06-17 01:00:00,0.0
2013-06-17 02:00:00,-1.2666442779469897
2013-06-17 03:00:00,0.0
2013-06-17 04:00:00,-1.4112847014770296
2013-06-17 05:00:00,0.0
2013-06-17 06:00:00,-1.2713522002081996
2013-06-17 07:00:00,-0.3751688992773041
2013-06-17 08:00:00,0.0
2013-06-17 09:00:00,0.2570444633839762
2013-06-17 10:00:00,0.36453425283298235
2013-06-17 11:00:00,0.4907625051434406
2013-06-17 12:00:00,0.0
2013-06-17 13:00:00,0.3598729436634635
2013-06-17 14:00:00,0.28972024066227514
2013-06-17 15:00:00,0.0
2013-06-17 16:00:00,0.24767523195325045
2013-06-17 17:00:00,0.41599510606442275
2013-06-17 18:00:00,0.5281928177746413
2013-06-17 19:00:00,0.0
2013-06-17 20:00:00,0.0
2013-06-17 21:00:00,0.0
2013-06-17 22:00:00,0.271075003984206
2013-06-17 23:00:00,-0.3975431832909705
2013-06-18 00:00:00,0.0
2013-06-18 01:00:00,-1.3506876822733387
2013-06-18 02:00:00,0.0
2013-06-18 03:00:00,-1.434637860416299
2013-06-18 04:00:00,0.0
2013-06-18 05:00:00,-1.313350595825526
2013-06-18 06:00:00,-1.303981364394802
2013-06-18 07:00:00,0.0
2013-06-18 08:00:00,-0.08896451626909968
2013-06-18 09:00:00,0.0
2013-06-18 10:00:00,0.30375078126251476
2013-06-18 11:00:00,0.3598729436634635
2013-06-18 12:00:00,0.0
2013-06-18 13:00:00,0.0
2013-06-18 14:00:00,0.3131200126932362
2013-06-18 15:00:00,0.0
2013-06-18 16:00:00,0.0
2013-06-18 17:00:00,0.3457957899715401
2013-06-18 18:00:00,0.5375620492053622
2013-06-18 19:00:00,0.5421767452831923
2013-06-18 20:00:00,0.3131200126932362
2013-06-18 21:00:00,0.0
2013-06-18 22:00:00,0.0
2013-06-18 23:00:00,-0.12168690663909841
2013-06-19 00:00:00,-0.7165631828525597
2013-06-19 01:00:00,0.0
2013-06-19 02:00:00,-1.2386764229299012
2013-06-19 03:00:00,-1.3086426735643164
2013-06-19 04:00:00,0.0
2013-06-19 05:00:00,-1.1826940998040298
2013-06-19 06:00:00,-1.2247391085130517
2013-06-19 07:00:00,0.0
2013-06-19 08:00:00,-0.0561955128074184
2013-06-19 09:00:00,0.0
2013-06-19 10:00:00,0.0
2013-06-19 11:00:00,0.0
2013-06-19 12:00:00,0.3645808659246766
2013-06-19 13:00:00,0.2710750039842109
2013-06-19 14:00:00,0.0
2013-06-19 15:00:00,0.2944281629234771
2013-06-19 16:00:00,0.0
2013-06-19 17:00:00,0.0
2013-06-19 18:00:00,0.5234848955134282
2013-06-19 19:00:00,0.6122828351926913
2013-06-19 20:00:00,0.5843149801756006
2013-06-19 21:00:00,0.0
2013-06-19 22:00:00,0.36458086592467104
2013-06-19 23:00:00,0.0
2013-06-20 00:00:00,0.0
2013-06-20 01:00:00,-1.1360343950171885
2013-06-20 02:00:00,0.0
2013-06-20 03:00:00,-1.3879781556294568
2013-06-20 04:00:00,0.0
2013-06-20 05:00:00,0.0
2013-06-20 06:00:00,-1.2899974368862581
2013-06-20 07:00:00,-0.39283526102976296
2013-06-20 08:00:00,0.0
2013-06-20 09:00:00,-0.07959528483837333
2013-06-20 10:00:00,0.23364469135301016
2013-06-20 11:00:00,0.35050371223274823
2013-06-20 12:00:00,0.4065792615420071
2013-06-20 13:00:00,0.21029153241374393
2013-06-20 14:00:00,0.21495284158325723
2013-06-20 15:00:00,0.24296730969204292
2013-06-20 16:00:00,0.3411810938937155
2013-06-20 17:00:00,0.38327271569442956
2013-06-20 18:00:00,0.0
2013-06-20 19:00:00,0.47677857763489523
2013-06-20 20:00:00,0.0
2013-06-20 21:00:00,0.3739034842637032
2013-06-20 22:00:00,0.0
2013-06-20 23:00:00,0.0
2013-06-21 00:00:00,-0.8674497606697535
2013-06-21 01:00:00,-1.2619829687774742
2013-06-21 02:00:00,0.0
2013-06-21 03:00:00,0.0
2013-06-21 04:00:00,0.0
2013-06-21 05:00:00,0.0
2013-06-21 06:00:00,-1.1734180945566943
2013-06-21 07:00:00,-0.4174469734448055
2013-06-21 08:00:00,0.0
2013-06-21 09:00:00,0.16344537526012323
2013-06-21 10:00:00,0.32710394020178163
2013-06-21 11:00:00,0.5609152081446339
2013-06-21 12:00:00,0.5095009680048878
2013-06-21 13:00:00,0.0
2013-06-21 14:00:00,0.0
2013-06-21 15:00:00,0.25238315421445245
2013-06-21 16:00:00,0.3084587035237174
2013-06-21 17:00:00,0.0
2013-06-21 18:00:00,0.6497131478238921
2013-06-21 19:00:00,0.0
2013-06-21 20:00:00,0.6590823792546184
2013-06-21 21:00:00,0.5095009680048878
2013-06-21 22:00:00,0.0
2013-06-21 23:00:00,0.0
2013-06-22 00:00:00,0.0
2013-06-22 01:00:00,-1.2153698770823276
2013-06-22 02:00:00,0.0
2013-06-22 03:00:00,-1.4112847014770302
2013-06-22 04:00:00,0.0
2013-06-22 05:00:00,0.0
2013-06-22 06:00:00,0.0
2013-06-22 07:00:00,-0.3180678619507445
2013-06-22 08:00:00,-0.1169789843778909
2013-06-22 09:00:00,0.0
2013-06-22 10:00:00,0.8928470341057765
2013-06-22 11:00:00,1.0796256925282257
2013-06-22 12:00:00,0.0
2013-06-22 13:00:00,0.5842683670839063
2013-06-22 14:00:00,0.5749457487448743
2013-06-22 15:00:00,0.542223358374881
2013-06-22 16:00:00,0.6216986797151064
2013-06-22 17:00:00,0.0
2013-06-22 18:00:00,0.7432656228560515
2013-06-22 19:00:00,0.0
2013-06-22 20:00:00,0.6310212980541385
2013-06-22 21:00:00,0.0
2013-06-22 22:00:00,0.5281928177746413
2013-06-22 23:00:00,0.0
2013-06-23 00:00:00,-0.48759967644599916
2013-06-23 01:00:00,-1.1081131530917971
2013-06-23 02:00:00,-1.2060472587432984
2013-06-23 03:00:00,-1.2527069635301407
2013-06-23 04:00:00,-1.2153698770823276
2013-06-23 05:00:00,-1.159387553956456
2013-06-23 06:00:00,0.0
2013-06-23 07:00:00,-0.154409297009091
2013-06-23 08:00:00,0.2430139227837365
2013-06-23 09:00:00,0.16815329752133015
2013-06-23 10:00:00,0.0
2013-06-23 11:00:00,0.7759414001343504
2013-06-23 12:00:00,0.0
2013-06-23 13:00:00,0.5609152081446339
2013-06-23 14:00:00,0.0
2013-06-23 15:00:00,0.0
2013-06-23 16:00:00,0.7291884691641175
2013-06-23 17:00:00,0.0
2013-06-23 18:00:00,0.7993877852570057
2013-06-23 19:00:00,0.8647859529052973
2013-06-23 20:00:00,0.7432190097643516
2013-06-23 21:00:00,0.5188235863439206
2013-06-23 22:00:00,0.0
2013-06-23 23:00:00,0.0
2013-06-24 00:00:00,-0.6231039340037916
2013-06-24 01:00:00,0.0
2013-06-24 02:00:00,0.0
2013-06-24 03:00:00,0.0
2013-06-24 04:00:00,-1.2806748185472283
2013-06-24 05:00:00,-1.220031186251842
2013-06-24 06:00:00,-1.1500649356174282
2013-06-24 07:00:00,0.0
2013-06-24 08:00:00,0.19621437872181005
2013-06-24 09:00:00,0.2149528415832517
2013-06-24 10:00:00,0.4112871838032152
2013-06-24 11:00:00,0.0
2013-06-24 12:00:00,0.3365197847241973
2013-06-24 13:00:00,0.2663670817230034
2013-06-24 14:00:00,0.4907158920517519
2013-06-24 15:00:00,0.0
2013-06-24 16:00:00,0.0
2013-06-24 17:00:00,0.8367248717048174
2013-06-24 18:00:00,0.6263599888846253
2013-06-24 19:00:00,0.6871900735467864
2013-06-24 20:00:00,0.6216986797151064
2013-06-24 21:00:00,0.3644876397412881
2013-06-24 22:00:00,0.3037507812625099
2013-06-24 23:00:00,-0.15436268391739125
2013-06-25 00:00:00,-0.9185377091676327
2013-06-25 01:00:00,-1.038100289365684
2013-06-25 02:00:00,-1.3133505958255267
2013-06-25 03:00:00,0.0
2013-06-25 04:00:00,-1.3739476150292171
2013-06-25 05:00:00,-1.2573216596079597
2013-06-25 06:00:00,0.0
2013-06-25 07:00:00,-0.11231767520837206
2013-06-25 08:00:00,0.19159968264398547
2013-06-25 09:00:00,0.0
2013-06-25 10:00:00,0.0
2013-06-25 11:00:00,0.0
2013-06-25 12:00:00,0.5048396588353745
2013-06-25 13:00:00,0.4720706553736877
2013-06-25 14:00:00,0.5749457487448791
2013-06-25 15:00:00,0.7011740010553325
2013-06-25 16:00:00,0.0
2013-06-25 17:00:00,0.0
2013-06-25 18:00:00,0.0
2013-06-25 19:00:00,0.0
2013-06-25 20:00:00,0.9582918148457623
2013-06-25 21:00:00,0.0
2013-06-25 22:00:00,0.6497131478238921
2013-06-25 23:00:00,-0.014103891006698847
2013-06-26 00:00:00,0.0
2013-06-26 01:00:00,0.0
2013-06-26 02:00:00,-1.1687567853871799
2013-06-26 03:00:00,0.0
2013-06-26 04:00:00,-1.1967246404042688
2013-06-26 05:00:00,-1.1267583897698528
2013-06-26 06:00:00,-1.0800986849830092
2013-06-26 07:00:00,-0.2338846183493115
2013-06-26 08:00:00,0.2430139227837316
2013-06-26 09:00:00,0.0
2013-06-26 10:00:00,0.6029602168536647
2013-06-26 11:00:00,0.8320169494436154
2013-06-26 12:00:00,0.7198658508250909
2013-06-26 13:00:00,0.0
2013-06-26 14:00:00,0.0
2013-06-26 15:00:00,1.0658282173864677
2013-06-26 16:00:00,1.0892279894174288
2013-06-26 17:00:00,1.2294867823281266
2013-06-26 18:00:00,1.5424936930610396
2013-06-26 19:00:00,0.0
2013-06-26 20:00:00,0.0
2013-06-26 21:00:00,0.0
2013-06-26 22:00:00,0.8040024813348297
2013-06-26 23:00:00,0.0
2013-06-27 00:00:00,-0.4876462895376986
2013-06-27 01:00:00,0.0
2013-06-27 02:00:00,-1.0381002893656859
2013-06-27 03:00:00,-1.117435771430825
2013-06-27 04:00:00,0.0
2013-06-27 05:00:00,-1.0707294535522867
2013-06-27 06:00:00,-0.9900888049196831
2013-06-27 07:00:00,0.0
2013-06-27 08:00:00,0.401964565464188
2013-06-27 09:00:00,0.2757363131537297
2013-06-27 10:00:00,0.7152045416555721
2013-06-27 11:00:00,0.8694938751665048
2013-06-27 12:00:00,0.0
2013-06-27 13:00:00,0.6497597609155863
2013-06-27 14:00:00,0.7245737730862929
2013-06-27 15:00:00,0.6824821512855789
2013-06-27 16:00:00,0.7338963914253306
2013-06-27 17:00:00,0.7572961634562861
2013-06-27 18:00:00,0.7432656228560515
2013-06-27 19:00:00,0.0
2013-06-27 20:00:00,0.9396465781677036
2013-06-27 21:00:00,0.6777742290243713
2013-06-27 22:00:00,0.0
2013-06-27 23:00:00,0.0
2013-06-28 00:00:00,0.0
2013-06-28 01:00:00,-1.0054245120873868
2013-06-28 02:00:00,0.0
2013-06-28 03:00:00,-1.2573216596079595
2013-06-28 04:00:00,-1.2246924954213574
2013-06-28 05:00:00,-1.1780327906345132
2013-06-28 06:00:00,-1.0974387550936047
2013-06-28 07:00:00,-0.14508667867005334
2013-06-28 08:00:00,0.2710283908925222
2013-06-28 09:00:00,0.3411344808020213
2013-06-28 10:00:00,0.49542381431295945
2013-06-28 11:00:00,0.0
2013-06-28 12:00:00,0.846140716227238
2013-06-28 13:00:00,0.0
2013-06-28 14:00:00,0.6778208421160656
2013-06-28 15:00:00,0.0
2013-06-28 16:00:00,0.9582918148457679
2013-06-28 17:00:00,0.0
2013-06-28 18:00:00,0.0
2013-06-28 19:00:00,1.383822728930764
2013-06-28 20:00:00,1.1687033107576597
2013-06-28 21:00:00,0.8601246437357839
2013-06-28 22:00:00,0.7058353102248514
2013-06-28 23:00:00,0.06066350807231905
2013-06-29 00:00:00,-0.5062449131240582
2013-06-29 01:00:00,0.0
2013-06-29 02:00:00,0.0
2013-06-29 03:00:00,-1.1826940998040298
2013-06-29 04:00:00,-1.2013393364820881
2013-06-29 05:00:00,-1.108113153091794
2013-06-29 06:00:00,0.0
2013-06-29 07:00:00,-0.042211585298867454
2013-06-29 08:00:00,0.13543090715133757
2013-06-29 09:00:00,0.3832261026027353
2013-06-29 10:00:00,0.0
2013-06-29 11:00:00,0.0
2013-06-29 12:00:00,1.1967177788664343
2013-06-29 13:00:00,1.2948849499764181
2013-06-29 14:00:00,1.6037899086401537
2013-06-29 15:00:00,0.0
2013-06-29 16:00:00,2.034634715178399
2013-06-29 17:00:00,2.137836100191461
2013-06-29 18:00:00,2.1003591744685557
2013-06-29 19:00:00,0.0
2013-06-29 20:00:00,0.0
2013-06-29 21:00:00,1.5938147070173918
2013-06-29 22:00:00,1.2622091726981193
2013-06-29 23:00:00,0.0
2013-06-30 00:00:00,-0.30058795256507914
2013-06-30 01:00:00,-1.047422907704712
2013-06-30 02:00:00,-0.985474108841864
2013-06-30 03:00:00,0.0
2013-06-30 04:00:00,-1.038146902457378
2013-06-30 05:00:00,0.0
2013-06-30 06:00:00,-0.9340598687021185
2013-06-30 07:00:00,0.05595558581111153
2013-06-30 08:00:00,0.7291884691641175
2013-06-30 09:00:00,0.8087104035960379
2013-06-30 10:00:00,0.0
2013-06-30 11:00:00,0.0
2013-06-30 12:00:00,1.9031857965980805
2013-06-30 13:00:00,1.767122181939948
2013-06-30 14:00:00,0.0
2013-06-30 15:00:00,2.128513481852429
2013-06-30 16:00:00,2.2036071725733066
2013-06-30 17:00:00,2.4053952465216013
2013-06-30 18:00:00,2.4945660909344127
2013-06-30 19:00:00,2.264577096510555
2013-06-30 20:00:00,2.105020483638069
2013-06-30 21:00:00,1.6873671820495573
2013-06-30 22:00:00,1.3649444267942181
2013-06-30 23:00:00,0.0
2013-07-01 00:00:00,-0.48764628953769307
2013-07-01 01:00:00,0.0
2013-07-01 02:00:00,0.0
2013-07-01 03:00:00,0.0
2013-07-01 04:00:00,-1.1780794037262101
2013-07-01 05:00:00,0.0
2013-07-01 06:00:00,0.0
2013-07-01 07:00:00,-0.11702559746957406
2013-07-01 08:00:00,0.0
2013-07-01 09:00:00,0.21495284158324618
2013-07-01 10:00:00,0.5936375985146272
2013-07-01 11:00:00,0.6777742290243659
2013-07-01 12:00:00,0.0
2013-07-01 13:00:00,0.0
2013-07-01 14:00:00,0.8087104035960379
2013-07-01 15:00:00,0.0
2013-07-01 16:00:00,1.2060870102971606
2013-07-01 17:00:00,1.1873951605274078
2013-07-01 18:00:00,1.351053725469077
2013-07-01 19:00:00,0.0
2013-07-01 20:00:00,1.0658282173864677
2013-07-01 21:00:00,0.8601246437357833
2013-07-01 22:00:00,0.808663790504343
2013-07-01 23:00:00,0.0
2013-07-02 00:00:00,0.0
2013-07-02 01:00:00,-0.9108465490379302
2013-07-02 02:00:00,-1.173418094556695
2013-07-02 03:00:00,0.0
2013-07-02 04:00:00,-1.210708567912813
2013-07-02 05:00:00,0.0
2013-07-02 06:00:00,-1.0241163618571465
2013-07-02 07:00:00,0.0
2013-07-02 08:00:00,0.0
2013-07-02 09:00:00,0.0
2013-07-02 10:00:00,0.42997903357296263
2013-07-02 11:00:00,0.0
2013-07-02 12:00:00,0.49080911823513484
2013-07-02 13:00:00,0.5141156640827124
2013-07-02 14:00:00,0.4861011959739273
2013-07-02 15:00:00,0.49547042740464814
2013-07-02 16:00:00,0.64039052948486
2013-07-02 17:00:00,0.0
2013-07-02 18:00:00,1.0985506077564553
2013-07-02 19:00:00,0.0
2013-07-02 20:00:00,0.0
2013-07-02 21:00:00,0.6450518386543788
2013-07-02 22:00:00,0.4861011959739218
2013-07-02 23:00:00,0.0
2013-07-03 00:00:00,-0.5530910702776792
2013-07-03 01:00:00,-0.9588114203922395
2013-07-03 02:00:00,-1.0940826124915553
2013-07-03 03:00:00,0.0
2013-07-03 04:00:00,0.0
2013-07-03 05:00:00,-1.0754373758134956
2013-07-03 06:00:00,-1.070729453552286
2013-07-03 07:00:00,0.0
2013-07-03 08:00:00,0.0
2013-07-03 09:00:00,0.0
2013-07-03 10:00:00,0.0
2013-07-03 11:00:00,0.0
2013-07-03 12:00:00,0.7338963914253201
2013-07-03 13:00:00,0.8226943311045832
2013-07-03 14:00:00,1.215456241727887
2013-07-03 15:00:00,0.0
2013-07-03 16:00:00,1.1219503797874213
2013-07-03 17:00:00,0.0
2013-07-03 18:00:00,0.0
2013-07-03 19:00:00,1.4303425944425152
2013-07-03 20:00:00,0.0
2013-07-03 21:00:00,1.1453501518183935
2013-07-03 22:00:00,0.934938655906496
2013-07-03 23:00:00,0.11678567047327272
2013-07-04 00:00:00,-0.5296912982467185
2013-07-04 01:00:00,-0.9774566570702985
2013-07-04 02:00:00,0.0
2013-07-04 03:00:00,0.0
2013-07-04 04:00:00,-1.159387553956456
2013-07-04 05:00:00,-0.9527983315635642
2013-07-04 06:00:00,-0.8875400031903633
2013-07-04 07:00:00,0.0
2013-07-04 08:00:00,0.0
2013-07-04 09:00:00,0.0
2013-07-04 10:00:00,0.0
2013-07-04 11:00:00,0.0
2013-07-04 12:00:00,0.9115854969672244
2013-07-04 13:00:00,0.9863995091379365
2013-07-04 14:00:00,0.0
2013-07-04 15:00:00,1.8093536430157553
2013-07-04 16:00:00,1.9079403319509933
2013-07-04 17:00:00,0.0
2013-07-04 18:00:00,0.0
2013-07-04 19:00:00,0.0
2013-07-04 20:00:00,2.405395246521595
2013-07-04 21:00:00,1.9971111763638096
2013-07-04 22:00:00,1.6873671820495573
2013-07-04 23:00:00,0.336473171632508
2013-07-05 00:00:00,0.0
2013-07-05 01:00:00,-0.8582669816058016
2013-07-05 02:00:00,-0.9588114203922395
2013-07-05 03:00:00,0.0
2013-07-05 04:00:00,0.0
2013-07-05 05:00:00,-0.9061852398684168
2013-07-05 06:00:00,-0.8208832820662955
2013-07-05 07:00:00,0.0
2013-07-05 08:00:00,0.4159484929727334
2013-07-05 09:00:00,0.0
2013-07-05 10:00:00,0.0
2013-07-05 11:00:00,0.9863528960462478
2013-07-05 12:00:00,0.0
2013-07-05 13:00:00,1.3835896634722775
2013-07-05 14:00:00,0.0
2013-07-05 15:00:00,0.0
2013-07-05 16:00:00,0.0
2013-07-05 17:00:00,2.4992740131956244
2013-07-05 18:00:00,0.0
2013-07-05 19:00:00,2.5649518593940877
2013-07-05 20:00:00,2.461657248197637
2013-07-05 21:00:00,0.0
2013-07-05 22:00:00,0.0
2013-07-05 23:00:00,0.6030068299453479
2013-07-06 00:00:00,0.0
2013-07-06 01:00:00,0.0
2013-07-06 02:00:00,0.0
2013-07-06 03:00:00,-1.1174357714308234
2013-07-06 04:00:00,0.0
2013-07-06 05:00:00,-0.9108931621296256
2013-07-06 06:00:00,-0.8314644538810931
2013-07-06 07:00:00,0.12610828881230546
2013-07-06 08:00:00,0.41599510606442275
2013-07-06 09:00:00,0.8133250996738624
2013-07-06 10:00:00,0.0
2013-07-06 11:00:00,2.1519598669750843
2013-07-06 12:00:00,2.522673785226587
2013-07-06 13:00:00,2.602475398208677
2013-07-06 14:00:00,2.2833155593720087
2013-07-06 15:00:00,0.0
2013-07-06 16:00:00,2.0679630757404333
2013-07-06 17:00:00,0.0
2013-07-06 18:00:00,0.0
2013-07-06 19:00:00,2.6024753982086817
2013-07-06 20:00:00,1.804645720754542
2013-07-06 21:00:00,0.0
2013-07-06 22:00:00,0.0
2013-07-06 23:00:00,0.44871749643441594
2013-07-07 00:00:00,-0.30869863052002366
2013-07-07 01:00:00,0.0
2013-07-07 02:00:00,-0.9261822562056351
2013-07-07 03:00:00,-0.944827492883694
2013-07-07 04:00:00,-0.8395285187443601
2013-07-07 05:00:00,0.0
2013-07-07 06:00:00,0.0
2013-07-07 07:00:00,0.09338589844231225
2013-07-07 08:00:00,0.4113337968949039
2013-07-07 09:00:00,0.0
2013-07-07 10:00:00,0.0
2013-07-07 11:00:00,2.489858168673211
2013-07-07 12:00:00,0.0
2013-07-07 13:00:00,2.4194724002135346
2013-07-07 14:00:00,2.231761479957174
2013-07-07 15:00:00,2.4288416316442607
2013-07-07 16:00:00,2.4382108630749872
2013-07-07 17:00:00,2.3255470204478166
2013-07-07 18:00:00,2.536797552010215
2013-07-07 19:00:00,2.5274283205794985
2013-07-07 20:00:00,2.3725330168765253
2013-07-07 21:00:00,1.9830340226718703
2013-07-07 22:00:00,1.8469237949220436
2013-07-07 23:00:00,0.8647859529052917
2013-07-08 00:00:00,-0.360159483751464
2013-07-08 01:00:00,0.0
2013-07-08 02:00:00,-0.9015239306989036
2013-07-08 03:00:00,-1.0334389801961699
2013-07-08 04:00:00,-1.0054245120873875
2013-07-08 05:00:00,-0.8828320809291451
2013-07-08 06:00:00,-0.7600998104958282
2013-07-08 07:00:00,0.0
2013-07-08 08:00:00,0.018571886271600117
2013-07-08 09:00:00,0.0
2013-07-08 10:00:00,0.9255694244757697
2013-07-08 11:00:00,0.0
2013-07-08 12:00:00,1.2764261656651419
2013-07-08 13:00:00,2.1566211761445975
2013-07-08 14:00:00,2.2082218686511257
2013-07-08 15:00:00,2.1894834057896837
2013-07-08 16:00:00,0.0
2013-07-08 17:00:00,2.278700863294184
2013-07-08 18:00:00,0.0
2013-07-08 19:00:00,0.0
2013-07-08 20:00:00,2.198899250312093
2013-07-08 21:00:00,0.0
2013-07-08 22:00:00,1.4349572905203343
2013-07-08 23:00:00,0.9442612742455282
2013-07-09 00:00:00,-0.28996016765857646
2013-07-09 01:00:00,-0.898121175005161
2013-07-09 02:00:00,-0.9681340387312664
2013-07-09 03:00:00,-1.1500649356174262
2013-07-09 04:00:00,0.0
2013-07-09 05:00:00,-1.0941292255832495
2013-07-09 06:00:00,-0.9994580363504101
2013-07-09 07:00:00,0.0
2013-07-09 08:00:00,0.14950806084327145
2013-07-09 09:00:00,0.345889016154923
2013-07-09 10:00:00,0.0
2013-07-09 11:00:00,0.0
2013-07-09 12:00:00,1.5890601716644899
2013-07-09 13:00:00,0.0
2013-07-09 14:00:00,0.0
2013-07-09 15:00:00,2.0956512522073476
2013-07-09 16:00:00,2.1848220966201595
2013-07-09 17:00:00,2.1801607874506463
2013-07-09 18:00:00,0.0
2013-07-09 19:00:00,0.0
2013-07-09 20:00:00,0.0
2013-07-09 21:00:00,1.1406422295571803
2013-07-09 22:00:00,0.9582918148457623
2013-07-09 23:00:00,0.04663296747207941
2013-07-10 00:00:00,0.0
2013-07-10 01:00:00,-1.0661147574744687
2013-07-10 02:00:00,0.0
2013-07-10 03:00:00,0.0
2013-07-10 04:00:00,-1.1780794037262101
2013-07-10 05:00:00,-1.1687101722954858
2013-07-10 06:00:00,-1.1081131530917936
2013-07-10 07:00:00,0.0
2013-07-10 08:00:00,0.0
2013-07-10 09:00:00,0.27568970006203547
2013-07-10 10:00:00,0.6871434604550928
2013-07-10 11:00:00,0.0
2013-07-10 12:00:00,0.9021696524448031
2013-07-10 13:00:00,0.8180330219350644
2013-07-10 14:00:00,0.7853106315650719
2013-07-10 15:00:00,1.0425216715388956
2013-07-10 16:00:00,0.0
2013-07-10 17:00:00,0.9349386559064905
2013-07-10 18:00:00,0.0
2013-07-10 19:00:00,1.1219037666957277
2013-07-10 20:00:00,0.0
2013-07-10 21:00:00,0.6169907574538989
2013-07-10 22:00:00,0.6637436884241373
2013-07-10 23:00:00,0.1261549019039997
2013-07-11 00:00:00,-0.4724038085533821
2013-07-11 01:00:00,-0.9260890300222482
2013-07-11 02:00:00,-1.0147471304264137
2013-07-11 03:00:00,-1.1967246404042688
2013-07-11 04:00:00,0.0
2013-07-11 05:00:00,-1.1454036264479144
2013-07-11 06:00:00,0.0
2013-07-11 07:00:00,-0.014150504098382017
2013-07-11 08:00:00,0.0
2013-07-11 09:00:00,0.16819991061301887
2013-07-11 10:00:00,0.5328541269441602
2013-07-11 11:00:00,0.7806027093038637
2013-07-11 12:00:00,0.8460941031355437
2013-07-11 13:00:00,0.7151579285638778
2013-07-11 14:00:00,0.7478803189338711
2013-07-11 15:00:00,0.7712800909648315
2013-07-11 16:00:00,1.1172890706179135
2013-07-11 17:00:00,1.1921030827886256
2013-07-11 18:00:00,1.706758228194734
2013-07-11 19:00:00,0.0
2013-07-11 20:00:00,1.8610009486139725
2013-07-11 21:00:00,0.9957221274769685
2013-07-11 22:00:00,0.6964660787941305
2013-07-11 23:00:00,0.09338589844231779
2013-07-12 00:00:00,-0.4629879640309618
2013-07-12 01:00:00,-0.9214743339444276
2013-07-12 02:00:00,-1.0241163618571358
2013-07-12 03:00:00,-1.1827407128957246
2013-07-12 04:00:00,-1.1734180945566954
2013-07-12 05:00:00,-1.1547262447869409
2013-07-12 06:00:00,-0.924737250363084
2013-07-12 07:00:00,0.0
2013-07-12 08:00:00,0.0
2013-07-12 09:00:00,0.23364469135301016
2013-07-12 10:00:00,0.4159484929727285
2013-07-12 11:00:00,0.0
2013-07-12 12:00:00,0.7525882411950786
2013-07-12 13:00:00,0.0
2013-07-12 14:00:00,0.0
2013-07-12 15:00:00,0.0
2013-07-12 16:00:00,0.0
2013-07-12 17:00:00,0.0
2013-07-12 18:00:00,0.0
2013-07-12 19:00:00,0.85546333456627
2013-07-12 20:00:00,0.780649322395558
2013-07-12 21:00:00,0.0
2013-07-12 22:00:00,0.6684982237770335
2013-07-12 23:00:00,0.10275512987303308
2013-07-13 00:00:00,-0.4549238991677002
2013-07-13 01:00:00,0.0
2013-07-13 02:00:00,0.0
2013-07-13 03:00:00,-1.1920633312347546
2013-07-13 04:00:00,-1.1640954762176656
2013-07-13 05:00:00,-1.1500649356174268
2013-07-13 06:00:00,-0.8920614730847869
2013-07-13 07:00:00,-0.3694821020904906
2013-07-13 08:00:00,0.0
2013-07-13 09:00:00,0.23830600052252407
2013-07-13 10:00:00,0.6450518386543788
2013-07-13 11:00:00,0.0
2013-07-13 12:00:00,0.0
2013-07-13 13:00:00,1.4349572905203343
2013-07-13 14:00:00,0.0
2013-07-13 15:00:00,0.0
2013-07-13 16:00:00,1.5982429507284344
2013-07-13 17:00:00,1.5422140145108687
2013-07-13 18:00:00,1.6685821060964152
2013-07-13 19:00:00,1.5891533978478785
2013-07-13 20:00:00,0.0
2013-07-13 21:00:00,0.8087104035960379
2013-07-13 22:00:00,0.6778208421160656
2013-07-13 23:00:00,0.0
2013-07-14 00:00:00,0.0
2013-07-14 01:00:00,-0.9867326623176355
2013-07-14 02:00:00,-1.0800986849830116
2013-07-14 03:00:00,-1.1407423172783973
2013-07-14 04:00:00,-1.1361276212005782
2013-07-14 05:00:00,-1.089421303322043
2013-07-14 06:00:00,-1.0240697487654449
2013-07-14 07:00:00,-0.14037875640885136
2013-07-14 08:00:00,0.0
2013-07-14 09:00:00,0.0
2013-07-14 10:00:00,0.0
2013-07-14 11:00:00,0.9863528960462422
2013-07-14 12:00:00,0.0
2013-07-14 13:00:00,1.019121899507929
2013-07-14 14:00:00,0.0
2013-07-14 15:00:00,1.0378137492776827
2013-07-14 16:00:00,0.0
2013-07-14 17:00:00,1.0985506077564553
2013-07-14 18:00:00,0.0
2013-07-14 19:00:00,1.3416844940383452
2013-07-14 20:00:00,0.6918513827163053
2013-07-14 21:00:00,0.43939487809538874
2013-07-14 22:00:00,0.8788164935055425
2013-07-14 23:00:00,0.0
2013-07-15 00:00:00,0.0
2013-07-15 01:00:00,-0.9074904064358874
2013-07-15 02:00:00,0.0
2013-07-15 03:00:00,-1.18740202206524
2013-07-15 04:00:00,0.0
2013-07-15 05:00:00,-1.0800986849830116
2013-07-15 06:00:00,-0.9121983286970894
2013-07-15 07:00:00,-0.03755027612935355
2013-07-15 08:00:00,0.0
2013-07-15 09:00:00,0.0
2013-07-15 10:00:00,0.3271039402017872
2013-07-15 11:00:00,0.6637903015158204
2013-07-15 12:00:00,0.6871434604550978
2013-07-15 13:00:00,0.4721172684653764
2013-07-15 14:00:00,0.43934826500368956
2013-07-15 15:00:00,0.4814398868044085
2013-07-15 16:00:00,0.6544210700850996
2013-07-15 17:00:00,0.9770302777072101
2013-07-15 18:00:00,1.3274675010713286
2013-07-15 19:00:00,1.4955543097240243
2013-07-15 20:00:00,1.2107483194666795
2013-07-15 21:00:00,0.0
2013-07-15 22:00:00,0.0
2013-07-15 23:00:00,0.0
2013-07-16 00:00:00,-0.4816798138007148
2013-07-16 01:00:00,0.0
2013-07-16 02:00:00,-1.1407423172783973
2013-07-16 03:00:00,0.0
2013-07-16 04:00:00,-1.0147937435181102
2013-07-16 05:00:00,-0.952798331563567
2013-07-16 06:00:00,0.0
2013-07-16 07:00:00,0.0
2013-07-16 08:00:00,0.24296730969204292
2013-07-16 09:00:00,0.219614150752765
2013-07-16 10:00:00,0.44871749643441594
2013-07-16 11:00:00,0.9022162655365035
2013-07-16 12:00:00,1.028397904755262
2013-07-16 13:00:00,1.1639953884964467
2013-07-16 14:00:00,1.2433774836532843
2013-07-16 15:00:00,0.0
2013-07-16 16:00:00,1.5468287105886878
2013-07-16 17:00:00,1.546968549863776
2013-07-16 18:00:00,1.7392475531062561
2013-07-16 19:00:00,0.0
2013-07-16 20:00:00,0.0
2013-07-16 21:00:00,1.2152697893611046
2013-07-16 22:00:00,0.0
2013-07-16 23:00:00,-0.16843983760933065
2013-07-17 00:00:00,-0.905998787501635
2013-07-17 01:00:00,0.0
2013-07-17 02:00:00,0.0
2013-07-17 03:00:00,0.0
2013-07-17 04:00:00,-1.0848066072442204
2013-07-17 05:00:00,-1.0474695207964082
2013-07-17 06:00:00,0.0
2013-07-17 07:00:00,0.0
2013-07-17 08:00:00,0.29438154983178844
2013-07-17 09:00:00,0.0
2013-07-17 10:00:00,0.6964660787941299
2013-07-17 11:00:00,1.1826872382661995
2013-07-17 12:00:00,0.0
2013-07-17 13:00:00,1.3510537254690715
2013-07-17 14:00:00,1.5380654493499968
2013-07-17 15:00:00,1.5841191839448008
2013-07-17 16:00:00,1.7764914133706848
2013-07-17 17:00:00,0.0
2013-07-17 18:00:00,1.875078102305912
2013-07-17 19:00:00,0.0
2013-07-17 20:00:00,1.9501251799351007
2013-07-17 21:00:00,1.481477156032091
2013-07-17 22:00:00,1.341731107130045
2013-07-17 23:00:00,0.0
2013-07-18 00:00:00,0.0
2013-07-18 01:00:00,-1.033438980196173
2013-07-18 02:00:00,-1.1687567853871803
2013-07-18 03:00:00,0.0
2013-07-18 04:00:00,-1.1267117766781582
2013-07-18 05:00:00,-1.0461177411372489
2013-07-18 06:00:00,0.0
2013-07-18 07:00:00,-0.13571744723933252
2013-07-18 08:00:00,0.1400922163208564
2013-07-18 09:00:00,0.3037507812625099
2013-07-18 10:00:00,0.0
2013-07-18 11:00:00,1.3276539534381055
2013-07-18 12:00:00,0.0
2013-07-18 13:00:00,0.0
2013-07-18 14:00:00,1.4957407620908012
2013-07-18 15:00:00,1.6216427227594004
2013-07-18 16:00:00,1.5703217088030372
2013-07-18 17:00:00,0.0
2013-07-18 18:00:00,1.8140615652769683
2013-07-18 19:00:00,0.0
2013-07-18 20:00:00,1.6031373253564238
2013-07-18 21:00:00,1.4394787604147703
2013-07-18 22:00:00,1.2247788600669192
2013-07-18 23:00:00,0.056002198902805764
2013-07-19 00:00:00,0.0
2013-07-19 01:00:00,-1.084759994152524
2013-07-19 02:00:00,-1.080052071891316
2013-07-19 03:00:00,0.0
2013-07-19 04:00:00,-1.1687567853871803
2013-07-19 05:00:00,-1.1454036264479117
2013-07-19 06:00:00,-1.0894679164137364
2013-07-19 07:00:00,-0.25728439038027195
2013-07-19 08:00:00,0.0
2013-07-19 09:00:00,0.256997850292277
2013-07-19 10:00:00,0.0
2013-07-19 11:00:00,0.8413861808743306
2013-07-19 12:00:00,0.9068775747060162
2013-07-19 13:00:00,0.0
2013-07-19 14:00:00,0.0
2013-07-19 15:00:00,0.0
2013-07-19 16:00:00,0.9443078873372225
2013-07-19 17:00:00,1.3414980416715683
2013-07-19 18:00:00,0.0
2013-07-19 19:00:00,0.0
2013-07-19 20:00:00,1.5049701542464455
2013-07-19 21:00:00,0.0
2013-07-19 22:00:00,0.9629531240152811
2013-07-19 23:00:00,0.0
2013-07-20 00:00:00,0.0
2013-07-20 01:00:00,0.0
2013-07-20 02:00:00,0.0
2013-07-20 03:00:00,-1.1780794037262108
2013-07-20 04:00:00,0.0
2013-07-20 05:00:00,-1.1780327906345152
2013-07-20 06:00:00,0.0
2013-07-20 07:00:00,-0.1510531544070372
2013-07-20 08:00:00,0.26636708172299783
2013-07-20 09:00:00,0.18689176038277794
2013-07-20 10:00:00,0.48614780906561605
2013-07-20 11:00:00,0.8554633345662762
2013-07-20 12:00:00,0.9816915868767283
2013-07-20 13:00:00,0.0
2013-07-20 14:00:00,0.8881857249362632
2013-07-20 15:00:00,1.3975735909808278
2013-07-20 16:00:00,1.309008716760052
2013-07-20 17:00:00,0.0
2013-07-20 18:00:00,1.4673533892484623
2013-07-20 19:00:00,1.5749830179725506
2013-07-20 20:00:00,1.374220432041556
2013-07-20 21:00:00,0.0
2013-07-20 22:00:00,0.0
2013-07-20 23:00:00,0.041925045210871884
2013-07-21 00:00:00,-0.5062449131240634
2013-07-21 01:00:00,-1.1407423172783973
2013-07-21 02:00:00,-1.2293538045908714
2013-07-21 03:00:00,-1.2340151137603868
2013-07-21 04:00:00,-1.2386764229299012
2013-07-21 05:00:00,-1.1453570133562165
2013-07-21 06:00:00,-1.1547262447869429
2013-07-21 07:00:00,0.0
2013-07-21 08:00:00,0.22898338218349196
2013-07-21 09:00:00,0.0
2013-07-21 10:00:00,0.6170373705455883
2013-07-21 11:00:00,1.2762397132983594
2013-07-21 12:00:00,1.1826872382662001
2013-07-21 13:00:00,0.9769836646155159
2013-07-21 14:00:00,0.8274022533657908
2013-07-21 15:00:00,0.0
2013-07-21 16:00:00,0.0
2013-07-21 17:00:00,1.0939359116786418
2013-07-21 18:00:00,1.4722943769681465
2013-07-21 19:00:00,1.164042001588141
2013-07-21 20:00:00,0.0
2013-07-21 21:00:00,0.0
2013-07-21 22:00:00,0.0
2013-07-21 23:00:00,0.0
2013-07-22 00:00:00,-0.4816798138007203
2013-07-22 01:00:00,-1.0273326651841075
2013-07-22 02:00:00,-1.266644277946989
2013-07-22 03:00:00,0.0
2013-07-22 04:00:00,-1.2667375041303797
2013-07-22 05:00:00,-1.2433377320994163
2013-07-22 06:00:00,0.0
2013-07-22 07:00:00,-0.19183960964029173
2013-07-22 08:00:00,0.0
2013-07-22 09:00:00,-0.01415050409838755
2013-07-22 10:00:00,0.0
2013-07-22 11:00:00,0.5234848955134338
2013-07-22 12:00:00,0.0
2013-07-22 13:00:00,0.0
2013-07-22 14:00:00,0.7104966193943646
2013-07-22 15:00:00,0.0
2013-07-22 16:00:00,0.0
2013-07-22 17:00:00,0.0
2013-07-22 18:00:00,0.0
2013-07-22 19:00:00,0.0
2013-07-22 20:00:00,0.598298907684146
2013-07-22 21:00:00,0.42997903357296813
2013-07-22 22:00:00,0.5047930457436809
2013-07-22 23:00:00,0.0
2013-07-23 00:00:00,-0.6138745418481517
2013-07-23 01:00:00,0.0
2013-07-23 02:00:00,0.0
2013-07-23 03:00:00,-1.18740202206524
2013-07-23 04:00:00,-1.1593875539564553
2013-07-23 05:00:00,0.0
2013-07-23 06:00:00,-1.0428082116268946
2013-07-23 07:00:00,0.0
2013-07-23 08:00:00,0.0
2013-07-23 09:00:00,0.0
2013-07-23 10:00:00,0.0
2013-07-23 11:00:00,1.0144139772467167
2013-07-23 12:00:00,0.0
2013-07-23 13:00:00,0.0
2013-07-23 14:00:00,0.991014205215761
2013-07-23 15:00:00,0.0
2013-07-23 16:00:00,0.9536305056762491
2013-07-23 17:00:00,0.0
2013-07-23 18:00:00,0.0
2013-07-23 19:00:00,1.135980920387661
2013-07-23 20:00:00,0.9769836646155159
2013-07-23 21:00:00,0.9115388838755301
2013-07-23 22:00:00,0.6824821512855789
2013-07-23 23:00:00,0.032602426871839764
2013-07-24 00:00:00,-0.5904747698171854
2013-07-24 01:00:00,0.0
2013-07-24 02:00:00,-1.1547262447869417
2013-07-24 03:00:00,-1.1734180945566954
2013-07-24 04:00:00,0.0
2013-07-24 05:00:00,0.0
2013-07-24 06:00:00,0.0
2013-07-24 07:00:00,0.10275512987304414
2013-07-24 08:00:00,0.26165915946179585
2013-07-24 09:00:00,0.30841209043202805
2013-07-24 10:00:00,0.5796536710060872
2013-07-24 11:00:00,0.906924187797711
2013-07-24 12:00:00,0.9115854969672299
2013-07-24 13:00:00,0.0
2013-07-24 14:00:00,0.8508020253967568
2013-07-24 15:00:00,0.0
2013-07-24 16:00:00,0.0
2013-07-24 17:00:00,0.897554956366984
2013-07-24 18:00:00,0.0
2013-07-24 19:00:00,0.0
2013-07-24 20:00:00,0.0
2013-07-24 21:00:00,0.0
2013-07-24 22:00:00,0.6450518386543788
2013-07-24 23:00:00,0.0
2013-07-25 00:00:00,-0.5004182766621622
2013-07-25 01:00:00,-1.0194550526876207
2013-07-25 02:00:00,-0.9681340387312735
2013-07-25 03:00:00,-1.0987439216610697
2013-07-25 04:00:00,-1.0707760666439796
2013-07-25 05:00:00,-1.019455052687625
2013-07-25 06:00:00,0.0
2013-07-25 07:00:00,-0.26194569954979635
2013-07-25 08:00:00,0.22427545992228937
2013-07-25 09:00:00,0.17281460669084897
2013-07-25 10:00:00,0.0
2013-07-25 11:00:00,0.5748991356531855
2013-07-25 12:00:00,0.0
2013-07-25 13:00:00,0.0
2013-07-25 14:00:00,0.4814398868044085
2013-07-25 15:00:00,0.574945748744868
2013-07-25 16:00:00,0.6731595329465523
2013-07-25 17:00:00,0.8133717127655455
2013-07-25 18:00:00,0.9115388838755301
2013-07-25 19:00:00,0.0
2013-07-25 20:00:00,0.7385110875031552
2013-07-25 21:00:00,0.593637598514632
2013-07-25 22:00:00,0.0
2013-07-25 23:00:00,-0.1544559101007797
2013-07-26 00:00:00,0.0
2013-07-26 01:00:00,-1.1267117766781582
2013-07-26 02:00:00,-1.2200311862518423
2013-07-26 03:00:00,-1.18740202206524
2013-07-26 04:00:00,0.0
2013-07-26 05:00:00,0.0
2013-07-26 06:00:00,-1.033438980196167
2013-07-26 07:00:00,-0.13571744723933807
2013-07-26 08:00:00,0.10746305213424613
2013-07-26 09:00:00,0.1635386014435111
2013-07-26 10:00:00,0.0
2013-07-26 11:00:00,0.5375620492053622
2013-07-26 12:00:00,0.0
2013-07-26 13:00:00,0.0
2013-07-26 14:00:00,0.0
2013-07-26 15:00:00,0.43930165191200027
2013-07-26 16:00:00,0.528146204682952
2013-07-26 17:00:00,0.0
2013-07-26 18:00:00,0.0
2013-07-26 19:00:00,1.0050447458160008
2013-07-26 20:00:00,0.0
2013-07-26 21:00:00,0.4907625051434406
2013-07-26 22:00:00,0.4580401147734474
2013-07-26 23:00:00,-0.07488736257717134
2013-07-27 00:00:00,-0.6604876335432975
2013-07-27 01:00:00,-1.1174357714308234
2013-07-27 02:00:00,0.0
2013-07-27 03:00:00,0.0
2013-07-27 04:00:00,0.0
2013-07-27 05:00:00,-1.1640488631259707
2013-07-27 06:00:00,0.0
2013-07-27 07:00:00,0.0
2013-07-27 08:00:00,0.0
2013-07-27 09:00:00,0.0
2013-07-27 10:00:00,0.0
2013-07-27 11:00:00,0.972322355446002
2013-07-27 12:00:00,0.0
2013-07-27 13:00:00,0.934938655906496
2013-07-27 14:00:00,0.0
2013-07-27 15:00:00,0.5608685950529507
2013-07-27 16:00:00,0.8227409441962774
2013-07-27 17:00:00,0.0
2013-07-27 18:00:00,0.0
2013-07-27 19:00:00,1.0985506077564657
2013-07-27 20:00:00,0.9068775747060168
2013-07-27 21:00:00,0.0
2013-07-27 22:00:00,0.5609618212363282
2013-07-27 23:00:00,-0.05619551280741287
2013-07-28 00:00:00,0.0
2013-07-28 01:00:00,-1.1081131530917967
2013-07-28 02:00:00,0.0
2013-07-28 03:00:00,-1.159434167048151
2013-07-28 04:00:00,-1.1967246404042688
2013-07-28 05:00:00,0.0
2013-07-28 06:00:00,0.0
2013-07-28 07:00:00,-0.289960167658582
2013-07-28 08:00:00,0.0
2013-07-28 09:00:00,0.18689176038277794
2013-07-28 10:00:00,0.46740934620416885
2013-07-28 11:00:00,1.1406422295571743
2013-07-28 12:00:00,1.0050913589076893
2013-07-28 13:00:00,0.0
2013-07-28 14:00:00,0.0
2013-07-28 15:00:00,0.5796070579143875
2013-07-28 16:00:00,0.7572495503645919
2013-07-28 17:00:00,0.6871434604550928
2013-07-28 18:00:00,0.7759414001343504
2013-07-28 19:00:00,0.5094543549131941
2013-07-28 20:00:00,0.0
2013-07-28 21:00:00,0.5281928177746413
2013-07-28 22:00:00,0.0
2013-07-28 23:00:00,-0.159117219270293
2013-07-29 00:00:00,-0.7259324142832817
2013-07-29 01:00:00,0.0
2013-07-29 02:00:00,0.0
2013-07-29 03:00:00,-1.2853361277167434
2013-07-29 04:00:00,-1.3179652919033458
2013-07-29 05:00:00,-1.234015113760386
2013-07-29 06:00:00,0.0
2013-07-29 07:00:00,-0.09833374769982604
2013-07-29 08:00:00,0.2056302232442251
2013-07-29 09:00:00,0.13072298489013004
2013-07-29 10:00:00,0.47207065537368215
2013-07-29 11:00:00,0.48614780906561605
2013-07-29 12:00:00,0.5562538989751151
2013-07-29 13:00:00,0.3411344808020213
2013-07-29 14:00:00,0.3598263305717748
2013-07-29 15:00:00,0.5515925898056018
2013-07-29 16:00:00,0.0
2013-07-29 17:00:00,0.8321101756269983
2013-07-29 18:00:00,0.8881857249362632
2013-07-29 19:00:00,0.8180330219350589
2013-07-29 20:00:00,0.7245271599945987
2013-07-29 21:00:00,0.0
2013-07-29 22:00:00,0.0
2013-07-29 23:00:00,-0.0748873625771658
2013-07-30 00:00:00,0.0
2013-07-30 01:00:00,-1.1687567853871803
2013-07-30 02:00:00,-1.1874020220652395
2013-07-30 03:00:00,-1.2899974368862581
2013-07-30 04:00:00,-1.26202958186917
2013-07-30 05:00:00,-1.2480922674523203
2013-07-30 06:00:00,-1.1780794037262101
2013-07-30 07:00:00,0.0
2013-07-30 08:00:00,0.3365197847241973
2013-07-30 09:00:00,0.0
2013-07-30 10:00:00,0.0
2013-07-30 11:00:00,0.5188235863439206
2013-07-30 12:00:00,0.0
2013-07-30 13:00:00,0.6497597609155809
2013-07-30 14:00:00,0.7900185538262787
2013-07-30 15:00:00,0.0
2013-07-30 16:00:00,1.093889298586942
2013-07-30 17:00:00,1.1032119169259742
2013-07-30 18:00:00,1.164042001588141
2013-07-30 19:00:00,0.0
2013-07-30 20:00:00,0.0
2013-07-30 21:00:00,0.0
2013-07-30 22:00:00,0.0
2013-07-30 23:00:00,0.01852527317990588
2013-07-31 00:00:00,-0.6091666195869438
2013-07-31 01:00:00,-1.094129225583251
2013-07-31 02:00:00,0.0
2013-07-31 03:00:00,-1.1874020220652395
2013-07-31 04:00:00,0.0
2013-07-31 05:00:00,-1.1406957041867014
2013-07-31 06:00:00,-1.0661147574744692
2013-07-31 07:00:00,-0.3461289431512299
2013-07-31 08:00:00,0.0
2013-07-31 09:00:00,0.21499945467494594
2013-07-31 10:00:00,0.0
2013-07-31 11:00:00,0.7619574726258049
2013-07-31 12:00:00,0.0
2013-07-31 13:00:00,0.0
2013-07-31 14:00:00,0.9302307336452885
2013-07-31 15:00:00,0.906830961614322
2013-07-31 16:00:00,0.8975083432752904
2013-07-31 17:00:00,0.0
2013-07-31 18:00:00,1.0284445178469617
2013-07-31 19:00:00,1.135980920387661
2013-07-31 20:00:00,0.0
2013-07-31 21:00:00,0.7619574726257994
2013-07-31 22:00:00,0.7385577005948384
2013-07-31 23:00:00,0.0
2013-08-01 00:00:00,-0.5577057663554982
2013-08-01 01:00:00,-1.0987439216610697
2013-08-01 02:00:00,-1.1547728578786365
2013-08-01 03:00:00,0.0
2013-08-01 04:00:00,0.0
2013-08-01 05:00:00,0.0
2013-08-01 06:00:00,0.0
2013-08-01 07:00:00,-0.45832665486144303
2013-08-01 08:00:00,0.0
2013-08-01 09:00:00,0.0
2013-08-01 10:00:00,0.0
2013-08-01 11:00:00,0.6964660787941244
2013-08-01 12:00:00,0.6310212980541392
2013-08-01 13:00:00,0.5796070579143875
2013-08-01 14:00:00,0.7525882411950731
2013-08-01 15:00:00,0.7152045416555721
2013-08-01 16:00:00,0.0
2013-08-01 17:00:00,1.117289070617908
2013-08-01 18:00:00,1.2902236408068999
2013-08-01 19:00:00,0.0
2013-08-01 20:00:00,0.9629531240152818
2013-08-01 21:00:00,0.0
2013-08-01 22:00:00,0.0
2013-08-01 23:00:00,0.0
2013-08-02 00:00:00,0.0
2013-08-02 01:00:00,-1.0894679164137338
2013-08-02 02:00:00,-0.9914405845788414
2013-08-02 03:00:00,-1.131373085847675
2013-08-02 04:00:00,-1.0894213033220386
2013-08-02 05:00:00,-1.0228111952896757
2013-08-02 06:00:00,-0.94813702239405
2013-08-02 07:00:00,0.009249267932572917
2013-08-02 08:00:00,0.3692421750941899
2013-08-02 09:00:00,0.0
2013-08-02 10:00:00,0.6169907574539044
2013-08-02 11:00:00,0.0
2013-08-02 12:00:00,0.916246806136737
2013-08-02 13:00:00,0.8274022533657908
2013-08-02 14:00:00,0.9957221274769685
2013-08-02 15:00:00,0.804049094426519
2013-08-02 16:00:00,0.6310679111458278
2013-08-02 17:00:00,1.0190752864162294
2013-08-02 18:00:00,1.009706054985514
2013-08-02 19:00:00,0.0
2013-08-02 20:00:00,0.8554167214745764
2013-08-02 21:00:00,0.5983455207758347
2013-08-02 22:00:00,0.4206098021422473
2013-08-02 23:00:00,-0.04682628137669204
2013-08-03 00:00:00,0.0
2013-08-03 01:00:00,-1.1360810081088824
2013-08-03 02:00:00,-1.1453570133562174
2013-08-03 03:00:00,-1.1826474867123342
2013-08-03 04:00:00,0.0
2013-08-03 05:00:00,-1.1313730858476763
2013-08-03 06:00:00,0.0
2013-08-03 07:00:00,-7.335040645920066e-05
2013-08-03 08:00:00,0.0
2013-08-03 09:00:00,0.22893676909180263
2013-08-03 10:00:00,0.6590823792546184
2013-08-03 11:00:00,0.0
2013-08-03 12:00:00,0.0
2013-08-03 13:00:00,1.0705361396476751
2013-08-03 14:00:00,0.9395533519843096
2013-08-03 15:00:00,0.8414327939660254
2013-08-03 16:00:00,0.6824821512855795
2013-08-03 17:00:00,1.0237832086774485
2013-08-03 18:00:00,1.7161274596254605
2013-08-03 19:00:00,1.8046457207545477
2013-08-03 20:00:00,0.0
2013-08-03 21:00:00,0.0
2013-08-03 22:00:00,0.7011740010553325
2013-08-03 23:00:00,0.0
2013-08-04 00:00:00,0.0
2013-08-04 01:00:00,-1.1034052308305846
2013-08-04 02:00:00,-1.1220970806003394
2013-08-04 03:00:00,0.0
2013-08-04 04:00:00,-1.1780794037262101
2013-08-04 05:00:00,-1.1360810081088824
2013-08-04 06:00:00,0.0
2013-08-04 07:00:00,0.0
2013-08-04 08:00:00,0.08406328010328014
2013-08-04 09:00:00,0.22432207301397805
2013-08-04 10:00:00,0.6918047696246061
2013-08-04 11:00:00,0.0
2013-08-04 12:00:00,0.0
2013-08-04 13:00:00,0.0
2013-08-04 14:00:00,1.0471363676167147
2013-08-04 15:00:00,0.9583384279374572
2013-08-04 16:00:00,0.0
2013-08-04 17:00:00,0.0
2013-08-04 18:00:00,1.2107949325583738
2013-08-04 19:00:00,1.0845200671562205
2013-08-04 20:00:00,0.0
2013-08-04 21:00:00,0.0
2013-08-04 22:00:00,0.6263599888846149
2013-08-04 23:00:00,0.0
2013-08-05 00:00:00,0.0
2013-08-05 01:00:00,0.0
2013-08-05 02:00:00,-1.1454036264479124
2013-08-05 03:00:00,0.0
2013-08-05 04:00:00,-1.234015113760386
2013-08-05 05:00:00,-1.1687101722954853
2013-08-05 06:00:00,0.0
2013-08-05 07:00:00,-0.32272917112026883
2013-08-05 08:00:00,0.0
2013-08-05 09:00:00,-0.009489194928874256
2013-08-05 10:00:00,0.0
2013-08-05 11:00:00,0.0
2013-08-05 12:00:00,0.874155184336018
2013-08-05 13:00:00,0.7713267040565258
2013-08-05 14:00:00,0.0
2013-08-05 15:00:00,0.8413861808743361
2013-08-05 16:00:00,0.9255694244757697
2013-08-05 17:00:00,1.23414809149764
2013-08-05 18:00:00,0.0
2013-08-05 19:00:00,0.0
2013-08-05 20:00:00,0.0
2013-08-05 21:00:00,0.7525882411950842
2013-08-05 22:00:00,0.7947264760874918
2013-08-05 23:00:00,0.0
2013-08-06 00:00:00,-0.7446242640530365
2013-08-06 01:00:00,0.0
2013-08-06 02:00:00,-1.1454036264479117
2013-08-06 03:00:00,-1.1314663120310633
2013-08-06 04:00:00,-1.1593875539564562
2013-08-06 05:00:00,-1.1173891583391278
2013-08-06 06:00:00,-1.0987439216610704
2013-08-06 07:00:00,0.0
2013-08-06 08:00:00,0.21961415075277052
2013-08-06 09:00:00,0.21966076384446476
2013-08-06 10:00:00,0.37390348426370873
2013-08-06 11:00:00,0.8087104035960323
2013-08-06 12:00:00,0.0
2013-08-06 13:00:00,0.0
2013-08-06 14:00:00,0.7525882411950786
2013-08-06 15:00:00,0.7479269320255647
2013-08-06 16:00:00,0.0
2013-08-06 17:00:00,1.3043007944988387
2013-08-06 18:00:00,0.0
2013-08-06 19:00:00,0.0
2013-08-06 20:00:00,0.0
2013-08-06 21:00:00,0.49542381431295945
2013-08-06 22:00:00,0.5188701994356086
2013-08-06 23:00:00,-0.12164029354740419
2013-08-07 00:00:00,0.0
2013-08-07 01:00:00,-1.1687101722954853
2013-08-07 02:00:00,-1.1827407128957246
2013-08-07 03:00:00,0.0
2013-08-07 04:00:00,0.0
2013-08-07 05:00:00,-1.173371481465
2013-08-07 06:00:00,0.0
2013-08-07 07:00:00,-0.09362582543861851
2013-08-07 08:00:00,0.2850589314927569
2013-08-07 09:00:00,0.434640342742487
2013-08-07 10:00:00,0.0
2013-08-07 11:00:00,0.0
2013-08-07 12:00:00,0.8180330219350644
2013-08-07 13:00:00,0.0
2013-08-07 14:00:00,0.0
2013-08-07 15:00:00,0.35050371223274207
2013-08-07 16:00:00,0.0
2013-08-07 17:00:00,0.0
2013-08-07 18:00:00,0.9349386559064905
2013-08-07 19:00:00,0.0
2013-08-07 20:00:00,0.9489691965067357
2013-08-07 21:00:00,0.7198658508250854
2013-08-07 22:00:00,0.0
2013-08-07 23:00:00,-0.2806375493195444
2013-08-08 00:00:00,-0.7633161138227907
2013-08-08 01:00:00,-1.1174357714308234
2013-08-08 02:00:00,0.0
2013-08-08 03:00:00,-1.3179652919033458
2013-08-08 04:00:00,-1.2759668962860187
2013-08-08 05:00:00,-1.2433843451911106
2013-08-08 06:00:00,-1.0414564319677313
2013-08-08 07:00:00,0.0
2013-08-08 08:00:00,0.21961415075277607
2013-08-08 09:00:00,0.33647317163250245
2013-08-08 10:00:00,0.3131200126932362
2013-08-08 11:00:00,0.0
2013-08-08 12:00:00,0.7993411721653114
2013-08-08 13:00:00,0.8040024813348248
2013-08-08 14:00:00,0.813371712765556
2013-08-08 15:00:00,0.8274022533657908
2013-08-08 16:00:00,0.0
2013-08-08 17:00:00,1.2201175508974058
2013-08-08 18:00:00,1.2762397132983594
2013-08-08 19:00:00,1.4349572905203343
2013-08-08 20:00:00,1.3744068844083386
2013-08-08 21:00:00,0.9770302777072101
2013-08-08 22:00:00,0.5562072858834264
2013-08-08 23:00:00,-0.08896451626909968
2013-08-09 00:00:00,-0.6792727094964435
2013-08-09 01:00:00,-1.1314196989393699
2013-08-09 02:00:00,-1.1500183225257314
2013-08-09 03:00:00,0.0
2013-08-09 04:00:00,0.0
2013-08-09 05:00:00,-1.159434167048151
2013-08-09 06:00:00,-1.0040727324282268
2013-08-09 07:00:00,-0.5998440012479065
2013-08-09 08:00:00,0.21956753766107628
2013-08-09 09:00:00,0.0
2013-08-09 10:00:00,0.7993411721653114
2013-08-09 11:00:00,1.5661265305504823
2013-08-09 12:00:00,0.0
2013-08-09 13:00:00,0.0
2013-08-09 14:00:00,1.1780725421883804
2013-08-09 15:00:00,1.3367435063186555
2013-08-09 16:00:00,0.0
2013-08-09 17:00:00,0.0
2013-08-09 18:00:00,2.1003125613768616
2013-08-09 19:00:00,0.0
2013-08-09 20:00:00,0.0
2013-08-09 21:00:00,1.6920284912190704
2013-08-09 22:00:00,1.3790681935778517
2013-08-09 23:00:00,0.0
2013-08-10 00:00:00,0.0
2013-08-10 01:00:00,-0.934153094885507
2013-08-10 02:00:00,0.0
2013-08-10 03:00:00,0.0
2013-08-10 04:00:00,0.0
2013-08-10 05:00:00,0.0
2013-08-10 06:00:00,-0.9060454005933326
2013-08-10 07:00:00,0.0
2013-08-10 08:00:00,0.2897202406622702
2013-08-10 09:00:00,0.8180330219350644
2013-08-10 10:00:00,1.3135767997461663
2013-08-10 11:00:00,0.0
2013-08-10 12:00:00,0.0
2013-08-10 13:00:00,1.6829855514302088
2013-08-10 14:00:00,1.9830340226718703
2013-08-10 15:00:00,0.0
2013-08-10 16:00:00,2.625968396423036
2013-08-10 17:00:00,0.0
2013-08-10 18:00:00,1.617727223057011
2013-08-10 19:00:00,1.5749830179725561
2013-08-10 20:00:00,1.1825940120828111
2013-08-10 21:00:00,1.7161740727171546
2013-08-10 22:00:00,1.6783242422606954
2013-08-10 23:00:00,0.0
2013-08-11 00:00:00,-0.31806786195075
2013-08-11 01:00:00,-0.9387677909633297
2013-08-11 02:00:00,-0.8581271423307245
2013-08-11 03:00:00,0.0
2013-08-11 04:00:00,0.0
2013-08-11 05:00:00,-0.8968160084376905
2013-08-11 06:00:00,-0.8147303539625338
2013-08-11 07:00:00,0.0
2013-08-11 08:00:00,0.570237826483666
2013-08-11 09:00:00,0.0
2013-08-11 10:00:00,1.3228994180852038
2013-08-11 11:00:00,1.987695331841389
2013-08-11 12:00:00,0.0
2013-08-11 13:00:00,2.2692850187717686
2013-08-11 14:00:00,0.0
2013-08-11 15:00:00,0.0
2013-08-11 16:00:00,2.471119705811752
2013-08-11 17:00:00,2.4899047817648996
2013-08-11 18:00:00,2.7808170870343156
2013-08-11 19:00:00,2.715139240835849
2013-08-11 20:00:00,0.0
2013-08-11 21:00:00,0.0
2013-08-11 22:00:00,0.0
2013-08-11 23:00:00,0.4159484929727285
2013-08-12 00:00:00,-0.5296912982467129
2013-08-12 01:00:00,-0.9855207219335577
2013-08-12 02:00:00,0.0
2013-08-12 03:00:00,-1.1314196989393688
2013-08-12 04:00:00,-1.052130829965927
2013-08-12 05:00:00,-1.038146902457375
2013-08-12 06:00:00,0.0
2013-08-12 07:00:00,0.0
2013-08-12 08:00:00,0.2430139227837365
2013-08-12 09:00:00,0.0
2013-08-12 10:00:00,0.5982989076841515
2013-08-12 11:00:00,1.0939359116786418
2013-08-12 12:00:00,0.0
2013-08-12 13:00:00,0.0
2013-08-12 14:00:00,0.0
2013-08-12 15:00:00,1.15467277015742
2013-08-12 16:00:00,0.0
2013-08-12 17:00:00,1.2434707098366726
2013-08-12 18:00:00,1.547155002230553
2013-08-12 19:00:00,0.0
2013-08-12 20:00:00,1.5002622319852323
2013-08-12 21:00:00,0.0
2013-08-12 22:00:00,1.168703310757654
2013-08-12 23:00:00,0.23830600052252407
2013-08-13 00:00:00,-0.47235719546168264
2013-08-13 01:00:00,-0.9947035009975019
2013-08-13 02:00:00,-0.9154146320240553
2013-08-13 03:00:00,-1.0521308299659233
2013-08-13 04:00:00,0.0
2013-08-13 05:00:00,-0.9621209499025911
2013-08-13 06:00:00,0.0
2013-08-13 07:00:00,0.037310349133052825
2013-08-13 08:00:00,0.0
2013-08-13 09:00:00,0.5562072858834264
2013-08-13 10:00:00,0.668404997593645
2013-08-13 11:00:00,0.0
2013-08-13 12:00:00,0.0
2013-08-13 13:00:00,0.0
2013-08-13 14:00:00,1.4024679656088177
2013-08-13 15:00:00,0.0
2013-08-13 16:00:00,0.0
2013-08-13 17:00:00,2.442965398427884
2013-08-13 18:00:00,0.0
2013-08-13 19:00:00,0.0
2013-08-13 20:00:00,1.5191405341217679
2013-08-13 21:00:00,1.08918137632574
2013-08-13 22:00:00,0.0
2013-08-13 23:00:00,0.22898338218349687
2013-08-14 00:00:00,0.0
2013-08-14 01:00:00,-0.9154146320240617
2013-08-14 02:00:00,-0.914156078548286
2013-08-14 03:00:00,0.0
2013-08-14 04:00:00,0.0
2013-08-14 05:00:00,-0.9808127996723501
2013-08-14 06:00:00,0.0
2013-08-14 07:00:00,0.06532481724183296
2013-08-14 08:00:00,0.49542381431295945
2013-08-14 09:00:00,0.5000851234824727
2013-08-14 10:00:00,0.7479269320255647
2013-08-14 11:00:00,1.093889298586953
2013-08-14 12:00:00,0.0
2013-08-14 13:00:00,0.0
2013-08-14 14:00:00,2.1425906355443574
2013-08-14 15:00:00,1.6169814135898817
2013-08-14 16:00:00,0.0
2013-08-14 17:00:00,0.8085705643209495
2013-08-14 18:00:00,1.4490810573039623
2013-08-14 19:00:00,0.0
2013-08-14 20:00:00,1.5235687778328044
2013-08-14 21:00:00,0.0
2013-08-14 22:00:00,1.140688842648874
2013-08-14 23:00:00,0.2617057725534895
2013-08-15 00:00:00,-0.641889009956937
2013-08-15 01:00:00,0.0
2013-08-15 02:00:00,-0.949488802053213
2013-08-15 03:00:00,-1.0334389801961692
2013-08-15 04:00:00,-1.0241163618571385
2013-08-15 05:00:00,0.0
2013-08-15 06:00:00,0.0
2013-08-15 07:00:00,0.0
2013-08-15 08:00:00,0.0
2013-08-15 09:00:00,0.0
2013-08-15 10:00:00,0.0
2013-08-15 11:00:00,1.2575478635286066
2013-08-15 12:00:00,1.0658748304781673
2013-08-15 13:00:00,0.0
2013-08-15 14:00:00,1.2481320190061804
2013-08-15 15:00:00,1.3277005665298054
2013-08-15 16:00:00,0.0
2013-08-15 17:00:00,1.3229926442685924
2013-08-15 18:00:00,1.4162654407505813
2013-08-15 19:00:00,1.2014257011276475
2013-08-15 20:00:00,0.0
2013-08-15 21:00:00,0.0
2013-08-15 22:00:00,0.8788164935055369
2013-08-15 23:00:00,0.0
2013-08-16 00:00:00,-0.7726853452535118
2013-08-16 01:00:00,0.0
2013-08-16 02:00:00,-1.0614068352132549
2013-08-16 03:00:00,0.0
2013-08-16 04:00:00,-1.159387553956456
2013-08-16 05:00:00,-1.0848066072442188
2013-08-16 06:00:00,0.0
2013-08-16 07:00:00,0.0
2013-08-16 08:00:00,0.20092230098301758
2013-08-16 09:00:00,0.01857188627160565
2013-08-16 10:00:00,0.19621437872181005
2013-08-16 11:00:00,0.0
2013-08-16 12:00:00,0.0
2013-08-16 13:00:00,0.0
2013-08-16 14:00:00,0.0
2013-08-16 15:00:00,0.0
2013-08-16 16:00:00,0.981691586876729
2013-08-16 17:00:00,0.0
2013-08-16 18:00:00,1.2853758792706098
2013-08-16 19:00:00,1.2715317910371464
2013-08-16 20:00:00,0.5655765173141528
2013-08-16 21:00:00,0.897554956366984
2013-08-16 22:00:00,0.8928470341057765
2013-08-16 23:00:00,0.07003273950304602
2013-08-17 00:00:00,-0.7447174902364349
2013-08-17 01:00:00,-1.0894213033220395
2013-08-17 02:00:00,-1.052084216874226
2013-08-17 03:00:00,-1.140695704186702
2013-08-17 04:00:00,-1.1921099443264487
2013-08-17 05:00:00,-1.0848066072442224
2013-08-17 06:00:00,-1.0427615985352026
2013-08-17 07:00:00,0.0
2013-08-17 08:00:00,0.0
2013-08-17 09:00:00,0.3037973943542041
2013-08-17 10:00:00,0.0
2013-08-17 11:00:00,1.332222036424236
2013-08-17 12:00:00,1.2154096286361873
2013-08-17 13:00:00,1.1546727701574144
2013-08-17 14:00:00,0.8788631065972311
2013-08-17 15:00:00,1.1780259290966808
2013-08-17 16:00:00,1.3695125097803484
2013-08-17 17:00:00,1.3323618756993187
2013-08-17 18:00:00,0.0
2013-08-17 19:00:00,1.3648045875191355
2013-08-17 20:00:00,1.26220917269812
2013-08-17 21:00:00,1.215456241727887
2013-08-17 22:00:00,0.0
2013-08-17 23:00:00,0.1260616757206106
2013-08-18 00:00:00,0.0
2013-08-18 01:00:00,0.0
2013-08-18 02:00:00,-1.0567921391354391
2013-08-18 03:00:00,0.0
2013-08-18 04:00:00,0.0
2013-08-18 05:00:00,0.0
2013-08-18 06:00:00,0.0
2013-08-18 07:00:00,-0.47235719546168264
2013-08-18 08:00:00,0.29908947209299597
2013-08-18 09:00:00,0.36924217509418433
2013-08-18 10:00:00,0.32244263103226833
2013-08-18 11:00:00,0.0
2013-08-18 12:00:00,0.0
2013-08-18 13:00:00,0.92095472839795
2013-08-18 14:00:00,1.0284445178469563
2013-08-18 15:00:00,0.0
2013-08-18 16:00:00,0.0
2013-08-18 17:00:00,0.0
2013-08-18 18:00:00,0.0
2013-08-18 19:00:00,1.4442332957676671
2013-08-18 20:00:00,1.0611669082169544
2013-08-18 21:00:00,0.0
2013-08-18 22:00:00,0.0
2013-08-18 23:00:00,0.19155306955229123
2013-08-19 00:00:00,-0.7306403365444915
2013-08-19 01:00:00,-1.094082612491556
2013-08-19 02:00:00,-1.080098684983013
2013-08-19 03:00:00,-1.1220970806003385
2013-08-19 04:00:00,-1.1360343950171876
2013-08-19 05:00:00,0.0
2013-08-19 06:00:00,-1.052084216874227
2013-08-19 07:00:00,-0.20577692405714842
2013-08-19 08:00:00,0.0
2013-08-19 09:00:00,0.30845870352371185
2013-08-19 10:00:00,0.5749457487448743
2013-08-19 11:00:00,1.0424750584472013
2013-08-19 12:00:00,0.9956755143852688
2013-08-19 13:00:00,1.0003834366464763
2013-08-19 14:00:00,1.0751974488171891
2013-08-19 15:00:00,1.294931563068113
2013-08-19 16:00:00,1.5984760161869105
2013-08-19 17:00:00,0.0
2013-08-19 18:00:00,1.7389678745560853
2013-08-19 19:00:00,0.0
2013-08-19 20:00:00,1.397573590980823
2013-08-19 21:00:00,1.2201175508974003
2013-08-19 22:00:00,0.9489691965067357
2013-08-19 23:00:00,0.0
2013-08-20 00:00:00,0.0
2013-08-20 01:00:00,-1.0987439216610693
2013-08-20 02:00:00,-1.1080665400000986
2013-08-20 03:00:00,-1.0893746902303478
2013-08-20 04:00:00,-1.0940359993998623
2013-08-20 05:00:00,-0.9621675629942905
2013-08-20 06:00:00,-0.990182031103075
2013-08-20 07:00:00,0.24296730969204292
2013-08-20 08:00:00,0.0
2013-08-20 09:00:00,0.0
2013-08-20 10:00:00,0.0
2013-08-20 11:00:00,1.0611669082169544
2013-08-20 12:00:00,1.1359343072959722
2013-08-20 13:00:00,1.3325483280660957
2013-08-20 14:00:00,0.0
2013-08-20 15:00:00,0.0
2013-08-20 16:00:00,0.0
2013-08-20 17:00:00,2.4757810149812713
2013-08-20 18:00:00,2.6822770111907728
2013-08-20 19:00:00,0.0
2013-08-20 20:00:00,0.0
2013-08-20 21:00:00,1.0798587579867074
2013-08-20 22:00:00,0.0
2013-08-20 23:00:00,0.0
2013-08-21 00:00:00,0.0
2013-08-21 01:00:00,-1.0240697487654478
2013-08-21 02:00:00,0.0
2013-08-21 03:00:00,-1.159434167048151
2013-08-21 04:00:00,0.0
2013-08-21 05:00:00,-1.1081131530917956
2013-08-21 06:00:00,-1.080052071891317
2013-08-21 07:00:00,0.0
2013-08-21 08:00:00,0.0
2013-08-21 09:00:00,0.0
2013-08-21 10:00:00,0.0
2013-08-21 11:00:00,1.1639953884964411
2013-08-21 12:00:00,1.3040677290403626
2013-08-21 13:00:00,0.0
2013-08-21 14:00:00,1.079858757986713
2013-08-21 15:00:00,1.1499648478962126
2013-08-21 16:00:00,0.0
2013-08-21 17:00:00,0.0
2013-08-21 18:00:00,1.2715317910371464
2013-08-21 19:00:00,1.266870481867633
2013-08-21 20:00:00,0.9068775747060106
2013-08-21 21:00:00,0.85546333456627
2013-08-21 22:00:00,0.5468380544527056
2013-08-21 23:00:00,0.0
2013-08-22 00:00:00,-0.7774398806064222
2013-08-22 01:00:00,0.0
2013-08-22 02:00:00,-1.075483988905191
2013-08-22 03:00:00,0.0
2013-08-22 04:00:00,-1.108066540000097
2013-08-22 05:00:00,0.0
2013-08-22 06:00:00,0.0
2013-08-22 07:00:00,-0.014150504098393081
2013-08-22 08:00:00,0.0
2013-08-22 09:00:00,0.2523365411227637
2013-08-22 10:00:00,0.29908947209300146
2013-08-22 11:00:00,0.0
2013-08-22 12:00:00,0.0
2013-08-22 13:00:00,0.6871434604550978
2013-08-22 14:00:00,0.6403905294848649
2013-08-22 15:00:00,0.6590823792546184
2013-08-22 16:00:00,0.0
2013-08-22 17:00:00,0.0
2013-08-22 18:00:00,1.734306565386572
2013-08-22 19:00:00,1.3744068844083386
2013-08-22 20:00:00,0.9022162655364974
2013-08-22 21:00:00,0.7152045416555721
2013-08-22 22:00:00,0.42527111131176615
2013-08-22 23:00:00,0.0
2013-08-23 00:00:00,-0.8534658331612056
2013-08-23 01:00:00,-1.187402022065239
2013-08-23 02:00:00,-1.1127278491696164
2013-08-23 03:00:00,0.0
2013-08-23 04:00:00,-1.1594341670481516
2013-08-23 05:00:00,0.0
2013-08-23 06:00:00,0.0
2013-08-23 07:00:00,0.0
2013-08-23 08:00:00,0.0
2013-08-23 09:00:00,0.0
2013-08-23 10:00:00,0.2664136948146976
2013-08-23 11:00:00,0.6216986797151064
2013-08-23 12:00:00,0.0
2013-08-23 13:00:00,0.0
2013-08-23 14:00:00,0.9489225834150415
2013-08-23 15:00:00,1.1266583020486345
2013-08-23 16:00:00,0.0
2013-08-23 17:00:00,1.1313196112181476
2013-08-23 18:00:00,0.0
2013-08-23 19:00:00,1.351007112377372
2013-08-23 20:00:00,0.0
2013-08-23 21:00:00,0.0
2013-08-23 22:00:00,0.7665721687036295
2013-08-23 23:00:00,-0.01881181326790084
2013-08-24 00:00:00,-0.796131730376181
2013-08-24 01:00:00,-1.0940826124915575
2013-08-24 02:00:00,-1.0520842168742286
2013-08-24 03:00:00,0.0
2013-08-24 04:00:00,0.0
2013-08-24 05:00:00,-1.1220970806003385
2013-08-24 06:00:00,-1.0987905347527633
2013-08-24 07:00:00,0.0
2013-08-24 08:00:00,0.11207774821207134
2013-08-24 09:00:00,0.12144697964279154
2013-08-24 10:00:00,0.6076215260231781
2013-08-24 11:00:00,0.9536771187679433
2013-08-24 12:00:00,0.0
2013-08-24 13:00:00,1.0471363676167196
2013-08-24 14:00:00,0.8601246437357833
2013-08-24 15:00:00,1.1968110050498333
2013-08-24 16:00:00,1.1639953884964467
2013-08-24 17:00:00,1.308729038209876
2013-08-24 18:00:00,0.0
2013-08-24 19:00:00,1.3416378809466456
2013-08-24 20:00:00,0.0
2013-08-24 21:00:00,1.0518442898779277
2013-08-24 22:00:00,0.4767319645432065
2013-08-24 23:00:00,0.0
2013-08-25 00:00:00,0.0
2013-08-25 01:00:00,0.0
2013-08-25 02:00:00,0.0
2013-08-25 03:00:00,0.0
2013-08-25 04:00:00,-1.1174357714308234
2013-08-25 05:00:00,-1.0567455260437442
2013-08-25 06:00:00,0.0
2013-08-25 07:00:00,0.0
2013-08-25 08:00:00,0.0
2013-08-25 09:00:00,0.32715055329347587
2013-08-25 10:00:00,0.4066258746337013
2013-08-25 11:00:00,0.0
2013-08-25 12:00:00,0.8742017974277179
2013-08-25 13:00:00,0.0
2013-08-25 14:00:00,0.6637436884241373
2013-08-25 15:00:00,0.0
2013-08-25 16:00:00,1.0985506077564553
2013-08-25 17:00:00,1.2715784041288463
2013-08-25 18:00:00,1.3556684215468913
2013-08-25 19:00:00,1.323039257360292
2013-08-25 20:00:00,1.1780259290966864
2013-08-25 21:00:00,0.0
2013-08-25 22:00:00,0.42531772440345483
2013-08-25 23:00:00,-0.26199231264148504
2013-08-26 00:00:00,0.0
2013-08-26 01:00:00,-1.1313730858476727
2013-08-26 02:00:00,0.0
2013-08-26 03:00:00,-1.2853827408084382
2013-08-26 04:00:00,-1.2666908910386838
2013-08-26 05:00:00,-1.0707760666439823
2013-08-26 06:00:00,-1.0940826124915553
2013-08-26 07:00:00,-0.07959528483837887
2013-08-26 08:00:00,0.0
2013-08-26 09:00:00,0.0
2013-08-26 10:00:00,0.0
2013-08-26 11:00:00,0.0
2013-08-26 12:00:00,0.7993411721653164
2013-08-26 13:00:00,0.0
2013-08-26 14:00:00,0.0
2013-08-26 15:00:00,1.0798587579867074
2013-08-26 16:00:00,1.1079198391871872
2013-08-26 17:00:00,1.2294867823281321
2013-08-26 18:00:00,0.0
2013-08-26 19:00:00,0.0
2013-08-26 20:00:00,0.0
2013-08-26 21:00:00,0.0
2013-08-26 22:00:00,0.7199124639167797
2013-08-26 23:00:00,0.0
2013-08-27 00:00:00,-0.6746114003269247
2013-08-27 01:00:00,-0.9060454005933342
2013-08-27 02:00:00,-0.8675895999448393
2013-08-27 03:00:00,-0.9667822590721087
2013-08-27 04:00:00,0.0
2013-08-27 05:00:00,-1.0334389801961679
2013-08-27 06:00:00,-0.9248770896381753
2013-08-27 07:00:00,0.0
2013-08-27 08:00:00,0.21961415075277052
2013-08-27 09:00:00,0.45804011477344253
2013-08-27 10:00:00,0.5141622771744072
2013-08-27 11:00:00,0.8508020253967519
2013-08-27 12:00:00,0.916200193045049
2013-08-27 13:00:00,0.794679862995792
2013-08-27 14:00:00,0.7666187817953127
2013-08-27 15:00:00,0.911538883875535
2013-08-27 16:00:00,1.0518442898779223
2013-08-27 17:00:00,1.2945120452428593
2013-08-27 18:00:00,0.0
2013-08-27 19:00:00,1.1593806924186276
2013-08-27 20:00:00,0.0
2013-08-27 21:00:00,0.9956755143852632
2013-08-27 22:00:00,0.4814398868044085
2013-08-27 23:00:00,-0.09362582543861298
2013-08-28 00:00:00,0.0
2013-08-28 01:00:00,0.0
2013-08-28 02:00:00,-1.0987905347527644
2013-08-28 03:00:00,-1.1593875539564524
2013-08-28 04:00:00,0.0
2013-08-28 05:00:00,-1.038100289365686
2013-08-28 06:00:00,0.0
2013-08-28 07:00:00,0.06532481724183296
2013-08-28 08:00:00,0.0
2013-08-28 09:00:00,0.0
2013-08-28 10:00:00,0.0
2013-08-28 11:00:00,0.0
2013-08-28 12:00:00,0.8274022533657963
2013-08-28 13:00:00,0.0
2013-08-28 14:00:00,0.9162468061367376
2013-08-28 15:00:00,0.0
2013-08-28 16:00:00,0.0
2013-08-28 17:00:00,0.0
2013-08-28 18:00:00,0.0
2013-08-28 19:00:00,1.1639953884964467
2013-08-28 20:00:00,0.0
2013-08-28 21:00:00,0.8554167214745709
2013-08-28 22:00:00,0.7151579285638778
2013-08-28 23:00:00,0.009202654840879296
2013-08-29 00:00:00,-0.7821011897759367
2013-08-29 01:00:00,-1.0461177411372469
2013-08-29 02:00:00,-1.0940826124915561
2013-08-29 03:00:00,-1.1454036264479142
2013-08-29 04:00:00,-1.1173891583391278
2013-08-29 05:00:00,-1.0707760666439796
2013-08-29 06:00:00,-1.0088272677811334
2013-08-29 07:00:00,-0.18717830047077844
2013-08-29 08:00:00,0.5468380544527056
2013-08-29 09:00:00,0.15883067918229804
2013-08-29 10:00:00,0.41599510606442275
2013-08-29 11:00:00,0.8835244157667445
2013-08-29 12:00:00,0.8601712568274782
2013-08-29 13:00:00,0.0
2013-08-29 14:00:00,0.6123294482843801
2013-08-29 15:00:00,0.6824821512855734
2013-08-29 16:00:00,0.0
2013-08-29 17:00:00,0.8834778026750557
2013-08-29 18:00:00,0.0
2013-08-29 19:00:00,0.0
2013-08-29 20:00:00,0.0
2013-08-29 21:00:00,0.6778208421160601
2013-08-29 22:00:00,0.0
2013-08-29 23:00:00,-0.18708507428738444
2013-08-30 00:00:00,-0.8381767390851964
2013-08-30 01:00:00,-1.1454502395396071
2013-08-30 02:00:00,-1.1360810081088846
2013-08-30 03:00:00,-1.1547262447869422
2013-08-30 04:00:00,-1.1127278491696146
2013-08-30 05:00:00,0.0
2013-08-30 06:00:00,0.0
2013-08-30 07:00:00,0.0
2013-08-30 08:00:00,0.0
2013-08-30 09:00:00,0.0
2013-08-30 10:00:00,0.4393482650036945
2013-08-30 11:00:00,0.5983455207758402
2013-08-30 12:00:00,0.0
2013-08-30 13:00:00,0.0
2013-08-30 14:00:00,0.7993411721653114
2013-08-30 15:00:00,1.0003834366464819
2013-08-30 16:00:00,1.0471363676167147
2013-08-30 17:00:00,1.3510537254690715
2013-08-30 18:00:00,1.1171026182511254
2013-08-30 19:00:00,1.2762397132983594
2013-08-30 20:00:00,1.1405956164654856
2013-08-30 21:00:00,0.972322355446002
2013-08-30 22:00:00,0.0
2013-08-30 23:00:00,-0.6373209269708122
2013-08-31 00:00:00,0.0
2013-08-31 01:00:00,-0.9714435682416254
2013-08-31 02:00:00,0.0
2013-08-31 03:00:00,-1.1826940998040298
2013-08-31 04:00:00,-1.131419698939368
2013-08-31 05:00:00,-1.1500649356174246
2013-08-31 06:00:00,-0.9961018937483563
2013-08-31 07:00:00,-0.19183960964029173
2013-08-31 08:00:00,0.0
2013-08-31 09:00:00,0.2803976223232375
2013-08-31 10:00:00,0.6030068299453479
2013-08-31 11:00:00,1.481756834582267
2013-08-31 12:00:00,0.9769836646155159
2013-08-31 13:00:00,0.972322355446002
2013-08-31 14:00:00,0.9676144331847896
2013-08-31 15:00:00,1.0003834366464819
2013-08-31 16:00:00,0.0
2013-08-31 17:00:00,0.0
2013-08-31 18:00:00,0.0
2013-08-31 19:00:00,0.0
2013-08-31 20:00:00,1.4350971297954225
2013-08-31 21:00:00,0.0
2013-08-31 22:00:00,0.5141622771744011
2013-08-31 23:00:00,0.0
2013-09-01 00:00:00,-0.9388144040550176
2013-09-01 01:00:00,-1.1454036264479117
2013-09-01 02:00:00,0.0
2013-09-01 03:00:00,0.0
2013-09-01 04:00:00,-1.2340617268520837
2013-09-01 05:00:00,-1.1780327906345158
2013-09-01 06:00:00,0.0
2013-09-01 07:00:00,0.0
2013-09-01 08:00:00,0.3411810938937106
2013-09-01 09:00:00,0.12606167572061122
2013-09-01 10:00:00,0.4533788056039341
2013-09-01 11:00:00,0.7479269320255598
2013-09-01 12:00:00,0.0
2013-09-01 13:00:00,0.0
2013-09-01 14:00:00,0.8507554123050625
2013-09-01 15:00:00,0.0
2013-09-01 16:00:00,0.0
2013-09-01 17:00:00,0.0
2013-09-01 18:00:00,1.5797841664171521
2013-09-01 19:00:00,1.164042001588141
2013-09-01 20:00:00,1.3229460311768926
2013-09-01 21:00:00,1.1219037666957326
2013-09-01 22:00:00,1.0330592139247807
2013-09-01 23:00:00,0.0
2013-09-02 00:00:00,-0.8815269143616837
2013-09-02 01:00:00,-1.1547262447869413
2013-09-02 02:00:00,-1.187355408973545
2013-09-02 03:00:00,-1.206000645651603
2013-09-02 04:00:00,-1.144051846788753
2013-09-02 05:00:00,-1.159387553956458
2013-09-02 06:00:00,-1.0894213033220423
2013-09-02 07:00:00,-0.30399070825881613
2013-09-02 08:00:00,0.0
2013-09-02 09:00:00,0.2476286188615562
2013-09-02 10:00:00,0.0
2013-09-02 11:00:00,0.0
2013-09-02 12:00:00,0.7853572446567709
2013-09-02 13:00:00,0.9255694244757697
2013-09-02 14:00:00,1.051797676786228
2013-09-02 15:00:00,1.2201641639891
2013-09-02 16:00:00,1.23414809149764
2013-09-02 17:00:00,1.033105827016475
2013-09-02 18:00:00,1.0330592139247754
2013-09-02 19:00:00,0.0
2013-09-02 20:00:00,0.0
2013-09-02 21:00:00,0.6216986797151064
2013-09-02 22:00:00,0.42065641523394154
2013-09-02 23:00:00,0.0
2013-09-03 00:00:00,-0.7587480308366745
2013-09-03 01:00:00,-1.0427615985351963
2013-09-03 02:00:00,0.0
2013-09-03 03:00:00,0.0
2013-09-03 04:00:00,0.0
2013-09-03 05:00:00,-1.0054245120873866
2013-09-03 06:00:00,0.0
2013-09-03 07:00:00,-0.2338380052576228
2013-09-03 08:00:00,0.0
2013-09-03 09:00:00,0.0
2013-09-03 10:00:00,0.40196456546418247
2013-09-03 11:00:00,0.7806959354872521
2013-09-03 12:00:00,0.0
2013-09-03 13:00:00,0.0
2013-09-03 14:00:00,0.0
2013-09-03 15:00:00,0.0
2013-09-03 16:00:00,0.0
2013-09-03 17:00:00,1.4586367411014767
2013-09-03 18:00:00,1.9830340226718703
2013-09-03 19:00:00,1.7765380264623742
2013-09-03 20:00:00,0.0
2013-09-03 21:00:00,0.0
2013-09-03 22:00:00,0.850755412305057
2013-09-03 23:00:00,-0.1965009188098001
2013-09-04 00:00:00,-0.830066061130244
2013-09-04 01:00:00,-1.0614068352132617
2013-09-04 02:00:00,0.0
2013-09-04 03:00:00,-1.1733714814650005
2013-09-04 04:00:00,-1.210708567912813
2013-09-04 05:00:00,0.0
2013-09-04 06:00:00,0.0
2013-09-04 07:00:00,-0.16843983760932574
2013-09-04 08:00:00,-0.09833374769982604
2013-09-04 09:00:00,0.07469404867255931
2013-09-04 10:00:00,0.5796070579143875
2013-09-04 11:00:00,0.0
2013-09-04 12:00:00,0.0
2013-09-04 13:00:00,0.0
2013-09-04 14:00:00,0.7899719407345851
2013-09-04 15:00:00,0.0
2013-09-04 16:00:00,0.8461407162272385
2013-09-04 17:00:00,0.0
2013-09-04 18:00:00,1.2388094006671533
2013-09-04 19:00:00,0.0
2013-09-04 20:00:00,0.9770302777072101
2013-09-04 21:00:00,0.0
2013-09-04 22:00:00,0.6310212980541392
2013-09-04 23:00:00,0.0
2013-09-05 00:00:00,0.0
2013-09-05 01:00:00,-1.1547262447869433
2013-09-05 02:00:00,0.0
2013-09-05 03:00:00,-1.2013859495737833
2013-09-05 04:00:00,-1.187355408973545
2013-09-05 05:00:00,-1.0753907627217993
2013-09-05 06:00:00,0.0
2013-09-05 07:00:00,0.0
2013-09-05 08:00:00,0.15887729227399228
2013-09-05 09:00:00,0.0
2013-09-05 10:00:00,0.21029153241374393
2013-09-05 11:00:00,0.0
2013-09-05 12:00:00,0.39725664320297555
2013-09-05 13:00:00,0.5983455207758402
2013-09-05 14:00:00,0.0
2013-09-05 15:00:00,0.4533788056039341
2013-09-05 16:00:00,0.0
2013-09-05 17:00:00,0.0
2013-09-05 18:00:00,0.0
2013-09-05 19:00:00,0.7853106315650767
2013-09-05 20:00:00,0.5936375985146327
2013-09-05 21:00:00,0.0
2013-09-05 22:00:00,0.0
2013-09-05 23:00:00,0.0
2013-09-06 00:00:00,0.0
2013-09-06 01:00:00,0.0
2013-09-06 02:00:00,0.0
2013-09-06 03:00:00,0.0
2013-09-06 04:00:00,0.0
2013-09-06 05:00:00,-1.2387230360215986
2013-09-06 06:00:00,0.0
2013-09-06 07:00:00,-0.40691241472169687
2013-09-06 08:00:00,0.0
2013-09-06 09:00:00,-0.04691950756007437
2013-09-06 10:00:00,0.10270851678134438
2013-09-06 11:00:00,0.5748991356531855
2013-09-06 12:00:00,0.5469312806360885
2013-09-06 13:00:00,0.0
2013-09-06 14:00:00,0.5562538989751207
2013-09-06 15:00:00,0.0
2013-09-06 16:00:00,0.6684516106853393
2013-09-06 17:00:00,0.0
2013-09-06 18:00:00,0.0
2013-09-06 19:00:00,0.0
2013-09-06 20:00:00,0.7900185538262848
2013-09-06 21:00:00,0.48605458288223863
2013-09-06 22:00:00,0.0
2013-09-06 23:00:00,-0.3227291711202633
2013-09-07 00:00:00,0.0
2013-09-07 01:00:00,0.0
2013-09-07 02:00:00,-1.1826940998040303
2013-09-07 03:00:00,-1.3879781556294568
2013-09-07 04:00:00,-1.2434309582828058
2013-09-07 05:00:00,-1.276013509377714
2013-09-07 06:00:00,-1.201432562665478
2013-09-07 07:00:00,-0.26194569954979635
2013-09-07 08:00:00,0.09338589844231225
2013-09-07 09:00:00,0.027941117702332003
2013-09-07 10:00:00,0.0
2013-09-07 11:00:00,0.0
2013-09-07 12:00:00,0.0
2013-09-07 13:00:00,0.0
2013-09-07 14:00:00,0.0
2013-09-07 15:00:00,0.0
2013-09-07 16:00:00,0.6918513827163003
2013-09-07 17:00:00,0.0
2013-09-07 18:00:00,0.0
2013-09-07 19:00:00,0.0
2013-09-07 20:00:00,0.43930165191200027
2013-09-07 21:00:00,0.47677857763489523
2013-09-07 22:00:00,0.2757363131537242
2013-09-07 23:00:00,-0.3227291711202633
2013-09-08 00:00:00,0.0
2013-09-08 01:00:00,-1.2806748185472283
2013-09-08 02:00:00,-1.2900440499779526
2013-09-08 03:00:00,0.0
2013-09-08 04:00:00,0.0
2013-09-08 05:00:00,-1.318011904995041
2013-09-08 06:00:00,0.0
2013-09-08 07:00:00,-0.40691241472169687
2013-09-08 08:00:00,-0.11707221056127383
2013-09-08 09:00:00,0.032602426871839764
2013-09-08 10:00:00,0.29904285900130234
2013-09-08 11:00:00,0.0
2013-09-08 12:00:00,0.5422233583748755
2013-09-08 13:00:00,0.0
2013-09-08 14:00:00,0.42065641523393604
2013-09-08 15:00:00,0.3131200126932307
2013-09-08 16:00:00,0.4860545828822331
2013-09-08 17:00:00,0.0
2013-09-08 18:00:00,0.0
2013-09-08 19:00:00,0.9489691965067308
2013-09-08 20:00:00,0.0
2013-09-08 21:00:00,0.0
2013-09-08 22:00:00,0.22898338218349135
2013-09-08 23:00:00,-0.31806786195075
2013-09-09 00:00:00,0.0
2013-09-09 01:00:00,-1.2853827408084384
2013-09-09 02:00:00,-1.434637860416299
2013-09-09 03:00:00,0.0
2013-09-09 04:00:00,-1.4019620831380006
2013-09-09 05:00:00,0.0
2013-09-09 06:00:00,0.0
2013-09-09 07:00:00,-0.571689693864044
2013-09-09 08:00:00,0.0
2013-09-09 09:00:00,0.0
2013-09-09 10:00:00,-0.014150504098393081
2013-09-09 11:00:00,0.0
2013-09-09 12:00:00,0.6356826072236524
2013-09-09 13:00:00,0.21961415075277052
2013-09-09 14:00:00,0.3084587035237174
2013-09-09 15:00:00,0.39259533403346164
2013-09-09 16:00:00,0.0
2013-09-09 17:00:00,-0.271268317888818
2013-09-09 18:00:00,0.8086637905043436
2013-09-09 19:00:00,0.584314980175595
2013-09-09 20:00:00,0.41599510606442275
2013-09-09 21:00:00,0.1728612197825432
2013-09-09 22:00:00,0.0
2013-09-09 23:00:00,-0.4022044924604943
2013-09-10 00:00:00,-1.0661147574744656
2013-09-10 01:00:00,-1.257368272699655
2013-09-10 02:00:00,0.0
2013-09-10 03:00:00,-1.3319958325035852
2013-09-10 04:00:00,-1.294658746055772
2013-09-10 05:00:00,-1.2806748185472283
2013-09-10 06:00:00,0.0
2013-09-10 07:00:00,0.0
2013-09-10 08:00:00,-0.0234731224374252
2013-09-10 09:00:00,-0.22922330917979822
2013-09-10 10:00:00,0.1027551298730386
2013-09-10 11:00:00,0.6123294482843801
2013-09-10 12:00:00,0.5141622771744017
2013-09-10 13:00:00,0.5328541269441547
2013-09-10 14:00:00,0.5375620492053677
2013-09-10 15:00:00,0.0
2013-09-10 16:00:00,0.47673196454319544
2013-09-10 17:00:00,0.7479269320255647
2013-09-10 18:00:00,0.70588192331654
2013-09-10 19:00:00,0.0
2013-09-10 20:00:00,0.7900185538262787
2013-09-10 21:00:00,0.4767319645432065
2013-09-10 22:00:00,0.3973032562946636
2013-09-10 23:00:00,-0.30865201742832943
2013-09-11 00:00:00,-0.9389076302384137
2013-09-11 01:00:00,-1.2340151137603868
2013-09-11 02:00:00,0.0
2013-09-11 03:00:00,-1.2806282054555331
2013-09-11 04:00:00,0.0
2013-09-11 05:00:00,-1.2153698770823302
2013-09-11 06:00:00,-1.1220970806003379
2013-09-11 07:00:00,-0.6172772975418945
2013-09-11 08:00:00,0.11207774821206519
2013-09-11 09:00:00,0.0
2013-09-11 10:00:00,0.2803976223232375
2013-09-11 11:00:00,0.0
2013-09-11 12:00:00,0.64039052948486
2013-09-11 13:00:00,0.5234848955134338
2013-09-11 14:00:00,0.3879340248639428
2013-09-11 15:00:00,0.3177813218627495
2013-09-11 16:00:00,0.4673627331124746
2013-09-11 17:00:00,0.5235315086051274
2013-09-11 18:00:00,0.7011273879636438
2013-09-11 19:00:00,0.0
2013-09-11 20:00:00,0.5795604448226988
2013-09-11 21:00:00,0.3505503253244369
2013-09-11 22:00:00,0.256997850292277
2013-09-11 23:00:00,0.0
2013-09-12 00:00:00,-0.9467852427348923
2013-09-12 01:00:00,-1.2246458823296618
2013-09-12 02:00:00,0.0
2013-09-12 03:00:00,-1.2993200552252875
2013-09-12 04:00:00,-1.3133505958255267
2013-09-12 05:00:00,0.0
2013-09-12 06:00:00,-1.1967246404042684
2013-09-12 07:00:00,-0.5670749977862194
2013-09-12 08:00:00,-0.21048484631835104
2013-09-12 09:00:00,0.0
2013-09-12 10:00:00,0.0
2013-09-12 11:00:00,0.3365197847241967
2013-09-12 12:00:00,0.458040114773448
2013-09-12 13:00:00,0.0
2013-09-12 14:00:00,0.0
2013-09-12 15:00:00,0.32244263103226833
2013-09-12 16:00:00,0.43930165191200027
2013-09-12 17:00:00,0.0
2013-09-12 18:00:00,0.0
2013-09-12 19:00:00,0.5001317365741565
2013-09-12 20:00:00,0.0
2013-09-12 21:00:00,0.0
2013-09-12 22:00:00,0.1354309071513431
2013-09-12 23:00:00,0.0
2013-09-13 00:00:00,0.0
2013-09-13 01:00:00,-1.318011904995041
2013-09-13 02:00:00,-1.3599636875206735
2013-09-13 03:00:00,0.0
2013-09-13 04:00:00,0.0
2013-09-13 05:00:00,-1.3180119049950412
2013-09-13 06:00:00,-1.2154164901740225
2013-09-13 07:00:00,-0.17310114677883903
2013-09-13 08:00:00,-0.22926992227149245
2013-09-13 09:00:00,0.0840166670115859
2013-09-13 10:00:00,0.4159484929727334
2013-09-13 11:00:00,0.6591289923463127
2013-09-13 12:00:00,0.8227409441962774
2013-09-13 13:00:00,0.7759880132260446
2013-09-13 14:00:00,0.5515459767139131
2013-09-13 15:00:00,0.5748991356531848
2013-09-13 16:00:00,0.6216986797151015
2013-09-13 17:00:00,0.0
2013-09-13 18:00:00,0.9115854969672299
2013-09-13 19:00:00,0.6824821512855844
2013-09-13 20:00:00,0.0
2013-09-13 21:00:00,0.4673627331124746
2013-09-13 22:00:00,0.3037973943542041
2013-09-13 23:00:00,-0.34142102089001686
2013-09-14 00:00:00,-0.9480904093023576
2013-09-14 01:00:00,0.0
2013-09-14 02:00:00,-1.2666442779469886
2013-09-14 03:00:00,0.0
2013-09-14 04:00:00,-1.308642673564317
2013-09-14 05:00:00,-1.2899508237945625
2013-09-14 06:00:00,0.0
2013-09-14 07:00:00,-0.42094295532193654
2013-09-14 08:00:00,0.0
2013-09-14 09:00:00,0.0
2013-09-14 10:00:00,0.42065641523393604
2013-09-14 11:00:00,0.9957221274769685
2013-09-14 12:00:00,0.9956755143852688
2013-09-14 13:00:00,0.0
2013-09-14 14:00:00,0.8928004210140774
2013-09-14 15:00:00,0.0
2013-09-14 16:00:00,0.0
2013-09-14 17:00:00,1.0516578375111454
2013-09-14 18:00:00,1.5563377812944974
2013-09-14 19:00:00,1.4908463874628117
2013-09-14 20:00:00,1.2622091726981193
2013-09-14 21:00:00,0.7666187817953183
2013-09-14 22:00:00,0.6030068299453535
2013-09-14 23:00:00,-0.28996016765857646
2013-09-15 00:00:00,-0.9094947693787776
2013-09-15 01:00:00,-1.2246924954213574
2013-09-15 02:00:00,-1.2246458823296622
2013-09-15 03:00:00,0.0
2013-09-15 04:00:00,-1.2993666683169829
2013-09-15 05:00:00,-1.2620761949608643
2013-09-15 06:00:00,0.0
2013-09-15 07:00:00,-0.5998440012479173
2013-09-15 08:00:00,0.013863964010397507
2013-09-15 09:00:00,-0.07498058876055427
2013-09-15 10:00:00,0.3552116344939502
2013-09-15 11:00:00,0.5749457487448791
2013-09-15 12:00:00,0.0
2013-09-15 13:00:00,0.0
2013-09-15 14:00:00,0.6357292203153461
2013-09-15 15:00:00,0.0
2013-09-15 16:00:00,0.7759880132260446
2013-09-15 17:00:00,1.1313196112181476
2013-09-15 18:00:00,1.1266116889569402
2013-09-15 19:00:00,0.8133717127655566
2013-09-15 20:00:00,0.0
2013-09-15 21:00:00,0.2663670817230034
2013-09-15 22:00:00,0.0
2013-09-15 23:00:00,-0.4161884199690292
2013-09-16 00:00:00,0.0
2013-09-16 01:00:00,-1.3179652919033464
2013-09-16 02:00:00,-1.3506876822733387
2013-09-16 03:00:00,-1.3693329189513976
2013-09-16 04:00:00,0.0
2013-09-16 05:00:00,0.0
2013-09-16 06:00:00,0.0
2013-09-16 07:00:00,-0.5109062222935767
2013-09-16 08:00:00,0.0
2013-09-16 09:00:00,-0.09362582543861298
2013-09-16 10:00:00,0.0
2013-09-16 11:00:00,0.3972566432029805
2013-09-16 12:00:00,0.0
2013-09-16 13:00:00,0.0
2013-09-16 14:00:00,0.6357292203153461
2013-09-16 15:00:00,0.0
2013-09-16 16:00:00,1.1032119169259742
2013-09-16 17:00:00,0.5889296762534141
2013-09-16 18:00:00,0.0
2013-09-16 19:00:00,0.6310212980541392
2013-09-16 20:00:00,0.0
2013-09-16 21:00:00,0.42997903357296813
2013-09-16 22:00:00,0.0
2013-09-16 23:00:00,-0.13571744723933252
2013-09-17 00:00:00,0.0
2013-09-17 01:00:00,0.0
2013-09-17 02:00:00,0.0
2013-09-17 03:00:00,-1.2666908910386838
2013-09-17 04:00:00,-1.2526603504384453
2013-09-17 05:00:00,-1.294705359147467
2013-09-17 06:00:00,-1.1733714814650018
2013-09-17 07:00:00,-0.6138279287564574
2013-09-17 08:00:00,-0.02351973552910837
2013-09-17 09:00:00,0.0
2013-09-17 10:00:00,0.0
2013-09-17 11:00:00,0.2757363131537242
2013-09-17 12:00:00,0.0
2013-09-17 13:00:00,0.27568970006203547
2013-09-17 14:00:00,0.0
2013-09-17 15:00:00,0.0
2013-09-17 16:00:00,0.4580401147734474
2013-09-17 17:00:00,0.5187769732522313
2013-09-17 18:00:00,0.0
2013-09-17 19:00:00,0.5796536710060811
2013-09-17 20:00:00,0.47211726846538193
2013-09-17 21:00:00,0.1682465237047131
2013-09-17 22:00:00,0.0
2013-09-17 23:00:00,0.0
2013-09-18 00:00:00,-0.9527983315635706
2013-09-18 01:00:00,0.0
2013-09-18 02:00:00,0.0
2013-09-18 03:00:00,-1.2806748185472283
2013-09-18 04:00:00,-1.3366571416731003
2013-09-18 05:00:00,0.0
2013-09-18 06:00:00,-1.3133039827338313
2013-09-18 07:00:00,0.0
2013-09-18 08:00:00,-0.1497479878395722
2013-09-18 09:00:00,0.0
2013-09-18 10:00:00,0.0
2013-09-18 11:00:00,0.0
2013-09-18 12:00:00,0.415948492972734
2013-09-18 13:00:00,0.38788741177224856
2013-09-18 14:00:00,0.0
2013-09-18 15:00:00,0.0
2013-09-18 16:00:00,0.0
2013-09-18 17:00:00,0.5749457487448743
2013-09-18 18:00:00,0.0
2013-09-18 19:00:00,0.24292069660034807
2013-09-18 20:00:00,0.6543744569934054
2013-09-18 21:00:00,0.0
2013-09-18 22:00:00,0.0
2013-09-18 23:00:00,0.0
2013-09-19 00:00:00,-0.7201523909130915
2013-09-19 01:00:00,0.0
2013-09-19 02:00:00,0.0
2013-09-19 03:00:00,0.0
2013-09-19 04:00:00,-1.3226732141645554
2013-09-19 05:00:00,-1.3646249966901889
2013-09-19 06:00:00,-1.1640488631259707
2013-09-19 07:00:00,-0.4395881919999952
2013-09-19 08:00:00,-0.1404253695005456
2013-09-19 09:00:00,-0.04682628137669204
2013-09-19 10:00:00,0.03726373604135306
2013-09-19 11:00:00,0.5141622771744011
2013-09-19 12:00:00,0.0
2013-09-19 13:00:00,0.0
2013-09-19 14:00:00,0.4440561872648965
2013-09-19 15:00:00,0.0
2013-09-19 16:00:00,0.0
2013-09-19 17:00:00,0.5796070579143875
2013-09-19 18:00:00,0.6777742290243665
2013-09-19 19:00:00,0.6357292203153461
2013-09-19 20:00:00,0.6778208421160608
2013-09-19 21:00:00,0.3411810938937106
2013-09-19 22:00:00,0.0
2013-09-19 23:00:00,-0.44424950116950884
2013-09-20 00:00:00,-0.8874933900986639
2013-09-20 01:00:00,-1.2293538045908716
2013-09-20 02:00:00,-1.32733452333407
2013-09-20 03:00:00,0.0
2013-09-20 04:00:00,-1.2434309582828058
2013-09-20 05:00:00,0.0
2013-09-20 06:00:00,-1.1500649356174268
2013-09-20 07:00:00,-0.3601128706597753
2013-09-20 08:00:00,-0.00016657658984213907
2013-09-20 09:00:00,-0.06095004816031463
2013-09-20 10:00:00,0.0
2013-09-20 11:00:00,0.0
2013-09-20 12:00:00,0.0
2013-09-20 13:00:00,0.6497597609155863
2013-09-20 14:00:00,0.6216520666234178
2013-09-20 15:00:00,0.0
2013-09-20 16:00:00,0.5141622771744011
2013-09-20 17:00:00,0.0
2013-09-20 18:00:00,0.8226943311045832
2013-09-20 19:00:00,0.0
2013-09-20 20:00:00,0.8554167214745703
2013-09-20 21:00:00,0.0
2013-09-20 22:00:00,0.31312001269324113
2013-09-20 23:00:00,-0.355451561490262
2013-09-21 00:00:00,0.0
2013-09-21 01:00:00,-1.1547262447869413
2013-09-21 02:00:00,-1.103405230830583
2013-09-21 03:00:00,-1.2760601224694088
2013-09-21 04:00:00,-1.210708567912811
2013-09-21 05:00:00,-1.0894213033220415
2013-09-21 06:00:00,0.0
2013-09-21 07:00:00,-0.30403732135051037
2013-09-21 08:00:00,0.0
2013-09-21 09:00:00,0.0
2013-09-21 10:00:00,0.4721172684653764
2013-09-21 11:00:00,0.8647859529052973
2013-09-21 12:00:00,0.9489691965067302
2013-09-21 13:00:00,0.0
2013-09-21 14:00:00,0.8648325659969964
2013-09-21 15:00:00,0.8087104035960379
2013-09-21 16:00:00,0.0
2013-09-21 17:00:00,0.9863528960462367
2013-09-21 18:00:00,0.0
2013-09-21 19:00:00,0.9770302777072101
2013-09-21 20:00:00,0.0
2013-09-21 21:00:00,0.46740934620416885
2013-09-21 22:00:00,0.2056302232442251
2013-09-21 23:00:00,0.0
2013-09-22 00:00:00,-0.9621209499025941
2013-09-22 01:00:00,0.0
2013-09-22 02:00:00,-1.2386764229299012
2013-09-22 03:00:00,0.0
2013-09-22 04:00:00,-1.3879781556294561
2013-09-22 05:00:00,0.0
2013-09-22 06:00:00,-1.2573682726996556
2013-09-22 07:00:00,-0.6313544512338336
2013-09-22 08:00:00,0.08867797618110472
2013-09-22 09:00:00,0.0
2013-09-22 10:00:00,0.22898338218349196
2013-09-22 11:00:00,1.1406422295571748
2013-09-22 12:00:00,0.0
2013-09-22 13:00:00,0.9396465781677036
2013-09-22 14:00:00,1.0564589859557414
2013-09-22 15:00:00,1.168749923849354
2013-09-22 16:00:00,0.0
2013-09-22 17:00:00,0.0
2013-09-22 18:00:00,1.2247788600669136
2013-09-22 19:00:00,0.9770302777072101
2013-09-22 20:00:00,0.0
2013-09-22 21:00:00,0.0
2013-09-22 22:00:00,0.0
2013-09-22 23:00:00,-0.37885133352122247
2013-09-23 00:00:00,0.0
2013-09-23 01:00:00,-1.2573216596079597
2013-09-23 02:00:00,-1.2526603504384455
2013-09-23 03:00:00,-1.3506876822733387
2013-09-23 04:00:00,0.0
2013-09-23 05:00:00,0.0
2013-09-23 06:00:00,-1.1687567853871825
2013-09-23 07:00:00,-0.24791515894955668
2013-09-23 08:00:00,0.013910577102081292
2013-09-23 09:00:00,-0.0702260534076525
2013-09-23 10:00:00,0.14946144775157721
2013-09-23 11:00:00,0.542223358374881
2013-09-23 12:00:00,0.0
2013-09-23 13:00:00,0.0
2013-09-23 14:00:00,0.4440561872648965
2013-09-23 15:00:00,0.22427545992228937
2013-09-23 16:00:00,0.0
2013-09-23 17:00:00,0.0
2013-09-23 18:00:00,0.0
2013-09-23 19:00:00,0.0
2013-09-23 20:00:00,0.6965126918858192
2013-09-23 21:00:00,0.0
2013-09-23 22:00:00,0.3130733996015475
2013-09-23 23:00:00,0.0
2013-09-24 00:00:00,-0.8641402311593971
2013-09-24 01:00:00,0.0
2013-09-24 02:00:00,0.0
2013-09-24 03:00:00,-1.2060938718349932
2013-09-24 04:00:00,0.0
2013-09-24 05:00:00,0.0
2013-09-24 06:00:00,0.0
2013-09-24 07:00:00,-0.13571744723933252
2013-09-24 08:00:00,0.0
2013-09-24 09:00:00,0.06532481724183296
2013-09-24 10:00:00,0.0
2013-09-24 11:00:00,0.0
2013-09-24 12:00:00,0.7993411721653053
2013-09-24 13:00:00,0.5188235863439206
2013-09-24 14:00:00,0.7432190097643578
2013-09-24 15:00:00,0.5889762893451138
2013-09-24 16:00:00,0.500131736574167
2013-09-24 17:00:00,0.0
2013-09-24 18:00:00,0.2710750039842109
2013-09-24 19:00:00,0.0
2013-09-24 20:00:00,0.6684049975936506
2013-09-24 21:00:00,0.0
2013-09-24 22:00:00,0.0
2013-09-24 23:00:00,-0.2572377772885888
2013-09-25 00:00:00,0.0
2013-09-25 01:00:00,-1.2246924954213567
2013-09-25 02:00:00,-1.1687101722954856
2013-09-25 03:00:00,-1.341318450842615
2013-09-25 04:00:00,-1.215369877082328
2013-09-25 05:00:00,-1.1873554089735463
2013-09-25 06:00:00,-1.1873554089735436
2013-09-25 07:00:00,-0.33675971172050295
2013-09-25 08:00:00,-0.13105613806981925
2013-09-25 09:00:00,-0.1824703782095709
2013-09-25 10:00:00,0.19159968264398547
2013-09-25 11:00:00,0.5047930457436809
2013-09-25 12:00:00,0.0
2013-09-25 13:00:00,0.0
2013-09-25 14:00:00,0.0
2013-09-25 15:00:00,0.05595558581111706
2013-09-25 16:00:00,0.3037507812625154
2013-09-25 17:00:00,0.4159484929727285
2013-09-25 18:00:00,0.43934826500368895
2013-09-25 19:00:00,0.0
2013-09-25 20:00:00,0.41599510606442214
2013-09-25 21:00:00,0.0
2013-09-25 22:00:00,0.20558361015253088
2013-09-25 23:00:00,-0.33209840255098966
2013-09-26 00:00:00,0.0
2013-09-26 01:00:00,-1.257368272699655
2013-09-26 02:00:00,0.0
2013-09-26 03:00:00,0.0
2013-09-26 04:00:00,-1.3366105285814047
2013-09-26 05:00:00,-1.1827407128957246
2013-09-26 06:00:00,-1.2386764229299012
2013-09-26 07:00:00,-0.41749358653649427
2013-09-26 08:00:00,-0.07964189793006757
2013-09-26 09:00:00,0.0
2013-09-26 10:00:00,0.0
2013-09-26 11:00:00,0.36458086592467104
2013-09-26 12:00:00,0.0
2013-09-26 13:00:00,0.0
2013-09-26 14:00:00,0.4486708833427266
2013-09-26 15:00:00,0.23830600052252346
2013-09-26 16:00:00,0.0
2013-09-26 17:00:00,0.4206098021422418
2013-09-26 18:00:00,0.0
2013-09-26 19:00:00,0.37390348426370873
2013-09-26 20:00:00,0.0
2013-09-26 21:00:00,0.33647317163250245
2013-09-26 22:00:00,0.1681999106130244
2013-09-26 23:00:00,-0.39749657019927626
2013-09-27 00:00:00,0.0
2013-09-27 01:00:00,0.0
2013-09-27 02:00:00,-1.229400417682566
2013-09-27 03:00:00,-1.2759668962860193
2013-09-27 04:00:00,-1.215323263990634
2013-09-27 05:00:00,-1.2106619548211182
2013-09-27 06:00:00,0.0
2013-09-27 07:00:00,0.0
2013-09-27 08:00:00,-0.08901112936079392
2013-09-27 09:00:00,0.0
2013-09-27 10:00:00,0.0
2013-09-27 11:00:00,0.4159484929727334
2013-09-27 12:00:00,0.0
2013-09-27 13:00:00,0.47207065537368215
2013-09-27 14:00:00,0.2664136948146976
2013-09-27 15:00:00,0.0
2013-09-27 16:00:00,0.0
2013-09-27 17:00:00,0.0
2013-09-27 18:00:00,0.0
2013-09-27 19:00:00,0.3084587035237229
2013-09-27 20:00:00,0.0
2013-09-27 21:00:00,0.21956753766107628
2013-09-27 22:00:00,0.0
2013-09-27 23:00:00,-0.4302189605692744
2013-09-28 00:00:00,-0.9527517184718733
2013-09-28 01:00:00,0.0
2013-09-28 02:00:00,-1.299320055225288
2013-09-28 03:00:00,0.0
2013-09-28 04:00:00,0.0
2013-09-28 05:00:00,0.0
2013-09-28 06:00:00,-1.2480922674523203
2013-09-28 07:00:00,0.0
2013-09-28 08:00:00,-0.09828713460813242
2013-09-28 09:00:00,-0.06090343506862593
2013-09-28 10:00:00,0.20558361015253088
2013-09-28 11:00:00,0.0
2013-09-28 12:00:00,0.5796536710060811
2013-09-28 13:00:00,0.6123294482843856
2013-09-28 14:00:00,0.0
2013-09-28 15:00:00,0.0
2013-09-28 16:00:00,0.256997850292277
2013-09-28 17:00:00,0.17286121978253216
2013-09-28 18:00:00,0.43934826500368895
2013-09-28 19:00:00,0.35050371223274207
2013-09-28 20:00:00,0.36453425283298174
2013-09-28 21:00:00,0.0
2013-09-28 22:00:00,0.0
2013-09-28 23:00:00,-0.45361873260022995
2013-09-29 00:00:00,0.0
2013-09-29 01:00:00,0.0
2013-09-29 02:00:00,-1.2340617268520817
2013-09-29 03:00:00,-1.3879781556294568
2013-09-29 04:00:00,0.0
2013-09-29 05:00:00,0.0
2013-09-29 06:00:00,0.0
2013-09-29 07:00:00,0.0
2013-09-29 08:00:00,0.1401388294125451
2013-09-29 09:00:00,0.0
2013-09-29 10:00:00,0.19159968264397995
2013-09-29 11:00:00,0.36453425283298174
2013-09-29 12:00:00,0.6403905294848544
2013-09-29 13:00:00,0.41599510606442275
2013-09-29 14:00:00,0.3037973943542041
2013-09-29 15:00:00,0.0
2013-09-29 16:00:00,0.3037507812625099
2013-09-29 17:00:00,0.5141622771744011
2013-09-29 18:00:00,0.0
2013-09-29 19:00:00,0.5234848955134338
2013-09-29 20:00:00,0.256997850292277
2013-09-29 21:00:00,0.0
2013-09-29 22:00:00,0.20558361015253088
2013-09-29 23:00:00,0.0
2013-09-30 00:00:00,-1.0101324343485996
2013-09-30 01:00:00,-1.3366571416730997
2013-09-30 02:00:00,-1.3599636875206729
2013-09-30 03:00:00,-1.346026373103825
2013-09-30 04:00:00,-1.3646249966901887
2013-09-30 05:00:00,-1.2387230360215968
2013-09-30 06:00:00,-1.2200777993435377
2013-09-30 07:00:00,-0.4536187326002355
2013-09-30 08:00:00,-0.023519735529113902
2013-09-30 09:00:00,0.0
2013-09-30 10:00:00,0.21024491932204417
2013-09-30 11:00:00,0.0
2013-09-30 12:00:00,0.36924217509418433
2013-09-30 13:00:00,0.0
2013-09-30 14:00:00,0.0
2013-09-30 15:00:00,0.0
2013-09-30 16:00:00,0.0
2013-09-30 17:00:00,0.0
2013-09-30 18:00:00,0.6216986797151064
2013-09-30 19:00:00,0.5749457487448743
2013-09-30 20:00:00,0.626313375792931
2013-09-30 21:00:00,0.5141622771744011
2013-09-30 22:00:00,0.0
2013-09-30 23:00:00,0.0
2013-10-01 00:00:00,-0.9961485068400567
2013-10-01 01:00:00,0.0
2013-10-01 02:00:00,-1.2433843451911106
2013-10-01 03:00:00,0.0
2013-10-01 04:00:00,0.0
2013-10-01 05:00:00,-1.1920633312347548
2013-10-01 06:00:00,-1.1547728578786378
2013-10-01 07:00:00,-0.6242692612961693
2013-10-01 08:00:00,0.2476286188615562
2013-10-01 09:00:00,0.16349198835181686
2013-10-01 10:00:00,0.29438154983178844
2013-10-01 11:00:00,0.0
2013-10-01 12:00:00,0.6216986797151064
2013-10-01 13:00:00,0.4440095741732133
2013-10-01 14:00:00,0.3832261026027353
2013-10-01 15:00:00,0.34118109389370443
2013-10-01 16:00:00,0.0
2013-10-01 17:00:00,0.0
2013-10-01 18:00:00,0.4861011959739273
2013-10-01 19:00:00,0.0
2013-10-01 20:00:00,0.5375620492053622
2013-10-01 21:00:00,0.35987294366346845
2013-10-01 22:00:00,0.23359807826131593
2013-10-01 23:00:00,-0.36943548899879636
2013-10-02 00:00:00,-1.112774462261311
2013-10-02 01:00:00,0.0
2013-10-02 02:00:00,0.0
2013-10-02 03:00:00,0.0
2013-10-02 04:00:00,0.0
2013-10-02 05:00:00,0.0
2013-10-02 06:00:00,-1.3413184508426146
2013-10-02 07:00:00,-0.8544913211785016
2013-10-02 08:00:00,0.0
2013-10-02 09:00:00,0.0
2013-10-02 10:00:00,0.0
2013-10-02 11:00:00,0.5609152081446346
2013-10-02 12:00:00,0.0
2013-10-02 13:00:00,0.4019179523724938
2013-10-02 14:00:00,0.0
2013-10-02 15:00:00,0.0
2013-10-02 16:00:00,0.0
2013-10-02 17:00:00,0.45808672786513677
2013-10-02 18:00:00,0.35987294366346845
2013-10-02 19:00:00,0.0
2013-10-02 20:00:00,0.0
2013-10-02 21:00:00,0.0
2013-10-02 22:00:00,0.28976685375396444
2013-10-02 23:00:00,-0.31335993968953696
2013-10-03 00:00:00,-0.9854741088418653
2013-10-03 01:00:00,0.0
2013-10-03 02:00:00,-1.3553489914428538
2013-10-03 03:00:00,0.0
2013-10-03 04:00:00,-1.3739942281209123
2013-10-03 05:00:00,-1.243337732099416
2013-10-03 06:00:00,-1.2387230360215962
2013-10-03 07:00:00,0.0
2013-10-03 08:00:00,0.26170577255348454
2013-10-03 09:00:00,0.0
2013-10-03 10:00:00,0.18684514729108925
2013-10-03 11:00:00,0.542223358374881
2013-10-03 12:00:00,0.45337880560392924
2013-10-03 13:00:00,0.322489244123957
2013-10-03 14:00:00,0.2990894720929966
2013-10-03 15:00:00,0.35987294366346906
2013-10-03 16:00:00,0.0
2013-10-03 17:00:00,0.3458424030632288
2013-10-03 18:00:00,0.0
2013-10-03 19:00:00,0.32715055329347587
2013-10-03 20:00:00,0.0
2013-10-03 21:00:00,0.28035100923154876
2013-10-03 22:00:00,0.0
2013-10-03 23:00:00,0.0
2013-10-04 00:00:00,0.0
2013-10-04 01:00:00,-1.3227198272562504
2013-10-04 02:00:00,0.0
2013-10-04 03:00:00,-1.4159926237382392
2013-10-04 04:00:00,0.0
2013-10-04 05:00:00,-1.3413184508426148
2013-10-04 06:00:00,-1.2246924954213567
2013-10-04 07:00:00,-0.6478554856939154
2013-10-04 08:00:00,-0.154409297009091
2013-10-04 09:00:00,0.0
2013-10-04 10:00:00,0.0
2013-10-04 11:00:00,0.4860545828822331
2013-10-04 12:00:00,0.5375154361136735
2013-10-04 13:00:00,0.45804011477344253
2013-10-04 14:00:00,0.32715055329347587
2013-10-04 15:00:00,0.29438154983178905
2013-10-04 16:00:00,0.42531772440345483
2013-10-04 17:00:00,0.5047930457436802
2013-10-04 18:00:00,0.0
2013-10-04 19:00:00,0.5047930457436802
2013-10-04 20:00:00,0.0
2013-10-04 21:00:00,0.0
2013-10-04 22:00:00,0.0
2013-10-04 23:00:00,0.0
2013-10-05 00:00:00,0.0
2013-10-05 01:00:00,-1.4206539329077545
2013-10-05 02:00:00,-1.397347387060181
2013-10-05 03:00:00,0.0
2013-10-05 04:00:00,-1.4533297101860518
2013-10-05 05:00:00,0.0
2013-10-05 06:00:00,0.0
2013-10-05 07:00:00,-0.4536187326002355
2013-10-05 08:00:00,0.0
2013-10-05 09:00:00,0.0
2013-10-05 10:00:00,0.05134088973328694
2013-10-05 11:00:00,0.4860545828822331
2013-10-05 12:00:00,0.0
2013-10-05 13:00:00,0.6170373705455876
2013-10-05 14:00:00,0.0
2013-10-05 15:00:00,0.43939487809538874
2013-10-05 16:00:00,0.0
2013-10-05 17:00:00,0.5047930457436802
2013-10-05 18:00:00,0.6263599888846253
2013-10-05 19:00:00,0.500131736574167
2013-10-05 20:00:00,0.7760346263177389
2013-10-05 21:00:00,0.4159484929727334
2013-10-05 22:00:00,0.2710750039842109
2013-10-05 23:00:00,-0.31335993968953696
2013-10-06 00:00:00,0.0
2013-10-06 01:00:00,0.0
2013-10-06 02:00:00,0.0
2013-10-06 03:00:00,-1.4019620831380013
2013-10-06 04:00:00,0.0
2013-10-06 05:00:00,-1.2853827408084377
2013-10-06 06:00:00,0.0
2013-10-06 07:00:00,-0.679319322588143
2013-10-06 08:00:00,0.0
2013-10-06 09:00:00,0.0
2013-10-06 10:00:00,0.0
2013-10-06 11:00:00,0.43934826500368895
2013-10-06 12:00:00,0.4440095741732078
2013-10-06 13:00:00,0.336473171632508
2013-10-06 14:00:00,0.0
2013-10-06 15:00:00,0.30375078126251476
2013-10-06 16:00:00,0.4533788056039286
2013-10-06 17:00:00,0.7198658508250854
2013-10-06 18:00:00,0.6965126918858192
2013-10-06 19:00:00,0.0
2013-10-06 20:00:00,0.6356826072236573
2013-10-06 21:00:00,0.39259533403346164
2013-10-06 22:00:00,0.22427545992228382
2013-10-06 23:00:00,-0.43026557366096896
2013-10-07 00:00:00,-1.0147937435181102
2013-10-07 01:00:00,-1.2246924954213567
2013-10-07 02:00:00,-1.2899974368862575
2013-10-07 03:00:00,-1.2899508237945632
2013-10-07 04:00:00,-1.2526603504384464
2013-10-07 05:00:00,-1.1733714814649998
2013-10-07 06:00:00,-1.164048863125972
2013-10-07 07:00:00,0.0
2013-10-07 08:00:00,0.0
2013-10-07 09:00:00,-0.2245153869185907
2013-10-07 10:00:00,0.0
2013-10-07 11:00:00,0.0
2013-10-07 12:00:00,0.2430139227837316
2013-10-07 13:00:00,0.256997850292277
2013-10-07 14:00:00,0.18689176038277794
2013-10-07 15:00:00,0.18689176038277794
2013-10-07 16:00:00,0.1074164390425519
2013-10-07 17:00:00,0.3131200126932362
2013-10-07 18:00:00,0.4813932737127143
2013-10-07 19:00:00,0.39725664320297494
2013-10-07 20:00:00,0.0
2013-10-07 21:00:00,0.16349198835181686
2013-10-07 22:00:00,0.0
2013-10-07 23:00:00,-0.5284327447709476
2013-10-08 00:00:00,-1.0427615985352012
2013-10-08 01:00:00,-1.2294004176825666
2013-10-08 02:00:00,-1.2853827408084382
2013-10-08 03:00:00,-1.3366571416730997
2013-10-08 04:00:00,-1.2713522002081985
2013-10-08 05:00:00,0.0
2013-10-08 06:00:00,-1.2294004176825666
2013-10-08 07:00:00,-0.3052958748262811
2013-10-08 08:00:00,-0.20116222797931832
2013-10-08 09:00:00,-0.18717830047077844
2013-10-08 10:00:00,0.0
2013-10-08 11:00:00,0.0
2013-10-08 12:00:00,0.0
2013-10-08 13:00:00,0.32710394020178163
2013-10-08 14:00:00,0.0
2013-10-08 15:00:00,0.22432207301397805
2013-10-08 16:00:00,0.4346869558341812
2013-10-08 17:00:00,0.0
2013-10-08 18:00:00,0.3878874117722541
2013-10-08 19:00:00,0.4487174964344098
2013-10-08 20:00:00,0.5094543549131991
2013-10-08 21:00:00,0.0
2013-10-08 22:00:00,0.0
2013-10-08 23:00:00,0.0
2013-10-09 00:00:00,-1.0241163618571452
2013-10-09 01:00:00,-1.2667375041303788
2013-10-09 02:00:00,-1.2853827408084384
2013-10-09 03:00:00,0.0
2013-10-09 04:00:00,0.0
2013-10-09 05:00:00,-1.196678027312574
2013-10-09 06:00:00,0.0
2013-10-09 07:00:00,0.0
2013-10-09 08:00:00,0.0
2013-10-09 09:00:00,0.0
2013-10-09 10:00:00,-0.042211585298872374
2013-10-09 11:00:00,0.29438154983178905
2013-10-09 12:00:00,0.2710283908925167
2013-10-09 13:00:00,0.0
2013-10-09 14:00:00,0.2476286188615562
2013-10-09 15:00:00,0.0
2013-10-09 16:00:00,0.0
2013-10-09 17:00:00,0.0
2013-10-09 18:00:00,0.3691955620025012
2013-10-09 19:00:00,0.3458890161549175
2013-10-09 20:00:00,0.2850589314927569
2013-10-09 21:00:00,0.10275512987303369
2013-10-09 22:00:00,0.0
2013-10-09 23:00:00,0.0
2013-10-10 00:00:00,-1.0753907627217993
2013-10-10 01:00:00,-1.2526603504384453
2013-10-10 02:00:00,-1.4765896429419312
2013-10-10 03:00:00,-1.5746169747768253
2013-10-10 04:00:00,-1.49062018354217
2013-10-10 05:00:00,-1.4159460106465442
2013-10-10 06:00:00,0.0
2013-10-10 07:00:00,-0.615086482232223
2013-10-10 08:00:00,0.0
2013-10-10 09:00:00,0.0
2013-10-10 10:00:00,0.0
2013-10-10 11:00:00,0.0
2013-10-10 12:00:00,0.0
2013-10-10 13:00:00,0.0
2013-10-10 14:00:00,0.0
2013-10-10 15:00:00,0.12610828881230546
2013-10-10 16:00:00,0.214906228491563
2013-10-10 17:00:00,0.0
2013-10-10 18:00:00,0.47677857763489523
2013-10-10 19:00:00,0.19155306955229123
2013-10-10 20:00:00,0.0
2013-10-10 21:00:00,0.0
2013-10-10 22:00:00,0.0
2013-10-10 23:00:00,0.0
2013-10-11 00:00:00,-0.8955574549619252
2013-10-11 01:00:00,-1.0240697487654429
2013-10-11 02:00:00,0.0
2013-10-11 03:00:00,-1.303981364394802
2013-10-11 04:00:00,-1.2806748185472296
2013-10-11 05:00:00,0.0
2013-10-11 06:00:00,-1.2759668962860187
2013-10-11 07:00:00,0.0
2013-10-11 08:00:00,0.0
2013-10-11 09:00:00,0.0
2013-10-11 10:00:00,-0.07959528483837887
2013-10-11 11:00:00,0.0
2013-10-11 12:00:00,0.0
2013-10-11 13:00:00,0.0
2013-10-11 14:00:00,0.280397622323243
2013-10-11 15:00:00,0.0
2013-10-11 16:00:00,0.1354775202430318
2013-10-11 17:00:00,0.0
2013-10-11 18:00:00,0.0
2013-10-11 19:00:00,0.0
2013-10-11 20:00:00,0.3878874117722492
2013-10-11 21:00:00,0.0
2013-10-11 22:00:00,0.0
2013-10-11 23:00:00,-0.5296912982467129
2013-10-12 00:00:00,-1.1873554089735436
2013-10-12 01:00:00,-1.355302378351159
2013-10-12 02:00:00,-1.4066700053992103
2013-10-12 03:00:00,0.0
2013-10-12 04:00:00,-1.3926394647989713
2013-10-12 05:00:00,0.0
2013-10-12 06:00:00,-1.2900440499779526
2013-10-12 07:00:00,-0.6477156464188241
2013-10-12 08:00:00,0.0
2013-10-12 09:00:00,0.0
2013-10-12 10:00:00,-0.03755027612935355
2013-10-12 11:00:00,0.0
2013-10-12 12:00:00,0.0
2013-10-12 13:00:00,0.3505503253244369
2013-10-12 14:00:00,0.23830600052252962
2013-10-12 15:00:00,0.0
2013-10-12 16:00:00,0.09333928535062355
2013-10-12 17:00:00,0.28972024066227514
2013-10-12 18:00:00,0.0
2013-10-12 19:00:00,0.2897668537539638
2013-10-12 20:00:00,0.2102915324137384
2013-10-12 21:00:00,0.13076959798182428
2013-10-12 22:00:00,0.03726373604135306
2013-10-12 23:00:00,-0.5705243665716616
2013-10-13 00:00:00,0.0
2013-10-13 01:00:00,-1.2993666683169829
2013-10-13 02:00:00,0.0
2013-10-13 03:00:00,-1.425268628985574
2013-10-13 04:00:00,-1.3739942281209123
2013-10-13 05:00:00,-1.308642673564317
2013-10-13 06:00:00,0.0
2013-10-13 07:00:00,-0.8626952253168435
2013-10-13 08:00:00,0.027894504610632236
2013-10-13 09:00:00,0.013863964010397507
2013-10-13 10:00:00,0.0
2013-10-13 11:00:00,0.6170373705455932
2013-10-13 12:00:00,0.42531772440345483
2013-10-13 13:00:00,0.12610828881230485
2013-10-13 14:00:00,0.280397622323243
2013-10-13 15:00:00,0.0
2013-10-13 16:00:00,0.3458424030632288
2013-10-13 17:00:00,0.6076681391148668
2013-10-13 18:00:00,0.0
2013-10-13 19:00:00,0.378564793433222
2013-10-13 20:00:00,0.0
2013-10-13 21:00:00,0.19621437872181005
2013-10-13 22:00:00,0.0
2013-10-13 23:00:00,-0.3507902523207377
2013-10-14 00:00:00,0.0
2013-10-14 01:00:00,0.0
2013-10-14 02:00:00,0.0
2013-10-14 03:00:00,0.0
2013-10-14 04:00:00,0.0
2013-10-14 05:00:00,-1.2947053591474678
2013-10-14 06:00:00,-1.2246924954213567
2013-10-14 07:00:00,0.0
2013-10-14 08:00:00,0.0
2013-10-14 09:00:00,0.0
2013-10-14 10:00:00,0.0
2013-10-14 11:00:00,0.0
2013-10-14 12:00:00,0.3458424030632288
2013-10-14 13:00:00,0.28510554458445053
2013-10-14 14:00:00,0.0
2013-10-14 15:00:00,0.07469404867255379
2013-10-14 16:00:00,0.08867797618110472
2013-10-14 17:00:00,0.0
2013-10-14 18:00:00,0.17756914204374522
2013-10-14 19:00:00,0.0
2013-10-14 20:00:00,0.26641369481469207
2013-10-14 21:00:00,0.0
2013-10-14 22:00:00,0.1073698259508632
2013-10-14 23:00:00,-0.500371663570468
2013-10-15 00:00:00,0.0
2013-10-15 01:00:00,0.0
2013-10-15 02:00:00,-1.1733714814649998
2013-10-15 03:00:00,-1.276013509377714
2013-10-15 04:00:00,0.0
2013-10-15 05:00:00,-1.276013509377714
2013-10-15 06:00:00,0.0
2013-10-15 07:00:00,-0.5110460615686542
2013-10-15 08:00:00,0.21956753766107628
2013-10-15 09:00:00,0.004541345671360471
2013-10-15 10:00:00,0.0
2013-10-15 11:00:00,0.0
2013-10-15 12:00:00,0.22893676909180263
2013-10-15 13:00:00,0.2430139227837365
2013-10-15 14:00:00,0.19159968264398547
2013-10-15 15:00:00,0.0
2013-10-15 16:00:00,0.027941117702325855
2013-10-15 17:00:00,0.0
2013-10-15 18:00:00,0.0
2013-10-15 19:00:00,0.0
2013-10-15 20:00:00,0.2897202406622696
2013-10-15 21:00:00,0.16349198835181686
2013-10-15 22:00:00,0.11207774821206519
2013-10-15 23:00:00,0.0
2013-10-16 00:00:00,-1.1268050028615497
2013-10-16 01:00:00,-1.3693795320430926
2013-10-16 02:00:00,0.0
2013-10-16 03:00:00,-1.439299169585813
2013-10-16 04:00:00,-1.439299169585813
2013-10-16 05:00:00,0.0
2013-10-16 06:00:00,-1.3273345233340705
2013-10-16 07:00:00,-0.6384396411714948
2013-10-16 08:00:00,0.0
2013-10-16 09:00:00,0.0
2013-10-16 10:00:00,0.0
2013-10-16 11:00:00,0.4393482650036945
2013-10-16 12:00:00,0.0
2013-10-16 13:00:00,0.43464034274249247
2013-10-16 14:00:00,0.0
2013-10-16 15:00:00,0.16344537526012262
2013-10-16 16:00:00,0.20092230098301758
2013-10-16 17:00:00,0.3365197847241967
2013-10-16 18:00:00,0.0
2013-10-16 19:00:00,0.35991955675515774
2013-10-16 20:00:00,0.49547042740464814
2013-10-16 21:00:00,0.0
2013-10-16 22:00:00,0.21024491932204417
2013-10-16 23:00:00,-0.15911721927029854
2013-10-17 00:00:00,0.0
2013-10-17 01:00:00,0.0
2013-10-17 02:00:00,-1.3133039827338313
2013-10-17 03:00:00,-1.4159926237382392
2013-10-17 04:00:00,-1.3599636875206735
2013-10-17 05:00:00,-1.2760135093777136
2013-10-17 06:00:00,-1.2760135093777136
2013-10-17 07:00:00,-0.40220449246048934
2013-10-17 08:00:00,0.0
2013-10-17 09:00:00,-0.042211585298867454
2013-10-17 10:00:00,0.2383526136142183
2013-10-17 11:00:00,0.3552116344939502
2013-10-17 12:00:00,1.0238298217691422
2013-10-17 13:00:00,0.44405618726490204
2013-10-17 14:00:00,0.47677857763489523
2013-10-17 15:00:00,0.4487174964344208
2013-10-17 16:00:00,0.0
2013-10-17 17:00:00,0.41599510606442214
2013-10-17 18:00:00,0.0
2013-10-17 19:00:00,0.4065792615420071
2013-10-17 20:00:00,0.47677857763489523
2013-10-17 21:00:00,0.0
2013-10-17 22:00:00,0.0
2013-10-17 23:00:00,-0.2806841624112386
2013-10-18 00:00:00,-0.8922013123598767
2013-10-18 01:00:00,0.0
2013-10-18 02:00:00,-1.0800986849830108
2013-10-18 03:00:00,-1.4299765512467837
2013-10-18 04:00:00,0.0
2013-10-18 05:00:00,0.0
2013-10-18 06:00:00,-1.2387230360215968
2013-10-18 07:00:00,-0.478323671198661
2013-10-18 08:00:00,0.0
2013-10-18 09:00:00,0.013910577102086824
2013-10-18 10:00:00,0.0
2013-10-18 11:00:00,0.4206098021422473
2013-10-18 12:00:00,0.11673905738158402
2013-10-18 13:00:00,0.47207065537368215
2013-10-18 14:00:00,0.36458086592467104
2013-10-18 15:00:00,0.15412275692109603
2013-10-18 16:00:00,0.12140036655109793
2013-10-18 17:00:00,0.41599510606442824
2013-10-18 18:00:00,0.3832261026027353
2013-10-18 19:00:00,0.476731964543201
2013-10-18 20:00:00,0.5422233583748755
2013-10-18 21:00:00,0.0
2013-10-18 22:00:00,0.18223045121325912
2013-10-18 23:00:00,-0.4115737238912157
2013-10-19 00:00:00,-1.089421303322038
2013-10-19 01:00:00,0.0
2013-10-19 02:00:00,-1.402008696229696
2013-10-19 03:00:00,-1.4720215599558069
2013-10-19 04:00:00,0.0
2013-10-19 05:00:00,-1.3693329189513976
2013-10-19 06:00:00,-1.313350595825526
2013-10-19 07:00:00,-0.5331406670321551
2013-10-19 08:00:00,0.0
2013-10-19 09:00:00,0.0
2013-10-19 10:00:00,0.0
2013-10-19 11:00:00,0.3925487209417674
2013-10-19 12:00:00,0.8601246437357839
2013-10-19 13:00:00,0.5234848955134338
2013-10-19 14:00:00,0.0
2013-10-19 15:00:00,0.3692421750941899
2013-10-19 16:00:00,0.3691955620025012
2013-10-19 17:00:00,0.378564793433222
2013-10-19 18:00:00,0.5468380544527056
2013-10-19 19:00:00,0.0
2013-10-19 20:00:00,0.44871749643441533
2013-10-19 21:00:00,0.0
2013-10-19 22:00:00,0.16349198835182238
2013-10-19 23:00:00,-0.47235719546168264
2013-10-20 00:00:00,0.0
2013-10-20 01:00:00,0.0
2013-10-20 02:00:00,0.0
2013-10-20 03:00:00,-1.453283097094358
2013-10-20 04:00:00,0.0
2013-10-20 05:00:00,0.0
2013-10-20 06:00:00,-1.3040279774864967
2013-10-20 07:00:00,0.0
2013-10-20 08:00:00,-0.21985407774907187
2013-10-20 09:00:00,0.0
2013-10-20 10:00:00,0.009156041749184446
2013-10-20 11:00:00,0.9162001930450434
2013-10-20 12:00:00,0.5329007400358537
2013-10-20 13:00:00,0.2242288468305902
2013-10-20 14:00:00,0.19159968264398547
2013-10-20 15:00:00,0.2803510092315543
2013-10-20 16:00:00,0.21029153241374393
2013-10-20 17:00:00,0.5843149801756006
2013-10-20 18:00:00,0.5375154361136735
2013-10-20 19:00:00,0.0
2013-10-20 20:00:00,0.0
2013-10-20 21:00:00,0.2476752319532449
2013-10-20 22:00:00,0.1401388294125451
2013-10-20 23:00:00,-0.4536187326002407
2013-10-21 00:00:00,0.0
2013-10-21 01:00:00,-1.4159460106465445
2013-10-21 02:00:00,0.0
2013-10-21 03:00:00,-1.4812509521114456
2013-10-21 04:00:00,0.0
2013-10-21 05:00:00,-1.3460263731038244
2013-10-21 06:00:00,0.0
2013-10-21 07:00:00,-0.6652421688962036
2013-10-21 08:00:00,0.0
2013-10-21 09:00:00,0.0
2013-10-21 10:00:00,0.2149528415832517
2013-10-21 11:00:00,0.4440095741732078
2013-10-21 12:00:00,0.3224426310322628
2013-10-21 13:00:00,0.0
2013-10-21 14:00:00,0.0
2013-10-21 15:00:00,0.0
2013-10-21 16:00:00,0.15883067918229804
2013-10-21 17:00:00,0.21019830623035546
2013-10-21 18:00:00,0.0
2013-10-21 19:00:00,0.43468695583417566
2013-10-21 20:00:00,0.3739034842637032
2013-10-21 21:00:00,0.0
2013-10-21 22:00:00,0.10275512987303308
2013-10-21 23:00:00,-0.3273904802897766
2013-10-22 00:00:00,-0.6686915376816458
2013-10-22 01:00:00,-0.854817612820365
2013-10-22 02:00:00,0.0
2013-10-22 03:00:00,0.0
2013-10-22 04:00:00,-1.3739942281209125
2013-10-22 05:00:00,-1.308689286656011
2013-10-22 06:00:00,0.0
2013-10-22 07:00:00,-0.6899004944029351
2013-10-22 08:00:00,0.14950806084327145
2013-10-22 09:00:00,-0.009489194928874256
2013-10-22 10:00:00,0.0
2013-10-22 11:00:00,0.0
2013-10-22 12:00:00,0.3457957899715352
2013-10-22 13:00:00,0.0
2013-10-22 14:00:00,0.0
2013-10-22 15:00:00,0.0
2013-10-22 16:00:00,0.0
2013-10-22 17:00:00,0.3411810938937155
2013-10-22 18:00:00,0.3645808659246766
2013-10-22 19:00:00,0.4627014239429613
2013-10-22 20:00:00,0.45808672786514226
2013-10-22 21:00:00,0.0
2013-10-22 22:00:00,0.17281460669084345
2013-10-22 23:00:00,0.0
2013-10-23 00:00:00,-1.0334389801961734
2013-10-23 01:00:00,-1.1874020220652395
2013-10-23 02:00:00,-1.1687101722954856
2013-10-23 03:00:00,0.0
2013-10-23 04:00:00,-1.425268628985574
2013-10-23 05:00:00,-1.3366571416730997
2013-10-23 06:00:00,0.0
2013-10-23 07:00:00,0.0
2013-10-23 08:00:00,0.03726373604135306
2013-10-23 09:00:00,0.0
2013-10-23 10:00:00,0.0
2013-10-23 11:00:00,0.26170577255348454
2013-10-23 12:00:00,0.0
2013-10-23 13:00:00,0.0
2013-10-23 14:00:00,0.15883067918230356
2013-10-23 15:00:00,0.14009221632085087
2013-10-23 16:00:00,0.16353860144350066
2013-10-23 17:00:00,0.2851055445844561
2013-10-23 18:00:00,0.39259533403346164
2013-10-23 19:00:00,0.5421767452831923
2013-10-23 20:00:00,0.5515925898056018
2013-10-23 21:00:00,0.4019179523724938
2013-10-23 22:00:00,0.0
2013-10-23 23:00:00,-0.42555765139975554
2013-10-24 00:00:00,-0.9901820311030783
2013-10-24 01:00:00,0.0
2013-10-24 02:00:00,-1.16875678538718
2013-10-24 03:00:00,0.0
2013-10-24 04:00:00,0.0
2013-10-24 05:00:00,-1.378655537290427
2013-10-24 06:00:00,-1.3319958325035852
2013-10-24 07:00:00,0.0
2013-10-24 08:00:00,0.0
2013-10-24 09:00:00,0.04663296747208494
2013-10-24 10:00:00,0.0
2013-10-24 11:00:00,0.0
2013-10-24 12:00:00,0.35050371223274207
2013-10-24 13:00:00,0.0
2013-10-24 14:00:00,0.280397622323243
2013-10-24 15:00:00,0.0
2013-10-24 16:00:00,0.16353860144350557
2013-10-24 17:00:00,0.2476286188615562
2013-10-24 18:00:00,0.43468695583417566
2013-10-24 19:00:00,0.4112871838032152
2013-10-24 20:00:00,0.0
2013-10-24 21:00:00,0.22427545992228937
2013-10-24 22:00:00,0.0
2013-10-24 23:00:00,0.0
2013-10-25 00:00:00,-0.9775032701619949
2013-10-25 01:00:00,-1.201385949573784
2013-10-25 02:00:00,-1.2060472587432978
2013-10-25 03:00:00,0.0
2013-10-25 04:00:00,-1.4579444062638722
2013-10-25 05:00:00,-1.3506876822733387
2013-10-25 06:00:00,0.0
2013-10-25 07:00:00,0.0
2013-10-25 08:00:00,0.0
2013-10-25 09:00:00,-0.11236428830006076
2013-10-25 10:00:00,0.16819991061301887
2013-10-25 11:00:00,0.0
2013-10-25 12:00:00,0.3084587035237229
2013-10-25 13:00:00,0.2523365411227637
2013-10-25 14:00:00,0.21495284158325723
2013-10-25 15:00:00,0.05134088973329247
2013-10-25 16:00:00,0.11678567047327826
2013-10-25 17:00:00,0.2757363131537297
2013-10-25 18:00:00,0.2850589314927569
2013-10-25 19:00:00,0.0
2013-10-25 20:00:00,0.4533321925122399
2013-10-25 21:00:00,0.0
2013-10-25 22:00:00,0.13076959798182428
2013-10-25 23:00:00,0.0
2013-10-26 00:00:00,-1.0614534483049534
2013-10-26 01:00:00,0.0
2013-10-26 02:00:00,-1.219984573160147
2013-10-26 03:00:00,0.0
2013-10-26 04:00:00,0.0
2013-10-26 05:00:00,-1.4113313145687247
2013-10-26 06:00:00,-1.3646249966901887
2013-10-26 07:00:00,0.0
2013-10-26 08:00:00,-0.11697898437788536
2013-10-26 09:00:00,-0.12168690663909289
2013-10-26 10:00:00,0.1073698259508632
2013-10-26 11:00:00,0.4019179523724938
2013-10-26 12:00:00,0.0
2013-10-26 13:00:00,0.5375154361136735
2013-10-26 14:00:00,0.4299790335729737
2013-10-26 15:00:00,0.0
2013-10-26 16:00:00,0.0
2013-10-26 17:00:00,0.36919556200249565
2013-10-26 18:00:00,0.0
2013-10-26 19:00:00,0.462654810851272
2013-10-26 20:00:00,0.5421767452831867
2013-10-26 21:00:00,0.2850589314927569
2013-10-26 22:00:00,0.0
2013-10-26 23:00:00,-0.6266465289726261
2013-10-27 00:00:00,-1.2480456543606262
2013-10-27 01:00:00,-1.064343459990054
2013-10-27 02:00:00,-0.30021504783150865
2013-10-27 03:00:00,0.0
2013-10-27 04:00:00,-1.4905735704504757
2013-10-27 05:00:00,0.0
2013-10-27 06:00:00,-1.3879781556294588
2013-10-27 07:00:00,0.0
2013-10-27 08:00:00,0.0
2013-10-27 09:00:00,-0.10299505686933995
2013-10-27 10:00:00,0.20092230098301206
2013-10-27 11:00:00,0.0
2013-10-27 12:00:00,0.44400957417320286
2013-10-27 13:00:00,0.0
2013-10-27 14:00:00,0.19626099181349324
2013-10-27 15:00:00,0.0
2013-10-27 16:00:00,0.31316662578493043
2013-10-27 17:00:00,0.3598729436634635
2013-10-27 18:00:00,0.6169907574538934
2013-10-27 19:00:00,0.0
2013-10-27 20:00:00,0.0
2013-10-27 21:00:00,0.0
2013-10-27 22:00:00,0.19155306955229123
2013-10-27 23:00:00,-0.8301126742219407
2013-10-28 00:00:00,-1.2480456543606249
2013-10-28 01:00:00,0.0
2013-10-28 02:00:00,0.0
2013-10-28 03:00:00,0.0
2013-10-28 04:00:00,0.0
2013-10-28 05:00:00,0.0
2013-10-28 06:00:00,-1.3693329189513976
2013-10-28 07:00:00,0.0
2013-10-28 08:00:00,0.0
2013-10-28 09:00:00,-0.0562421258991071
2013-10-28 10:00:00,0.09333928535061801
2013-10-28 11:00:00,0.0
2013-10-28 12:00:00,0.0
2013-10-28 13:00:00,0.1400922163208564
2013-10-28 14:00:00,0.22427545992228382
2013-10-28 15:00:00,0.032602426871839764
2013-10-28 16:00:00,0.06537143033352659
2013-10-28 17:00:00,0.06532481724183296
2013-10-28 18:00:00,0.0
2013-10-28 19:00:00,0.0
2013-10-28 20:00:00,0.22427545992228382
2013-10-28 21:00:00,0.10275512987303369
2013-10-28 22:00:00,-0.042211585298867454
2013-10-28 23:00:00,-0.8079714556667383
2013-10-29 00:00:00,-1.313350595825526
2013-10-29 01:00:00,-1.5279106568982872
2013-10-29 02:00:00,-1.588600902285369
2013-10-29 03:00:00,0.0
2013-10-29 04:00:00,0.0
2013-10-29 05:00:00,-1.5418945844068312
2013-10-29 06:00:00,-1.4719283337724167
2013-10-29 07:00:00,-0.5764442292169457
2013-10-29 08:00:00,0.0
2013-10-29 09:00:00,-0.36015948375146956
2013-10-29 10:00:00,-0.1403787564088458
2013-10-29 11:00:00,0.0
2013-10-29 12:00:00,0.03726373604135859
2013-10-29 13:00:00,-0.1590706061786043
2013-10-29 14:00:00,0.0
2013-10-29 15:00:00,-0.08551514748366294
2013-10-29 16:00:00,-0.4587461726867071
2013-10-29 17:00:00,0.0
2013-10-29 18:00:00,0.19159968264398486
2013-10-29 19:00:00,0.0
2013-10-29 20:00:00,0.07935535784207261
2013-10-29 21:00:00,0.0
2013-10-29 22:00:00,-0.032888966959840255
2013-10-29 23:00:00,-0.7458828175288128
2013-10-30 00:00:00,-1.4159460106465445
2013-10-30 01:00:00,-1.5792782839463397
2013-10-30 02:00:00,0.0
2013-10-30 03:00:00,-1.7284867904625052
2013-10-30 04:00:00,-1.64458322541124
2013-10-30 05:00:00,-1.4999894149728947
2013-10-30 06:00:00,-1.5652477433461005
2013-10-30 07:00:00,0.0
2013-10-30 08:00:00,-0.562413688616706
2013-10-30 09:00:00,0.0
2013-10-30 10:00:00,-0.1824703782095709
2013-10-30 11:00:00,-0.028181044698632727
2013-10-30 12:00:00,-0.060856821976937224
2013-10-30 13:00:00,-0.38351264269073027
2013-10-30 14:00:00,-0.34603571696784696
2013-10-30 15:00:00,0.0
2013-10-30 16:00:00,-0.2572843903802775
2013-10-30 17:00:00,0.01857188627160565
2013-10-30 18:00:00,0.20558361015253643
2013-10-30 19:00:00,0.2710283908925222
2013-10-30 20:00:00,0.16819991061301887
2013-10-30 21:00:00,-0.060856821976936606
2013-10-30 22:00:00,-0.11702559746957959
2013-10-30 23:00:00,-0.7972504445768611
2013-10-31 00:00:00,0.0
2013-10-31 01:00:00,0.0
2013-10-31 02:00:00,-1.4486217879248435
2013-10-31 03:00:00,0.0
2013-10-31 04:00:00,-1.565201130254405
2013-10-31 05:00:00,-1.4253152420772692
2013-10-31 06:00:00,-1.3413184508426146
2013-10-31 07:00:00,-0.7646678934819491
2013-10-31 08:00:00,-0.5097408950011888
2013-10-31 09:00:00,-0.38817395186024356
2013-10-31 10:00:00,0.0
2013-10-31 11:00:00,0.0
2013-10-31 12:00:00,0.0
2013-10-31 13:00:00,-0.0327957407764524
2013-10-31 14:00:00,0.0
2013-10-31 15:00:00,0.0
2013-10-31 16:00:00,0.0
2013-10-31 17:00:00,0.06061689498062482
2013-10-31 18:00:00,0.24296730969204292
2013-10-31 19:00:00,0.35987294366346906
2013-10-31 20:00:00,0.1962609918135043
2013-10-31 21:00:00,0.0
2013-10-31 22:00:00,0.032649039963534
2013-10-31 23:00:00,0.0
2013-11-01 00:00:00,-1.187402022065238
2013-11-01 01:00:00,0.0
2013-11-01 02:00:00,-1.4998961887895046
2013-11-01 03:00:00,-1.4486217879248422
2013-11-01 04:00:00,-1.4439604787553282
2013-11-01 05:00:00,0.0
2013-11-01 06:00:00,-1.3180119049950407
2013-11-01 07:00:00,-0.5857202344642793
2013-11-01 08:00:00,-0.05158081672959381
2013-11-01 09:00:00,0.0
2013-11-01 10:00:00,0.23364469135300525
2013-11-01 11:00:00,0.33181186246298916
2013-11-01 12:00:00,0.0
2013-11-01 13:00:00,0.3458424030632288
2013-11-01 14:00:00,0.0
2013-11-01 15:00:00,0.08406328010328014
2013-11-01 16:00:00,0.1681999106130244
2013-11-01 17:00:00,0.4020111785558773
2013-11-01 18:00:00,0.0
2013-11-01 19:00:00,0.5748991356531855
2013-11-01 20:00:00,0.4019179523724938
2013-11-01 21:00:00,0.16815329752133015
2013-11-01 22:00:00,0.0
2013-11-01 23:00:00,0.0
2013-11-02 00:00:00,-1.1827407128957252
2013-11-02 01:00:00,-1.3412718377509196
2013-11-02 02:00:00,-1.4392991695858137
2013-11-02 03:00:00,-1.4626057154333867
2013-11-02 04:00:00,0.0
2013-11-02 05:00:00,0.0
2013-11-02 06:00:00,-1.247999041268931
2013-11-02 07:00:00,0.0
2013-11-02 08:00:00,-0.018858426359595077
2013-11-02 09:00:00,0.0
2013-11-02 10:00:00,0.3411810938937155
2013-11-02 11:00:00,0.0
2013-11-02 12:00:00,0.7011740010553269
2013-11-02 13:00:00,0.8133250996738569
2013-11-02 14:00:00,0.3972566432029805
2013-11-02 15:00:00,0.280397622323243
2013-11-02 16:00:00,0.3131200126932307
2013-11-02 17:00:00,0.0
2013-11-02 18:00:00,0.6216520666234128
2013-11-02 19:00:00,0.0
2013-11-02 20:00:00,0.0
2013-11-02 21:00:00,0.0
2013-11-02 22:00:00,0.0
2013-11-02 23:00:00,-0.3461289431512244
2013-11-03 00:00:00,-1.1593875539564575
2013-11-03 01:00:00,0.0
2013-11-03 02:00:00,-1.457991019355567
2013-11-03 03:00:00,-1.476636256033626
2013-11-03 04:00:00,0.0
2013-11-03 05:00:00,-1.3040279774864967
2013-11-03 06:00:00,-1.3133505958255267
2013-11-03 07:00:00,0.0
2013-11-03 08:00:00,0.06532481724183235
2013-11-03 09:00:00,0.0
2013-11-03 10:00:00,0.3037973943542041
2013-11-03 11:00:00,0.0
2013-11-03 12:00:00,0.0
2013-11-03 13:00:00,0.3084120904320342
2013-11-03 14:00:00,0.0
2013-11-03 15:00:00,0.04663296747207941
2013-11-03 16:00:00,0.0
2013-11-03 17:00:00,0.0
2013-11-03 18:00:00,0.0
2013-11-03 19:00:00,0.0
2013-11-03 20:00:00,0.0
2013-11-03 21:00:00,0.16815329752133015
2013-11-03 22:00:00,0.11207774821207134
2013-11-03 23:00:00,-0.5355179347086115
2013-11-04 00:00:00,-1.2433843451911115
2013-11-04 01:00:00,-1.5046041110507145
2013-11-04 02:00:00,-1.5326185791594982
2013-11-04 03:00:00,-1.6118608350412478
2013-11-04 04:00:00,-1.5046041110507145
2013-11-04 05:00:00,-1.4392991695858135
2013-11-04 06:00:00,-1.3413184508426141
2013-11-04 07:00:00,0.0
2013-11-04 08:00:00,-0.08891790317740544
2013-11-04 09:00:00,0.0
2013-11-04 10:00:00,0.1448001385820584
2013-11-04 11:00:00,0.12606167572061613
2013-11-04 12:00:00,0.27568970006203547
2013-11-04 13:00:00,0.20092230098301206
2013-11-04 14:00:00,0.018618499363294353
2013-11-04 15:00:00,0.056002198902805764
2013-11-04 16:00:00,0.056002198902805764
2013-11-04 17:00:00,0.0
2013-11-04 18:00:00,0.36924217509418433
2013-11-04 19:00:00,0.0
2013-11-04 20:00:00,0.26636708172299783
2013-11-04 21:00:00,0.08406328010328014
2013-11-04 22:00:00,0.0
2013-11-04 23:00:00,0.0
2013-11-05 00:00:00,0.0
2013-11-05 01:00:00,0.0
2013-11-05 02:00:00,-1.3833168464599421
2013-11-05 03:00:00,0.0
2013-11-05 04:00:00,-1.3646249966901887
2013-11-05 05:00:00,-1.25270696353014
2013-11-05 06:00:00,-1.2899974368862575
2013-11-05 07:00:00,0.0
2013-11-05 08:00:00,-0.20120884107101256
2013-11-05 09:00:00,-0.13567083414764383
2013-11-05 10:00:00,0.0
2013-11-05 11:00:00,0.2055369970608422
2013-11-05 12:00:00,0.3365197847241967
2013-11-05 13:00:00,0.20558361015253088
2013-11-05 14:00:00,0.238306000522529
2013-11-05 15:00:00,0.16353860144350557
2013-11-05 16:00:00,0.0
2013-11-05 17:00:00,0.0
2013-11-05 18:00:00,0.0
2013-11-05 19:00:00,0.0
2013-11-05 20:00:00,0.0
2013-11-05 21:00:00,0.0
2013-11-05 22:00:00,0.12610828881230546
2013-11-05 23:00:00,-0.37880472042952823
2013-11-06 00:00:00,0.0
2013-11-06 01:00:00,-1.3553023783511584
2013-11-06 02:00:00,-1.4346844735079936
2013-11-06 03:00:00,0.0
2013-11-06 04:00:00,0.0
2013-11-06 05:00:00,0.0
2013-11-06 06:00:00,-1.25270696353014
2013-11-06 07:00:00,0.0
2013-11-06 08:00:00,-0.17319437296223242
2013-11-06 09:00:00,-0.17776245594835785
2013-11-06 10:00:00,0.0
2013-11-06 11:00:00,0.33181186246298916
2013-11-06 12:00:00,0.2944281629234833
2013-11-06 13:00:00,0.0
2013-11-06 14:00:00,0.0
2013-11-06 15:00:00,0.0
2013-11-06 16:00:00,0.06532481724183788
2013-11-06 17:00:00,0.0
2013-11-06 18:00:00,0.42997903357296813
2013-11-06 19:00:00,0.0
2013-11-06 20:00:00,0.5047930457436753
2013-11-06 21:00:00,0.2476286188615562
2013-11-06 22:00:00,0.14946144775158274
2013-11-06 23:00:00,-0.4583266548614485
2013-11-07 00:00:00,0.0
2013-11-07 01:00:00,0.0
2013-11-07 02:00:00,0.0
2013-11-07 03:00:00,0.0
2013-11-07 04:00:00,0.0
2013-11-07 05:00:00,-1.2200777993435372
2013-11-07 06:00:00,0.0
2013-11-07 07:00:00,-0.4220616695226206
2013-11-07 08:00:00,-0.22451538691858516
2013-11-07 09:00:00,0.0
2013-11-07 10:00:00,0.5141622771744011
2013-11-07 11:00:00,0.0
2013-11-07 12:00:00,0.19626099181349876
2013-11-07 13:00:00,0.22432207301397866
2013-11-07 14:00:00,0.16349198835181686
2013-11-07 15:00:00,0.07003273950304602
2013-11-07 16:00:00,0.0
2013-11-07 17:00:00,0.17281460669084345
2013-11-07 18:00:00,0.40662587463369576
2013-11-07 19:00:00,0.49080911823513484
2013-11-07 20:00:00,0.0
2013-11-07 21:00:00,0.0
2013-11-07 22:00:00,0.0
2013-11-07 23:00:00,-0.2760228532417247
2013-11-08 00:00:00,-1.069424286984824
2013-11-08 01:00:00,-1.3226732141645552
2013-11-08 02:00:00,-1.4719749468641115
2013-11-08 03:00:00,-1.3413184508426141
2013-11-08 04:00:00,-1.3739010019375228
2013-11-08 05:00:00,-1.2340151137603868
2013-11-08 06:00:00,-1.2340617268520817
2013-11-08 07:00:00,-0.29466808991978954
2013-11-08 08:00:00,-0.2572843903802775
2013-11-08 09:00:00,-0.19650091880980503
2013-11-08 10:00:00,0.0
2013-11-08 11:00:00,0.0
2013-11-08 12:00:00,0.3037507812625154
2013-11-08 13:00:00,0.2663670817230034
2013-11-08 14:00:00,0.22898338218349687
2013-11-08 15:00:00,0.0
2013-11-08 16:00:00,0.0
2013-11-08 17:00:00,0.214906228491563
2013-11-08 18:00:00,0.45804011477344253
2013-11-08 19:00:00,0.4674093462041738
2013-11-08 20:00:00,0.0
2013-11-08 21:00:00,0.3271505532934703
2013-11-08 22:00:00,0.0
2013-11-08 23:00:00,-0.5436286126635671
2013-11-09 00:00:00,0.0
2013-11-09 01:00:00,0.0
2013-11-09 02:00:00,-1.611907448132942
2013-11-09 03:00:00,0.0
2013-11-09 04:00:00,0.0
2013-11-09 05:00:00,-1.4019620831380006
2013-11-09 06:00:00,-1.4299765512467832
2013-11-09 07:00:00,0.0
2013-11-09 08:00:00,-0.07493397566886557
2013-11-09 09:00:00,0.3691955620025012
2013-11-09 10:00:00,0.4907625051434406
2013-11-09 11:00:00,0.0
2013-11-09 12:00:00,0.0
2013-11-09 13:00:00,0.0
2013-11-09 14:00:00,0.6263599888846197
2013-11-09 15:00:00,0.0
2013-11-09 16:00:00,0.0
2013-11-09 17:00:00,0.0
2013-11-09 18:00:00,0.7011740010553325
2013-11-09 19:00:00,0.0
2013-11-09 20:00:00,0.6825287643772732
2013-11-09 21:00:00,0.0
2013-11-09 22:00:00,0.4112871838032152
2013-11-09 23:00:00,0.0
2013-11-10 00:00:00,0.0
2013-11-10 01:00:00,0.0
2013-11-10 02:00:00,-1.5139267293897434
2013-11-10 03:00:00,-1.4906201835421704
2013-11-10 04:00:00,-1.4579910193555676
2013-11-10 05:00:00,0.0
2013-11-10 06:00:00,-1.378702150382122
2013-11-10 07:00:00,-0.4502625899981872
2013-11-10 08:00:00,0.009202654840879296
2013-11-10 09:00:00,0.11678567047327826
2013-11-10 10:00:00,0.2757363131537242
2013-11-10 11:00:00,0.6918513827162998
2013-11-10 12:00:00,0.5048396588353696
2013-11-10 13:00:00,0.4486708833427266
2013-11-10 14:00:00,0.0
2013-11-10 15:00:00,0.3552116344939502
2013-11-10 16:00:00,0.0
2013-11-10 17:00:00,0.476731964543201
2013-11-10 18:00:00,0.0
2013-11-10 19:00:00,0.5749457487448743
2013-11-10 20:00:00,0.42997903357296813
2013-11-10 21:00:00,0.0
2013-11-10 22:00:00,0.21961415075277607
2013-11-10 23:00:00,-0.4816798138007148
2013-11-11 00:00:00,-1.0986973085693759
2013-11-11 01:00:00,0.0
2013-11-11 02:00:00,-1.5093120333119243
2013-11-11 03:00:00,0.0
2013-11-11 04:00:00,-1.509265420220229
2013-11-11 05:00:00,-1.406670005399211
2013-11-11 06:00:00,0.0
2013-11-11 07:00:00,0.0
2013-11-11 08:00:00,0.0
2013-11-11 09:00:00,0.0
2013-11-11 10:00:00,0.15887729227398675
2013-11-11 11:00:00,0.14475352549036968
2013-11-11 12:00:00,0.2008756878913289
2013-11-11 13:00:00,0.0
2013-11-11 14:00:00,0.11673905738158402
2013-11-11 15:00:00,-0.01415050409838755
2013-11-11 16:00:00,0.07935535784207814
2013-11-11 17:00:00,0.22427545992228937
2013-11-11 18:00:00,0.0
2013-11-11 19:00:00,0.0
2013-11-11 20:00:00,0.0
2013-11-11 21:00:00,0.18689176038277794
2013-11-11 22:00:00,0.0512942766415927
2013-11-11 23:00:00,0.0
2013-11-12 00:00:00,-0.7213643312971628
2013-11-12 01:00:00,-0.8921546992681771
2013-11-12 02:00:00,0.0
2013-11-12 03:00:00,0.0
2013-11-12 04:00:00,0.0
2013-11-12 05:00:00,0.0
2013-11-12 06:00:00,-0.7926823615907331
2013-11-12 07:00:00,-0.042211585298867454
2013-11-12 08:00:00,0.0
2013-11-12 09:00:00,0.0
2013-11-12 10:00:00,0.0
2013-11-12 11:00:00,0.0
2013-11-12 12:00:00,0.25699785029228256
2013-11-12 13:00:00,0.0
2013-11-12 14:00:00,0.46740934620416885
2013-11-12 15:00:00,0.14946144775157721
2013-11-12 16:00:00,0.0
2013-11-12 17:00:00,0.4206098021422473
2013-11-12 18:00:00,0.0
2013-11-12 19:00:00,0.4580401147734474
2013-11-12 20:00:00,0.2944281629234833
2013-11-12 21:00:00,0.0
2013-11-12 22:00:00,0.18218383812157532
2013-11-12 23:00:00,-0.4595385952455251
2013-11-13 00:00:00,-0.8661912071939842
2013-11-13 01:00:00,-0.9588114203922395
2013-11-13 02:00:00,0.0
2013-11-13 03:00:00,0.0
2013-11-13 04:00:00,-1.0147937435181102
2013-11-13 05:00:00,-0.8347739833914527
2013-11-13 06:00:00,-0.820790055882907
2013-11-13 07:00:00,0.0
2013-11-13 08:00:00,0.0
2013-11-13 09:00:00,-0.0562421258991071
2013-11-13 10:00:00,0.0
2013-11-13 11:00:00,0.0
2013-11-13 12:00:00,0.0
2013-11-13 13:00:00,0.42065641523393604
2013-11-13 14:00:00,0.3131200126932362
2013-11-13 15:00:00,0.2757363131537297
2013-11-13 16:00:00,0.42997903357296813
2013-11-13 17:00:00,0.0
2013-11-13 18:00:00,0.472024042281999
2013-11-13 19:00:00,0.0
2013-11-13 20:00:00,0.38327271569442956
2013-11-13 21:00:00,0.14484675167375263
2013-11-13 22:00:00,0.13072298489012943
2013-11-13 23:00:00,-0.6558729374654827
2013-11-14 00:00:00,0.0
2013-11-14 01:00:00,-1.2107085679128142
2013-11-14 02:00:00,-1.201385949573784
2013-11-14 03:00:00,0.0
2013-11-14 04:00:00,-1.266644277946989
2013-11-14 05:00:00,0.0
2013-11-14 06:00:00,-1.1313730858476727
2013-11-14 07:00:00,-0.46764927320048066
2013-11-14 08:00:00,0.0
2013-11-14 09:00:00,0.0
2013-11-14 10:00:00,0.8320635625352986
2013-11-14 11:00:00,0.0
2013-11-14 12:00:00,0.733896391425325
2013-11-14 13:00:00,0.39259533403346164
2013-11-14 14:00:00,0.0
2013-11-14 15:00:00,0.18223045121325912
2013-11-14 16:00:00,0.22898338218349135
2013-11-14 17:00:00,0.3458424030632288
2013-11-14 18:00:00,0.0
2013-11-14 19:00:00,0.4580401147734474
2013-11-14 20:00:00,0.0
2013-11-14 21:00:00,0.1074164390425519
2013-11-14 22:00:00,0.013863964010397507
2013-11-14 23:00:00,-0.4910024321397472
2013-11-15 00:00:00,-1.0227645821979827
2013-11-15 01:00:00,-1.1547262447869413
2013-11-15 02:00:00,-1.243337732099416
2013-11-15 03:00:00,0.0
2013-11-15 04:00:00,-1.2294004176825661
2013-11-15 05:00:00,0.0
2013-11-15 06:00:00,0.0
2013-11-15 07:00:00,-0.38472458307480745
2013-11-15 08:00:00,0.25704446338397124
2013-11-15 09:00:00,0.3411810938937106
2013-11-15 10:00:00,0.8508020253967512
2013-11-15 11:00:00,0.0
2013-11-15 12:00:00,0.9021696524448086
2013-11-15 13:00:00,0.8975083432752954
2013-11-15 14:00:00,0.0
2013-11-15 15:00:00,0.06537143033352166
2013-11-15 16:00:00,0.1401388294125451
2013-11-15 17:00:00,0.0
2013-11-15 18:00:00,0.0
2013-11-15 19:00:00,0.6216520666234178
2013-11-15 20:00:00,0.0
2013-11-15 21:00:00,0.39725664320297555
2013-11-15 22:00:00,0.2008756878913289
2013-11-15 23:00:00,0.0
2013-11-16 00:00:00,-1.0273792782758
2013-11-16 01:00:00,0.0
2013-11-16 02:00:00,-1.2760135093777139
2013-11-16 03:00:00,0.0
2013-11-16 04:00:00,-1.3273345233340705
2013-11-16 05:00:00,-1.1547262447869435
2013-11-16 06:00:00,0.0
2013-11-16 07:00:00,0.0
2013-11-16 08:00:00,0.0
2013-11-16 09:00:00,0.0
2013-11-16 10:00:00,0.7619574726258049
2013-11-16 11:00:00,0.0
2013-11-16 12:00:00,0.0
2013-11-16 13:00:00,0.0
2013-11-16 14:00:00,0.19155306955229615
2013-11-16 15:00:00,0.14013882941253958
2013-11-16 16:00:00,0.0
2013-11-16 17:00:00,0.39725664320297494
2013-11-16 18:00:00,0.5515925898056073
2013-11-16 19:00:00,0.0
2013-11-16 20:00:00,0.5469312806360885
2013-11-16 21:00:00,0.3457957899715352
2013-11-16 22:00:00,0.19621437872181005
2013-11-16 23:00:00,0.0
2013-11-17 00:00:00,0.0
2013-11-17 01:00:00,0.0
2013-11-17 02:00:00,-1.2993200552252868
2013-11-17 03:00:00,-1.2899974368862583
2013-11-17 04:00:00,-1.2480456543606253
2013-11-17 05:00:00,-1.0987905347527644
2013-11-17 06:00:00,-1.1173891583391278
2013-11-17 07:00:00,0.0
2013-11-17 08:00:00,0.0
2013-11-17 09:00:00,0.191506456460597
2013-11-17 10:00:00,0.5655765173141528
2013-11-17 11:00:00,0.7759414001343449
2013-11-17 12:00:00,0.0
2013-11-17 13:00:00,0.0
2013-11-17 14:00:00,0.0
2013-11-17 15:00:00,0.0
2013-11-17 16:00:00,0.35521163449395515
2013-11-17 17:00:00,0.3084587035237229
2013-11-17 18:00:00,0.47677857763489523
2013-11-17 19:00:00,0.4159484929727285
2013-11-17 20:00:00,0.0
2013-11-17 21:00:00,0.041925045210866346
2013-11-17 22:00:00,0.08872458927279343
2013-11-17 23:00:00,0.0
2013-11-18 00:00:00,0.0
2013-11-18 01:00:00,0.0
2013-11-18 02:00:00,-1.3973007739684857
2013-11-18 03:00:00,-1.4159460106465451
2013-11-18 04:00:00,-1.4392991695858126
2013-11-18 05:00:00,-1.3739942281209123
2013-11-18 06:00:00,0.0
2013-11-18 07:00:00,-0.6406304564811607
2013-11-18 08:00:00,-0.1403787564088458
2013-11-18 09:00:00,-0.042211585298872374
2013-11-18 10:00:00,0.0
2013-11-18 11:00:00,0.0
2013-11-18 12:00:00,0.0
2013-11-18 13:00:00,0.0
2013-11-18 14:00:00,-0.06561135732982792
2013-11-18 15:00:00,0.0
2013-11-18 16:00:00,-0.06561135732983346
2013-11-18 17:00:00,0.009249267932567999
2013-11-18 18:00:00,0.3224426310322628
2013-11-18 19:00:00,0.4720706553736877
2013-11-18 20:00:00,0.0
2013-11-18 21:00:00,0.23830600052252346
2013-11-18 22:00:00,0.21495284158325723
2013-11-18 23:00:00,-0.5717829200474325
2013-11-19 00:00:00,-1.2060938718349912
2013-11-19 01:00:00,-1.3506876822733387
2013-11-19 02:00:00,-1.3925928517072763
2013-11-19 03:00:00,0.0
2013-11-19 04:00:00,-1.4486217879248429
2013-11-19 05:00:00,0.0
2013-11-19 06:00:00,-1.364671609781883
2013-11-19 07:00:00,-0.7086389572643879
2013-11-19 08:00:00,0.0
2013-11-19 09:00:00,-0.16843983760932574
2013-11-19 10:00:00,0.0
2013-11-19 11:00:00,0.39725664320297494
2013-11-19 12:00:00,0.4580401147734474
2013-11-19 13:00:00,0.4813932737127198
2013-11-19 14:00:00,0.3552116344939502
2013-11-19 15:00:00,0.378564793433222
2013-11-19 16:00:00,0.4112871838032152
2013-11-19 17:00:00,0.49547042740464814
2013-11-19 18:00:00,0.0
2013-11-19 19:00:00,0.5468380544527056
2013-11-19 20:00:00,0.9629997371069705
2013-11-19 21:00:00,0.7853106315650767
2013-11-19 22:00:00,0.0
2013-11-19 23:00:00,-0.1964543057181108
2013-11-20 00:00:00,0.0
2013-11-20 01:00:00,-1.303981364394802
2013-11-20 02:00:00,0.0
2013-11-20 03:00:00,0.0
2013-11-20 04:00:00,-1.4253618551689646
2013-11-20 05:00:00,0.0
2013-11-20 06:00:00,-1.210755181004508
2013-11-20 07:00:00,0.0
2013-11-20 08:00:00,0.11207774821207073
2013-11-20 09:00:00,0.19155306955229615
2013-11-20 10:00:00,0.0
2013-11-20 11:00:00,0.6731595329465523
2013-11-20 12:00:00,0.7152511547472663
2013-11-20 13:00:00,0.0
2013-11-20 14:00:00,0.6403905294848544
2013-11-20 15:00:00,0.0
2013-11-20 16:00:00,0.05595558581111706
2013-11-20 17:00:00,0.0
2013-11-20 18:00:00,0.43934826500368895
2013-11-20 19:00:00,0.0
2013-11-20 20:00:00,0.0
2013-11-20 21:00:00,0.0
2013-11-20 22:00:00,0.0
2013-11-20 23:00:00,-0.41157372389121016
2013-11-21 00:00:00,-1.2667375041303788
2013-11-21 01:00:00,-1.3926394647989713
2013-11-21 02:00:00,-1.5326651922511925
2013-11-21 03:00:00,-1.518634651650953
2013-11-21 04:00:00,-1.5046507241424099
2013-11-21 05:00:00,0.0
2013-11-21 06:00:00,0.0
2013-11-21 07:00:00,-0.9794144069214924
2013-11-21 08:00:00,0.36924217509419544
2013-11-21 09:00:00,0.0
2013-11-21 10:00:00,0.6636970753324375
2013-11-21 11:00:00,0.9770302777072101
2013-11-21 12:00:00,0.8975083432752904
2013-11-21 13:00:00,0.0
2013-11-21 14:00:00,0.7853572446567655
2013-11-21 15:00:00,0.23830600052252346
2013-11-21 16:00:00,0.8834778026750557
2013-11-21 17:00:00,0.0
2013-11-21 18:00:00,0.0
2013-11-21 19:00:00,0.0
2013-11-21 20:00:00,0.0
2013-11-21 21:00:00,0.0
2013-11-21 22:00:00,0.0
2013-11-21 23:00:00,0.42065641523393604
2013-11-22 00:00:00,0.0
2013-11-22 01:00:00,0.0
2013-11-22 02:00:00,0.0
2013-11-22 03:00:00,-0.10299505686933934
2013-11-22 04:00:00,-0.11236428830006076
2013-11-22 05:00:00,-0.05158081672958827
2013-11-22 06:00:00,0.0
2013-11-22 07:00:00,-0.2666070087193041
2013-11-22 08:00:00,0.5982989076841515
2013-11-22 09:00:00,0.0
2013-11-22 10:00:00,0.0
2013-11-22 11:00:00,0.0
2013-11-22 12:00:00,1.0378137492776882
2013-11-22 13:00:00,0.9208615022145566
2013-11-22 14:00:00,0.4627014239429613
2013-11-22 15:00:00,0.44871749643441533
2013-11-22 16:00:00,0.0
2013-11-22 17:00:00,0.4393948780953832
2013-11-22 18:00:00,0.729281695347506
2013-11-22 19:00:00,0.7573427765479859
2013-11-22 20:00:00,0.5328541269441602
2013-11-22 21:00:00,0.0
2013-11-22 22:00:00,0.2476752319532449
2013-11-22 23:00:00,-0.2619456995497908
2013-11-23 00:00:00,-0.7881608916963081
2013-11-23 01:00:00,0.0
2013-11-23 02:00:00,0.0
2013-11-23 03:00:00,-0.9821179662398146
2013-11-23 04:00:00,-0.94813702239405
2013-11-23 05:00:00,0.0
2013-11-23 06:00:00,0.0
2013-11-23 07:00:00,-0.1544559101007797
2013-11-23 08:00:00,0.6030068299453479
2013-11-23 09:00:00,0.0
2013-11-23 10:00:00,0.7525882411950842
2013-11-23 11:00:00,0.8554167214745764
2013-11-23 12:00:00,0.0
2013-11-23 13:00:00,0.822740944196272
2013-11-23 14:00:00,0.6029602168536593
2013-11-23 15:00:00,0.39725664320297494
2013-11-23 16:00:00,0.5702844395753609
2013-11-23 17:00:00,0.7479269320255598
2013-11-23 18:00:00,1.1546727701574144
2013-11-23 19:00:00,0.0
2013-11-23 20:00:00,0.0
2013-11-23 21:00:00,0.6497131478238921
2013-11-23 22:00:00,0.7152045416555721
2013-11-23 23:00:00,0.0
2013-11-24 00:00:00,0.0
2013-11-24 01:00:00,0.0
2013-11-24 02:00:00,-1.7098415537844456
2013-11-24 03:00:00,-1.723872094384686
2013-11-24 04:00:00,-1.6865816210285678
2013-11-24 05:00:00,-1.56995566560731
2013-11-24 06:00:00,-1.5372332752373166
2013-11-24 07:00:00,-0.44993629835632265
2013-11-24 08:00:00,0.0
2013-11-24 09:00:00,0.29442816292347773
2013-11-24 10:00:00,0.6777742290243713
2013-11-24 11:00:00,1.0331058270164744
2013-11-24 12:00:00,1.0564589859557467
2013-11-24 13:00:00,0.0
2013-11-24 14:00:00,0.0
2013-11-24 15:00:00,0.0
2013-11-24 16:00:00,0.0
2013-11-24 17:00:00,0.0
2013-11-24 18:00:00,0.0
2013-11-24 19:00:00,0.0
2013-11-24 20:00:00,0.0
2013-11-24 21:00:00,0.874155184336018
2013-11-24 22:00:00,0.0
2013-11-24 23:00:00,0.0
2013-11-25 00:00:00,-1.181295707053175
2013-11-25 01:00:00,-1.5372798883290126
2013-11-25 02:00:00,-1.6259379887331815
2013-11-25 03:00:00,-1.7238720943846852
2013-11-25 04:00:00,0.0
2013-11-25 05:00:00,0.0
2013-11-25 06:00:00,0.0
2013-11-25 07:00:00,0.0
2013-11-25 08:00:00,0.0
2013-11-25 09:00:00,0.0
2013-11-25 10:00:00,0.07469404867255379
2013-11-25 11:00:00,-0.10760975294716453
2013-11-25 12:00:00,0.0
2013-11-25 13:00:00,0.0
2013-11-25 14:00:00,0.0
2013-11-25 15:00:00,-0.018811813267911908
2013-11-25 16:00:00,0.05129427664159823
2013-11-25 17:00:00,0.0
2013-11-25 18:00:00,0.5281928177746358
2013-11-25 19:00:00,0.0
2013-11-25 20:00:00,0.4019179523724938
2013-11-25 21:00:00,0.32710394020178224
2013-11-25 22:00:00,0.3505503253244369
2013-11-25 23:00:00,-0.23388461834931704
2013-11-26 00:00:00,0.0
2013-11-26 01:00:00,-1.4439604787553282
2013-11-26 02:00:00,-1.5466025066680416
2013-11-26 03:00:00,-1.513926729389744
2013-11-26 04:00:00,-1.5092654202202296
2013-11-26 05:00:00,-1.4299765512467837
2013-11-26 06:00:00,-1.4439604787553277
2013-11-26 07:00:00,0.0
2013-11-26 08:00:00,0.02323319544111341
2013-11-26 09:00:00,0.12610828881231037
2013-11-26 10:00:00,0.1775225289520516
2013-11-26 11:00:00,0.36453425283298235
2013-11-26 12:00:00,0.3738568711720145
2013-11-26 13:00:00,0.0
2013-11-26 14:00:00,0.4019179523724938
2013-11-26 15:00:00,0.4066258746337019
2013-11-26 16:00:00,0.0
2013-11-26 17:00:00,0.0
2013-11-26 18:00:00,0.0
2013-11-26 19:00:00,0.4907625051434351
2013-11-26 20:00:00,0.38327271569442956
2013-11-26 21:00:00,0.0
2013-11-26 22:00:00,0.22432207301398358
2013-11-26 23:00:00,-0.42215489570600784
2013-11-27 00:00:00,-1.3319958325035846
2013-11-27 01:00:00,-1.6072461389634283
2013-11-27 02:00:00,0.0
2013-11-27 03:00:00,-1.6865350079368726
2013-11-27 04:00:00,0.0
2013-11-27 05:00:00,0.0
2013-11-27 06:00:00,0.0
2013-11-27 07:00:00,-0.48741322407921456
2013-11-27 08:00:00,0.22432207301397805
2013-11-27 09:00:00,0.0
2013-11-27 10:00:00,0.5748991356531848
2013-11-27 11:00:00,0.7666187817953238
2013-11-27 12:00:00,0.0
2013-11-27 13:00:00,0.584221753992217
2013-11-27 14:00:00,0.0
2013-11-27 15:00:00,0.5047930457436802
2013-11-27 16:00:00,0.7058353102248514
2013-11-27 17:00:00,0.0
2013-11-27 18:00:00,0.5094543549131991
2013-11-27 19:00:00,0.0
2013-11-27 20:00:00,0.280397622323243
2013-11-27 21:00:00,0.0887245892728045
2013-11-27 22:00:00,0.0
2013-11-27 23:00:00,-0.5577523794471925
2013-11-28 00:00:00,0.0
2013-11-28 01:00:00,-1.5932622114548831
2013-11-28 02:00:00,-1.6678897712588137
2013-11-28 03:00:00,-1.6586137660114788
2013-11-28 04:00:00,0.0
2013-11-28 05:00:00,0.0
2013-11-28 06:00:00,-1.4812509521114456
2013-11-28 07:00:00,-0.6649624903460286
2013-11-28 08:00:00,0.2710750039842109
2013-11-28 09:00:00,0.0
2013-11-28 10:00:00,0.24296730969203736
2013-11-28 11:00:00,0.4813932737127198
2013-11-28 12:00:00,0.0
2013-11-28 13:00:00,0.2991360851846908
2013-11-28 14:00:00,0.3645808659246766
2013-11-28 15:00:00,0.0
2013-11-28 16:00:00,0.6076681391148668
2013-11-28 17:00:00,0.6123294482843856
2013-11-28 18:00:00,0.0
2013-11-28 19:00:00,0.6544210700851052
2013-11-28 20:00:00,0.0
2013-11-28 21:00:00,0.42531772440345483
2013-11-28 22:00:00,0.2710283908925167
2013-11-28 23:00:00,-0.717635283961553
2013-11-29 00:00:00,0.0
2013-11-29 01:00:00,0.0
2013-11-29 02:00:00,0.0
2013-11-29 03:00:00,0.0
2013-11-29 04:00:00,-1.677212389597843
2013-11-29 05:00:00,0.0
2013-11-29 06:00:00,0.0
2013-11-29 07:00:00,0.0
2013-11-29 08:00:00,-0.2900067807502707
2013-11-29 09:00:00,0.0
2013-11-29 10:00:00,0.0
2013-11-29 11:00:00,0.9769836646155214
2013-11-29 12:00:00,0.8928470341057765
2013-11-29 13:00:00,0.8087104035960379
2013-11-29 14:00:00,0.7292350822558118
2013-11-29 15:00:00,0.0
2013-11-29 16:00:00,0.0
2013-11-29 17:00:00,0.6310679111458328
2013-11-29 18:00:00,0.6778208421160608
2013-11-29 19:00:00,0.0
2013-11-29 20:00:00,0.5655765173141478
2013-11-29 21:00:00,0.0
2013-11-29 22:00:00,0.0
2013-11-29 23:00:00,0.0
2013-11-30 00:00:00,-1.206047258743299
2013-11-30 01:00:00,0.0
2013-11-30 02:00:00,0.0
2013-11-30 03:00:00,-1.527957269989983
2013-11-30 04:00:00,-1.3786089241987325
2013-11-30 05:00:00,0.0
2013-11-30 06:00:00,0.0
2013-11-30 07:00:00,0.0
2013-11-30 08:00:00,0.0840166670115859
2013-11-30 09:00:00,0.0
2013-11-30 10:00:00,0.0
2013-11-30 11:00:00,0.7105432324860588
2013-11-30 12:00:00,0.0
2013-11-30 13:00:00,0.8087104035960316
2013-11-30 14:00:00,0.47207065537368215
2013-11-30 15:00:00,0.48605458288223863
2013-11-30 16:00:00,0.5469312806360941
2013-11-30 17:00:00,0.0
2013-11-30 18:00:00,0.0
2013-11-30 19:00:00,0.7572495503645974
2013-11-30 20:00:00,0.7292350822558062
2013-11-30 21:00:00,0.4627014239429607
2013-11-30 22:00:00,0.0
2013-11-30 23:00:00,0.0
2013-12-01 00:00:00,-1.280674818547228
2013-12-01 01:00:00,-1.6399219162417253
2013-12-01 02:00:00,-1.6725510804283288
2013-12-01 03:00:00,0.0
2013-12-01 04:00:00,-1.6678897712588143
2013-12-01 05:00:00,0.0
2013-12-01 06:00:00,-1.5559717380987657
2013-12-01 07:00:00,-0.651165015204271
2013-12-01 08:00:00,-0.40691241472169626
2013-12-01 09:00:00,-0.028181044698632727
2013-12-01 10:00:00,0.0
2013-12-01 11:00:00,0.6497131478238977
2013-12-01 12:00:00,0.7479269320255598
2013-12-01 13:00:00,0.6731595329465468
2013-12-01 14:00:00,0.434640342742487
2013-12-01 15:00:00,0.3598263305717748
2013-12-01 16:00:00,0.476731964543201
2013-12-01 17:00:00,0.7058353102248458
2013-12-01 18:00:00,0.0
2013-12-01 19:00:00,0.0
2013-12-01 20:00:00,0.5234848955134338
2013-12-01 21:00:00,0.0
2013-12-01 22:00:00,0.39725664320297494
2013-12-01 23:00:00,-0.3413744077983226
2013-12-02 00:00:00,-1.3739942281209128
2013-12-02 01:00:00,-1.597923520624399
2013-12-02 02:00:00,0.0
2013-12-02 03:00:00,-1.7331947127237148
2013-12-02 04:00:00,-1.7192107852151703
2013-12-02 05:00:00,0.0
2013-12-02 06:00:00,-1.5745237485934354
2013-12-02 07:00:00,-0.68048464988052
2013-12-02 08:00:00,-0.37880472042952823
2013-12-02 09:00:00,0.0
2013-12-02 10:00:00,0.3318118624629842
2013-12-02 11:00:00,0.0
2013-12-02 12:00:00,0.4766853514515123
2013-12-02 13:00:00,0.0
2013-12-02 14:00:00,0.3599195567551633
2013-12-02 15:00:00,0.214906228491563
2013-12-02 16:00:00,0.0
2013-12-02 17:00:00,0.5141622771744011
2013-12-02 18:00:00,0.5421767452831923
2013-12-02 19:00:00,0.0
2013-12-02 20:00:00,0.0
2013-12-02 21:00:00,0.481439886804414
2013-12-02 22:00:00,0.3177813218627495
2013-12-02 23:00:00,-0.6850993459583299
2013-12-03 00:00:00,-1.439299169585813
2013-12-03 01:00:00,0.0
2013-12-03 02:00:00,-1.6772123895978428
2013-12-03 03:00:00,0.0
2013-12-03 04:00:00,-1.714596089137351
2013-12-03 05:00:00,0.0
2013-12-03 06:00:00,-1.611954061224638
2013-12-03 07:00:00,-0.8894511399498559
2013-12-03 08:00:00,0.0
2013-12-03 09:00:00,0.06532481724183788
2013-12-03 10:00:00,0.17281460669084345
2013-12-03 11:00:00,0.5328075138524659
2013-12-03 12:00:00,0.5609618212363282
2013-12-03 13:00:00,0.6310212980541337
2013-12-03 14:00:00,0.0
2013-12-03 15:00:00,0.0
2013-12-03 16:00:00,0.5375154361136735
2013-12-03 17:00:00,0.5235315086051274
2013-12-03 18:00:00,0.710496619394359
2013-12-03 19:00:00,0.5468846675443942
2013-12-03 20:00:00,0.0
2013-12-03 21:00:00,0.26170577255348454
2013-12-03 22:00:00,-0.2900533938419643
2013-12-03 23:00:00,-0.9339200294270309
2013-12-04 00:00:00,0.0
2013-12-04 01:00:00,-1.8078688856193401
2013-12-04 02:00:00,-1.8358833537281232
2013-12-04 03:00:00,-1.8404980498059431
2013-12-04 04:00:00,-1.8638512087452113
2013-12-04 05:00:00,-1.779807804418861
2013-12-04 06:00:00,0.0
2013-12-04 07:00:00,0.0
2013-12-04 08:00:00,0.0
2013-12-04 09:00:00,0.0
2013-12-04 10:00:00,0.5094543549131941
2013-12-04 11:00:00,0.0
2013-12-04 12:00:00,0.6263599888846253
2013-12-04 13:00:00,0.481439886804414
2013-12-04 14:00:00,0.0
2013-12-04 15:00:00,0.44400957417320286
2013-12-04 16:00:00,0.0
2013-12-04 17:00:00,0.6169907574538989
2013-12-04 18:00:00,0.7619574726257994
2013-12-04 19:00:00,0.7806959354872521
2013-12-04 20:00:00,0.0
2013-12-04 21:00:00,0.4861011959739267
2013-12-04 22:00:00,0.16349198835181133
2013-12-04 23:00:00,0.0
2013-12-05 00:00:00,0.0
2013-12-05 01:00:00,0.0
2013-12-05 02:00:00,-1.8032075764498254
2013-12-05 03:00:00,0.0
2013-12-05 04:00:00,-1.8544353642227915
2013-12-05 05:00:00,-1.7518399494017736
2013-12-05 06:00:00,-1.7284867904625045
2013-12-05 07:00:00,-0.8486180716249123
2013-12-05 08:00:00,-0.27126831788882294
2013-12-05 09:00:00,0.0
2013-12-05 10:00:00,0.5094543549131941
2013-12-05 11:00:00,0.0
2013-12-05 12:00:00,0.7152045416555721
2013-12-05 13:00:00,0.5935909854229384
2013-12-05 14:00:00,0.6123294482843856
2013-12-05 15:00:00,0.42531772440345483
2013-12-05 16:00:00,0.0
2013-12-05 17:00:00,0.6777742290243713
2013-12-05 18:00:00,0.6731129198548581
2013-12-05 19:00:00,0.0
2013-12-05 20:00:00,0.6450518386543733
2013-12-05 21:00:00,0.23364469135300525
2013-12-05 22:00:00,-0.3741434112600039
2013-12-05 23:00:00,-0.8905698541505433
2013-12-06 00:00:00,-1.4952348796199895
2013-12-06 01:00:00,-1.7517933363100784
2013-12-06 02:00:00,0.0
2013-12-06 03:00:00,0.0
2013-12-06 04:00:00,0.0
2013-12-06 05:00:00,0.0
2013-12-06 06:00:00,-1.6678897712588134
2013-12-06 07:00:00,-0.9946102748141097
2013-12-06 08:00:00,0.0
2013-12-06 09:00:00,0.0
2013-12-06 10:00:00,0.5235315086051274
2013-12-06 11:00:00,0.0
2013-12-06 12:00:00,0.0
2013-12-06 13:00:00,0.0
2013-12-06 14:00:00,0.4487174964344208
2013-12-06 15:00:00,0.3271505532934703
2013-12-06 16:00:00,0.5000851234824727
2013-12-06 17:00:00,0.0
2013-12-06 18:00:00,0.0
2013-12-06 19:00:00,0.8413861808743306
2013-12-06 20:00:00,0.7713267040565258
2013-12-06 21:00:00,0.584314980175595
2013-12-06 22:00:00,0.15887729227399228
2013-12-06 23:00:00,0.0
2013-12-07 00:00:00,0.0
2013-12-07 01:00:00,-1.406623392307515
2013-12-07 02:00:00,-1.4299765512467844
2013-12-07 03:00:00,-1.4579444062638724
2013-12-07 04:00:00,-1.5372798883290122
2013-12-07 05:00:00,-1.3973007739684857
2013-12-07 06:00:00,-1.3740408412126073
2013-12-07 07:00:00,0.0
2013-12-07 08:00:00,-0.06556474423813922
2013-12-07 09:00:00,0.1821838381215704
2013-12-07 10:00:00,0.4767319645432065
2013-12-07 11:00:00,0.0
2013-12-07 12:00:00,1.1359343072959673
2013-12-07 13:00:00,0.0
2013-12-07 14:00:00,0.5936375985146272
2013-12-07 15:00:00,0.49547042740464814
2013-12-07 16:00:00,0.4159484929727334
2013-12-07 17:00:00,0.832063562535304
2013-12-07 18:00:00,0.9676610462764837
2013-12-07 19:00:00,1.028397904755267
2013-12-07 20:00:00,0.8788164935055425
2013-12-07 21:00:00,0.0
2013-12-07 22:00:00,0.3224892441239515
2013-12-07 23:00:00,-0.48634112297022836
2013-12-08 00:00:00,-1.2433843451911089
2013-12-08 01:00:00,0.0
2013-12-08 02:00:00,-1.737809408801534
2013-12-08 03:00:00,-1.7238720943846846
2013-12-08 04:00:00,-1.8218062000361888
2013-12-08 05:00:00,-1.7098881668761408
2013-12-08 06:00:00,-1.6725510804283281
2013-12-08 07:00:00,0.0
2013-12-08 08:00:00,-0.12168690663909289
2013-12-08 09:00:00,0.0
2013-12-08 10:00:00,0.0
2013-12-08 11:00:00,0.0
2013-12-08 12:00:00,0.8742017974277179
2013-12-08 13:00:00,0.6871434604550983
2013-12-08 14:00:00,0.5328075138524659
2013-12-08 15:00:00,0.3505037122327476
2013-12-08 16:00:00,0.0
2013-12-08 17:00:00,0.6871434604550928
2013-12-08 18:00:00,0.8834778026750502
2013-12-08 19:00:00,0.8835710288584442
2013-12-08 20:00:00,0.8414327939660304
2013-12-08 21:00:00,0.5889762893451138
2013-12-08 22:00:00,0.0
2013-12-08 23:00:00,0.0
2013-12-09 00:00:00,-1.290044049977951
2013-12-09 01:00:00,-1.658567152919785
2013-12-09 02:00:00,-1.7378094088015346
2013-12-09 03:00:00,0.0
2013-12-09 04:00:00,-1.807822272527645
2013-12-09 05:00:00,0.0
2013-12-09 06:00:00,-1.6771657765061485
2013-12-09 07:00:00,-0.8734162364067337
2013-12-09 08:00:00,-0.06556474423813922
2013-12-09 09:00:00,0.0
2013-12-09 10:00:00,0.0
2013-12-09 11:00:00,0.5515925898056018
2013-12-09 12:00:00,0.46274803703465556
2013-12-09 13:00:00,0.0
2013-12-09 14:00:00,0.19159968264398547
2013-12-09 15:00:00,0.0
2013-12-09 16:00:00,0.1448001385820584
2013-12-09 17:00:00,0.39725664320297555
2013-12-09 18:00:00,0.0
2013-12-09 19:00:00,0.5655765173141528
2013-12-09 20:00:00,0.4861011959739218
2013-12-09 21:00:00,0.0
2013-12-09 22:00:00,0.0
2013-12-09 23:00:00,0.0
2013-12-10 00:00:00,-1.2853827408084384
2013-12-10 01:00:00,0.0
2013-12-10 02:00:00,-1.6865350079368726
2013-12-10 03:00:00,0.0
2013-12-10 04:00:00,0.0
2013-12-10 05:00:00,0.0
2013-12-10 06:00:00,0.0
2013-12-10 07:00:00,-0.6510717890208781
2013-12-10 08:00:00,-0.12164029354739865
2013-12-10 09:00:00,0.013910577102081292
2013-12-10 10:00:00,0.3505503253244314
2013-12-10 11:00:00,0.0
2013-12-10 12:00:00,0.6450984517460675
2013-12-10 13:00:00,0.0
2013-12-10 14:00:00,0.4579935016817538
2013-12-10 15:00:00,0.49542381431295945
2013-12-10 16:00:00,0.0
2013-12-10 17:00:00,0.542223358374881
2013-12-10 18:00:00,0.7198658508250854
2013-12-10 19:00:00,0.6918513827163059
2013-12-10 20:00:00,0.6824821512855789
2013-12-10 21:00:00,0.0
2013-12-10 22:00:00,0.0
2013-12-10 23:00:00,-0.4267695917838269
2013-12-11 00:00:00,0.0
2013-12-11 01:00:00,-1.6352606070722109
2013-12-11 02:00:00,-1.677212389597843
2013-12-11 03:00:00,-1.6958576262759018
2013-12-11 04:00:00,0.0
2013-12-11 05:00:00,0.0
2013-12-11 06:00:00,0.0
2013-12-11 07:00:00,0.0
2013-12-11 08:00:00,-0.25257646811907
2013-12-11 09:00:00,0.0
2013-12-11 10:00:00,0.23830600052252346
2013-12-11 11:00:00,0.3411344808020219
2013-12-11 12:00:00,0.0
2013-12-11 13:00:00,0.0
2013-12-11 14:00:00,0.16815329752133568
2013-12-11 15:00:00,-0.004781272667666729
2013-12-11 16:00:00,0.0
2013-12-11 17:00:00,0.13543090715133757
2013-12-11 18:00:00,0.0
2013-12-11 19:00:00,0.22432207301398358
2013-12-11 20:00:00,0.14013882941255063
2013-12-11 21:00:00,-0.09362582543861851
2013-12-11 22:00:00,-0.38817395186024967
2013-12-11 23:00:00,-1.013302124583866
2013-12-12 00:00:00,-1.3553489914428538
2013-12-12 01:00:00,0.0
2013-12-12 02:00:00,-1.775099882157652
2013-12-12 03:00:00,-1.7378094088015332
2013-12-12 04:00:00,0.0
2013-12-12 05:00:00,-1.621183453380277
2013-12-12 06:00:00,0.0
2013-12-12 07:00:00,0.0
2013-12-12 08:00:00,0.0
2013-12-12 09:00:00,0.0
2013-12-12 10:00:00,-0.037596889221047786
2013-12-12 11:00:00,0.2476752319532498
2013-12-12 12:00:00,0.1775225289520565
2013-12-12 13:00:00,0.15412275692109603
2013-12-12 14:00:00,0.0
2013-12-12 15:00:00,0.11207774821207073
2013-12-12 16:00:00,0.0
2013-12-12 17:00:00,0.0
2013-12-12 18:00:00,0.2756897000620306
2013-12-12 19:00:00,0.13547752024302628
2013-12-12 20:00:00,0.08867797618110472
2013-12-12 21:00:00,0.0
2013-12-12 22:00:00,0.0
2013-12-12 23:00:00,0.0
2013-12-13 00:00:00,0.0
2013-12-13 01:00:00,0.0
2013-12-13 02:00:00,-1.5326185791594975
2013-12-13 03:00:00,0.0
2013-12-13 04:00:00,0.0
2013-12-13 05:00:00,-1.6538592306585744
2013-12-13 06:00:00,0.0
2013-12-13 07:00:00,-0.7117620344079573
2013-12-13 08:00:00,0.0
2013-12-13 09:00:00,-0.23388461834931704
2013-12-13 10:00:00,0.0
2013-12-13 11:00:00,0.6030068299453535
2013-12-13 12:00:00,0.0
2013-12-13 13:00:00,0.0
2013-12-13 14:00:00,0.36453425283298235
2013-12-13 15:00:00,0.37861140652491626
2013-12-13 16:00:00,0.2476752319532449
2013-12-13 17:00:00,0.39725664320297555
2013-12-13 18:00:00,0.49547042740464814
2013-12-13 19:00:00,0.0
2013-12-13 20:00:00,0.0
2013-12-13 21:00:00,0.43468695583417566
2013-12-13 22:00:00,0.08406328010328014
2013-12-13 23:00:00,-0.46419990441502734
2013-12-14 00:00:00,0.0
2013-12-14 01:00:00,-1.4486217879248429
2013-12-14 02:00:00,-1.5932622114548838
2013-12-14 03:00:00,-1.5419411974985273
2013-12-14 04:00:00,-1.625937988733182
2013-12-14 05:00:00,-1.4906667966338651
2013-12-14 06:00:00,-1.4346378604162986
2013-12-14 07:00:00,0.0
2013-12-14 08:00:00,-0.21523938167125772
2013-12-14 09:00:00,-0.1778090690400521
2013-12-14 10:00:00,0.0
2013-12-14 11:00:00,0.0
2013-12-14 12:00:00,0.49080911823513484
2013-12-14 13:00:00,0.4299790335729737
2013-12-14 14:00:00,0.4300256466646568
2013-12-14 15:00:00,0.0
2013-12-14 16:00:00,0.0
2013-12-14 17:00:00,0.0
2013-12-14 18:00:00,0.6777276159326772
2013-12-14 19:00:00,0.7198658508250854
2013-12-14 20:00:00,0.48614780906561605
2013-12-14 21:00:00,0.3926419471251503
2013-12-14 22:00:00,-0.11227106211668336
2013-12-14 23:00:00,-0.1918396096402862
2013-12-15 00:00:00,-1.1719730887141453
2013-12-15 01:00:00,0.0
2013-12-15 02:00:00,-1.835836740636428
2013-12-15 03:00:00,0.0
2013-12-15 04:00:00,0.0
2013-12-15 05:00:00,-1.7751931083410426
2013-12-15 06:00:00,-1.7238720943846852
2013-12-15 07:00:00,0.0
2013-12-15 08:00:00,0.0
2013-12-15 09:00:00,-0.09833374769982604
2013-12-15 10:00:00,0.0
2013-12-15 11:00:00,0.5468846675443998
2013-12-15 12:00:00,0.0
2013-12-15 13:00:00,0.0
2013-12-15 14:00:00,0.3832261026027353
2013-12-15 15:00:00,0.26165915946179585
2013-12-15 16:00:00,0.2897668537539638
2013-12-15 17:00:00,0.0
2013-12-15 18:00:00,0.6450518386543788
2013-12-15 19:00:00,0.0
2013-12-15 20:00:00,0.0
2013-12-15 21:00:00,0.27568970006203547
2013-12-15 22:00:00,0.0
2013-12-15 23:00:00,-0.0001199634981534361
2013-12-16 00:00:00,-1.049194205189129
2013-12-16 01:00:00,-1.7611625677408027
2013-12-16 02:00:00,0.0
2013-12-16 03:00:00,-1.8591432864840014
2013-12-16 04:00:00,0.0
2013-12-16 05:00:00,-1.7938383450191013
2013-12-16 06:00:00,-1.7611625677408027
2013-12-16 07:00:00,-1.181295707053172
2013-12-16 08:00:00,-0.4115271107995159
2013-12-16 09:00:00,-0.1497479878395728
2013-12-16 10:00:00,0.2990894720929966
2013-12-16 11:00:00,0.0
2013-12-16 12:00:00,0.0
2013-12-16 13:00:00,0.17756914204374522
2013-12-16 14:00:00,0.0
2013-12-16 15:00:00,0.0
2013-12-16 16:00:00,-0.028181044698632727
2013-12-16 17:00:00,0.18689176038277241
2013-12-16 18:00:00,0.0
2013-12-16 19:00:00,0.3972100301112807
2013-12-16 20:00:00,0.0
2013-12-16 21:00:00,0.0
2013-12-16 22:00:00,-0.17310114677884395
2013-12-16 23:00:00,0.0
2013-12-17 00:00:00,-1.1145923728374179
2013-12-17 01:00:00,0.0
2013-12-17 02:00:00,-1.7938383450191004
2013-12-17 03:00:00,-1.7705317991715275
2013-12-17 04:00:00,-1.8591432864840014
2013-12-17 05:00:00,-1.7098881668761414
2013-12-17 06:00:00,-1.6585671529197836
2013-12-17 07:00:00,0.0
2013-12-17 08:00:00,-0.6874300005430986
2013-12-17 09:00:00,-0.17440631334630405
2013-12-17 10:00:00,0.23830600052252346
2013-12-17 11:00:00,0.4112405707115265
2013-12-17 12:00:00,0.0
2013-12-17 13:00:00,0.2523365411227631
2013-12-17 14:00:00,0.0
2013-12-17 15:00:00,0.5234848955134338
2013-12-17 16:00:00,0.570237826483666
2013-12-17 17:00:00,0.8694472620748105
2013-12-17 18:00:00,1.1639953884964467
2013-12-17 19:00:00,0.0
2013-12-17 20:00:00,1.0705361396476751
2013-12-17 21:00:00,1.0237365955857431
2013-12-17 22:00:00,0.0
2013-12-17 23:00:00,0.0
2013-12-18 00:00:00,0.0
2013-12-18 01:00:00,-1.6864883948451772
2013-12-18 02:00:00,-1.7517933363100784
2013-12-18 03:00:00,0.0
2013-12-18 04:00:00,0.0
2013-12-18 05:00:00,-1.6771657765061478
2013-12-18 06:00:00,-1.6632284620892988
2013-12-18 07:00:00,-0.2572377772885777
2013-12-18 08:00:00,0.05590897271941729
2013-12-18 09:00:00,0.47207065537368215
2013-12-18 10:00:00,0.7432656228560515
2013-12-18 11:00:00,1.1826872382661995
2013-12-18 12:00:00,1.1546727701574144
2013-12-18 13:00:00,1.1313196112181476
2013-12-18 14:00:00,0.0
2013-12-18 15:00:00,0.0
2013-12-18 16:00:00,1.098503994664761
2013-12-18 17:00:00,0.0
2013-12-18 18:00:00,1.570881065903389
2013-12-18 19:00:00,1.1266116889569346
2013-12-18 20:00:00,0.4393948780953832
2013-12-18 21:00:00,0.0
2013-12-18 22:00:00,0.02323319544111894
2013-12-18 23:00:00,0.0
2013-12-19 00:00:00,0.0
2013-12-19 01:00:00,0.0
2013-12-19 02:00:00,0.0
2013-12-19 03:00:00,-1.7332413258154094
2013-12-19 04:00:00,0.0
2013-12-19 05:00:00,0.0
2013-12-19 06:00:00,-1.611907448132942
2013-12-19 07:00:00,0.0
2013-12-19 08:00:00,0.3832261026027353
2013-12-19 09:00:00,0.7806959354872521
2013-12-19 10:00:00,1.1079198391871872
2013-12-19 11:00:00,0.0
2013-12-19 12:00:00,1.037720523094294
2013-12-19 13:00:00,0.355165021402256
2013-12-19 14:00:00,0.0
2013-12-19 15:00:00,0.0
2013-12-19 16:00:00,0.2522899280310695
2013-12-19 17:00:00,0.5141156640827075
2013-12-19 18:00:00,1.0658282173864677
2013-12-19 19:00:00,1.4301095289840384
2013-12-19 20:00:00,1.4488013787537977
2013-12-19 21:00:00,0.0
2013-12-19 22:00:00,0.8975549563669896
2013-12-19 23:00:00,0.757296163456291
2013-12-20 00:00:00,0.0
2013-12-20 01:00:00,0.0
2013-12-20 02:00:00,-1.8218528131278846
2013-12-20 03:00:00,-1.8171915039583695
2013-12-20 04:00:00,-1.8591432864840014
2013-12-20 05:00:00,-1.756547871662983
2013-12-20 06:00:00,-1.72382548129299
2013-12-20 07:00:00,0.0
2013-12-20 08:00:00,0.0
2013-12-20 09:00:00,0.5375620492053622
2013-12-20 10:00:00,0.0
2013-12-20 11:00:00,0.0
2013-12-20 12:00:00,1.416125601475493
2013-12-20 13:00:00,1.2434707098366666
2013-12-20 14:00:00,0.0
2013-12-20 15:00:00,1.1359343072959618
2013-12-20 16:00:00,1.0704895265559808
2013-12-20 17:00:00,0.0
2013-12-20 18:00:00,1.2575012504369123
2013-12-20 19:00:00,1.397340525522346
2013-12-20 20:00:00,0.0
2013-12-20 21:00:00,0.0
2013-12-20 22:00:00,0.6637436884241318
2013-12-20 23:00:00,0.0
2013-12-21 00:00:00,-0.7641085363816118
2013-12-21 01:00:00,-1.6725510804283281
2013-12-21 02:00:00,0.0
2013-12-21 03:00:00,-1.7658238769103172
2013-12-21 04:00:00,-1.8031609633581303
2013-12-21 05:00:00,-1.719164172123475
2013-12-21 06:00:00,0.0
2013-12-21 07:00:00,0.0
2013-12-21 08:00:00,0.12144697964278663
2013-12-21 09:00:00,0.6310212980541392
2013-12-21 10:00:00,1.0658282173864622
2013-12-21 11:00:00,1.7064319365528688
2013-12-21 12:00:00,1.0331990531998636
2013-12-21 13:00:00,0.0
2013-12-21 14:00:00,1.0237365955857536
2013-12-21 15:00:00,0.0
2013-12-21 16:00:00,1.0097060549855195
2013-12-21 17:00:00,0.0
2013-12-21 18:00:00,1.37431365822495
2013-12-21 19:00:00,1.5657070127252182
2013-12-21 20:00:00,0.0
2013-12-21 21:00:00,1.173364619927173
2013-12-21 22:00:00,0.0
2013-12-21 23:00:00,0.0
2013-12-22 00:00:00,-0.9943772093556364
2013-12-22 01:00:00,0.0
2013-12-22 02:00:00,-1.7891770358495858
2013-12-22 03:00:00,-1.7937917319274055
2013-12-22 04:00:00,-1.8544819773144865
2013-12-22 05:00:00,-1.7052734707983224
2013-12-22 06:00:00,-1.6352606070722109
2013-12-22 07:00:00,-0.3097241185373214
2013-12-22 08:00:00,0.0
2013-12-22 09:00:00,0.0
2013-12-22 10:00:00,0.0
2013-12-22 11:00:00,1.5239416825663743
2013-12-22 12:00:00,1.2761931002066598
2013-12-22 13:00:00,1.3603297307164046
2013-12-22 14:00:00,1.2434707098366726
2013-12-22 15:00:00,1.0237832086774485
2013-12-22 16:00:00,0.8601246437357785
2013-12-22 17:00:00,1.196764391958134
2013-12-22 18:00:00,1.3788817412110748
2013-12-22 19:00:00,0.0
2013-12-22 20:00:00,0.0
2013-12-22 21:00:00,0.934938655906496
2013-12-22 22:00:00,0.0
2013-12-22 23:00:00,0.0
2013-12-23 00:00:00,0.0
2013-12-23 01:00:00,-1.532618579159497
2013-12-23 02:00:00,-1.5886009022853687
2013-12-23 03:00:00,-1.621230066471972
2013-12-23 04:00:00,0.0
2013-12-23 05:00:00,0.0
2013-12-23 06:00:00,-1.4906201835421704
2013-12-23 07:00:00,-0.04351675186633187
2013-12-23 08:00:00,0.0
2013-12-23 09:00:00,0.0
2013-12-23 10:00:00,1.0190752864162298
2013-12-23 11:00:00,0.0
2013-12-23 12:00:00,0.0
2013-12-23 13:00:00,0.0
2013-12-23 14:00:00,0.0
2013-12-23 15:00:00,0.0
2013-12-23 16:00:00,-0.014150504098393081
2013-12-23 17:00:00,0.5095009680048878
2013-12-23 18:00:00,0.6590823792546129
2013-12-23 19:00:00,0.5514993636222189
2013-12-23 20:00:00,0.0
2013-12-23 21:00:00,0.24767523195325045
2013-12-23 22:00:00,0.11207774821207073
2013-12-23 23:00:00,0.05129427664159823
2013-12-24 00:00:00,-0.9711638896914581
2013-12-24 01:00:00,-1.5559251250070711
2013-12-24 02:00:00,0.0
2013-12-24 03:00:00,-1.6678897712588134
2013-12-24 04:00:00,-1.7005189354454164
2013-12-24 05:00:00,-1.5792316708546443
2013-12-24 06:00:00,-1.523295960820468
2013-12-24 07:00:00,0.12140036655110284
2013-12-24 08:00:00,0.5748991356531794
2013-12-24 09:00:00,1.196624552683046
2013-12-24 10:00:00,0.4861011959739218
2013-12-24 11:00:00,0.6216986797151064
2013-12-24 12:00:00,0.0
2013-12-24 13:00:00,0.7713267040565314
2013-12-24 14:00:00,0.5609152081446339
2013-12-24 15:00:00,0.0
2013-12-24 16:00:00,0.18218383812156488
2013-12-24 17:00:00,0.36448763974129367
2013-12-24 18:00:00,0.3037507812625154
2013-12-24 19:00:00,-0.8110945328103207
2013-12-24 20:00:00,-1.2899974368862581
2013-12-24 21:00:00,-1.313350595825526
2013-12-24 22:00:00,0.0
2013-12-24 23:00:00,0.0
2013-12-25 00:00:00,-1.4346378604162993
2013-12-25 01:00:00,-1.6538592306585744
2013-12-25 02:00:00,-1.6492445345807554
2013-12-25 03:00:00,-1.686535007936872
2013-12-25 04:00:00,-1.742470717971049
2013-12-25 05:00:00,-1.6071995258717326
2013-12-25 06:00:00,-1.588554289193674
2013-12-25 07:00:00,-1.4673136376945963
2013-12-25 08:00:00,-1.4719749468641115
2013-12-25 09:00:00,0.0
2013-12-25 10:00:00,-1.4019620831380013
2013-12-25 11:00:00,0.0
2013-12-25 12:00:00,0.0
2013-12-25 13:00:00,-1.630552684811001
2013-12-25 14:00:00,-1.6678897712588143
2013-12-25 15:00:00,0.0
2013-12-25 16:00:00,0.0
2013-12-25 17:00:00,-1.6071995258717324
2013-12-25 18:00:00,-1.6072461389634276
2013-12-25 19:00:00,-1.6538592306585744
2013-12-25 20:00:00,-1.677212389597843
2013-12-25 21:00:00,0.0
2013-12-25 22:00:00,0.0
2013-12-25 23:00:00,0.0
2013-12-26 00:00:00,-1.7518399494017733
2013-12-26 01:00:00,0.0
2013-12-26 02:00:00,0.0
2013-12-26 03:00:00,0.0
2013-12-26 04:00:00,0.0
2013-12-26 05:00:00,-1.8124835816971594
2013-12-26 06:00:00,0.0
2013-12-26 07:00:00,-0.20116222797932384
2013-12-26 08:00:00,0.17286121978253768
2013-12-26 09:00:00,0.0
2013-12-26 10:00:00,0.2522899280310744
2013-12-26 11:00:00,0.7712800909648371
2013-12-26 12:00:00,0.0
2013-12-26 13:00:00,-0.03284235386814602
2013-12-26 14:00:00,0.29438154983178844
2013-12-26 15:00:00,0.6870968473634042
2013-12-26 16:00:00,0.6030068299453535
2013-12-26 17:00:00,0.9863528960462422
2013-12-26 18:00:00,1.2996394853293254
2013-12-26 19:00:00,0.0
2013-12-26 20:00:00,0.0
2013-12-26 21:00:00,1.0658282173864733
2013-12-26 22:00:00,0.8413395677826474
2013-12-26 23:00:00,0.0
2013-12-27 00:00:00,-1.3553023783511595
2013-12-27 01:00:00,-1.737856021893229
2013-12-27 02:00:00,-1.7705317991715275
2013-12-27 03:00:00,0.0
2013-12-27 04:00:00,-1.863851208745212
2013-12-27 05:00:00,-1.7145494760456566
2013-12-27 06:00:00,-1.6725510804283288
2013-12-27 07:00:00,-0.023519735529113902
2013-12-27 08:00:00,0.0
2013-12-27 09:00:00,0.8274022533657852
2013-12-27 10:00:00,0.0
2013-12-27 11:00:00,1.3227595788101156
2013-12-27 12:00:00,0.0
2013-12-27 13:00:00,1.1827338513578938
2013-12-27 14:00:00,1.1873951605274127
2013-12-27 15:00:00,0.0
2013-12-27 16:00:00,0.8133717127655511
2013-12-27 17:00:00,0.0
2013-12-27 18:00:00,1.4162188276588816
2013-12-27 19:00:00,0.0
2013-12-27 20:00:00,0.0
2013-12-27 21:00:00,0.0
2013-12-27 22:00:00,0.7806959354872521
2013-12-27 23:00:00,0.06066350807231967
2013-12-28 00:00:00,0.0
2013-12-28 01:00:00,-1.4159460106465445
2013-12-28 02:00:00,0.0
2013-12-28 03:00:00,-1.420653932907755
2013-12-28 04:00:00,-1.64458322541124
2013-12-28 05:00:00,-1.719164172123475
2013-12-28 06:00:00,0.0
2013-12-28 07:00:00,0.0
2013-12-28 08:00:00,0.49080911823513484
2013-12-28 09:00:00,0.7851707922899835
2013-12-28 10:00:00,0.8928470341057765
2013-12-28 11:00:00,1.117289070617908
2013-12-28 12:00:00,0.0
2013-12-28 13:00:00,1.051797676786228
2013-12-28 14:00:00,0.8788164935055425
2013-12-28 15:00:00,1.0003834366464819
2013-12-28 16:00:00,0.0
2013-12-28 17:00:00,1.2014257011276475
2013-12-28 18:00:00,1.257501250436906
2013-12-28 19:00:00,1.2809010224678727
2013-12-28 20:00:00,0.0
2013-12-28 21:00:00,0.7993411721653114
2013-12-28 22:00:00,0.6778208421160601
2013-12-28 23:00:00,0.0
2013-12-29 00:00:00,0.0
2013-12-29 01:00:00,-1.6911963171063873
2013-12-29 02:00:00,0.0
2013-12-29 03:00:00,-1.7844691135883761
2013-12-29 04:00:00,-1.8031609633581298
2013-12-29 05:00:00,0.0
2013-12-29 06:00:00,-1.700518935445416
2013-12-29 07:00:00,0.0
2013-12-29 08:00:00,0.32244263103226833
2013-12-29 09:00:00,0.4159484929727285
2013-12-29 10:00:00,0.0
2013-12-29 11:00:00,1.112581148356706
2013-12-29 12:00:00,0.0
2013-12-29 13:00:00,1.0658282173864677
2013-12-29 14:00:00,0.0
2013-12-29 15:00:00,0.7432656228560515
2013-12-29 16:00:00,0.0
2013-12-29 17:00:00,0.0
2013-12-29 18:00:00,1.332128810240837
2013-12-29 19:00:00,0.0
2013-12-29 20:00:00,0.0
2013-12-29 21:00:00,0.8227409441962774
2013-12-29 22:00:00,0.6170373705455883
2013-12-29 23:00:00,-0.5727617949730304
2013-12-30 00:00:00,0.0
2013-12-30 01:00:00,-1.7005189354454162
2013-12-30 02:00:00,0.0
2013-12-30 03:00:00,0.0
2013-12-30 04:00:00,0.0
2013-12-30 05:00:00,-1.6912429301980823
2013-12-30 06:00:00,-1.616568757302457
2013-12-30 07:00:00,-0.17310114677884456
2013-12-30 08:00:00,0.0
2013-12-30 09:00:00,0.0
2013-12-30 10:00:00,0.0
2013-12-30 11:00:00,0.0
2013-12-30 12:00:00,0.0
2013-12-30 13:00:00,0.0
2013-12-30 14:00:00,0.0
2013-12-30 15:00:00,1.112581148356695
2013-12-30 16:00:00,0.0
2013-12-30 17:00:00,1.168703310757654
2013-12-30 18:00:00,1.5190473079383793
2013-12-30 19:00:00,0.0
2013-12-30 20:00:00,0.0
2013-12-30 21:00:00,1.1172424575262139
2013-12-30 22:00:00,0.0
2013-12-30 23:00:00,0.0
2013-12-31 00:00:00,-1.2293538045908718
2013-12-31 01:00:00,0.0
2013-12-31 02:00:00,-1.7238720943846852
2013-12-31 03:00:00,0.0
2013-12-31 04:00:00,-1.7798078044188617
2013-12-31 05:00:00,-1.6118608350412467
2013-12-31 06:00:00,0.0
2013-12-31 07:00:00,0.27568970006203547
2013-12-31 08:00:00,0.19150645646060252
2013-12-31 09:00:00,0.8694938751665097
2013-12-31 10:00:00,0.0
2013-12-31 11:00:00,1.448801378753797
2013-12-31 12:00:00,1.6357198764513288
2013-12-31 13:00:00,1.5985226292786048
2013-12-31 14:00:00,1.5005885236271026
2013-12-31 15:00:00,0.0
2013-12-31 16:00:00,1.0097526680772027
2013-12-31 17:00:00,1.2201175508974058
2013-12-31 18:00:00,0.0
2013-12-31 19:00:00,0.7151579285638834
2013-12-31 20:00:00,-1.0643434599900494
2013-12-31 21:00:00,-1.5232493477287727
2013-12-31 22:00:00,-1.635213993980516
2013-12-31 23:00:00,0.0
2014-01-01 00:00:00,-1.602538216702218
2014-01-01 01:00:00,0.0
2014-01-01 02:00:00,-1.8311754314669135
2014-01-01 03:00:00,0.0
2014-01-01 04:00:00,-1.8590966733923067
2014-01-01 05:00:00,0.0
2014-01-01 06:00:00,0.0
2014-01-01 07:00:00,-1.6632284620892992
2014-01-01 08:00:00,-1.6632284620892985
2014-01-01 09:00:00,0.0
2014-01-01 10:00:00,-1.7098415537844456
2014-01-01 11:00:00,-1.5699556656073101
2014-01-01 12:00:00,-1.6539058437502698
2014-01-01 13:00:00,-1.6492445345807554
2014-01-01 14:00:00,-1.7051802446149307
2014-01-01 15:00:00,-1.7331947127237142
2014-01-01 16:00:00,-1.775193108341042
2014-01-01 17:00:00,-1.6165221442107618
2014-01-01 18:00:00,0.0
2014-01-01 19:00:00,0.0
2014-01-01 20:00:00,-1.6492445345807554
2014-01-01 21:00:00,-1.611954061224638
2014-01-01 22:00:00,-1.6166153703941524
2014-01-01 23:00:00,-1.509312033311924
2014-01-02 00:00:00,0.0
2014-01-02 01:00:00,-1.7378560218932289
2014-01-02 02:00:00,-1.7611625677408027
2014-01-02 03:00:00,0.0
2014-01-02 04:00:00,0.0
2014-01-02 05:00:00,-1.6538592306585744
2014-01-02 06:00:00,-1.6538592306585744
2014-01-02 07:00:00,-0.3507902523207377
2014-01-02 08:00:00,0.5749457487448743
2014-01-02 09:00:00,0.6310212980541337
2014-01-02 10:00:00,0.0
2014-01-02 11:00:00,0.0
2014-01-02 12:00:00,0.0
2014-01-02 13:00:00,0.0
2014-01-02 14:00:00,0.0
2014-01-02 15:00:00,0.07469404867255379
2014-01-02 16:00:00,0.0
2014-01-02 17:00:00,0.0
2014-01-02 18:00:00,0.36453425283298235
2014-01-02 19:00:00,0.3925953340334561
2014-01-02 20:00:00,0.0
2014-01-02 21:00:00,0.0
2014-01-02 22:00:00,-0.12634821580861172
2014-01-02 23:00:00,0.0
2014-01-03 00:00:00,-1.299366668316983
2014-01-03 01:00:00,-1.6632284620892992
2014-01-03 02:00:00,0.0
2014-01-03 03:00:00,0.0
2014-01-03 04:00:00,-1.7891770358495864
2014-01-03 05:00:00,-1.616568757302457
2014-01-03 06:00:00,0.0
2014-01-03 07:00:00,-0.46075053562959367
2014-01-03 08:00:00,0.0
2014-01-03 09:00:00,0.8788164935055369
2014-01-03 10:00:00,0.2663670817230034
2014-01-03 11:00:00,0.24296730969204292
2014-01-03 12:00:00,0.3131200126932362
2014-01-03 13:00:00,0.0
2014-01-03 14:00:00,0.7759880132260446
2014-01-03 15:00:00,0.0
2014-01-03 16:00:00,0.9115388838755245
2014-01-03 17:00:00,0.0
2014-01-03 18:00:00,0.5514993636222189
2014-01-03 19:00:00,0.6637436884241318
2014-01-03 20:00:00,0.0
2014-01-03 21:00:00,0.11207774821207073
2014-01-03 22:00:00,-0.07959528483837887
2014-01-03 23:00:00,0.0
2014-01-04 00:00:00,-1.2806748185472296
2014-01-04 01:00:00,-1.6958576262759018
2014-01-04 02:00:00,-1.7331480996320194
2014-01-04 03:00:00,0.0
2014-01-04 04:00:00,0.0
2014-01-04 05:00:00,0.0
2014-01-04 06:00:00,0.0
2014-01-04 07:00:00,-0.755205435867838
2014-01-04 08:00:00,0.0
2014-01-04 09:00:00,0.12606167572061122
2014-01-04 10:00:00,0.5889296762534196
2014-01-04 11:00:00,0.0
2014-01-04 12:00:00,0.9162468061367376
2014-01-04 13:00:00,0.7525882411950786
2014-01-04 14:00:00,0.0
2014-01-04 15:00:00,0.42531772440344934
2014-01-04 16:00:00,0.0
2014-01-04 17:00:00,0.5982989076841515
2014-01-04 18:00:00,0.747880318933876
2014-01-04 19:00:00,0.0
2014-01-04 20:00:00,0.5235315086051274
2014-01-04 21:00:00,0.0
2014-01-04 22:00:00,0.0
2014-01-04 23:00:00,0.0
2014-01-05 00:00:00,-1.3599636875206735
2014-01-05 01:00:00,-1.7331947127237142
2014-01-05 02:00:00,0.0
2014-01-05 03:00:00,-1.807822272527645
2014-01-05 04:00:00,-1.8544819773144867
2014-01-05 05:00:00,-1.7192107852151703
2014-01-05 06:00:00,-1.6725510804283281
2014-01-05 07:00:00,-0.8066196760075883
2014-01-05 08:00:00,-0.2900067807502707
2014-01-05 09:00:00,0.10270851678134438
2014-01-05 10:00:00,0.34118109389371
2014-01-05 11:00:00,0.7946332499041033
2014-01-05 12:00:00,0.673112919854847
2014-01-05 13:00:00,0.4955170404963424
2014-01-05 14:00:00,0.0
2014-01-05 15:00:00,0.4019179523724938
2014-01-05 16:00:00,0.9816915868767234
2014-01-05 17:00:00,0.5655765173141528
2014-01-05 18:00:00,0.0
2014-01-05 19:00:00,1.229440169236427
2014-01-05 20:00:00,0.0
2014-01-05 21:00:00,1.1593340793269333
2014-01-05 22:00:00,0.5048396588353696
2014-01-05 23:00:00,-0.7177285101449364
2014-01-06 00:00:00,0.0
2014-01-06 01:00:00,0.0
2014-01-06 02:00:00,-1.7518399494017733
2014-01-06 03:00:00,0.0
2014-01-06 04:00:00,-1.8451127458837628
2014-01-06 05:00:00,0.0
2014-01-06 06:00:00,0.0
2014-01-06 07:00:00,-0.2525764681190645
2014-01-06 08:00:00,0.0
2014-01-06 09:00:00,0.7619108595341108
2014-01-06 10:00:00,0.0
2014-01-06 11:00:00,0.0
2014-01-06 12:00:00,0.2990428590013079
2014-01-06 13:00:00,0.23364469135301016
2014-01-06 14:00:00,0.8133717127655566
2014-01-06 15:00:00,0.0
2014-01-06 16:00:00,0.0
2014-01-06 17:00:00,0.4440095741732078
2014-01-06 18:00:00,0.45342541869562286
2014-01-06 19:00:00,1.0050447458160008
2014-01-06 20:00:00,0.0
2014-01-06 21:00:00,0.0
2014-01-06 22:00:00,-0.16843983760933065
2014-01-06 23:00:00,0.0
2014-01-07 00:00:00,-1.3879781556294568
2014-01-07 01:00:00,0.0
2014-01-07 02:00:00,-1.770485186079832
2014-01-07 03:00:00,0.0
2014-01-07 04:00:00,-1.8357901275447326
2014-01-07 05:00:00,-1.7098415537844462
2014-01-07 06:00:00,-1.7098415537844456
2014-01-07 07:00:00,0.0
2014-01-07 08:00:00,0.0
2014-01-07 09:00:00,0.8601246437357833
2014-01-07 10:00:00,0.0
2014-01-07 11:00:00,0.0
2014-01-07 12:00:00,0.214906228491563
2014-01-07 13:00:00,0.12144697964278663
2014-01-07 14:00:00,0.0
2014-01-07 15:00:00,1.0751508357254997
2014-01-07 16:00:00,0.0
2014-01-07 17:00:00,0.0
2014-01-07 18:00:00,0.5562538989751151
2014-01-07 19:00:00,0.0
2014-01-07 20:00:00,1.178025929096692
2014-01-07 21:00:00,0.9442612742455226
2014-01-07 22:00:00,-0.17314775987053327
2014-01-07 23:00:00,0.0
2014-01-08 00:00:00,-1.2899974368862575
2014-01-08 01:00:00,-1.7005189354454164
2014-01-08 02:00:00,-1.7331947127237142
2014-01-08 03:00:00,0.0
2014-01-08 04:00:00,-1.817191503958369
2014-01-08 05:00:00,-1.635213993980516
2014-01-08 06:00:00,-1.6398753031500304
2014-01-08 07:00:00,0.013817350918698354
2014-01-08 08:00:00,0.6450052255626901
2014-01-08 09:00:00,0.0
2014-01-08 10:00:00,0.0
2014-01-08 11:00:00,0.5188235863439206
2014-01-08 12:00:00,0.0
2014-01-08 13:00:00,0.0
2014-01-08 14:00:00,0.8741085712443294
2014-01-08 15:00:00,0.0
2014-01-08 16:00:00,-0.07027266649934674
2014-01-08 17:00:00,0.0
2014-01-08 18:00:00,0.30841209043202866
2014-01-08 19:00:00,0.0
2014-01-08 20:00:00,0.0
2014-01-08 21:00:00,0.0
2014-01-08 22:00:00,0.0
2014-01-08 23:00:00,-0.6931634108215909
2014-01-09 00:00:00,-1.3273345233340719
2014-01-09 01:00:00,-1.7751464952493472
2014-01-09 02:00:00,-1.775193108341042
2014-01-09 03:00:00,-1.7938383450191009
2014-01-09 04:00:00,-1.8638045956535159
2014-01-09 05:00:00,-1.7285334035541997
2014-01-09 06:00:00,-1.7098881668761408
2014-01-09 07:00:00,0.0
2014-01-09 08:00:00,0.0
2014-01-09 09:00:00,0.0
2014-01-09 10:00:00,0.0
2014-01-09 11:00:00,0.0
2014-01-09 12:00:00,0.6965126918858192
2014-01-09 13:00:00,0.0
2014-01-09 14:00:00,0.0
2014-01-09 15:00:00,0.5328541269441602
2014-01-09 16:00:00,0.25699785029228256
2014-01-09 17:00:00,0.0
2014-01-09 18:00:00,0.0
2014-01-09 19:00:00,0.0
2014-01-09 20:00:00,0.8134183258572454
2014-01-09 21:00:00,0.6871434604550928
2014-01-09 22:00:00,0.06532481724183296
2014-01-09 23:00:00,-0.8251716865022503
2014-01-10 00:00:00,-1.42531524207727
2014-01-10 01:00:00,-1.7984530410969206
2014-01-10 02:00:00,-1.81248358169716
2014-01-10 03:00:00,-1.8311288183752181
2014-01-10 04:00:00,0.0
2014-01-10 05:00:00,-1.765870490002013
2014-01-10 06:00:00,-1.7798544175105564
2014-01-10 07:00:00,0.0
2014-01-10 08:00:00,0.0
2014-01-10 09:00:00,0.09809382070351978
2014-01-10 10:00:00,0.3178279349544437
2014-01-10 11:00:00,0.0
2014-01-10 12:00:00,0.0
2014-01-10 13:00:00,0.0
2014-01-10 14:00:00,0.0
2014-01-10 15:00:00,0.6356826072236573
2014-01-10 16:00:00,0.0
2014-01-10 17:00:00,0.729281695347506
2014-01-10 18:00:00,0.0
2014-01-10 19:00:00,0.0
2014-01-10 20:00:00,0.9115388838755356
2014-01-10 21:00:00,0.0
2014-01-10 22:00:00,0.4207030283256358
2014-01-10 23:00:00,-0.3004947263816784
2014-01-11 00:00:00,-1.3367037547647949
2014-01-11 01:00:00,0.0
2014-01-11 02:00:00,-1.7658238769103174
2014-01-11 03:00:00,-1.8311288183752181
2014-01-11 04:00:00,-1.877835136253755
2014-01-11 05:00:00,-1.7518865624934685
2014-01-11 06:00:00,0.0
2014-01-11 07:00:00,0.0
2014-01-11 08:00:00,0.0
2014-01-11 09:00:00,0.0
2014-01-11 10:00:00,0.9816449737850236
2014-01-11 11:00:00,0.0
2014-01-11 12:00:00,0.4440095741732133
2014-01-11 13:00:00,0.29908947209300146
2014-01-11 14:00:00,0.6030068299453479
2014-01-11 15:00:00,0.542223358374881
2014-01-11 16:00:00,0.6169907574538934
2014-01-11 17:00:00,0.0
2014-01-11 18:00:00,0.6637436884241318
2014-01-11 19:00:00,0.9910608183074497
2014-01-11 20:00:00,0.9395999650760039
2014-01-11 21:00:00,0.0
2014-01-11 22:00:00,0.42531772440345483
2014-01-11 23:00:00,-0.5728084080647262
2014-01-12 00:00:00,-1.4393457826775087
2014-01-12 01:00:00,0.0
2014-01-12 02:00:00,-1.6492445345807554
2014-01-12 03:00:00,-1.8638512087452113
2014-01-12 04:00:00,-1.8871577545927851
2014-01-12 05:00:00,0.0
2014-01-12 06:00:00,0.0
2014-01-12 07:00:00,-0.3847711961665017
2014-01-12 08:00:00,0.0
2014-01-12 09:00:00,0.0
2014-01-12 10:00:00,0.0
2014-01-12 11:00:00,0.892847034105782
2014-01-12 12:00:00,0.5562072858834264
2014-01-12 13:00:00,0.0
2014-01-12 14:00:00,0.0
2014-01-12 15:00:00,0.6450518386543733
2014-01-12 16:00:00,0.7712800909648371
2014-01-12 17:00:00,0.827355640274102
2014-01-12 18:00:00,0.0
2014-01-12 19:00:00,0.7947264760874918
2014-01-12 20:00:00,0.5609152081446395
2014-01-12 21:00:00,0.41133379689490945
2014-01-12 22:00:00,0.27568970006203547
2014-01-12 23:00:00,0.0
2014-01-13 00:00:00,-1.4253152420772692
2014-01-13 01:00:00,-1.8171448908666747
2014-01-13 02:00:00,0.0
2014-01-13 03:00:00,-1.8731272139925461
2014-01-13 04:00:00,-1.989799782505499
2014-01-13 05:00:00,-1.7984996541886151
2014-01-13 06:00:00,0.0
2014-01-13 07:00:00,-0.5809190860196808
2014-01-13 08:00:00,-0.15911721927029854
2014-01-13 09:00:00,0.0
2014-01-13 10:00:00,0.12610828881230546
2014-01-13 11:00:00,0.0
2014-01-13 12:00:00,0.04663296747207941
2014-01-13 13:00:00,0.0
2014-01-13 14:00:00,0.0
2014-01-13 15:00:00,0.0
2014-01-13 16:00:00,0.0
2014-01-13 17:00:00,0.7151579285638778
2014-01-13 18:00:00,0.808663790504343
2014-01-13 19:00:00,0.7198192377333912
2014-01-13 20:00:00,0.0
2014-01-13 21:00:00,0.0
2014-01-13 22:00:00,-0.12634821580860617
2014-01-13 23:00:00,-0.8964897167958271
2014-01-14 00:00:00,-1.4579444062638718
2014-01-14 01:00:00,0.0
2014-01-14 02:00:00,0.0
2014-01-14 03:00:00,-1.8452059720671525
2014-01-14 04:00:00,0.0
2014-01-14 05:00:00,-1.7518865624934685
2014-01-14 06:00:00,0.0
2014-01-14 07:00:00,-0.646503706034753
2014-01-14 08:00:00,0.0
2014-01-14 09:00:00,0.9162468061367425
2014-01-14 10:00:00,0.0
2014-01-14 11:00:00,0.3223960179405741
2014-01-14 12:00:00,0.2196141507527656
2014-01-14 13:00:00,0.0
2014-01-14 14:00:00,0.0
2014-01-14 15:00:00,0.0
2014-01-14 16:00:00,0.7292350822558118
2014-01-14 17:00:00,0.44400957417320225
2014-01-14 18:00:00,0.3131200126932362
2014-01-14 19:00:00,0.8227409441962774
2014-01-14 20:00:00,1.0798587579867074
2014-01-14 21:00:00,0.0
2014-01-14 22:00:00,-0.16848645070101936
2014-01-14 23:00:00,-0.7972038314851625
2014-01-15 00:00:00,-1.3600103006123705
2014-01-15 01:00:00,-1.737856021893229
2014-01-15 02:00:00,0.0
2014-01-15 03:00:00,0.0
2014-01-15 04:00:00,-1.8918190637622996
2014-01-15 05:00:00,0.0
2014-01-15 06:00:00,0.0
2014-01-15 07:00:00,-0.1497479878395722
2014-01-15 08:00:00,0.0
2014-01-15 09:00:00,0.0
2014-01-15 10:00:00,0.6403905294848655
2014-01-15 11:00:00,0.0
2014-01-15 12:00:00,0.3505037122327427
2014-01-15 13:00:00,0.0
2014-01-15 14:00:00,0.4674093462041738
2014-01-15 15:00:00,0.9582918148457623
2014-01-15 16:00:00,0.850755412305057
2014-01-15 17:00:00,1.1266116889569409
2014-01-15 18:00:00,1.0799053710784015
2014-01-15 19:00:00,0.9957221274769631
2014-01-15 20:00:00,1.0190752864162353
2014-01-15 21:00:00,0.8788164935055425
2014-01-15 22:00:00,0.78997194073459
2014-01-15 23:00:00,-0.8217223177168108
2014-01-16 00:00:00,-1.3273345233340705
2014-01-16 01:00:00,-1.7611159546491075
2014-01-16 02:00:00,-1.7658238769103174
2014-01-16 03:00:00,0.0
2014-01-16 04:00:00,-1.8638045956535165
2014-01-16 05:00:00,-1.7239187074763807
2014-01-16 06:00:00,-1.6492445345807554
2014-01-16 07:00:00,0.0
2014-01-16 08:00:00,0.4814398868044085
2014-01-16 09:00:00,0.64039052948486
2014-01-16 10:00:00,0.0
2014-01-16 11:00:00,1.2200709378057115
2014-01-16 12:00:00,1.028397904755262
2014-01-16 13:00:00,0.8647859529052966
2014-01-16 14:00:00,0.897554956366984
2014-01-16 15:00:00,0.8554633345662707
2014-01-16 16:00:00,0.0
2014-01-16 17:00:00,1.0424284453555017
2014-01-16 18:00:00,0.0
2014-01-16 19:00:00,0.0
2014-01-16 20:00:00,0.9863528960462367
2014-01-16 21:00:00,0.7572961634562861
2014-01-16 22:00:00,0.0
2014-01-16 23:00:00,0.0
2014-01-17 00:00:00,-1.3739942281209123
2014-01-17 01:00:00,-1.728486790462504
2014-01-17 02:00:00,-1.8031609633581303
2014-01-17 03:00:00,-1.7984996541886151
2014-01-17 04:00:00,0.0
2014-01-17 05:00:00,-1.728580016645895
2014-01-17 06:00:00,-1.6678897712588134
2014-01-17 07:00:00,0.0
2014-01-17 08:00:00,0.49542381431295945
2014-01-17 09:00:00,0.5281928177746358
2014-01-17 10:00:00,0.7993411721653114
2014-01-17 11:00:00,1.0751974488171885
2014-01-17 12:00:00,0.0
2014-01-17 13:00:00,1.06116690821696
2014-01-17 14:00:00,0.0
2014-01-17 15:00:00,0.0
2014-01-17 16:00:00,0.06998612641135117
2014-01-17 17:00:00,0.0
2014-01-17 18:00:00,0.39259533403346164
2014-01-17 19:00:00,0.0
2014-01-17 20:00:00,0.4440095741732078
2014-01-17 21:00:00,0.0
2014-01-17 22:00:00,0.0
2014-01-17 23:00:00,-0.7971572183934683
2014-01-18 00:00:00,-1.4253152420772692
2014-01-18 01:00:00,0.0
2014-01-18 02:00:00,-1.8545285904061823
2014-01-18 03:00:00,-1.8731738270842406
2014-01-18 04:00:00,0.0
2014-01-18 05:00:00,-1.7751931083410426
2014-01-18 06:00:00,0.0
2014-01-18 07:00:00,0.0
2014-01-18 08:00:00,0.7666187817953238
2014-01-18 09:00:00,0.8460941031355437
2014-01-18 10:00:00,1.1547193832491143
2014-01-18 11:00:00,0.0
2014-01-18 12:00:00,1.490893000554511
2014-01-18 13:00:00,1.2995928722376264
2014-01-18 14:00:00,0.0
2014-01-18 15:00:00,0.0
2014-01-18 16:00:00,0.02794111770232647
2014-01-18 17:00:00,0.0
2014-01-18 18:00:00,0.0
2014-01-18 19:00:00,0.4627014239429613
2014-01-18 20:00:00,0.35050371223274207
2014-01-18 21:00:00,0.0
2014-01-18 22:00:00,-0.042211585298867454
2014-01-18 23:00:00,-0.8204637642410415
2014-01-19 00:00:00,-1.3879781556294568
2014-01-19 01:00:00,-1.803160963358131
2014-01-19 02:00:00,0.0
2014-01-19 03:00:00,-1.835836740636428
2014-01-19 04:00:00,0.0
2014-01-19 05:00:00,-1.761209180832498
2014-01-19 06:00:00,-1.7424707179710488
2014-01-19 07:00:00,0.0
2014-01-19 08:00:00,0.0
2014-01-19 09:00:00,0.0
2014-01-19 10:00:00,0.8741085712443238
2014-01-19 11:00:00,0.0
2014-01-19 12:00:00,0.0
2014-01-19 13:00:00,1.0144139772467222
2014-01-19 14:00:00,0.8741085712443238
2014-01-19 15:00:00,0.0
2014-01-19 16:00:00,0.11207774821207073
2014-01-19 17:00:00,0.0
2014-01-19 18:00:00,0.0
2014-01-19 19:00:00,0.5328541269441602
2014-01-19 20:00:00,1.0424750584472013
2014-01-19 21:00:00,0.0
2014-01-19 22:00:00,0.0
2014-01-19 23:00:00,0.0
2014-01-20 00:00:00,-1.32733452333407
2014-01-20 01:00:00,-1.5838929800241595
2014-01-20 02:00:00,0.0
2014-01-20 03:00:00,0.0
2014-01-20 04:00:00,-1.5792782839463393
2014-01-20 05:00:00,0.0
2014-01-20 06:00:00,0.0
2014-01-20 07:00:00,-0.258403104580957
2014-01-20 08:00:00,0.5936842116063213
2014-01-20 09:00:00,0.0
2014-01-20 10:00:00,0.0
2014-01-20 11:00:00,0.888139111844569
2014-01-20 12:00:00,0.7526348542867728
2014-01-20 13:00:00,0.8928470341057765
2014-01-20 14:00:00,0.0
2014-01-20 15:00:00,0.916200193045049
2014-01-20 16:00:00,0.832063562535304
2014-01-20 17:00:00,0.8788631065972311
2014-01-20 18:00:00,0.0
2014-01-20 19:00:00,0.0
2014-01-20 20:00:00,0.9302773467369828
2014-01-20 21:00:00,0.8647859529052973
2014-01-20 22:00:00,0.0
2014-01-20 23:00:00,-0.77389728563759
2014-01-21 00:00:00,-1.294705359147467
2014-01-21 01:00:00,0.0
2014-01-21 02:00:00,0.0
2014-01-21 03:00:00,-1.6632284620892988
2014-01-21 04:00:00,0.0
2014-01-21 05:00:00,-1.5792316708546443
2014-01-21 06:00:00,0.0
2014-01-21 07:00:00,0.0
2014-01-21 08:00:00,0.44396296108151356
2014-01-21 09:00:00,0.5187769732522318
2014-01-21 10:00:00,0.8367248717048229
2014-01-21 11:00:00,1.2248254731586135
2014-01-21 12:00:00,1.0471363676167091
2014-01-21 13:00:00,0.0
2014-01-21 14:00:00,0.0
2014-01-21 15:00:00,0.0
2014-01-21 16:00:00,0.7759414001343504
2014-01-21 17:00:00,0.9956755143852688
2014-01-21 18:00:00,1.4539288188402637
2014-01-21 19:00:00,0.0
2014-01-21 20:00:00,1.1219503797874268
2014-01-21 21:00:00,0.9162001930450483
2014-01-21 22:00:00,0.0
2014-01-21 23:00:00,-0.5542563975700618
2014-01-22 00:00:00,-1.2246924954213574
2014-01-22 01:00:00,-1.5699556656073101
2014-01-22 02:00:00,-1.6072927520551228
2014-01-22 03:00:00,-1.6212766795636668
2014-01-22 04:00:00,0.0
2014-01-22 05:00:00,-1.546602506668041
2014-01-22 06:00:00,-1.4346378604162984
2014-01-22 07:00:00,0.05595558581111153
2014-01-22 08:00:00,0.0
2014-01-22 09:00:00,0.0
2014-01-22 10:00:00,1.0284445178469617
2014-01-22 11:00:00,1.1827338513578944
2014-01-22 12:00:00,0.7572495503645919
2014-01-22 13:00:00,0.46740934620416885
2014-01-22 14:00:00,0.4861011959739273
2014-01-22 15:00:00,0.6684516106853393
2014-01-22 16:00:00,0.3645808659246766
2014-01-22 17:00:00,0.0
2014-01-22 18:00:00,0.32244263103226833
2014-01-22 19:00:00,0.0
2014-01-22 20:00:00,0.13076959798182428
2014-01-22 21:00:00,0.0
2014-01-22 22:00:00,-0.16373191534812312
2014-01-22 23:00:00,0.0
2014-01-23 00:00:00,-1.2713988132998915
2014-01-23 01:00:00,-1.630552684811001
2014-01-23 02:00:00,0.0
2014-01-23 03:00:00,0.0
2014-01-23 04:00:00,-1.6818270856756623
2014-01-23 05:00:00,0.0
2014-01-23 06:00:00,0.0
2014-01-23 07:00:00,0.0
2014-01-23 08:00:00,0.4206098021422473
2014-01-23 09:00:00,1.0471363676167147
2014-01-23 10:00:00,1.2247788600669136
2014-01-23 11:00:00,0.0
2014-01-23 12:00:00,1.145256925634999
2014-01-23 13:00:00,1.252839941267393
2014-01-23 14:00:00,1.1172424575262083
2014-01-23 15:00:00,1.0144139772467222
2014-01-23 16:00:00,0.6544210700850996
2014-01-23 17:00:00,0.40196456546418247
2014-01-23 18:00:00,0.4113337968949039
2014-01-23 19:00:00,0.39259533403346164
2014-01-23 20:00:00,0.27568970006203547
2014-01-23 21:00:00,0.26636708172299783
2014-01-23 22:00:00,0.0
2014-01-23 23:00:00,-0.5529512310025937
2014-01-24 00:00:00,-1.2760135093777156
2014-01-24 01:00:00,0.0
2014-01-24 02:00:00,-1.7984996541886151
2014-01-24 03:00:00,0.0
2014-01-24 04:00:00,-1.8498206681449723
2014-01-24 05:00:00,-1.72391870747638
2014-01-24 06:00:00,0.0
2014-01-24 07:00:00,0.0
2014-01-24 08:00:00,0.0
2014-01-24 09:00:00,0.570237826483666
2014-01-24 10:00:00,0.7853572446567655
2014-01-24 11:00:00,0.9723223554460025
2014-01-24 12:00:00,1.0190286733245406
2014-01-24 13:00:00,0.9022162655364979
2014-01-24 14:00:00,0.7900185538262787
2014-01-24 15:00:00,0.9115854969672237
2014-01-24 16:00:00,0.7198658508250854
2014-01-24 17:00:00,0.0
2014-01-24 18:00:00,0.0
2014-01-24 19:00:00,0.0
2014-01-24 20:00:00,0.3832261026027408
2014-01-24 21:00:00,0.0
2014-01-24 22:00:00,-0.07027266649934122
2014-01-24 23:00:00,-0.7317590507451786
2014-01-25 00:00:00,-1.2899974368862601
2014-01-25 01:00:00,0.0
2014-01-25 02:00:00,0.0
2014-01-25 03:00:00,-1.7798078044188617
2014-01-25 04:00:00,-1.845159358975458
2014-01-25 05:00:00,-1.719210785215171
2014-01-25 06:00:00,-1.6725510804283288
2014-01-25 07:00:00,-0.4171206818029336
2014-01-25 08:00:00,0.43002564666466236
2014-01-25 09:00:00,0.0
2014-01-25 10:00:00,0.9910142052157556
2014-01-25 11:00:00,1.266870481867633
2014-01-25 12:00:00,0.0
2014-01-25 13:00:00,0.0
2014-01-25 14:00:00,0.6965126918858137
2014-01-25 15:00:00,0.0
2014-01-25 16:00:00,0.11203113512037649
2014-01-25 17:00:00,0.0
2014-01-25 18:00:00,0.44871749643441594
2014-01-25 19:00:00,0.40662587463369576
2014-01-25 20:00:00,0.0
2014-01-25 21:00:00,0.5796070579143875
2014-01-25 22:00:00,0.6310212980541337
2014-01-25 23:00:00,0.0
2014-01-26 00:00:00,-1.3086892866560138
2014-01-26 01:00:00,0.0
2014-01-26 02:00:00,0.0
2014-01-26 03:00:00,-1.7517933363100784
2014-01-26 04:00:00,-1.8357901275447333
2014-01-26 05:00:00,0.0
2014-01-26 06:00:00,-1.6305992979026969
2014-01-26 07:00:00,-0.25364856922805645
2014-01-26 08:00:00,0.0
2014-01-26 09:00:00,0.6030068299453479
2014-01-26 10:00:00,0.9209081153062565
2014-01-26 11:00:00,1.252839941267393
2014-01-26 12:00:00,0.0
2014-01-26 13:00:00,0.0
2014-01-26 14:00:00,0.6871434604550928
2014-01-26 15:00:00,0.9723689685376968
2014-01-26 16:00:00,0.0
2014-01-26 17:00:00,0.0
2014-01-26 18:00:00,0.5468846675443942
2014-01-26 19:00:00,0.0
2014-01-26 20:00:00,0.9255694244757697
2014-01-26 21:00:00,0.7993411721653059
2014-01-26 22:00:00,0.4814398868044085
2014-01-26 23:00:00,0.0
2014-01-27 00:00:00,-1.3367037547647949
2014-01-27 01:00:00,-1.7192107852151703
2014-01-27 02:00:00,-1.8171915039583695
2014-01-27 03:00:00,-1.7937917319274055
2014-01-27 04:00:00,0.0
2014-01-27 05:00:00,-1.7425173310627435
2014-01-27 06:00:00,0.0
2014-01-27 07:00:00,-0.4268162048755267
2014-01-27 08:00:00,0.2663670817230034
2014-01-27 09:00:00,0.6497131478238921
2014-01-27 10:00:00,0.0
2014-01-27 11:00:00,0.8694938751665048
2014-01-27 12:00:00,0.9535838925845603
2014-01-27 13:00:00,0.0
2014-01-27 14:00:00,0.6544210700850996
2014-01-27 15:00:00,0.7011740010553373
2014-01-27 16:00:00,0.0
2014-01-27 17:00:00,0.8414327939660304
2014-01-27 18:00:00,0.0
2014-01-27 19:00:00,0.0
2014-01-27 20:00:00,0.0
2014-01-27 21:00:00,0.0
2014-01-27 22:00:00,0.0
2014-01-27 23:00:00,-0.6942821250222811
2014-01-28 00:00:00,-1.4066233923075158
2014-01-28 01:00:00,0.0
2014-01-28 02:00:00,0.0
2014-01-28 03:00:00,-1.8311754314669135
2014-01-28 04:00:00,-1.8918190637623002
2014-01-28 05:00:00,-1.7798544175105562
2014-01-28 06:00:00,-1.6865350079368726
2014-01-28 07:00:00,0.0
2014-01-28 08:00:00,0.28035100923154876
2014-01-28 09:00:00,0.0
2014-01-28 10:00:00,1.056505599047441
2014-01-28 11:00:00,0.0
2014-01-28 12:00:00,0.0
2014-01-28 13:00:00,0.0
2014-01-28 14:00:00,0.0
2014-01-28 15:00:00,1.0517976767862225
2014-01-28 16:00:00,0.0
2014-01-28 17:00:00,1.1078732260954929
2014-01-28 18:00:00,1.192056469696926
2014-01-28 19:00:00,1.1219503797874213
2014-01-28 20:00:00,0.0
2014-01-28 21:00:00,0.0
2014-01-28 22:00:00,0.0
2014-01-28 23:00:00,0.0
2014-01-29 00:00:00,0.0
2014-01-29 01:00:00,-1.7145028629539605
2014-01-29 02:00:00,-1.7844225004966814
2014-01-29 03:00:00,-1.770485186079832
2014-01-29 04:00:00,0.0
2014-01-29 05:00:00,-1.73324132581541
2014-01-29 06:00:00,0.0
2014-01-29 07:00:00,0.0
2014-01-29 08:00:00,0.04658635438038517
2014-01-29 09:00:00,0.0
2014-01-29 10:00:00,0.6170373705455932
2014-01-29 11:00:00,0.0
2014-01-29 12:00:00,0.0
2014-01-29 13:00:00,0.0
2014-01-29 14:00:00,0.0
2014-01-29 15:00:00,0.775988013226039
2014-01-29 16:00:00,0.0
2014-01-29 17:00:00,0.0
2014-01-29 18:00:00,0.0
2014-01-29 19:00:00,1.0003834366464763
2014-01-29 20:00:00,0.958338427937462
2014-01-29 21:00:00,0.7151579285638778
2014-01-29 22:00:00,0.5235315086051274
2014-01-29 23:00:00,-0.7362805206396039
2014-01-30 00:00:00,-1.420653932907755
2014-01-30 01:00:00,-1.8311754314669142
2014-01-30 02:00:00,-1.901141682101329
2014-01-30 03:00:00,-1.849867281236667
2014-01-30 04:00:00,-1.9104643004403588
2014-01-30 05:00:00,-1.7845157266800713
2014-01-30 06:00:00,-1.7565012585712885
2014-01-30 07:00:00,-0.73040727108602
2014-01-30 08:00:00,0.14946144775157721
2014-01-30 09:00:00,0.3457957899715352
2014-01-30 10:00:00,0.378564793433222
2014-01-30 11:00:00,0.6450984517460675
2014-01-30 12:00:00,0.0
2014-01-30 13:00:00,1.0704895265559808
2014-01-30 14:00:00,0.0
2014-01-30 15:00:00,0.6029602168536593
2014-01-30 16:00:00,0.5515925898056018
2014-01-30 17:00:00,0.85546333456627
2014-01-30 18:00:00,0.9395999650760094
2014-01-30 19:00:00,0.8601712568274782
2014-01-30 20:00:00,0.8133250996738569
2014-01-30 21:00:00,0.0
2014-01-30 22:00:00,0.383272715694424
2014-01-30 23:00:00,0.0
2014-01-31 00:00:00,-1.167451618819718
2014-01-31 01:00:00,-1.579231670854645
2014-01-31 02:00:00,-1.8265141222973984
2014-01-31 03:00:00,-1.7798544175105568
2014-01-31 04:00:00,-1.8218528131278846
2014-01-31 05:00:00,-1.2713988132998932
2014-01-31 06:00:00,0.0
2014-01-31 07:00:00,0.0
2014-01-31 08:00:00,0.5281928177746408
2014-01-31 09:00:00,0.0
2014-01-31 10:00:00,0.5281928177746413
2014-01-31 11:00:00,0.8040024813348192
2014-01-31 12:00:00,0.0
2014-01-31 13:00:00,0.6684516106853448
2014-01-31 14:00:00,0.5281928177746358
2014-01-31 15:00:00,0.9816915868767234
2014-01-31 16:00:00,1.1125811483567005
2014-01-31 17:00:00,0.0
2014-01-31 18:00:00,0.0
2014-01-31 19:00:00,1.4349106774286344
2014-01-31 20:00:00,1.1780259290966864
2014-01-31 21:00:00,0.0
2014-01-31 22:00:00,0.4954704274046537
2014-01-31 23:00:00,0.0
2014-02-01 00:00:00,0.0
2014-02-01 01:00:00,0.0
2014-02-01 02:00:00,-1.7891304227578912
2014-02-01 03:00:00,-1.779807804418861
2014-02-01 04:00:00,-1.8451593589754574
2014-02-01 05:00:00,0.0
2014-02-01 06:00:00,0.0
2014-02-01 07:00:00,0.0
2014-02-01 08:00:00,0.5982522945924518
2014-02-01 09:00:00,0.8273556402740965
2014-02-01 10:00:00,0.0
2014-02-01 11:00:00,0.0
2014-02-01 12:00:00,0.0
2014-02-01 13:00:00,1.3648978137025294
2014-02-01 14:00:00,1.1592874662352335
2014-02-01 15:00:00,1.2294401692364325
2014-02-01 16:00:00,1.0331524401081686
2014-02-01 17:00:00,0.0
2014-02-01 18:00:00,1.3463924162995584
2014-02-01 19:00:00,0.0
2014-02-01 20:00:00,0.0
2014-02-01 21:00:00,1.06112029512526
2014-02-01 22:00:00,0.0
2014-02-01 23:00:00,0.0
2014-02-02 00:00:00,-1.4019620831380006
2014-02-02 01:00:00,0.0
2014-02-02 02:00:00,0.0
2014-02-02 03:00:00,-1.821806200036189
2014-02-02 04:00:00,0.0
2014-02-02 05:00:00,-1.775193108341042
2014-02-02 06:00:00,-1.7331947127237148
2014-02-02 07:00:00,0.0
2014-02-02 08:00:00,0.0
2014-02-02 09:00:00,1.0050913589076949
2014-02-02 10:00:00,1.1826872382661946
2014-02-02 11:00:00,1.5189074686632966
2014-02-02 12:00:00,1.5050167673381392
2014-02-02 13:00:00,1.2996394853293254
2014-02-02 14:00:00,1.0892279894174288
2014-02-02 15:00:00,0.0
2014-02-02 16:00:00,0.0
2014-02-02 17:00:00,1.2388094006671588
2014-02-02 18:00:00,1.4350505167037282
2014-02-02 19:00:00,1.341731107130045
2014-02-02 20:00:00,0.0
2014-02-02 21:00:00,1.0751974488171885
2014-02-02 22:00:00,0.5982989076841404
2014-02-02 23:00:00,0.0
2014-02-03 00:00:00,-1.3739476150292167
2014-02-03 01:00:00,0.0
2014-02-03 02:00:00,0.0
2014-02-03 03:00:00,-1.7891770358495858
2014-02-03 04:00:00,-1.9198335318710835
2014-02-03 05:00:00,-1.756547871662983
2014-02-03 06:00:00,-1.7611625677408023
2014-02-03 07:00:00,0.0
2014-02-03 08:00:00,0.0
2014-02-03 09:00:00,0.7572495503645864
2014-02-03 10:00:00,0.8554633345662651
2014-02-03 11:00:00,0.0
2014-02-03 12:00:00,1.0565055990474355
2014-02-03 13:00:00,0.9816915868767234
2014-02-03 14:00:00,0.0
2014-02-03 15:00:00,0.7806493223955634
2014-02-03 16:00:00,0.0
2014-02-03 17:00:00,0.2897202406622702
2014-02-03 18:00:00,1.06112029512526
2014-02-03 19:00:00,1.2854224923623034
2014-02-03 20:00:00,1.164042001588141
2014-02-03 21:00:00,0.0
2014-02-03 22:00:00,0.10270851678134438
2014-02-03 23:00:00,-0.7737574463625027
2014-02-04 00:00:00,-1.4113313145687254
2014-02-04 01:00:00,0.0
2014-02-04 02:00:00,0.0
2014-02-04 03:00:00,0.0
2014-02-04 04:00:00,0.0
2014-02-04 05:00:00,-1.751886562493468
2014-02-04 06:00:00,-1.686535007936872
2014-02-04 07:00:00,-0.071531219975112
2014-02-04 08:00:00,0.0
2014-02-04 09:00:00,0.0
2014-02-04 10:00:00,0.0
2014-02-04 11:00:00,0.0
2014-02-04 12:00:00,0.0
2014-02-04 13:00:00,1.0939359116786418
2014-02-04 14:00:00,1.1266116889569402
2014-02-04 15:00:00,1.2294867823281266
2014-02-04 16:00:00,0.0
2014-02-04 17:00:00,0.0
2014-02-04 18:00:00,0.9347988166314078
2014-02-04 19:00:00,0.0
2014-02-04 20:00:00,0.2710283908925167
2014-02-04 21:00:00,0.09343251153400649
2014-02-04 22:00:00,-0.16373191534812373
2014-02-04 23:00:00,-0.806712902190974
2014-02-05 00:00:00,-1.3459797600121284
2014-02-05 01:00:00,-1.7611625677408023
2014-02-05 02:00:00,-1.8638512087452113
2014-02-05 03:00:00,0.0
2014-02-05 04:00:00,0.0
2014-02-05 05:00:00,-1.8171448908666739
2014-02-05 06:00:00,-1.737856021893229
2014-02-05 07:00:00,-0.3192331892431243
2014-02-05 08:00:00,0.42531772440345483
2014-02-05 09:00:00,0.8600780306440897
2014-02-05 10:00:00,0.9536305056762545
2014-02-05 11:00:00,0.0
2014-02-05 12:00:00,0.0
2014-02-05 13:00:00,0.18223045121325912
2014-02-05 14:00:00,0.0
2014-02-05 15:00:00,0.0
2014-02-05 16:00:00,-0.07493397566886004
2014-02-05 17:00:00,0.12610828881231037
2014-02-05 18:00:00,0.2990894720929966
2014-02-05 19:00:00,0.1821838381215704
2014-02-05 20:00:00,0.0
2014-02-05 21:00:00,0.06537143033352166
2014-02-05 22:00:00,-0.21048484631835104
2014-02-05 23:00:00,-0.7877879869627465
2014-02-06 00:00:00,0.0
2014-02-06 01:00:00,-1.756454645479593
2014-02-06 02:00:00,0.0
2014-02-06 03:00:00,-1.7565012585712887
2014-02-06 04:00:00,0.0
2014-02-06 05:00:00,-1.6911963171063877
2014-02-06 06:00:00,0.0
2014-02-06 07:00:00,-0.5621806231582287
2014-02-06 08:00:00,0.0
2014-02-06 09:00:00,0.9442612742455226
2014-02-06 10:00:00,0.0
2014-02-06 11:00:00,0.5234382824217452
2014-02-06 12:00:00,0.3037973943542041
2014-02-06 13:00:00,0.22898338218349196
2014-02-06 14:00:00,0.09800059452013685
2014-02-06 15:00:00,0.0
2014-02-06 16:00:00,0.05134088973328694
2014-02-06 17:00:00,0.07935535784207261
2014-02-06 18:00:00,0.6216520666234178
2014-02-06 19:00:00,1.2948849499764181
2014-02-06 20:00:00,1.19210308278862
2014-02-06 21:00:00,1.0331524401081693
2014-02-06 22:00:00,0.0
2014-02-06 23:00:00,-0.5074102404164319
2014-02-07 00:00:00,-1.392686077890666
2014-02-07 01:00:00,0.0
2014-02-07 02:00:00,0.0
2014-02-07 03:00:00,0.0
2014-02-07 04:00:00,-1.8777885231620604
2014-02-07 05:00:00,-1.7705317991715281
2014-02-07 06:00:00,0.0
2014-02-07 07:00:00,-0.2865574119648284
2014-02-07 08:00:00,0.5281928177746413
2014-02-07 09:00:00,0.8601246437357833
2014-02-07 10:00:00,0.0
2014-02-07 11:00:00,1.3369765717771322
2014-02-07 12:00:00,1.1827338513578938
2014-02-07 13:00:00,0.0
2014-02-07 14:00:00,1.2013790880359476
2014-02-07 15:00:00,0.0
2014-02-07 16:00:00,1.0143673641550273
2014-02-07 17:00:00,1.3043007944988394
2014-02-07 18:00:00,1.3929588949030087
2014-02-07 19:00:00,1.4769090730459655
2014-02-07 20:00:00,1.3556218084551916
2014-02-07 21:00:00,1.266637416409162
2014-02-07 22:00:00,0.0
2014-02-07 23:00:00,-0.6476690333271317
2014-02-08 00:00:00,0.0
2014-02-08 01:00:00,0.0
2014-02-08 02:00:00,-1.8171448908666743
2014-02-08 03:00:00,-1.7938383450191007
2014-02-08 04:00:00,0.0
2014-02-08 05:00:00,0.0
2014-02-08 06:00:00,0.0
2014-02-08 07:00:00,-0.06556474423813922
2014-02-08 08:00:00,0.8975549563669896
2014-02-08 09:00:00,0.0
2014-02-08 10:00:00,0.0
2014-02-08 11:00:00,1.2435173229283725
2014-02-08 12:00:00,0.0
2014-02-08 13:00:00,0.0
2014-02-08 14:00:00,0.45808672786514226
2014-02-08 15:00:00,0.15416937001277922
2014-02-08 16:00:00,0.1074164390425519
2014-02-08 17:00:00,0.28044423541493235
2014-02-08 18:00:00,0.2944281629234771
2014-02-08 19:00:00,0.25699785029228256
2014-02-08 20:00:00,0.26632046863130915
2014-02-08 21:00:00,0.0
2014-02-08 22:00:00,-0.27592962705833624
2014-02-08 23:00:00,-0.7865760465786694
2014-02-09 00:00:00,-1.3833168464599428
2014-02-09 01:00:00,-1.7798544175105564
2014-02-09 02:00:00,-1.8404980498059431
2014-02-09 03:00:00,0.0
2014-02-09 04:00:00,0.0
2014-02-09 05:00:00,0.0
2014-02-09 06:00:00,-1.7284867904625045
2014-02-09 07:00:00,-0.4829383672764803
2014-02-09 08:00:00,0.6403439163931707
2014-02-09 09:00:00,0.0
2014-02-09 10:00:00,1.1967177788664454
2014-02-09 11:00:00,0.0
2014-02-09 12:00:00,0.0
2014-02-09 13:00:00,1.0845200671562205
2014-02-09 14:00:00,1.1078732260954873
2014-02-09 15:00:00,0.0
2014-02-09 16:00:00,0.0
2014-02-09 17:00:00,0.0
2014-02-09 18:00:00,0.0
2014-02-09 19:00:00,1.1359343072959722
2014-02-09 20:00:00,1.2155028548195868
2014-02-09 21:00:00,0.0
2014-02-09 22:00:00,0.0
2014-02-09 23:00:00,-0.4511482387403943
2014-02-10 00:00:00,-1.3179652919033467
2014-02-10 01:00:00,0.0
2014-02-10 02:00:00,0.0
2014-02-10 03:00:00,-1.8871577545927845
2014-02-10 04:00:00,0.0
2014-02-10 05:00:00,0.0
2014-02-10 06:00:00,-1.7658238769103172
2014-02-10 07:00:00,-0.5481966956496864
2014-02-10 08:00:00,0.0
2014-02-10 09:00:00,0.0
2014-02-10 10:00:00,0.6778208421160608
2014-02-10 11:00:00,0.0
2014-02-10 12:00:00,0.0
2014-02-10 13:00:00,0.0
2014-02-10 14:00:00,0.16349198835181686
2014-02-10 15:00:00,0.14946144775157721
2014-02-10 16:00:00,0.0
2014-02-10 17:00:00,0.0
2014-02-10 18:00:00,1.0237832086774485
2014-02-10 19:00:00,1.009706054985514
2014-02-10 20:00:00,0.9957221274769685
2014-02-10 21:00:00,0.9863528960462422
2014-02-10 22:00:00,0.6403905294848594
2014-02-10 23:00:00,-0.7703080775770652
2014-02-11 00:00:00,-1.397347387060181
2014-02-11 01:00:00,-1.826467509205703
2014-02-11 02:00:00,0.0
2014-02-11 03:00:00,-1.877835136253755
2014-02-11 04:00:00,0.0
2014-02-11 05:00:00,-1.761209180832498
2014-02-11 06:00:00,-1.7565012585712878
2014-02-11 07:00:00,-0.22572732730265802
2014-02-11 08:00:00,0.3131200126932362
2014-02-11 09:00:00,0.0
2014-02-11 10:00:00,0.0
2014-02-11 11:00:00,0.0
2014-02-11 12:00:00,0.35991955675515774
2014-02-11 13:00:00,0.0
2014-02-11 14:00:00,0.2383526136142177
2014-02-11 15:00:00,0.07930874475038391
2014-02-11 16:00:00,0.14950806084327145
2014-02-11 17:00:00,0.0
2014-02-11 18:00:00,0.0
2014-02-11 19:00:00,0.0
2014-02-11 20:00:00,1.0424284453555017
2014-02-11 21:00:00,1.0238298217691422
2014-02-11 22:00:00,0.7666187817953238
2014-02-11 23:00:00,-0.05750067937487789
2014-02-12 00:00:00,0.0
2014-02-12 01:00:00,-1.8171915039583697
2014-02-12 02:00:00,0.0
2014-02-12 03:00:00,0.0
2014-02-12 04:00:00,-1.9104643004403588
2014-02-12 05:00:00,-1.7845157266800713
2014-02-12 06:00:00,-1.737856021893229
2014-02-12 07:00:00,-0.4687679874011589
2014-02-12 08:00:00,0.5889296762534196
2014-02-12 09:00:00,0.0
2014-02-12 10:00:00,0.0
2014-02-12 11:00:00,0.0
2014-02-12 12:00:00,0.0
2014-02-12 13:00:00,1.23414809149764
2014-02-12 14:00:00,0.892847034105782
2014-02-12 15:00:00,0.24296730969203675
2014-02-12 16:00:00,0.0
2014-02-12 17:00:00,0.0
2014-02-12 18:00:00,0.4346869558341812
2014-02-12 19:00:00,1.1453035387266937
2014-02-12 20:00:00,0.322489244123957
2014-02-12 21:00:00,0.26170577255348454
2014-02-12 22:00:00,0.0
2014-02-12 23:00:00,-0.7025326422523183
2014-02-13 00:00:00,-1.285336127716745
2014-02-13 01:00:00,0.0
2014-02-13 02:00:00,0.0
2014-02-13 03:00:00,-1.7238720943846852
2014-02-13 04:00:00,0.0
2014-02-13 05:00:00,-1.6118608350412473
2014-02-13 06:00:00,0.0
2014-02-13 07:00:00,0.11571356936428932
2014-02-13 08:00:00,0.0
2014-02-13 09:00:00,1.0237365955857536
2014-02-13 10:00:00,0.0
2014-02-13 11:00:00,1.3229460311768926
2014-02-13 12:00:00,0.8554167214745709
2014-02-13 13:00:00,0.21956753766107628
2014-02-13 14:00:00,0.18689176038277733
2014-02-13 15:00:00,0.25238315421445245
2014-02-13 16:00:00,0.0
2014-02-13 17:00:00,0.3458424030632288
2014-02-13 18:00:00,0.0
2014-02-13 19:00:00,0.0
2014-02-13 20:00:00,0.25233654112276926
2014-02-13 21:00:00,0.0
2014-02-13 22:00:00,0.0
2014-02-13 23:00:00,-0.7925891354073487
2014-02-14 00:00:00,0.0
2014-02-14 01:00:00,-1.6538592306585749
2014-02-14 02:00:00,-1.7051802446149311
2014-02-14 03:00:00,0.0
2014-02-14 04:00:00,-1.8452059720671523
2014-02-14 05:00:00,-1.6305992979026962
2014-02-14 06:00:00,-1.5932622114548838
2014-02-14 07:00:00,0.0
2014-02-14 08:00:00,0.9209081153062565
2014-02-14 09:00:00,0.0
2014-02-14 10:00:00,0.0
2014-02-14 11:00:00,0.0
2014-02-14 12:00:00,0.5234848955134388
2014-02-14 13:00:00,0.322489244123957
2014-02-14 14:00:00,0.28972024066227514
2014-02-14 15:00:00,0.0
2014-02-14 16:00:00,0.0
2014-02-14 17:00:00,0.0
2014-02-14 18:00:00,0.476731964543201
2014-02-14 19:00:00,0.0
2014-02-14 20:00:00,0.0
2014-02-14 21:00:00,0.1587840660906038
2014-02-14 22:00:00,-0.14033214331715713
2014-02-14 23:00:00,-0.8672633083029729
2014-02-15 00:00:00,-1.3319958325035832
2014-02-15 01:00:00,-1.7098415537844456
2014-02-15 02:00:00,-1.7565478716629823
2014-02-15 03:00:00,-1.8125301947888546
2014-02-15 04:00:00,0.0
2014-02-15 05:00:00,0.0
2014-02-15 06:00:00,-1.700518935445416
2014-02-15 07:00:00,-0.28156981115344876
2014-02-15 08:00:00,0.0
2014-02-15 09:00:00,0.8835244157667445
2014-02-15 10:00:00,0.0
2014-02-15 11:00:00,0.0
2014-02-15 12:00:00,0.37861140652491626
2014-02-15 13:00:00,0.45804011477345297
2014-02-15 14:00:00,0.238306000522529
2014-02-15 15:00:00,0.18689176038277794
2014-02-15 16:00:00,0.04658635438039071
2014-02-15 17:00:00,0.0
2014-02-15 18:00:00,0.4533788056039341
2014-02-15 19:00:00,0.44405618726490204
2014-02-15 20:00:00,0.2476752319532449
2014-02-15 21:00:00,0.1261549019039997
2014-02-15 22:00:00,-0.11231767520837699
2014-02-15 23:00:00,-0.8484782323498269
2014-02-16 00:00:00,-1.4113313145687254
2014-02-16 01:00:00,-1.7798544175105564
2014-02-16 02:00:00,-1.8638045956535165
2014-02-16 03:00:00,-1.9104643004403583
2014-02-16 04:00:00,-1.9338174593796273
2014-02-16 05:00:00,0.0
2014-02-16 06:00:00,-1.7984996541886151
2014-02-16 07:00:00,-0.48750645026260914
2014-02-16 08:00:00,0.0
2014-02-16 09:00:00,0.5842683670839063
2014-02-16 10:00:00,0.9582918148457574
2014-02-16 11:00:00,0.0
2014-02-16 12:00:00,0.0
2014-02-16 13:00:00,1.2248254731586135
2014-02-16 14:00:00,0.8554167214745758
2014-02-16 15:00:00,0.8180330219350693
2014-02-16 16:00:00,0.14950806084326593
2014-02-16 17:00:00,0.0
2014-02-16 18:00:00,0.0
2014-02-16 19:00:00,0.0
2014-02-16 20:00:00,0.0
2014-02-16 21:00:00,0.0
2014-02-16 22:00:00,0.0
2014-02-16 23:00:00,-0.9386279516882412
2014-02-17 00:00:00,0.0
2014-02-17 01:00:00,-1.807822272527645
2014-02-17 02:00:00,0.0
2014-02-17 03:00:00,0.0
2014-02-17 04:00:00,-1.9338174593796273
2014-02-17 05:00:00,0.0
2014-02-17 06:00:00,-1.7425173310627435
2014-02-17 07:00:00,-0.17776245594835785
2014-02-17 08:00:00,0.22427545992228382
2014-02-17 09:00:00,0.7105432324860588
2014-02-17 10:00:00,0.0
2014-02-17 11:00:00,0.0
2014-02-17 12:00:00,0.21961415075277052
2014-02-17 13:00:00,0.5329007400358489
2014-02-17 14:00:00,0.0
2014-02-17 15:00:00,0.0
2014-02-17 16:00:00,0.0
2014-02-17 17:00:00,1.08918137632574
2014-02-17 18:00:00,1.1219503797874268
2014-02-17 19:00:00,1.0845666802479204
2014-02-17 20:00:00,1.0704895265559864
2014-02-17 21:00:00,0.9816449737850291
2014-02-17 22:00:00,-0.009489194928874256
2014-02-17 23:00:00,-0.759726905762267
2014-02-18 00:00:00,0.0
2014-02-18 01:00:00,0.0
2014-02-18 02:00:00,-1.8405446628976383
2014-02-18 03:00:00,0.0
2014-02-18 04:00:00,-1.8871577545927845
2014-02-18 05:00:00,-1.784515726680072
2014-02-18 06:00:00,0.0
2014-02-18 07:00:00,0.0
2014-02-18 08:00:00,0.2991360851846902
2014-02-18 09:00:00,0.8321101756270038
2014-02-18 10:00:00,0.35525824758564384
2014-02-18 11:00:00,0.0
2014-02-18 12:00:00,0.3178279349544437
2014-02-18 13:00:00,0.0
2014-02-18 14:00:00,0.004587958763054092
2014-02-18 15:00:00,0.06532481724183296
2014-02-18 16:00:00,-0.07493397566886557
2014-02-18 17:00:00,0.0
2014-02-18 18:00:00,0.0
2014-02-18 19:00:00,0.0
2014-02-18 20:00:00,0.0
2014-02-18 21:00:00,0.934938655906496
2014-02-18 22:00:00,0.0
2014-02-18 23:00:00,-0.792542522315651
2014-02-19 00:00:00,0.0
2014-02-19 01:00:00,-1.7611625677408032
2014-02-19 02:00:00,-1.8498672812366665
2014-02-19 03:00:00,0.0
2014-02-19 04:00:00,-1.8824498323315755
2014-02-19 05:00:00,0.0
2014-02-19 06:00:00,0.0
2014-02-19 07:00:00,-0.20703547753290816
2014-02-19 08:00:00,0.0
2014-02-19 09:00:00,0.70588192331654
2014-02-19 10:00:00,0.0
2014-02-19 11:00:00,0.0
2014-02-19 12:00:00,0.3411344808020219
2014-02-19 13:00:00,0.0
2014-02-19 14:00:00,0.29438154983178905
2014-02-19 15:00:00,0.0
2014-02-19 16:00:00,0.16349198835181686
2014-02-19 17:00:00,0.0
2014-02-19 18:00:00,0.38327271569442956
2014-02-19 19:00:00,0.4159484929727334
2014-02-19 20:00:00,0.0
2014-02-19 21:00:00,0.0
2014-02-19 22:00:00,-0.07493397566886557
2014-02-19 23:00:00,0.0
2014-02-20 00:00:00,-1.3973473870601816
2014-02-20 01:00:00,0.0
2014-02-20 02:00:00,0.0
2014-02-20 03:00:00,0.0
2014-02-20 04:00:00,0.0
2014-02-20 05:00:00,-1.6911963171063873
2014-02-20 06:00:00,-1.6258913756414866
2014-02-20 07:00:00,0.0
2014-02-20 08:00:00,0.8975549563669896
2014-02-20 09:00:00,1.0237832086774423
2014-02-20 10:00:00,0.0
2014-02-20 11:00:00,0.41599510606442214
2014-02-20 12:00:00,0.3318584755546834
2014-02-20 13:00:00,0.25704446338397124
2014-02-20 14:00:00,0.14009221632085578
2014-02-20 15:00:00,0.0
2014-02-20 16:00:00,-0.004781272667666729
2014-02-20 17:00:00,0.0
2014-02-20 18:00:00,0.33181186246298916
2014-02-20 19:00:00,0.25233654112276926
2014-02-20 20:00:00,0.2990428590013079
2014-02-20 21:00:00,0.0
2014-02-20 22:00:00,0.0
2014-02-20 23:00:00,-0.8111877589937073
2014-02-21 00:00:00,-1.3273345233340705
2014-02-21 01:00:00,-1.4346378604162986
2014-02-21 02:00:00,0.0
2014-02-21 03:00:00,0.0
2014-02-21 04:00:00,-1.5886009022853687
2014-02-21 05:00:00,-1.4626057154333867
2014-02-21 06:00:00,0.0
2014-02-21 07:00:00,0.0
2014-02-21 08:00:00,0.0
2014-02-21 09:00:00,0.0
2014-02-21 10:00:00,0.9536771187679433
2014-02-21 11:00:00,0.5468846675443998
2014-02-21 12:00:00,0.4159484929727285
2014-02-21 13:00:00,0.0
2014-02-21 14:00:00,0.22432207301397805
2014-02-21 15:00:00,0.0
2014-02-21 16:00:00,0.0
2014-02-21 17:00:00,1.0611669082169544
2014-02-21 18:00:00,1.1500114609879006
2014-02-21 19:00:00,1.5143859987688655
2014-02-21 20:00:00,0.0
2014-02-21 21:00:00,0.0
2014-02-21 22:00:00,-0.19650091880981055
2014-02-21 23:00:00,-0.623103934003787
2014-02-22 00:00:00,0.0
2014-02-22 01:00:00,-1.72391870747638
2014-02-22 02:00:00,-1.7845157266800713
2014-02-22 03:00:00,-1.8171448908666739
2014-02-22 04:00:00,-1.8591432864840018
2014-02-22 05:00:00,0.0
2014-02-22 06:00:00,-1.677212389597843
2014-02-22 07:00:00,0.0
2014-02-22 08:00:00,0.4113337968949039
2014-02-22 09:00:00,0.0
2014-02-22 10:00:00,0.0
2014-02-22 11:00:00,0.0
2014-02-22 12:00:00,0.9815051345099465
2014-02-22 13:00:00,0.0
2014-02-22 14:00:00,0.0
2014-02-22 15:00:00,0.2149528415832517
2014-02-22 16:00:00,0.1261082888122999
2014-02-22 17:00:00,0.18689176038277241
2014-02-22 18:00:00,0.0
2014-02-22 19:00:00,0.5982522945924518
2014-02-22 20:00:00,0.0
2014-02-22 21:00:00,0.0
2014-02-22 22:00:00,0.0
2014-02-22 23:00:00,-0.9011976390570393
2014-02-23 00:00:00,0.0
2014-02-23 01:00:00,0.0
2014-02-23 02:00:00,-1.817191503958369
2014-02-23 03:00:00,-1.8311754314669142
2014-02-23 04:00:00,-1.8871111415010897
2014-02-23 05:00:00,0.0
2014-02-23 06:00:00,-1.7051802446149318
2014-02-23 07:00:00,-0.41255259881681494
2014-02-23 08:00:00,0.5141622771744072
2014-02-23 09:00:00,0.8414327939660304
2014-02-23 10:00:00,0.9443078873372175
2014-02-23 11:00:00,0.0
2014-02-23 12:00:00,1.3369765717771322
2014-02-23 13:00:00,0.0
2014-02-23 14:00:00,0.21024491932204417
2014-02-23 15:00:00,0.280397622323243
2014-02-23 16:00:00,0.03721712294966435
2014-02-23 17:00:00,0.0
2014-02-23 18:00:00,0.0
2014-02-23 19:00:00,0.0
2014-02-23 20:00:00,0.0
2014-02-23 21:00:00,0.11669244428988979
2014-02-23 22:00:00,-0.1497479878395722
2014-02-23 23:00:00,-0.8346341441163626
2014-02-24 00:00:00,-1.3320424455952808
2014-02-24 01:00:00,-1.700518935445416
2014-02-24 02:00:00,0.0
2014-02-24 03:00:00,-1.7798078044188617
2014-02-24 04:00:00,0.0
2014-02-24 05:00:00,0.0
2014-02-24 06:00:00,-1.6958110131842068
2014-02-24 07:00:00,0.0
2014-02-24 08:00:00,0.4627014239429558
2014-02-24 09:00:00,0.0
2014-02-24 10:00:00,1.0050447458159952
2014-02-24 11:00:00,0.0
2014-02-24 12:00:00,0.0
2014-02-24 13:00:00,0.1728612197825383
2014-02-24 14:00:00,0.1448001385820584
2014-02-24 15:00:00,0.03726373604136412
2014-02-24 16:00:00,0.05595558581111153
2014-02-24 17:00:00,0.14480013858206392
2014-02-24 18:00:00,0.1775225289520516
2014-02-24 19:00:00,0.0
2014-02-24 20:00:00,0.35055032532444186
2014-02-24 21:00:00,0.0
2014-02-24 22:00:00,0.0
2014-02-24 23:00:00,-0.5343526074162317
2014-02-25 00:00:00,-1.055393746384583
2014-02-25 01:00:00,0.0
2014-02-25 02:00:00,-1.7331480996320188
2014-02-25 03:00:00,0.0
2014-02-25 04:00:00,-1.775193108341042
2014-02-25 05:00:00,-1.6585671529197843
2014-02-25 06:00:00,0.0
2014-02-25 07:00:00,-0.18368231859364192
2014-02-25 08:00:00,0.5609152081446339
2014-02-25 09:00:00,1.000336823554782
2014-02-25 10:00:00,0.6637436884241262
2014-02-25 11:00:00,0.3411810938937155
2014-02-25 12:00:00,0.30841209043202805
2014-02-25 13:00:00,0.0
2014-02-25 14:00:00,0.0
2014-02-25 15:00:00,0.0
2014-02-25 16:00:00,0.0
2014-02-25 17:00:00,1.0985506077564609
2014-02-25 18:00:00,0.8087104035960323
2014-02-25 19:00:00,0.2803976223232375
2014-02-25 20:00:00,0.17756914204374522
2014-02-25 21:00:00,0.09809382070351978
2014-02-25 22:00:00,0.0
2014-02-25 23:00:00,0.0
2014-02-26 00:00:00,-1.1674050057280212
2014-02-26 01:00:00,-1.5186346516509541
2014-02-26 02:00:00,0.0
2014-02-26 03:00:00,0.0
2014-02-26 04:00:00,-1.6865816210285678
2014-02-26 05:00:00,-1.7285800166458942
2014-02-26 06:00:00,0.0
2014-02-26 07:00:00,0.0
2014-02-26 08:00:00,0.1775225289520565
2014-02-26 09:00:00,0.6777742290243665
2014-02-26 10:00:00,0.5889296762534141
2014-02-26 11:00:00,0.0
2014-02-26 12:00:00,0.0
2014-02-26 13:00:00,0.0
2014-02-26 14:00:00,0.10741643904254698
2014-02-26 15:00:00,0.1681999106130244
2014-02-26 16:00:00,0.09809382070351425
2014-02-26 17:00:00,0.3178279349544437
2014-02-26 18:00:00,0.0
2014-02-26 19:00:00,0.0
2014-02-26 20:00:00,0.0
2014-02-26 21:00:00,1.0751974488171891
2014-02-26 22:00:00,0.0
2014-02-26 23:00:00,-0.39404720141383953
2014-02-27 00:00:00,-0.9901354180113743
2014-02-27 01:00:00,0.0
2014-02-27 02:00:00,0.0
2014-02-27 03:00:00,-1.7845157266800713
2014-02-27 04:00:00,-1.826514122297399
2014-02-27 05:00:00,0.0
2014-02-27 06:00:00,-1.6632284620892988
2014-02-27 07:00:00,-0.14154408370122815
2014-02-27 08:00:00,0.0
2014-02-27 09:00:00,0.5328541269441602
2014-02-27 10:00:00,0.0
2014-02-27 11:00:00,0.25704446338397124
2014-02-27 12:00:00,0.0
2014-02-27 13:00:00,0.0
2014-02-27 14:00:00,0.0
2014-02-27 15:00:00,0.0
2014-02-27 16:00:00,0.02323319544111894
2014-02-27 17:00:00,0.33185847555467785
2014-02-27 18:00:00,0.25704446338397124
2014-02-27 19:00:00,0.0
2014-02-27 20:00:00,0.0
2014-02-27 21:00:00,0.15883067918230356
2014-02-27 22:00:00,-0.1263948289003004
2014-02-27 23:00:00,-0.6931634108215989
2014-02-28 00:00:00,0.0
2014-02-28 01:00:00,0.0
2014-02-28 02:00:00,-1.7798544175105568
2014-02-28 03:00:00,0.0
2014-02-28 04:00:00,0.0
2014-02-28 05:00:00,-1.7145494760456559
2014-02-28 06:00:00,0.0
2014-02-28 07:00:00,0.0
2014-02-28 08:00:00,0.0
2014-02-28 09:00:00,0.8226943311045832
2014-02-28 10:00:00,0.0
2014-02-28 11:00:00,0.0
2014-02-28 12:00:00,0.2710283908925167
2014-02-28 13:00:00,0.29438154983178844
2014-02-28 14:00:00,0.0
2014-02-28 15:00:00,0.2944281629234833
2014-02-28 16:00:00,0.0
2014-02-28 17:00:00,0.0
2014-02-28 18:00:00,0.0
2014-02-28 19:00:00,0.5234848955134338
2014-02-28 20:00:00,0.3177813218627495
2014-02-28 21:00:00,0.0
2014-02-28 22:00:00,0.0
2014-02-28 23:00:00,0.0
2014-03-01 00:00:00,-1.3413184508426141
2014-03-01 01:00:00,-1.7331480996320194
2014-03-01 02:00:00,0.0
2014-03-01 03:00:00,0.0
2014-03-01 04:00:00,0.0
2014-03-01 05:00:00,0.0
2014-03-01 06:00:00,-1.677212389597843
2014-03-01 07:00:00,0.0
2014-03-01 08:00:00,0.0
2014-03-01 09:00:00,1.266917094959333
2014-03-01 10:00:00,0.5328541269441547
2014-03-01 11:00:00,0.0
2014-03-01 12:00:00,1.7624142596787404
2014-03-01 13:00:00,0.0
2014-03-01 14:00:00,1.2854224923623034
2014-03-01 15:00:00,0.0
2014-03-01 16:00:00,1.0892279894174288
2014-03-01 17:00:00,0.0
2014-03-01 18:00:00,0.7291884691641175
2014-03-01 19:00:00,0.6684516106853393
2014-03-01 20:00:00,0.4814398868044085
2014-03-01 21:00:00,0.3505503253244363
2014-03-01 22:00:00,0.11207774821206519
2014-03-01 23:00:00,-0.5355179347086026
2014-03-02 00:00:00,0.0
2014-03-02 01:00:00,0.0
2014-03-02 02:00:00,0.0
2014-03-02 03:00:00,-1.7098415537844465
2014-03-02 04:00:00,0.0
2014-03-02 05:00:00,0.0
2014-03-02 06:00:00,0.0
2014-03-02 07:00:00,-0.3845381307080268
2014-03-02 08:00:00,0.0
2014-03-02 09:00:00,0.0
2014-03-02 10:00:00,0.0
2014-03-02 11:00:00,0.8787698804138482
2014-03-02 12:00:00,0.5983455207758347
2014-03-02 13:00:00,0.0
2014-03-02 14:00:00,0.32248924412396257
2014-03-02 15:00:00,0.0
2014-03-02 16:00:00,0.0
2014-03-02 17:00:00,0.5421767452831923
2014-03-02 18:00:00,0.5000851234824727
2014-03-02 19:00:00,0.5095009680048878
2014-03-02 20:00:00,0.0
2014-03-02 21:00:00,0.0839700539198972
2014-03-02 22:00:00,-0.09367243853031275
2014-03-02 23:00:00,-0.6429611110659186
2014-03-03 00:00:00,0.0
2014-03-03 01:00:00,-1.7051802446149313
2014-03-03 02:00:00,-1.807822272527645
2014-03-03 03:00:00,0.0
2014-03-03 04:00:00,-1.8731738270842406
2014-03-03 05:00:00,0.0
2014-03-03 06:00:00,0.0
2014-03-03 07:00:00,0.0
2014-03-03 08:00:00,0.5001783496658557
2014-03-03 09:00:00,0.7432190097643572
2014-03-03 10:00:00,0.0
2014-03-03 11:00:00,0.2757363131537242
2014-03-03 12:00:00,0.1775225289520516
2014-03-03 13:00:00,0.0
2014-03-03 14:00:00,0.0
2014-03-03 15:00:00,0.2102915324137384
2014-03-03 16:00:00,0.041925045210871884
2014-03-03 17:00:00,0.24767523195325045
2014-03-03 18:00:00,0.46270142394296687
2014-03-03 19:00:00,0.3131200126932362
2014-03-03 20:00:00,0.08872458927279343
2014-03-03 21:00:00,0.0
2014-03-03 22:00:00,0.0
2014-03-03 23:00:00,-0.8345409179329781
2014-03-04 00:00:00,0.0
2014-03-04 01:00:00,-1.7891770358495858
2014-03-04 02:00:00,-1.849867281236667
2014-03-04 03:00:00,0.0
2014-03-04 04:00:00,-1.8778351362537555
2014-03-04 05:00:00,0.0
2014-03-04 06:00:00,0.0
2014-03-04 07:00:00,-0.09017645665317255
2014-03-04 08:00:00,0.45804011477345297
2014-03-04 09:00:00,0.0
2014-03-04 10:00:00,0.9256160375674695
2014-03-04 11:00:00,1.1219503797874268
2014-03-04 12:00:00,0.5047930457436748
2014-03-04 13:00:00,0.2430139227837316
2014-03-04 14:00:00,0.3691955620025012
2014-03-04 15:00:00,0.18223045121325912
2014-03-04 16:00:00,0.0
2014-03-04 17:00:00,0.3317652493713005
2014-03-04 18:00:00,0.0
2014-03-04 19:00:00,0.4720706553736877
2014-03-04 20:00:00,0.1962609918135043
2014-03-04 21:00:00,0.14484675167375263
2014-03-04 22:00:00,-0.1403787564088403
2014-03-04 23:00:00,-0.6851459590500322
2014-03-05 00:00:00,-1.345979760012129
2014-03-05 01:00:00,-1.7005189354454162
2014-03-05 02:00:00,-1.7984996541886151
2014-03-05 03:00:00,0.0
2014-03-05 04:00:00,0.0
2014-03-05 05:00:00,-1.695904239367597
2014-03-05 06:00:00,-1.6399219162417253
2014-03-05 07:00:00,-0.22582055348605573
2014-03-05 08:00:00,0.0
2014-03-05 09:00:00,0.0
2014-03-05 10:00:00,0.0
2014-03-05 11:00:00,0.08872458927279896
2014-03-05 12:00:00,0.214906228491563
2014-03-05 13:00:00,-0.0796418979300731
2014-03-05 14:00:00,-0.07954867174669016
2014-03-05 15:00:00,0.0
2014-03-05 16:00:00,-0.2152393816712528
2014-03-05 17:00:00,0.21961415075277607
2014-03-05 18:00:00,0.0
2014-03-05 19:00:00,0.20558361015253088
2014-03-05 20:00:00,0.19155306955229123
2014-03-05 21:00:00,0.20092230098301758
2014-03-05 22:00:00,-0.0048278857593554315
2014-03-05 23:00:00,0.0
2014-03-06 00:00:00,0.0
2014-03-06 01:00:00,-1.7098415537844458
2014-03-06 02:00:00,-1.7705317991715275
2014-03-06 03:00:00,0.0
2014-03-06 04:00:00,0.0
2014-03-06 05:00:00,-1.6958576262759029
2014-03-06 06:00:00,0.0
2014-03-06 07:00:00,0.0
2014-03-06 08:00:00,0.31307339960154196
2014-03-06 09:00:00,0.5796070579143924
2014-03-06 10:00:00,0.0840166670115859
2014-03-06 11:00:00,0.43468695583417566
2014-03-06 12:00:00,0.5749457487448743
2014-03-06 13:00:00,0.0
2014-03-06 14:00:00,0.0
2014-03-06 15:00:00,0.434640342742487
2014-03-06 16:00:00,0.0
2014-03-06 17:00:00,0.48605458288223863
2014-03-06 18:00:00,0.49542381431295945
2014-03-06 19:00:00,0.4627014239429607
2014-03-06 20:00:00,0.528146204682952
2014-03-06 21:00:00,0.0
2014-03-06 22:00:00,0.0
2014-03-06 23:00:00,0.0
2014-03-07 00:00:00,-1.2340151137603868
2014-03-07 01:00:00,-1.6958576262759018
2014-03-07 02:00:00,-1.7051802446149311
2014-03-07 03:00:00,0.0
2014-03-07 04:00:00,-1.8218528131278835
2014-03-07 05:00:00,0.0
2014-03-07 06:00:00,-1.513926729389744
2014-03-07 07:00:00,-0.7143257544511922
2014-03-07 08:00:00,0.40191795237248884
2014-03-07 09:00:00,0.9723689685377017
2014-03-07 10:00:00,0.8178465695682825
2014-03-07 11:00:00,0.6403439163931707
2014-03-07 12:00:00,0.7338963914253201
2014-03-07 13:00:00,0.0
2014-03-07 14:00:00,0.0
2014-03-07 15:00:00,0.9769836646155159
2014-03-07 16:00:00,0.0
2014-03-07 17:00:00,0.7432190097643516
2014-03-07 18:00:00,0.7619574726258049
2014-03-07 19:00:00,0.6030068299453479
2014-03-07 20:00:00,0.4814398868044085
2014-03-07 21:00:00,0.38788741177224856
2014-03-07 22:00:00,0.0
2014-03-07 23:00:00,0.0
2014-03-08 00:00:00,-1.2200777993435405
2014-03-08 01:00:00,0.0
2014-03-08 02:00:00,-1.7145494760456552
2014-03-08 03:00:00,-1.7098415537844456
2014-03-08 04:00:00,-1.756501258571288
2014-03-08 05:00:00,0.0
2014-03-08 06:00:00,-1.5558785119153762
2014-03-08 07:00:00,-0.071531219975112
2014-03-08 08:00:00,0.0
2014-03-08 09:00:00,0.0
2014-03-08 10:00:00,0.2803976223232375
2014-03-08 11:00:00,0.0
2014-03-08 12:00:00,0.9443078873372169
2014-03-08 13:00:00,0.8414327939660359
2014-03-08 14:00:00,0.7619574726257994
2014-03-08 15:00:00,0.0
2014-03-08 16:00:00,0.0
2014-03-08 17:00:00,0.0
2014-03-08 18:00:00,0.0
2014-03-08 19:00:00,0.6263599888846197
2014-03-08 20:00:00,0.49547042740464264
2014-03-08 21:00:00,0.28972024066227514
2014-03-08 22:00:00,0.0
2014-03-08 23:00:00,0.0
2014-03-09 00:00:00,-1.2573682726996567
2014-03-09 01:00:00,0.0
2014-03-09 02:00:00,-1.7331480996320194
2014-03-09 03:00:00,-1.700518935445416
2014-03-09 04:00:00,-1.793791731927406
2014-03-09 05:00:00,-1.677212389597843
2014-03-09 06:00:00,-1.57457036168513
2014-03-09 07:00:00,-0.30403732135051587
2014-03-09 08:00:00,0.0
2014-03-09 09:00:00,0.0
2014-03-09 10:00:00,0.0
2014-03-09 11:00:00,0.7058353102248458
2014-03-09 12:00:00,0.0
2014-03-09 13:00:00,0.5609152081446395
2014-03-09 14:00:00,0.4767319645432065
2014-03-09 15:00:00,0.4813932737127198
2014-03-09 16:00:00,0.1775225289520565
2014-03-09 17:00:00,0.44871749643441533
2014-03-09 18:00:00,0.6544210700850996
2014-03-09 19:00:00,0.4533788056039341
2014-03-09 20:00:00,0.33181186246298916
2014-03-09 21:00:00,0.0
2014-03-09 22:00:00,-0.11702559746957959
2014-03-09 23:00:00,0.0
2014-03-10 00:00:00,-1.2234339419455869
2014-03-10 01:00:00,0.0
2014-03-10 02:00:00,0.0
2014-03-10 03:00:00,-1.7005189354454164
2014-03-10 04:00:00,0.0
2014-03-10 05:00:00,0.0
2014-03-10 06:00:00,0.0
2014-03-10 07:00:00,-0.7693758157431608
2014-03-10 08:00:00,-0.12639482890030596
2014-03-10 09:00:00,0.07930874475038391
2014-03-10 10:00:00,0.0
2014-03-10 11:00:00,0.0
2014-03-10 12:00:00,0.7012206141470261
2014-03-10 13:00:00,0.0
2014-03-10 14:00:00,0.0
2014-03-10 15:00:00,0.0
2014-03-10 16:00:00,0.4674559592958625
2014-03-10 17:00:00,0.7525416281033844
2014-03-10 18:00:00,0.0
2014-03-10 19:00:00,0.0
2014-03-10 20:00:00,0.4066258746337013
2014-03-10 21:00:00,0.2056302232442251
2014-03-10 22:00:00,-0.018858426359595077
2014-03-10 23:00:00,-0.7504509005149352
2014-03-11 00:00:00,-1.229353804590873
2014-03-11 01:00:00,-1.6725510804283281
2014-03-11 02:00:00,-1.7098415537844458
2014-03-11 03:00:00,-1.7051802446149311
2014-03-11 04:00:00,-1.7938383450191007
2014-03-11 05:00:00,-1.6865350079368726
2014-03-11 06:00:00,-1.6259379887331815
2014-03-11 07:00:00,-0.8581271423307181
2014-03-11 08:00:00,-0.47701850463119594
2014-03-11 09:00:00,-0.22460861310197916
2014-03-11 10:00:00,0.12610828881231037
2014-03-11 11:00:00,0.0
2014-03-11 12:00:00,0.5889296762534196
2014-03-11 13:00:00,0.45808672786514226
2014-03-11 14:00:00,0.6123760613760749
2014-03-11 15:00:00,0.0
2014-03-11 16:00:00,0.4580401147734474
2014-03-11 17:00:00,0.7432190097643578
2014-03-11 18:00:00,0.6637436884241318
2014-03-11 19:00:00,0.39730325629466917
2014-03-11 20:00:00,0.4113337968949039
2014-03-11 21:00:00,0.19155306955229615
2014-03-11 22:00:00,0.009249267932567999
2014-03-11 23:00:00,0.0
2014-03-12 00:00:00,0.0
2014-03-12 01:00:00,0.0
2014-03-12 02:00:00,-1.7145028629539605
2014-03-12 03:00:00,0.0
2014-03-12 04:00:00,0.0
2014-03-12 05:00:00,-1.6772590026895384
2014-03-12 06:00:00,-1.5605864341765854
2014-03-12 07:00:00,0.0
2014-03-12 08:00:00,-0.12168690663908735
2014-03-12 09:00:00,-0.13571744723933252
2014-03-12 10:00:00,0.0
2014-03-12 11:00:00,0.5141156640827124
2014-03-12 12:00:00,0.5001317365741614
2014-03-12 13:00:00,0.0
2014-03-12 14:00:00,0.6824355381938902
2014-03-12 15:00:00,0.0
2014-03-12 16:00:00,0.0
2014-03-12 17:00:00,0.0
2014-03-12 18:00:00,0.6590823792546184
2014-03-12 19:00:00,0.7152045416555666
2014-03-12 20:00:00,0.0
2014-03-12 21:00:00,0.0
2014-03-12 22:00:00,0.004541345671370921
2014-03-12 23:00:00,-0.5542563975700544
2014-03-13 00:00:00,-1.2666908910386845
2014-03-13 01:00:00,-1.6678897712588143
2014-03-13 02:00:00,0.0
2014-03-13 03:00:00,-1.7611625677408023
2014-03-13 04:00:00,0.0
2014-03-13 05:00:00,0.0
2014-03-13 06:00:00,0.0
2014-03-13 07:00:00,-0.8392488401941863
2014-03-13 08:00:00,0.0
2014-03-13 09:00:00,-0.07493397566886004
2014-03-13 10:00:00,0.13543090715133757
2014-03-13 11:00:00,0.5047930457436809
2014-03-13 12:00:00,0.0
2014-03-13 13:00:00,0.4346869558341701
2014-03-13 14:00:00,0.5234848955134338
2014-03-13 15:00:00,0.0
2014-03-13 16:00:00,0.3318584755546834
2014-03-13 17:00:00,0.5001783496658557
2014-03-13 18:00:00,0.4907625051434406
2014-03-13 19:00:00,0.39730325629466917
2014-03-13 20:00:00,0.35987294366346906
2014-03-13 21:00:00,0.0
2014-03-13 22:00:00,0.0
2014-03-13 23:00:00,-0.5389206904023556
2014-03-14 00:00:00,0.0
2014-03-14 01:00:00,0.0
2014-03-14 02:00:00,-1.6259379887331815
2014-03-14 03:00:00,-1.6352606070722113
2014-03-14 04:00:00,0.0
2014-03-14 05:00:00,0.0
2014-03-14 06:00:00,0.0
2014-03-14 07:00:00,-0.7353016457140059
2014-03-14 08:00:00,-0.13576406033102675
2014-03-14 09:00:00,-0.2245620000102843
2014-03-14 10:00:00,0.04197165830256611
2014-03-14 11:00:00,0.3271505532934703
2014-03-14 12:00:00,0.4627014239429607
2014-03-14 13:00:00,0.23359807826132148
2014-03-14 14:00:00,0.0
2014-03-14 15:00:00,0.378564793433222
2014-03-14 16:00:00,0.07469404867256424
2014-03-14 17:00:00,0.4159951060644172
2014-03-14 18:00:00,0.0
2014-03-14 19:00:00,0.0
2014-03-14 20:00:00,0.32715055329347587
2014-03-14 21:00:00,0.1074164390425519
2014-03-14 22:00:00,-0.1731477598705388
2014-03-14 23:00:00,-0.7598667450373524
2014-03-15 00:00:00,0.0
2014-03-15 01:00:00,-1.700518935445417
2014-03-15 02:00:00,-1.7098881668761414
2014-03-15 03:00:00,0.0
2014-03-15 04:00:00,-1.8032075764498252
2014-03-15 05:00:00,0.0
2014-03-15 06:00:00,-1.565294356437796
2014-03-15 07:00:00,-0.5248435367104177
2014-03-15 08:00:00,-0.2853454715807519
2014-03-15 09:00:00,0.0
2014-03-15 10:00:00,0.0
2014-03-15 11:00:00,0.0
2014-03-15 12:00:00,0.70588192331654
2014-03-15 13:00:00,0.6216986797151064
2014-03-15 14:00:00,0.6871434604550928
2014-03-15 15:00:00,0.0
2014-03-15 16:00:00,0.3224426310322628
2014-03-15 17:00:00,0.6871434604550928
2014-03-15 18:00:00,0.0
2014-03-15 19:00:00,0.0
2014-03-15 20:00:00,0.3505037122327427
2014-03-15 21:00:00,0.0
2014-03-15 22:00:00,0.0
2014-03-15 23:00:00,-0.5996575488811308
2014-03-16 00:00:00,-1.2386764229299032
2014-03-16 01:00:00,-1.6445366123195453
2014-03-16 02:00:00,-1.672504467336633
2014-03-16 03:00:00,0.0
2014-03-16 04:00:00,0.0
2014-03-16 05:00:00,-1.6538592306585744
2014-03-16 06:00:00,0.0
2014-03-16 07:00:00,0.0
2014-03-16 08:00:00,0.0
2014-03-16 09:00:00,-0.009442581837185554
2014-03-16 10:00:00,0.09338589844231225
2014-03-16 11:00:00,0.0
2014-03-16 12:00:00,0.0
2014-03-16 13:00:00,0.6216986797151064
2014-03-16 14:00:00,0.6450518386543788
2014-03-16 15:00:00,0.6357292203153461
2014-03-16 16:00:00,0.49080911823513484
2014-03-16 17:00:00,0.8694472620748105
2014-03-16 18:00:00,0.0
2014-03-16 19:00:00,0.0
2014-03-16 20:00:00,0.0
2014-03-16 21:00:00,0.1074164390425519
2014-03-16 22:00:00,-0.1590706061786043
2014-03-16 23:00:00,0.0
2014-03-17 00:00:00,-1.2140180974231658
2014-03-17 01:00:00,-1.6305992979026962
2014-03-17 02:00:00,-1.6585671529197843
2014-03-17 03:00:00,-1.7145028629539605
2014-03-17 04:00:00,-1.770485186079832
2014-03-17 05:00:00,0.0
2014-03-17 06:00:00,-1.5746169747768246
2014-03-17 07:00:00,-0.5529046179108964
2014-03-17 08:00:00,0.0
2014-03-17 09:00:00,-0.1544092970090861
2014-03-17 10:00:00,0.0
2014-03-17 11:00:00,0.20092230098301206
2014-03-17 12:00:00,0.0
2014-03-17 13:00:00,0.0
2014-03-17 14:00:00,0.39259533403346164
2014-03-17 15:00:00,0.3551650214022615
2014-03-17 16:00:00,0.12606167572061613
2014-03-17 17:00:00,0.45808672786513616
2014-03-17 18:00:00,0.4580401147734474
2014-03-17 19:00:00,0.4720706553736871
2014-03-17 20:00:00,0.0
2014-03-17 21:00:00,0.1728612197825432
2014-03-17 22:00:00,-0.04216497220717814
2014-03-17 23:00:00,-0.352048805796514
2014-03-18 00:00:00,0.0
2014-03-18 01:00:00,-1.5138801162980486
2014-03-18 02:00:00,-1.663181848997604
2014-03-18 03:00:00,-1.7518399494017736
2014-03-18 04:00:00,0.0
2014-03-18 05:00:00,-1.6491979214890597
2014-03-18 06:00:00,-1.583939593115854
2014-03-18 07:00:00,-0.9479505700272702
2014-03-18 08:00:00,0.0
2014-03-18 09:00:00,0.0
2014-03-18 10:00:00,0.0
2014-03-18 11:00:00,0.42527111131176615
2014-03-18 12:00:00,0.0
2014-03-18 13:00:00,0.0
2014-03-18 14:00:00,0.32715055329347587
2014-03-18 15:00:00,0.0
2014-03-18 16:00:00,0.2476286188615562
2014-03-18 17:00:00,0.0
2014-03-18 18:00:00,0.0
2014-03-18 19:00:00,0.4440095741732133
2014-03-18 20:00:00,0.0
2014-03-18 21:00:00,0.32715055329347587
2014-03-18 22:00:00,0.0
2014-03-18 23:00:00,-0.43138428786165056
2014-03-19 00:00:00,0.0
2014-03-19 01:00:00,0.0
2014-03-19 02:00:00,0.0
2014-03-19 03:00:00,-1.695857626275902
2014-03-19 04:00:00,0.0
2014-03-19 05:00:00,-1.5699090525156156
2014-03-19 06:00:00,-1.5186346516509537
2014-03-19 07:00:00,-0.7307335627278784
2014-03-19 08:00:00,-0.17310114677883903
2014-03-19 09:00:00,0.0
2014-03-19 10:00:00,0.0
2014-03-19 11:00:00,0.6123760613760798
2014-03-19 12:00:00,0.0
2014-03-19 13:00:00,0.743265622856052
2014-03-19 14:00:00,0.6731129198548526
2014-03-19 15:00:00,0.0
2014-03-19 16:00:00,0.0
2014-03-19 17:00:00,0.8975083432752904
2014-03-19 18:00:00,0.822740944196272
2014-03-19 19:00:00,0.7385110875031496
2014-03-19 20:00:00,0.6076215260231781
2014-03-19 21:00:00,0.0
2014-03-19 22:00:00,0.1074164390425519
2014-03-19 23:00:00,-0.6651023296211159
2014-03-20 00:00:00,0.0
2014-03-20 01:00:00,0.0
2014-03-20 02:00:00,-1.7192107852151703
2014-03-20 03:00:00,-1.7425173310627435
2014-03-20 04:00:00,0.0
2014-03-20 05:00:00,-1.6678897712588143
2014-03-20 06:00:00,-1.6166153703941517
2014-03-20 07:00:00,0.0
2014-03-20 08:00:00,0.0
2014-03-20 09:00:00,0.0
2014-03-20 10:00:00,0.3037973943542041
2014-03-20 11:00:00,0.6497131478238921
2014-03-20 12:00:00,0.6684049975936506
2014-03-20 13:00:00,0.5422699714665752
2014-03-20 14:00:00,0.5562072858834264
2014-03-20 15:00:00,0.0
2014-03-20 16:00:00,0.0
2014-03-20 17:00:00,0.5234848955134338
2014-03-20 18:00:00,0.6450518386543733
2014-03-20 19:00:00,0.6030068299453535
2014-03-20 20:00:00,0.0
2014-03-20 21:00:00,0.3645808659246766
2014-03-20 22:00:00,-0.00011996349814790363
2014-03-20 23:00:00,-0.4069124147217024
2014-03-21 00:00:00,0.0
2014-03-21 01:00:00,-1.658520539828089
2014-03-21 02:00:00,-1.6585671529197843
2014-03-21 03:00:00,0.0
2014-03-21 04:00:00,-1.7984996541886151
2014-03-21 05:00:00,-1.5838929800241583
2014-03-21 06:00:00,-1.5232493477287727
2014-03-21 07:00:00,0.0
2014-03-21 08:00:00,0.0
2014-03-21 09:00:00,0.0
2014-03-21 10:00:00,0.1775225289520516
2014-03-21 11:00:00,0.6731129198548581
2014-03-21 12:00:00,0.0
2014-03-21 13:00:00,0.0
2014-03-21 14:00:00,0.0
2014-03-21 15:00:00,0.38788741177224856
2014-03-21 16:00:00,0.28976685375396444
2014-03-21 17:00:00,0.5234848955134338
2014-03-21 18:00:00,0.0
2014-03-21 19:00:00,0.5702378264836716
2014-03-21 20:00:00,0.3552116344939502
2014-03-21 21:00:00,0.0
2014-03-21 22:00:00,0.04197165830256611
2014-03-21 23:00:00,0.0
2014-03-22 00:00:00,-1.2387230360215968
2014-03-22 01:00:00,-1.6772590026895378
2014-03-22 02:00:00,0.0
2014-03-22 03:00:00,0.0
2014-03-22 04:00:00,-1.7845157266800713
2014-03-22 05:00:00,0.0
2014-03-22 06:00:00,0.0
2014-03-22 07:00:00,0.0
2014-03-22 08:00:00,0.0
2014-03-22 09:00:00,0.12610828881230485
2014-03-22 10:00:00,0.2990894720929966
2014-03-22 11:00:00,0.6964660787941194
2014-03-22 12:00:00,0.0
2014-03-22 13:00:00,0.0
2014-03-22 14:00:00,0.43002564666466236
2014-03-22 15:00:00,0.0
2014-03-22 16:00:00,0.19155306955229123
2014-03-22 17:00:00,0.0
2014-03-22 18:00:00,0.0
2014-03-22 19:00:00,0.4112871838032201
2014-03-22 20:00:00,0.3925487209417674
2014-03-22 21:00:00,0.34118109389371
2014-03-22 22:00:00,0.0
2014-03-22 23:00:00,-0.582131026403754
2014-03-23 00:00:00,-1.280674818547229
2014-03-23 01:00:00,0.0
2014-03-23 02:00:00,-1.72382548129299
2014-03-23 03:00:00,-1.7425173310627442
2014-03-23 04:00:00,-1.770485186079832
2014-03-23 05:00:00,0.0
2014-03-23 06:00:00,-1.5699090525156156
2014-03-23 07:00:00,-0.3706940424745727
2014-03-23 08:00:00,0.023279808532807644
2014-03-23 09:00:00,0.0
2014-03-23 10:00:00,0.2990894720929966
2014-03-23 11:00:00,0.5561606727917378
2014-03-23 12:00:00,0.0
2014-03-23 13:00:00,0.4440095741732078
2014-03-23 14:00:00,0.2990894720929966
2014-03-23 15:00:00,0.31307339960153646
2014-03-23 16:00:00,0.27568970006203547
2014-03-23 17:00:00,0.5421767452831867
2014-03-23 18:00:00,0.5328075138524659
2014-03-23 19:00:00,0.43468695583417566
2014-03-23 20:00:00,0.2617523856451788
2014-03-23 21:00:00,0.14484675167375263
2014-03-23 22:00:00,-0.12168690663909289
2014-03-23 23:00:00,-0.56688854541944
2014-03-24 00:00:00,-1.3319958325035852
2014-03-24 01:00:00,0.0
2014-03-24 02:00:00,-1.775099882157652
2014-03-24 03:00:00,-1.7704851860798316
2014-03-24 04:00:00,0.0
2014-03-24 05:00:00,-1.6911963171063877
2014-03-24 06:00:00,-1.6072461389634283
2014-03-24 07:00:00,-0.1871316873790842
2014-03-24 08:00:00,0.03731034913304729
2014-03-24 09:00:00,0.256997850292277
2014-03-24 10:00:00,0.3271039402017872
2014-03-24 11:00:00,0.0
2014-03-24 12:00:00,0.5000851234824727
2014-03-24 13:00:00,0.39259533403346164
2014-03-24 14:00:00,0.0
2014-03-24 15:00:00,0.2944281629234833
2014-03-24 16:00:00,0.15416937001277922
2014-03-24 17:00:00,0.0
2014-03-24 18:00:00,0.32244263103226833
2014-03-24 19:00:00,0.0
2014-03-24 20:00:00,0.3878874117722541
2014-03-24 21:00:00,0.21495284158325723
2014-03-24 22:00:00,-0.05158081672959381
2014-03-24 23:00:00,-0.7410816690842107
2014-03-25 00:00:00,-1.3179652919033458
2014-03-25 01:00:00,0.0
2014-03-25 02:00:00,-1.7285334035541995
2014-03-25 03:00:00,-1.714502862953961
2014-03-25 04:00:00,0.0
2014-03-25 05:00:00,-1.658473926736394
2014-03-25 06:00:00,0.0
2014-03-25 07:00:00,-0.7119018736830436
2014-03-25 08:00:00,0.0
2014-03-25 09:00:00,0.0
2014-03-25 10:00:00,0.1261082888122999
2014-03-25 11:00:00,0.49080911823512935
2014-03-25 12:00:00,0.0
2014-03-25 13:00:00,0.3598729436634635
2014-03-25 14:00:00,0.0
2014-03-25 15:00:00,0.0
2014-03-25 16:00:00,0.9770302777072156
2014-03-25 17:00:00,0.0
2014-03-25 18:00:00,1.3650842660693112
2014-03-25 19:00:00,1.3229926442685924
2014-03-25 20:00:00,0.0
2014-03-25 21:00:00,1.1546261570657148
2014-03-25 22:00:00,0.0
2014-03-25 23:00:00,-0.7550655965927466
2014-03-26 00:00:00,-1.3040279774864991
2014-03-26 01:00:00,0.0
2014-03-26 02:00:00,-1.7145028629539605
2014-03-26 03:00:00,-1.7192107852151703
2014-03-26 04:00:00,-1.7798078044188617
2014-03-26 05:00:00,0.0
2014-03-26 06:00:00,-1.6166153703941524
2014-03-26 07:00:00,0.32710394020178163
2014-03-26 08:00:00,0.5562538989751207
2014-03-26 09:00:00,1.1032585300176738
2014-03-26 10:00:00,1.0845200671562156
2014-03-26 11:00:00,1.4256812852730019
2014-03-26 12:00:00,0.8694938751665097
2014-03-26 13:00:00,0.4112871838032152
2014-03-26 14:00:00,0.3691955620025012
2014-03-26 15:00:00,0.35521163449395515
2014-03-26 16:00:00,0.22427545992228937
2014-03-26 17:00:00,0.38788741177225966
2014-03-26 18:00:00,0.5328541269441547
2014-03-26 19:00:00,0.434640342742487
2014-03-26 20:00:00,0.0
2014-03-26 21:00:00,0.3832261026027408
2014-03-26 22:00:00,0.05129427664159823
2014-03-26 23:00:00,-0.7970639922100792
2014-03-27 00:00:00,-1.3693329189513983
2014-03-27 01:00:00,0.0
2014-03-27 02:00:00,0.0
2014-03-27 03:00:00,-1.8311754314669135
2014-03-27 04:00:00,0.0
2014-03-27 05:00:00,-1.7331947127237142
2014-03-27 06:00:00,-1.6865350079368726
2014-03-27 07:00:00,-0.14037875640885136
2014-03-27 08:00:00,0.7386043136865332
2014-03-27 09:00:00,0.0
2014-03-27 10:00:00,0.0
2014-03-27 11:00:00,0.4627014239429607
2014-03-27 12:00:00,0.7245271599946043
2014-03-27 13:00:00,1.2481786320978796
2014-03-27 14:00:00,0.7572495503645974
2014-03-27 15:00:00,0.2664136948146976
2014-03-27 16:00:00,0.25233654112276865
2014-03-27 17:00:00,0.0
2014-03-27 18:00:00,0.0
2014-03-27 19:00:00,0.0
2014-03-27 20:00:00,1.3508206600105956
2014-03-27 21:00:00,0.0
2014-03-27 22:00:00,0.22898338218349687
2014-03-27 23:00:00,-0.8112343720854016
2014-03-28 00:00:00,-1.0894213033220432
2014-03-28 01:00:00,0.0
2014-03-28 02:00:00,0.0
2014-03-28 03:00:00,0.0
2014-03-28 04:00:00,0.0
2014-03-28 05:00:00,0.0
2014-03-28 06:00:00,0.0
2014-03-28 07:00:00,0.2242754599222949
2014-03-28 08:00:00,0.6777276159326827
2014-03-28 09:00:00,1.0658282173864677
2014-03-28 10:00:00,1.2294867823281266
2014-03-28 11:00:00,1.6035102300899882
2014-03-28 12:00:00,0.0
2014-03-28 13:00:00,0.41128718380320967
2014-03-28 14:00:00,0.0
2014-03-28 15:00:00,0.49080911823513484
2014-03-28 16:00:00,0.2850589314927563
2014-03-28 17:00:00,0.5141156640827124
2014-03-28 18:00:00,1.2011460225774764
2014-03-28 19:00:00,1.7342599522948776
2014-03-28 20:00:00,1.7155214894334305
2014-03-28 21:00:00,1.5096314634159587
2014-03-28 22:00:00,1.1873951605274127
2014-03-28 23:00:00,-0.004827885759360964
2014-03-29 00:00:00,-1.1766810109753523
2014-03-29 01:00:00,-1.6911963171063866
2014-03-29 02:00:00,-1.719210785215171
2014-03-29 03:00:00,0.0
2014-03-29 04:00:00,-1.826514122297399
2014-03-29 05:00:00,0.0
2014-03-29 06:00:00,-1.6398753031500308
2014-03-29 07:00:00,0.0
2014-03-29 08:00:00,0.6684516106853393
2014-03-29 09:00:00,1.16865669766596
2014-03-29 10:00:00,0.0
2014-03-29 11:00:00,0.9162468061367376
2014-03-29 12:00:00,0.766665394887018
2014-03-29 13:00:00,0.0
2014-03-29 14:00:00,0.0
2014-03-29 15:00:00,0.3505503253244369
2014-03-29 16:00:00,0.2757363131537242
2014-03-29 17:00:00,0.5889762893451138
2014-03-29 18:00:00,0.0
2014-03-29 19:00:00,0.6029602168536593
2014-03-29 20:00:00,0.0
2014-03-29 21:00:00,0.3598729436634635
2014-03-29 22:00:00,0.11207774821206519
2014-03-29 23:00:00,0.0
2014-03-30 00:00:00,-1.2433843451911137
2014-03-30 01:00:00,-2.045735492539675
2014-03-30 02:00:00,-2.810749553440426
2014-03-30 03:00:00,-1.7285334035541997
2014-03-30 04:00:00,0.0
2014-03-30 05:00:00,0.0
2014-03-30 06:00:00,-1.6026314428856079
2014-03-30 07:00:00,-0.41157372389121016
2014-03-30 08:00:00,-0.14508667867005334
2014-03-30 09:00:00,0.0
2014-03-30 10:00:00,0.0
2014-03-30 11:00:00,0.6497597609155863
2014-03-30 12:00:00,0.0
2014-03-30 13:00:00,0.5281462046829472
2014-03-30 14:00:00,0.0
2014-03-30 15:00:00,1.0469499152499322
2014-03-30 16:00:00,1.4163120538422749
2014-03-30 17:00:00,1.6125997829705443
2014-03-30 18:00:00,1.5425869192444281
2014-03-30 19:00:00,0.0
2014-03-30 20:00:00,0.832063562535304
2014-03-30 21:00:00,0.3458424030632288
2014-03-30 22:00:00,0.0
2014-03-30 23:00:00,-0.7352084195306209
2014-03-31 00:00:00,-1.2013859495737857
2014-03-31 01:00:00,-1.658567152919785
2014-03-31 02:00:00,-1.7052268577066267
2014-03-31 03:00:00,-1.7145494760456559
2014-03-31 04:00:00,0.0
2014-03-31 05:00:00,0.0
2014-03-31 06:00:00,-1.6399219162417256
2014-03-31 07:00:00,-0.42094295532193654
2014-03-31 08:00:00,-0.30399070825881613
2014-03-31 09:00:00,-0.00016657658984705682
2014-03-31 10:00:00,0.26165915946179585
2014-03-31 11:00:00,0.5094077418215055
2014-03-31 12:00:00,0.4580401147734474
2014-03-31 13:00:00,0.0
2014-03-31 14:00:00,0.18223045121326464
2014-03-31 15:00:00,0.2102449193220497
2014-03-31 16:00:00,0.0
2014-03-31 17:00:00,0.4393948780953832
2014-03-31 18:00:00,0.0
2014-03-31 19:00:00,1.327467501071323
2014-03-31 20:00:00,1.383776115839065
2014-03-31 21:00:00,0.0
2014-03-31 22:00:00,0.0
2014-03-31 23:00:00,-0.6524235686800414
2014-04-01 00:00:00,0.0
2014-04-01 01:00:00,-1.611907448132942
2014-04-01 02:00:00,-1.6818736987673581
2014-04-01 03:00:00,-1.6772123895978428
2014-04-01 04:00:00,0.0
2014-04-01 05:00:00,0.0
2014-04-01 06:00:00,0.0
2014-04-01 07:00:00,-0.5949030135282235
2014-04-01 08:00:00,-0.10299505686934486
2014-04-01 09:00:00,0.16344537526012262
2014-04-01 10:00:00,1.3603297307164095
2014-04-01 11:00:00,0.0
2014-04-01 12:00:00,0.0
2014-04-01 13:00:00,0.0
2014-04-01 14:00:00,0.3552116344939502
2014-04-01 15:00:00,0.0
2014-04-01 16:00:00,0.0
2014-04-01 17:00:00,0.47202404228199346
2014-04-01 18:00:00,0.4907625051434406
2014-04-01 19:00:00,0.0
2014-04-01 20:00:00,0.0
2014-04-01 21:00:00,0.322489244123957
2014-04-01 22:00:00,0.13543090715133757
2014-04-01 23:00:00,0.0
2014-04-02 00:00:00,0.0
2014-04-02 01:00:00,0.0
2014-04-02 02:00:00,-1.7284867904625052
2014-04-02 03:00:00,0.0
2014-04-02 04:00:00,-1.8031609633581298
2014-04-02 05:00:00,-1.6959508524592926
2014-04-02 06:00:00,-1.6352606070722109
2014-04-02 07:00:00,-0.06561135732982792
2014-04-02 08:00:00,0.9396465781677036
2014-04-02 09:00:00,0.967614433184795
2014-04-02 10:00:00,0.0
2014-04-02 11:00:00,1.3784622233858108
2014-04-02 12:00:00,0.6964194657024363
2014-04-02 13:00:00,0.36458086592467104
2014-04-02 14:00:00,0.0
2014-04-02 15:00:00,0.36924217509418433
2014-04-02 16:00:00,0.22898338218349196
2014-04-02 17:00:00,0.4346869558341812
2014-04-02 18:00:00,0.5095009680048878
2014-04-02 19:00:00,0.3599195567551633
2014-04-02 20:00:00,0.0
2014-04-02 21:00:00,0.0
2014-04-02 22:00:00,0.0
2014-04-02 23:00:00,-0.5775163303259337
2014-04-03 00:00:00,0.0
2014-04-03 01:00:00,0.0
2014-04-03 02:00:00,0.0
2014-04-03 03:00:00,-1.7098881668761414
2014-04-03 04:00:00,0.0
2014-04-03 05:00:00,-1.6538592306585749
2014-04-03 06:00:00,0.0
2014-04-03 07:00:00,-0.542463285371182
2014-04-03 08:00:00,0.08401666701159144
2014-04-03 09:00:00,-0.09362582543861912
2014-04-03 10:00:00,0.39730325629466917
2014-04-03 11:00:00,0.0
2014-04-03 12:00:00,0.0
2014-04-03 13:00:00,0.0
2014-04-03 14:00:00,1.1313196112181476
2014-04-03 15:00:00,0.0
2014-04-03 16:00:00,0.0
2014-04-03 17:00:00,0.0
2014-04-03 18:00:00,0.5187769732522257
2014-04-03 19:00:00,0.5095009680048829
2014-04-03 20:00:00,0.0
2014-04-03 21:00:00,0.0
2014-04-03 22:00:00,0.09804720761182555
2014-04-03 23:00:00,-0.5716430807723492
2014-04-04 00:00:00,-1.2386764229299028
2014-04-04 01:00:00,-1.6678431581671185
2014-04-04 02:00:00,0.0
2014-04-04 03:00:00,0.0
2014-04-04 04:00:00,0.0
2014-04-04 05:00:00,-1.6211834533802767
2014-04-04 06:00:00,-1.565294356437796
2014-04-04 07:00:00,-0.26660700871930965
2014-04-04 08:00:00,-0.08430320709958147
2014-04-04 09:00:00,0.0
2014-04-04 10:00:00,1.3416844940383508
2014-04-04 11:00:00,1.6779979506188254
2014-04-04 12:00:00,1.757799563600921
2014-04-04 13:00:00,0.0
2014-04-04 14:00:00,1.3323152626076245
2014-04-04 15:00:00,1.177979316004992
2014-04-04 16:00:00,0.5328541269441491
2014-04-04 17:00:00,0.5983455207758402
2014-04-04 18:00:00,0.0
2014-04-04 19:00:00,0.5702844395753548
2014-04-04 20:00:00,0.0
2014-04-04 21:00:00,0.4533788056039341
2014-04-04 22:00:00,0.2289367690917971
2014-04-04 23:00:00,0.0
2014-04-05 00:00:00,-1.1220970806003392
2014-04-05 01:00:00,-1.607246138963427
2014-04-05 02:00:00,-1.6026314428856085
2014-04-05 03:00:00,-1.6445832254112407
2014-04-05 04:00:00,0.0
2014-04-05 05:00:00,-1.5418945844068317
2014-04-05 06:00:00,0.0
2014-04-05 07:00:00,-0.2806375493195444
2014-04-05 08:00:00,0.0
2014-04-05 09:00:00,0.14946144775157721
2014-04-05 10:00:00,0.0
2014-04-05 11:00:00,0.9115854969672244
2014-04-05 12:00:00,0.0
2014-04-05 13:00:00,0.701174001055338
2014-04-05 14:00:00,0.7525882411950842
2014-04-05 15:00:00,0.5141622771744011
2014-04-05 16:00:00,0.3177813218627495
2014-04-05 17:00:00,0.0
2014-04-05 18:00:00,0.0
2014-04-05 19:00:00,0.0
2014-04-05 20:00:00,0.0
2014-04-05 21:00:00,0.5468846675443998
2014-04-05 22:00:00,0.16349198835181686
2014-04-05 23:00:00,-0.294668089919784
2014-04-06 00:00:00,-0.9093549301036863
2014-04-06 01:00:00,-1.318011904995041
2014-04-06 02:00:00,0.0
2014-04-06 03:00:00,-1.4159926237382399
2014-04-06 04:00:00,0.0
2014-04-06 05:00:00,0.0
2014-04-06 06:00:00,-1.243337732099416
2014-04-06 07:00:00,-0.4407535192923778
2014-04-06 08:00:00,0.14475352549036968
2014-04-06 09:00:00,0.16353860144350557
2014-04-06 10:00:00,0.23830600052252346
2014-04-06 11:00:00,0.6543744569934054
2014-04-06 12:00:00,0.0
2014-04-06 13:00:00,0.0
2014-04-06 14:00:00,0.4861011959739273
2014-04-06 15:00:00,0.0
2014-04-06 16:00:00,0.0
2014-04-06 17:00:00,0.8180330219350644
2014-04-06 18:00:00,0.0
2014-04-06 19:00:00,0.7666187817953183
2014-04-06 20:00:00,0.5468846675443942
2014-04-06 21:00:00,0.0
2014-04-06 22:00:00,0.0
2014-04-06 23:00:00,0.0
2014-04-07 00:00:00,-1.0927308328323966
2014-04-07 01:00:00,-1.4952348796199895
2014-04-07 02:00:00,-1.569909052515615
2014-04-07 03:00:00,-1.5792782839463397
2014-04-07 04:00:00,0.0
2014-04-07 05:00:00,0.0
2014-04-07 06:00:00,0.0
2014-04-07 07:00:00,-0.510859609201876
2014-04-07 08:00:00,0.0
2014-04-07 09:00:00,-0.05158081672959381
2014-04-07 10:00:00,0.2710283908925222
2014-04-07 11:00:00,0.45808672786513677
2014-04-07 12:00:00,0.0
2014-04-07 13:00:00,0.0
2014-04-07 14:00:00,0.3505503253244363
2014-04-07 15:00:00,0.0
2014-04-07 16:00:00,0.11678567047327826
2014-04-07 17:00:00,0.5609152081446395
2014-04-07 18:00:00,0.0
2014-04-07 19:00:00,0.0
2014-04-07 20:00:00,0.0
2014-04-07 21:00:00,0.4954238143129539
2014-04-07 22:00:00,0.08401666701159144
2014-04-07 23:00:00,-0.5121181626776492
2014-04-08 00:00:00,0.0
2014-04-08 01:00:00,-1.6025848297939127
2014-04-08 02:00:00,0.0
2014-04-08 03:00:00,-1.6818736987673575
2014-04-08 04:00:00,-1.7705317991715275
2014-04-08 05:00:00,0.0
2014-04-08 06:00:00,-1.5792782839463397
2014-04-08 07:00:00,0.0
2014-04-08 08:00:00,-0.21053145941004467
2014-04-08 09:00:00,0.05129427664159823
2014-04-08 10:00:00,0.0
2014-04-08 11:00:00,0.7853572446567655
2014-04-08 12:00:00,0.7292350822558118
2014-04-08 13:00:00,0.691804769624611
2014-04-08 14:00:00,0.0
2014-04-08 15:00:00,1.0892279894174337
2014-04-08 16:00:00,0.7806027093038692
2014-04-08 17:00:00,1.266823868775939
2014-04-08 18:00:00,0.0
2014-04-08 19:00:00,0.9442612742455178
2014-04-08 20:00:00,0.822740944196272
2014-04-08 21:00:00,0.0
2014-04-08 22:00:00,0.2149528415832517
2014-04-08 23:00:00,-0.352048805796514
2014-04-09 00:00:00,-1.120698687849485
2014-04-09 01:00:00,-1.495281492711685
2014-04-09 02:00:00,-1.5745703616851294
2014-04-09 03:00:00,0.0
2014-04-09 04:00:00,-1.7005189354454164
2014-04-09 05:00:00,0.0
2014-04-09 06:00:00,-1.434591247324604
2014-04-09 07:00:00,0.0
2014-04-09 08:00:00,0.06066350807231905
2014-04-09 09:00:00,0.13547752024302628
2014-04-09 10:00:00,0.36453425283298235
2014-04-09 11:00:00,0.0
2014-04-09 12:00:00,0.9910142052157556
2014-04-09 13:00:00,1.0658748304781618
2014-04-09 14:00:00,1.1827338513578938
2014-04-09 15:00:00,1.0798587579867074
2014-04-09 16:00:00,0.8133717127655511
2014-04-09 17:00:00,1.0050913589076893
2014-04-09 18:00:00,1.2481786320978796
2014-04-09 19:00:00,0.9162468061367431
2014-04-09 20:00:00,0.0
2014-04-09 21:00:00,0.0
2014-04-09 22:00:00,0.2944281629234833
2014-04-09 23:00:00,0.0
2014-04-10 00:00:00,-0.9000789248563521
2014-04-10 01:00:00,-1.3226266010728613
2014-04-10 02:00:00,-1.4253152420772683
2014-04-10 03:00:00,-1.4019620831380013
2014-04-10 04:00:00,-1.5745703616851294
2014-04-10 05:00:00,0.0
2014-04-10 06:00:00,0.0
2014-04-10 07:00:00,-0.3320984025509847
2014-04-10 08:00:00,0.0
2014-04-10 09:00:00,0.2056302232442251
2014-04-10 10:00:00,0.0
2014-04-10 11:00:00,0.0
2014-04-10 12:00:00,0.0
2014-04-10 13:00:00,1.0378137492776827
2014-04-10 14:00:00,1.0050447458159952
2014-04-10 15:00:00,0.0
2014-04-10 16:00:00,0.0
2014-04-10 17:00:00,0.0
2014-04-10 18:00:00,1.121903766695727
2014-04-10 19:00:00,0.0
2014-04-10 20:00:00,0.6544210700851052
2014-04-10 21:00:00,0.0
2014-04-10 22:00:00,0.0
2014-04-10 23:00:00,0.0
2014-04-11 00:00:00,-0.9887370252605187
2014-04-11 01:00:00,-1.3739476150292174
2014-04-11 02:00:00,-1.5232959608204686
2014-04-11 03:00:00,-1.4859122612809603
2014-04-11 04:00:00,-1.6072461389634272
2014-04-11 05:00:00,0.0
2014-04-11 06:00:00,0.0
2014-04-11 07:00:00,-0.23393123144101127
2014-04-11 08:00:00,0.0
2014-04-11 09:00:00,0.0
2014-04-11 10:00:00,0.16810668442963592
2014-04-11 11:00:00,0.7011273879636383
2014-04-11 12:00:00,0.0
2014-04-11 13:00:00,1.0798121448950138
2014-04-11 14:00:00,1.0892279894174337
2014-04-11 15:00:00,1.15467277015742
2014-04-11 16:00:00,0.9629997371069754
2014-04-11 17:00:00,1.3930987341780914
2014-04-11 18:00:00,1.4163120538422755
2014-04-11 19:00:00,1.0564589859557414
2014-04-11 20:00:00,0.9816915868767234
2014-04-11 21:00:00,0.0
2014-04-11 22:00:00,0.34113448080201575
2014-04-11 23:00:00,-0.28529885848906317
2014-04-12 00:00:00,-0.9700917885824624
2014-04-12 01:00:00,-1.4113313145687254
2014-04-12 02:00:00,-1.4906667966338654
2014-04-12 03:00:00,-1.4859122612809605
2014-04-12 04:00:00,-1.630552684811001
2014-04-12 05:00:00,0.0
2014-04-12 06:00:00,-1.3646716097818832
2014-04-12 07:00:00,0.0
2014-04-12 08:00:00,0.1073698259508632
2014-04-12 09:00:00,0.08406328010328014
2014-04-12 10:00:00,0.3411810938937106
2014-04-12 11:00:00,0.9816915868767234
2014-04-12 12:00:00,1.3650842660693112
2014-04-12 13:00:00,0.0
2014-04-12 14:00:00,0.0
2014-04-12 15:00:00,0.9255694244757697
2014-04-12 16:00:00,0.8834778026750502
2014-04-12 17:00:00,0.0
2014-04-12 18:00:00,0.0
2014-04-12 19:00:00,1.346392416299564
2014-04-12 20:00:00,1.047182980708409
2014-04-12 21:00:00,0.0
2014-04-12 22:00:00,0.0
2014-04-12 23:00:00,0.0
2014-04-13 00:00:00,-0.9280933929651359
2014-04-13 01:00:00,-1.3879781556294568
2014-04-13 02:00:00,-1.4579444062638718
2014-04-13 03:00:00,-1.4626057154333867
2014-04-13 04:00:00,0.0
2014-04-13 05:00:00,-1.350641069181644
2014-04-13 06:00:00,-1.318011904995041
2014-04-13 07:00:00,0.0
2014-04-13 08:00:00,0.4206098021422473
2014-04-13 09:00:00,0.1728612197825383
2014-04-13 10:00:00,0.43930165191200027
2014-04-13 11:00:00,1.1219503797874213
2014-04-13 12:00:00,1.4349106774286344
2014-04-13 13:00:00,0.0
2014-04-13 14:00:00,0.0
2014-04-13 15:00:00,1.1826872382661995
2014-04-13 16:00:00,0.9769836646155152
2014-04-13 17:00:00,1.3508206600105956
2014-04-13 18:00:00,0.0
2014-04-13 19:00:00,1.3744534975000375
2014-04-13 20:00:00,0.9629531240152756
2014-04-13 21:00:00,0.799387785257005
2014-04-13 22:00:00,0.0
2014-04-13 23:00:00,0.0
2014-04-14 00:00:00,-1.0320405874453114
2014-04-14 01:00:00,-1.4439138656636328
2014-04-14 02:00:00,-1.551263815837556
2014-04-14 03:00:00,-1.5792316708546443
2014-04-14 04:00:00,0.0
2014-04-14 05:00:00,-1.476636256033626
2014-04-14 06:00:00,-1.4440070918470231
2014-04-14 07:00:00,-0.6699500911574111
2014-04-14 08:00:00,0.15878406609060933
2014-04-14 09:00:00,0.1541227569210905
2014-04-14 10:00:00,0.2803976223232375
2014-04-14 11:00:00,0.7292350822558068
2014-04-14 12:00:00,0.0
2014-04-14 13:00:00,0.0
2014-04-14 14:00:00,0.0
2014-04-14 15:00:00,0.972322355446002
2014-04-14 16:00:00,0.0
2014-04-14 17:00:00,0.0
2014-04-14 18:00:00,0.0
2014-04-14 19:00:00,0.0
2014-04-14 20:00:00,0.7526348542867728
2014-04-14 21:00:00,0.7338963914253306
2014-04-14 22:00:00,0.3879340248639428
2014-04-14 23:00:00,0.0
2014-04-15 00:00:00,0.0
2014-04-15 01:00:00,-1.4299765512467837
2014-04-15 02:00:00,0.0
2014-04-15 03:00:00,0.0
2014-04-15 04:00:00,0.0
2014-04-15 05:00:00,-1.3459797600121297
2014-04-15 06:00:00,-1.3459797600121284
2014-04-15 07:00:00,-0.07493397566886004
2014-04-15 08:00:00,0.04658635438038517
2014-04-15 09:00:00,0.0700327395030405
2014-04-15 10:00:00,0.256997850292277
2014-04-15 11:00:00,0.0
2014-04-15 12:00:00,0.0
2014-04-15 13:00:00,0.0
2014-04-15 14:00:00,0.0
2014-04-15 15:00:00,0.874155184336018
2014-04-15 16:00:00,0.5094543549131936
2014-04-15 17:00:00,0.8788164935055425
2014-04-15 18:00:00,1.06116690821696
2014-04-15 19:00:00,0.0
2014-04-15 20:00:00,0.8414327939660304
2014-04-15 21:00:00,0.6871434604550928
2014-04-15 22:00:00,0.0
2014-04-15 23:00:00,0.0
2014-04-16 00:00:00,-0.9234320837956224
2014-04-16 01:00:00,-1.3832702333682465
2014-04-16 02:00:00,-1.4719283337724163
2014-04-16 03:00:00,-1.5513104289292512
2014-04-16 04:00:00,-1.593215598363188
2014-04-16 05:00:00,-1.4439604787553277
2014-04-16 06:00:00,-1.322673214164556
2014-04-16 07:00:00,-0.19771285919388157
2014-04-16 08:00:00,0.009202654840884214
2014-04-16 09:00:00,0.2289367690917971
2014-04-16 10:00:00,0.35050371223274207
2014-04-16 11:00:00,0.0
2014-04-16 12:00:00,0.8367714847965115
2014-04-16 13:00:00,0.8040024813348248
2014-04-16 14:00:00,0.8133717127655455
2014-04-16 15:00:00,0.0
2014-04-16 16:00:00,0.6356826072236524
2014-04-16 17:00:00,0.9677076593681835
2014-04-16 18:00:00,0.0
2014-04-16 19:00:00,0.0
2014-04-16 20:00:00,0.5468846675443998
2014-04-16 21:00:00,0.0
2014-04-16 22:00:00,0.28505893149276185
2014-04-16 23:00:00,-0.31802124885905575
2014-04-17 00:00:00,-0.9561078610739194
2014-04-17 01:00:00,0.0
2014-04-17 02:00:00,-1.467313637694597
2014-04-17 03:00:00,-1.5279572699899824
2014-04-17 04:00:00,-1.5605864341765854
2014-04-17 05:00:00,0.0
2014-04-17 06:00:00,-1.3460263731038242
2014-04-17 07:00:00,-0.4115737238912157
2014-04-17 08:00:00,0.12140036655109793
2014-04-17 09:00:00,0.0
2014-04-17 10:00:00,0.3458424030632288
2014-04-17 11:00:00,1.0424750584471958
2014-04-17 12:00:00,1.06112029512526
2014-04-17 13:00:00,0.0
2014-04-17 14:00:00,0.0
2014-04-17 15:00:00,0.6964660787941194
2014-04-17 16:00:00,-0.09833374769982604
2014-04-17 17:00:00,0.0
2014-04-17 18:00:00,1.4725274424266233
2014-04-17 19:00:00,1.1406422295571743
2014-04-17 20:00:00,0.0
2014-04-17 21:00:00,0.5421767452831867
2014-04-17 22:00:00,0.2850589314927569
2014-04-17 23:00:00,-0.3847711961665121
2014-04-18 00:00:00,-0.9419840942902874
2014-04-18 01:00:00,0.0
2014-04-18 02:00:00,-1.532618579159497
2014-04-18 03:00:00,-1.5652477433461005
2014-04-18 04:00:00,0.0
2014-04-18 05:00:00,0.0
2014-04-18 06:00:00,-1.3460263731038242
2014-04-18 07:00:00,-0.13688277453172037
2014-04-18 08:00:00,0.0
2014-04-18 09:00:00,0.0
2014-04-18 10:00:00,0.3551650214022615
2014-04-18 11:00:00,0.9069241877977104
2014-04-18 12:00:00,0.0
2014-04-18 13:00:00,0.691804769624611
2014-04-18 14:00:00,0.584314980175595
2014-04-18 15:00:00,0.0
2014-04-18 16:00:00,0.0
2014-04-18 17:00:00,0.6404371425765543
2014-04-18 18:00:00,0.752588241195078
2014-04-18 19:00:00,0.6590823792546129
2014-04-18 20:00:00,0.4580401147734474
2014-04-18 21:00:00,0.3037973943542041
2014-04-18 22:00:00,0.16344537526012262
2014-04-18 23:00:00,0.0
2014-04-19 00:00:00,0.0
2014-04-19 01:00:00,-1.5279572699899824
2014-04-19 02:00:00,0.0
2014-04-19 03:00:00,-1.5792316708546443
2014-04-19 04:00:00,-1.6771657765061478
2014-04-19 05:00:00,0.0
2014-04-19 06:00:00,0.0
2014-04-19 07:00:00,-0.31000379708748865
2014-04-19 08:00:00,-0.21057807250173952
2014-04-19 09:00:00,0.0
2014-04-19 10:00:00,0.023279808532807644
2014-04-19 11:00:00,0.48614780906562155
2014-04-19 12:00:00,1.0751974488171891
2014-04-19 13:00:00,0.6590823792546129
2014-04-19 14:00:00,0.0
2014-04-19 15:00:00,0.0
2014-04-19 16:00:00,0.0
2014-04-19 17:00:00,0.4486708833427211
2014-04-19 18:00:00,0.6030068299453535
2014-04-19 19:00:00,0.42065641523393604
2014-04-19 20:00:00,0.45799350168175873
2014-04-19 21:00:00,0.0
2014-04-19 22:00:00,0.0
2014-04-19 23:00:00,-0.5635790159090859
2014-04-20 00:00:00,-1.150018322525734
2014-04-20 01:00:00,-1.6166153703941517
2014-04-20 02:00:00,0.0
2014-04-20 03:00:00,0.0
2014-04-20 04:00:00,0.0
2014-04-20 05:00:00,-1.5838929800241588
2014-04-20 06:00:00,-1.4812975652031413
2014-04-20 07:00:00,-0.5587778674644902
2014-04-20 08:00:00,0.0
2014-04-20 09:00:00,0.0
2014-04-20 10:00:00,0.0
2014-04-20 11:00:00,0.3832727156944246
2014-04-20 12:00:00,0.0
2014-04-20 13:00:00,0.3645808659246766
2014-04-20 14:00:00,0.23830600052252346
2014-04-20 15:00:00,0.3223960179405741
2014-04-20 16:00:00,0.0
2014-04-20 17:00:00,0.476731964543201
2014-04-20 18:00:00,0.4533321925122405
2014-04-20 19:00:00,0.214906228491563
2014-04-20 20:00:00,-0.8733230102233381
2014-04-20 21:00:00,-0.9761981035945256
2014-04-20 22:00:00,-1.0614534483049503
2014-04-20 23:00:00,-0.994796727180895
2014-04-21 00:00:00,-1.2573682726996573
2014-04-21 01:00:00,0.0
2014-04-21 02:00:00,-1.6399219162417262
2014-04-21 03:00:00,-1.6398286900583352
2014-04-21 04:00:00,-1.71450286295396
2014-04-21 05:00:00,0.0
2014-04-21 06:00:00,-1.5139267293897434
2014-04-21 07:00:00,0.0
2014-04-21 08:00:00,0.0
2014-04-21 09:00:00,0.0
2014-04-21 10:00:00,0.0
2014-04-21 11:00:00,0.0
2014-04-21 12:00:00,0.0
2014-04-21 13:00:00,0.0
2014-04-21 14:00:00,0.36453425283298235
2014-04-21 15:00:00,0.32244263103226833
2014-04-21 16:00:00,0.0
2014-04-21 17:00:00,0.0
2014-04-21 18:00:00,0.7853572446567655
2014-04-21 19:00:00,0.5842683670839063
2014-04-21 20:00:00,0.0
2014-04-21 21:00:00,0.20092230098301206
2014-04-21 22:00:00,0.08872458927279896
2014-04-21 23:00:00,0.0
2014-04-22 00:00:00,-1.111469295693845
2014-04-22 01:00:00,-1.5326185791594982
2014-04-22 02:00:00,-1.5419411974985273
2014-04-22 03:00:00,0.0
2014-04-22 04:00:00,-1.6072461389634283
2014-04-22 05:00:00,-1.4765896429419312
2014-04-22 06:00:00,0.0
2014-04-22 07:00:00,-0.34608233005953015
2014-04-22 08:00:00,0.023279808532807644
2014-04-22 09:00:00,0.05595558581110661
2014-04-22 10:00:00,0.4346403427424814
2014-04-22 11:00:00,0.0
2014-04-22 12:00:00,0.6684049975936506
2014-04-22 13:00:00,0.6076681391148723
2014-04-22 14:00:00,0.5281928177746413
2014-04-22 15:00:00,0.4861011959739273
2014-04-22 16:00:00,0.336473171632508
2014-04-22 17:00:00,0.5890229024368074
2014-04-22 18:00:00,0.579607057914393
2014-04-22 19:00:00,0.0
2014-04-22 20:00:00,0.0
2014-04-22 21:00:00,0.0
2014-04-22 22:00:00,0.0
2014-04-22 23:00:00,0.0
2014-04-23 00:00:00,-1.0121367972914865
2014-04-23 01:00:00,0.0
2014-04-23 02:00:00,-1.4905735704504748
2014-04-23 03:00:00,-1.4905735704504754
2014-04-23 04:00:00,-1.5792782839463397
2014-04-23 05:00:00,-1.4066700053992103
2014-04-23 06:00:00,-1.3600103006123683
2014-04-23 07:00:00,0.17286121978253768
2014-04-23 08:00:00,0.0
2014-04-23 09:00:00,0.0
2014-04-23 10:00:00,0.0
2014-04-23 11:00:00,0.0
2014-04-23 12:00:00,0.6403439163931707
2014-04-23 13:00:00,0.0
2014-04-23 14:00:00,0.0
2014-04-23 15:00:00,0.38798063795563703
2014-04-23 16:00:00,0.24767523195325045
2014-04-23 17:00:00,0.5936375985146272
2014-04-23 18:00:00,0.6684516106853393
2014-04-23 19:00:00,0.0
2014-04-23 20:00:00,0.3037507812625099
2014-04-23 21:00:00,0.0
2014-04-23 22:00:00,0.06061689498062482
2014-04-23 23:00:00,-0.341467633981716
2014-04-24 00:00:00,-0.9047402340258697
2014-04-24 01:00:00,-1.3459797600121297
2014-04-24 02:00:00,0.0
2014-04-24 03:00:00,-1.4299765512467837
2014-04-24 04:00:00,-1.4765896429419305
2014-04-24 05:00:00,0.0
2014-04-24 06:00:00,0.0
2014-04-24 07:00:00,-0.39754318329097604
2014-04-24 08:00:00,0.1074164390425519
2014-04-24 09:00:00,-0.042211585298872374
2014-04-24 10:00:00,0.31778132186275443
2014-04-24 11:00:00,0.4533321925122399
2014-04-24 12:00:00,0.6403905294848655
2014-04-24 13:00:00,0.0
2014-04-24 14:00:00,0.40657926154201257
2014-04-24 15:00:00,0.3130733996015475
2014-04-24 16:00:00,0.2102449193220497
2014-04-24 17:00:00,0.42997903357296263
2014-04-24 18:00:00,0.4346403427424814
2014-04-24 19:00:00,0.0
2014-04-24 20:00:00,0.35987294366346906
2014-04-24 21:00:00,0.0
2014-04-24 22:00:00,0.18218383812156488
2014-04-24 23:00:00,-0.6195613390349581
2014-04-25 00:00:00,-1.1594341670481476
2014-04-25 01:00:00,0.0
2014-04-25 02:00:00,0.0
2014-04-25 03:00:00,-1.6119074481329427
2014-04-25 04:00:00,0.0
2014-04-25 05:00:00,0.0
2014-04-25 06:00:00,-1.5092654202202296
2014-04-25 07:00:00,0.0
2014-04-25 08:00:00,0.05129427664160376
2014-04-25 09:00:00,0.0
2014-04-25 10:00:00,0.0
2014-04-25 11:00:00,0.6964660787941244
2014-04-25 12:00:00,0.0
2014-04-25 13:00:00,0.663790301515826
2014-04-25 14:00:00,0.42065641523393604
2014-04-25 15:00:00,0.28972024066227514
2014-04-25 16:00:00,0.2710750039842109
2014-04-25 17:00:00,0.0
2014-04-25 18:00:00,0.7011740010553325
2014-04-25 19:00:00,0.42065641523393604
2014-04-25 20:00:00,0.0
2014-04-25 21:00:00,0.0
2014-04-25 22:00:00,0.08401666701159144
2014-04-25 23:00:00,-0.6009627154485964
2014-04-26 00:00:00,-1.1501115487091196
2014-04-26 01:00:00,-1.4626057154333867
2014-04-26 02:00:00,-1.5979701337160928
2014-04-26 03:00:00,0.0
2014-04-26 04:00:00,-1.6539058437502698
2014-04-26 05:00:00,-1.5326185791594975
2014-04-26 06:00:00,-1.4532830970943573
2014-04-26 07:00:00,-0.5564938259714272
2014-04-26 08:00:00,0.0
2014-04-26 09:00:00,0.0
2014-04-26 10:00:00,0.0
2014-04-26 11:00:00,0.0
2014-04-26 12:00:00,0.0
2014-04-26 13:00:00,0.0
2014-04-26 14:00:00,0.5562072858834264
2014-04-26 15:00:00,0.0
2014-04-26 16:00:00,0.0
2014-04-26 17:00:00,0.6216520666234178
2014-04-26 18:00:00,0.7806493223955634
2014-04-26 19:00:00,0.0
2014-04-26 20:00:00,0.37390348426370873
2014-04-26 21:00:00,0.28972024066227514
2014-04-26 22:00:00,0.12140036655109732
2014-04-26 23:00:00,-0.666360883096883
2014-04-27 00:00:00,-1.148759769049964
2014-04-27 01:00:00,0.0
2014-04-27 02:00:00,0.0
2014-04-27 03:00:00,-1.6025848297939125
2014-04-27 04:00:00,0.0
2014-04-27 05:00:00,-1.5745703616851294
2014-04-27 06:00:00,0.0
2014-04-27 07:00:00,0.0
2014-04-27 08:00:00,0.0
2014-04-27 09:00:00,0.14475352549036416
2014-04-27 10:00:00,0.0
2014-04-27 11:00:00,0.5889762893451138
2014-04-27 12:00:00,0.6403905294848655
2014-04-27 13:00:00,0.35987294366346906
2014-04-27 14:00:00,0.32244263103226833
2014-04-27 15:00:00,0.48148649989610276
2014-04-27 16:00:00,0.23830600052252346
2014-04-27 17:00:00,0.0
2014-04-27 18:00:00,0.6870968473633979
2014-04-27 19:00:00,0.4112871838032152
2014-04-27 20:00:00,0.336473171632508
2014-04-27 21:00:00,0.0
2014-04-27 22:00:00,0.0
2014-04-27 23:00:00,-0.7317590507451756
2014-04-28 00:00:00,-1.2526603504384464
2014-04-28 01:00:00,-1.5513104289292512
2014-04-28 02:00:00,-1.6259379887331815
2014-04-28 03:00:00,-1.6491979214890595
2014-04-28 04:00:00,-1.73324132581541
2014-04-28 05:00:00,-1.5559251250070711
2014-04-28 06:00:00,0.0
2014-04-28 07:00:00,0.0
2014-04-28 08:00:00,0.0
2014-04-28 09:00:00,-0.06095004816032016
2014-04-28 10:00:00,0.19621437872180944
2014-04-28 11:00:00,0.3832261026027408
2014-04-28 12:00:00,0.5515925898056073
2014-04-28 13:00:00,0.0
2014-04-28 14:00:00,0.39725664320297555
2014-04-28 15:00:00,0.0
2014-04-28 16:00:00,0.4252711113117606
2014-04-28 17:00:00,0.0
2014-04-28 18:00:00,0.0
2014-04-28 19:00:00,0.5281928177746413
2014-04-28 20:00:00,0.0
2014-04-28 21:00:00,0.0
2014-04-28 22:00:00,0.0
2014-04-28 23:00:00,0.0
2014-04-29 00:00:00,0.0
2014-04-29 01:00:00,-1.5092654202202296
2014-04-29 02:00:00,-1.6399219162417253
2014-04-29 03:00:00,0.0
2014-04-29 04:00:00,-1.6958110131842064
2014-04-29 05:00:00,-1.5792316708546443
2014-04-29 06:00:00,-1.471928333772416
2014-04-29 07:00:00,0.0
2014-04-29 08:00:00,-0.42560426449145533
2014-04-29 09:00:00,0.0
2014-04-29 10:00:00,0.3551650214022615
2014-04-29 11:00:00,0.0
2014-04-29 12:00:00,0.0
2014-04-29 13:00:00,0.0
2014-04-29 14:00:00,0.0
2014-04-29 15:00:00,0.0
2014-04-29 16:00:00,0.0
2014-04-29 17:00:00,0.0
2014-04-29 18:00:00,0.5749457487448743
2014-04-29 19:00:00,0.49547042740464814
2014-04-29 20:00:00,0.4393482650036945
2014-04-29 21:00:00,0.3411344808020268
2014-04-29 22:00:00,0.0
2014-04-29 23:00:00,0.0
2014-04-30 00:00:00,-1.014840356609805
2014-04-30 01:00:00,-1.3692863058597031
2014-04-30 02:00:00,-1.4019620831380006
2014-04-30 03:00:00,-1.4626057154333867
2014-04-30 04:00:00,0.0
2014-04-30 05:00:00,-1.3226732141645554
2014-04-30 06:00:00,-1.303981364394802
2014-04-30 07:00:00,-0.20116222797931832
2014-04-30 08:00:00,0.19155306955229615
2014-04-30 09:00:00,0.0
2014-04-30 10:00:00,0.2663670817230034
2014-04-30 11:00:00,0.6123294482843801
2014-04-30 12:00:00,0.0
2014-04-30 13:00:00,0.5515459767139131
2014-04-30 14:00:00,0.39725664320297494
2014-04-30 15:00:00,0.0
2014-04-30 16:00:00,0.2850123184010676
2014-04-30 17:00:00,0.5749457487448743
2014-04-30 18:00:00,0.7479269320255647
2014-04-30 19:00:00,0.6450518386543788
2014-04-30 20:00:00,0.46274803703465556
2014-04-30 21:00:00,0.36924217509418433
2014-04-30 22:00:00,0.0
2014-04-30 23:00:00,0.0
2014-05-01 00:00:00,0.0
2014-05-01 01:00:00,0.0
2014-05-01 02:00:00,-1.420653932907755
2014-05-01 03:00:00,-1.4532830970943573
2014-05-01 04:00:00,-1.5372798883290122
2014-05-01 05:00:00,-1.3226732141645559
2014-05-01 06:00:00,0.0
2014-05-01 07:00:00,-0.3741900243517037
2014-05-01 08:00:00,0.0
2014-05-01 09:00:00,0.07935535784207261
2014-05-01 10:00:00,0.39730325629466917
2014-05-01 11:00:00,0.7853106315650719
2014-05-01 12:00:00,0.8414327939660304
2014-05-01 13:00:00,0.8274022533657963
2014-05-01 14:00:00,0.0
2014-05-01 15:00:00,0.8975083432752954
2014-05-01 16:00:00,0.9676610462764886
2014-05-01 17:00:00,0.0
2014-05-01 18:00:00,1.0798587579867023
2014-05-01 19:00:00,0.0
2014-05-01 20:00:00,0.8555099476579648
2014-05-01 21:00:00,0.5982989076841404
2014-05-01 22:00:00,0.2663670817230034
2014-05-01 23:00:00,0.0
2014-05-02 00:00:00,-1.0415030450594283
2014-05-02 01:00:00,0.0
2014-05-02 02:00:00,-1.4392525564941185
2014-05-02 03:00:00,-1.5512638158375567
2014-05-02 04:00:00,-1.5978769075327033
2014-05-02 05:00:00,-1.49062018354217
2014-05-02 06:00:00,0.0
2014-05-02 07:00:00,0.0
2014-05-02 08:00:00,0.0
2014-05-02 09:00:00,0.0
2014-05-02 10:00:00,0.3411810938937155
2014-05-02 11:00:00,0.6543744569934054
2014-05-02 12:00:00,0.8274488664574849
2014-05-02 13:00:00,0.8741085712443294
2014-05-02 14:00:00,0.8835244157667499
2014-05-02 15:00:00,0.9255694244757642
2014-05-02 16:00:00,0.0
2014-05-02 17:00:00,0.0
2014-05-02 18:00:00,0.0
2014-05-02 19:00:00,0.0
2014-05-02 20:00:00,0.0
2014-05-02 21:00:00,0.0
2014-05-02 22:00:00,0.4720706553736871
2014-05-02 23:00:00,-0.22115924431654244
2014-05-03 00:00:00,-0.7353948718973972
2014-05-03 01:00:00,0.0
2014-05-03 02:00:00,0.0
2014-05-03 03:00:00,0.0
2014-05-03 04:00:00,-1.5046507241424092
2014-05-03 05:00:00,-1.3320424455952804
2014-05-03 06:00:00,-1.2899508237945625
2014-05-03 07:00:00,-0.22451538691858516
2014-05-03 08:00:00,0.0
2014-05-03 09:00:00,0.1027085167813499
2014-05-03 10:00:00,0.0
2014-05-03 11:00:00,0.7665721687036295
2014-05-03 12:00:00,0.0
2014-05-03 13:00:00,0.0
2014-05-03 14:00:00,1.033105827016475
2014-05-03 15:00:00,0.8975083432752954
2014-05-03 16:00:00,0.9629531240152818
2014-05-03 17:00:00,0.0
2014-05-03 18:00:00,0.0
2014-05-03 19:00:00,1.243563936020066
2014-05-03 20:00:00,0.9863528960462422
2014-05-03 21:00:00,0.8180330219350693
2014-05-03 22:00:00,0.31307339960154196
2014-05-03 23:00:00,-0.42807475835129744
2014-05-04 00:00:00,0.0
2014-05-04 01:00:00,0.0
2014-05-04 02:00:00,-1.4812509521114463
2014-05-04 03:00:00,-1.5419411974985273
2014-05-04 04:00:00,0.0
2014-05-04 05:00:00,0.0
2014-05-04 06:00:00,0.0
2014-05-04 07:00:00,0.0
2014-05-04 08:00:00,0.0
2014-05-04 09:00:00,0.24296730969203736
2014-05-04 10:00:00,0.3879340248639428
2014-05-04 11:00:00,0.0
2014-05-04 12:00:00,1.2902236408068999
2014-05-04 13:00:00,1.215456241727887
2014-05-04 14:00:00,1.1172424575262139
2014-05-04 15:00:00,1.26220917269812
2014-05-04 16:00:00,1.0471363676167147
2014-05-04 17:00:00,0.0
2014-05-04 18:00:00,0.0
2014-05-04 19:00:00,1.3042541814071396
2014-05-04 20:00:00,0.0
2014-05-04 21:00:00,0.0
2014-05-04 22:00:00,0.3411344808020213
2014-05-04 23:00:00,0.0
2014-05-05 00:00:00,0.0
2014-05-05 01:00:00,-1.303981364394802
2014-05-05 02:00:00,0.0
2014-05-05 03:00:00,-1.4859588743726553
2014-05-05 04:00:00,-1.509265420220229
2014-05-05 05:00:00,-1.364624996690188
2014-05-05 06:00:00,0.0
2014-05-05 07:00:00,-0.5097408950011891
2014-05-05 08:00:00,0.0
2014-05-05 09:00:00,0.0
2014-05-05 10:00:00,0.0
2014-05-05 11:00:00,0.6497597609155863
2014-05-05 12:00:00,0.0
2014-05-05 13:00:00,0.846140716227238
2014-05-05 14:00:00,1.0705361396476758
2014-05-05 15:00:00,0.0
2014-05-05 16:00:00,0.9629531240152811
2014-05-05 17:00:00,0.0
2014-05-05 18:00:00,0.0
2014-05-05 19:00:00,0.0
2014-05-05 20:00:00,0.747880318933876
2014-05-05 21:00:00,0.0
2014-05-05 22:00:00,0.0
2014-05-05 23:00:00,-0.30869863052002916
2014-05-06 00:00:00,-0.9034350674583997
2014-05-06 01:00:00,-1.2947053591474678
2014-05-06 02:00:00,-1.392639464798972
2014-05-06 03:00:00,-1.4113313145687247
2014-05-06 04:00:00,0.0
2014-05-06 05:00:00,-1.3319958325035852
2014-05-06 06:00:00,-1.3086426735643164
2014-05-06 07:00:00,-0.40686580163000263
2014-05-06 08:00:00,0.0
2014-05-06 09:00:00,0.0
2014-05-06 10:00:00,0.23364469135301016
2014-05-06 11:00:00,0.0
2014-05-06 12:00:00,0.0
2014-05-06 13:00:00,0.9209547283979507
2014-05-06 14:00:00,0.0
2014-05-06 15:00:00,0.0
2014-05-06 16:00:00,0.3691955620025012
2014-05-06 17:00:00,0.7104966193943646
2014-05-06 18:00:00,0.8928004210140879
2014-05-06 19:00:00,0.7011740010553269
2014-05-06 20:00:00,0.5468846675443998
2014-05-06 21:00:00,0.434640342742487
2014-05-06 22:00:00,0.0
2014-05-06 23:00:00,0.0
2014-05-07 00:00:00,-0.9047402340258667
2014-05-07 01:00:00,0.0
2014-05-07 02:00:00,0.0
2014-05-07 03:00:00,-1.4486217879248429
2014-05-07 04:00:00,-1.5513104289292512
2014-05-07 05:00:00,0.0
2014-05-07 06:00:00,0.0
2014-05-07 07:00:00,-0.2245620000102794
2014-05-07 08:00:00,0.17752252895206205
2014-05-07 09:00:00,0.27568970006203547
2014-05-07 10:00:00,0.434640342742487
2014-05-07 11:00:00,0.0
2014-05-07 12:00:00,0.0
2014-05-07 13:00:00,0.0
2014-05-07 14:00:00,0.0
2014-05-07 15:00:00,0.0
2014-05-07 16:00:00,0.8508020253967519
2014-05-07 17:00:00,0.0
2014-05-07 18:00:00,1.1032119169259742
2014-05-07 19:00:00,0.7759414001343449
2014-05-07 20:00:00,0.0
2014-05-07 21:00:00,0.0
2014-05-07 22:00:00,0.2897668537539638
2014-05-07 23:00:00,0.0
2014-05-08 00:00:00,0.0
2014-05-08 01:00:00,0.0
2014-05-08 02:00:00,-1.4439604787553277
2014-05-08 03:00:00,0.0
2014-05-08 04:00:00,0.0
2014-05-08 05:00:00,0.0
2014-05-08 06:00:00,0.0
2014-05-08 07:00:00,0.0
2014-05-08 08:00:00,0.0
2014-05-08 09:00:00,0.2522899280310695
2014-05-08 10:00:00,0.36453425283298235
2014-05-08 11:00:00,0.7011273879636438
2014-05-08 12:00:00,0.0
2014-05-08 13:00:00,0.0
2014-05-08 14:00:00,1.196764391958134
2014-05-08 15:00:00,1.0471363676167091
2014-05-08 16:00:00,0.8180330219350644
2014-05-08 17:00:00,1.1219969928791211
2014-05-08 18:00:00,0.0
2014-05-08 19:00:00,0.0
2014-05-08 20:00:00,0.0
2014-05-08 21:00:00,0.6169907574538989
2014-05-08 22:00:00,0.3317652493713005
2014-05-08 23:00:00,-0.2526230812107642
2014-05-09 00:00:00,0.0
2014-05-09 01:00:00,-1.2899974368862583
2014-05-09 02:00:00,-1.4299765512467837
2014-05-09 03:00:00,-1.4812509521114456
2014-05-09 04:00:00,0.0
2014-05-09 05:00:00,0.0
2014-05-09 06:00:00,0.0
2014-05-09 07:00:00,-0.5484297611081711
2014-05-09 08:00:00,0.0
2014-05-09 09:00:00,0.14009221632085578
2014-05-09 10:00:00,0.3411810938937155
2014-05-09 11:00:00,0.9443078873372169
2014-05-09 12:00:00,1.0799053710784015
2014-05-09 13:00:00,1.2060870102971606
2014-05-09 14:00:00,0.0
2014-05-09 15:00:00,0.0
2014-05-09 16:00:00,1.1639953884964467
2014-05-09 17:00:00,1.26220917269812
2014-05-09 18:00:00,1.4818500607656497
2014-05-09 19:00:00,0.0
2014-05-09 20:00:00,0.0
2014-05-09 21:00:00,0.9255694244757697
2014-05-09 22:00:00,0.0
2014-05-09 23:00:00,0.0
2014-05-10 00:00:00,-0.852020827318653
2014-05-10 01:00:00,-1.2899974368862577
2014-05-10 02:00:00,-1.3926860778906658
2014-05-10 03:00:00,-1.397254160876791
2014-05-10 04:00:00,-1.5652477433460998
2014-05-10 05:00:00,-1.2946587460557728
2014-05-10 06:00:00,-1.2526603504384453
2014-05-10 07:00:00,0.0
2014-05-10 08:00:00,0.04663296747207941
2014-05-10 09:00:00,0.20092230098301206
2014-05-10 10:00:00,0.0
2014-05-10 11:00:00,1.3365570539518847
2014-05-10 12:00:00,1.210748319466674
2014-05-10 13:00:00,1.4066631438613784
2014-05-10 14:00:00,0.0
2014-05-10 15:00:00,0.0
2014-05-10 16:00:00,1.0611669082169488
2014-05-10 17:00:00,1.443860391034108
2014-05-10 18:00:00,0.0
2014-05-10 19:00:00,1.229440169236427
2014-05-10 20:00:00,0.0
2014-05-10 21:00:00,0.8601246437357833
2014-05-10 22:00:00,0.0
2014-05-10 23:00:00,-0.1403787564088458
2014-05-11 00:00:00,-0.8626486122251527
2014-05-11 01:00:00,-1.243384345191111
2014-05-11 02:00:00,-1.3833168464599421
2014-05-11 03:00:00,0.0
2014-05-11 04:00:00,-1.4719749468641115
2014-05-11 05:00:00,-1.2760135093777139
2014-05-11 06:00:00,0.0
2014-05-11 07:00:00,-0.5892162163414145
2014-05-11 08:00:00,0.1074164390425519
2014-05-11 09:00:00,0.0
2014-05-11 10:00:00,0.5983455207758402
2014-05-11 11:00:00,0.9489691965067302
2014-05-11 12:00:00,0.0
2014-05-11 13:00:00,0.0
2014-05-11 14:00:00,1.0471363676167147
2014-05-11 15:00:00,1.0705361396476751
2014-05-11 16:00:00,0.9723223554460081
2014-05-11 17:00:00,0.0
2014-05-11 18:00:00,1.4022349001503362
2014-05-11 19:00:00,0.0
2014-05-11 20:00:00,1.0143673641550273
2014-05-11 21:00:00,0.827355640274102
2014-05-11 22:00:00,0.0
2014-05-11 23:00:00,-0.20116222797931277
2014-05-12 00:00:00,0.0
2014-05-12 01:00:00,-1.2900440499779526
2014-05-12 02:00:00,-1.3739942281209123
2014-05-12 03:00:00,-1.3879315425377619
2014-05-12 04:00:00,-1.4765896429419305
2014-05-12 05:00:00,-1.3226732141645554
2014-05-12 06:00:00,0.0
2014-05-12 07:00:00,0.0
2014-05-12 08:00:00,-0.20116222797932384
2014-05-12 09:00:00,0.0
2014-05-12 10:00:00,0.0
2014-05-12 11:00:00,0.6777742290243713
2014-05-12 12:00:00,0.0
2014-05-12 13:00:00,0.8788164935055369
2014-05-12 14:00:00,0.733896391425325
2014-05-12 15:00:00,0.6918047696246061
2014-05-12 16:00:00,0.0
2014-05-12 17:00:00,0.8554633345662651
2014-05-12 18:00:00,0.9209081153062503
2014-05-12 19:00:00,0.0
2014-05-12 20:00:00,0.0
2014-05-12 21:00:00,0.0
2014-05-12 22:00:00,0.0
2014-05-12 23:00:00,-0.5870254010317486
2014-05-13 00:00:00,-1.0354433431390588
2014-05-13 01:00:00,-1.4812975652031408
2014-05-13 02:00:00,-1.527957269989983
2014-05-13 03:00:00,0.0
2014-05-13 04:00:00,-1.6865816210285678
2014-05-13 05:00:00,0.0
2014-05-13 06:00:00,-1.4299765512467844
2014-05-13 07:00:00,-0.745929430620505
2014-05-13 08:00:00,0.0
2014-05-13 09:00:00,0.09804720761182555
2014-05-13 10:00:00,0.0
2014-05-13 11:00:00,0.6403905294848594
2014-05-13 12:00:00,0.0
2014-05-13 13:00:00,0.6169907574538989
2014-05-13 14:00:00,0.0
2014-05-13 15:00:00,0.6777742290243713
2014-05-13 16:00:00,0.0
2014-05-13 17:00:00,0.0
2014-05-13 18:00:00,0.9722757423543084
2014-05-13 19:00:00,0.8414327939660304
2014-05-13 20:00:00,0.7619574726258049
2014-05-13 21:00:00,0.46736273311247956
2014-05-13 22:00:00,0.0
2014-05-13 23:00:00,-0.4561824526434713
2014-05-14 00:00:00,0.0
2014-05-14 01:00:00,-1.364624996690188
2014-05-14 02:00:00,0.0
2014-05-14 03:00:00,-1.5046041110507145
2014-05-14 04:00:00,-1.5979235206243982
2014-05-14 05:00:00,-1.4206073198160596
2014-05-14 06:00:00,0.0
2014-05-14 07:00:00,-0.674658013418619
2014-05-14 08:00:00,0.0
2014-05-14 09:00:00,0.15416937001277922
2014-05-14 10:00:00,0.0
2014-05-14 11:00:00,0.0
2014-05-14 12:00:00,0.7432656228560465
2014-05-14 13:00:00,0.7759414001343449
2014-05-14 14:00:00,0.0
2014-05-14 15:00:00,1.0050447458159952
2014-05-14 16:00:00,0.0
2014-05-14 17:00:00,1.1780725421883804
2014-05-14 18:00:00,1.2481786320978852
2014-05-14 19:00:00,1.112581148356695
2014-05-14 20:00:00,0.0
2014-05-14 21:00:00,0.0
2014-05-14 22:00:00,0.44405618726490204
2014-05-14 23:00:00,-0.06561135732983346
2014-05-15 00:00:00,0.0
2014-05-15 01:00:00,-0.8675895999448338
2014-05-15 02:00:00,-1.1407889303700933
2014-05-15 03:00:00,0.0
2014-05-15 04:00:00,-1.3926860778906665
2014-05-15 05:00:00,-1.2294004176825644
2014-05-15 06:00:00,-1.2060472587432984
2014-05-15 07:00:00,-0.7600065843124345
2014-05-15 08:00:00,0.06998612641135178
2014-05-15 09:00:00,0.0
2014-05-15 10:00:00,0.46270142394296626
2014-05-15 11:00:00,1.019075286416235
2014-05-15 12:00:00,1.1967177788664398
2014-05-15 13:00:00,1.1499648478962015
2014-05-15 14:00:00,0.0
2014-05-15 15:00:00,0.0
2014-05-15 16:00:00,0.0
2014-05-15 17:00:00,1.3695125097803484
2014-05-15 18:00:00,0.0
2014-05-15 19:00:00,1.570368321894742
2014-05-15 20:00:00,1.3603763438080982
2014-05-15 21:00:00,0.0
2014-05-15 22:00:00,0.7479735451172596
2014-05-15 23:00:00,-0.04687289446838075
2014-05-16 00:00:00,0.0
2014-05-16 01:00:00,-1.0474695207964089
2014-05-16 02:00:00,-1.108066540000099
2014-05-16 03:00:00,-1.1687101722954856
2014-05-16 04:00:00,0.0
2014-05-16 05:00:00,0.0
2014-05-16 06:00:00,0.0
2014-05-16 07:00:00,-0.5378019762016739
2014-05-16 08:00:00,0.0
2014-05-16 09:00:00,0.31316662578492493
2014-05-16 10:00:00,0.7666187817953183
2014-05-16 11:00:00,0.0
2014-05-16 12:00:00,0.0
2014-05-16 13:00:00,0.0
2014-05-16 14:00:00,1.425727898364701
2014-05-16 15:00:00,1.2715317910371464
2014-05-16 16:00:00,1.266870481867633
2014-05-16 17:00:00,0.0
2014-05-16 18:00:00,0.0
2014-05-16 19:00:00,1.5566174598446678
2014-05-16 20:00:00,1.3884840381002772
2014-05-16 21:00:00,0.0
2014-05-16 22:00:00,0.0
2014-05-16 23:00:00,-0.12634821580861172
2014-05-17 00:00:00,-0.8721110698392631
2014-05-17 01:00:00,-1.2246458823296622
2014-05-17 02:00:00,-1.243337732099416
2014-05-17 03:00:00,-1.2993666683169822
2014-05-17 04:00:00,-1.41128470147703
2014-05-17 05:00:00,-1.2527069635301413
2014-05-17 06:00:00,0.0
2014-05-17 07:00:00,0.0
2014-05-17 08:00:00,0.0
2014-05-17 09:00:00,0.056002198902800226
2014-05-17 10:00:00,0.5282394308663356
2014-05-17 11:00:00,1.2481786320978803
2014-05-17 12:00:00,0.0
2014-05-17 13:00:00,1.332315262607619
2014-05-17 14:00:00,1.2948849499764132
2014-05-17 15:00:00,1.355715034638585
2014-05-17 16:00:00,1.0611669082169488
2014-05-17 17:00:00,0.0
2014-05-17 18:00:00,1.7765380264623687
2014-05-17 19:00:00,1.6642470885687615
2014-05-17 20:00:00,1.5331244616303181
2014-05-17 21:00:00,0.0
2014-05-17 22:00:00,0.6310679111458328
2014-05-17 23:00:00,0.0
2014-05-18 00:00:00,0.0
2014-05-18 01:00:00,0.0
2014-05-18 02:00:00,-1.3879781556294561
2014-05-18 03:00:00,0.0
2014-05-18 04:00:00,0.0
2014-05-18 05:00:00,0.0
2014-05-18 06:00:00,0.0
2014-05-18 07:00:00,0.0
2014-05-18 08:00:00,0.0
2014-05-18 09:00:00,0.0
2014-05-18 10:00:00,0.45804011477345297
2014-05-18 11:00:00,1.1546727701574144
2014-05-18 12:00:00,1.3601432783496221
2014-05-18 13:00:00,1.2014257011276475
2014-05-18 14:00:00,1.164042001588141
2014-05-18 15:00:00,1.4677729070737215
2014-05-18 16:00:00,1.2947451107013361
2014-05-18 17:00:00,0.0
2014-05-18 18:00:00,0.0
2014-05-18 19:00:00,1.3697455752388252
2014-05-18 20:00:00,1.26220917269812
2014-05-18 21:00:00,1.0424284453554962
2014-05-18 22:00:00,0.0
2014-05-18 23:00:00,-0.2993293990892973
2014-05-19 00:00:00,-0.8673565344863571
2014-05-19 01:00:00,0.0
2014-05-19 02:00:00,-1.3926860778906665
2014-05-19 03:00:00,0.0
2014-05-19 04:00:00,0.0
2014-05-19 05:00:00,0.0
2014-05-19 06:00:00,-1.2760135093777139
2014-05-19 07:00:00,0.0
2014-05-19 08:00:00,0.02794111770232094
2014-05-19 09:00:00,0.0
2014-05-19 10:00:00,0.280397622323243
2014-05-19 11:00:00,0.5842683670839063
2014-05-19 12:00:00,0.5469312806360885
2014-05-19 13:00:00,0.0
2014-05-19 14:00:00,0.0
2014-05-19 15:00:00,0.0
2014-05-19 16:00:00,0.0
2014-05-19 17:00:00,0.0
2014-05-19 18:00:00,0.0
2014-05-19 19:00:00,0.46274803703465556
2014-05-19 20:00:00,0.37390348426370873
2014-05-19 21:00:00,0.0
2014-05-19 22:00:00,0.06532481724183788
2014-05-19 23:00:00,0.0
2014-05-20 00:00:00,0.0
2014-05-20 01:00:00,-1.1220504675086458
2014-05-20 02:00:00,0.0
2014-05-20 03:00:00,0.0
2014-05-20 04:00:00,-1.6772590026895384
2014-05-20 05:00:00,-1.4999428018811993
2014-05-20 06:00:00,0.0
2014-05-20 07:00:00,-0.5144022041707025
2014-05-20 08:00:00,0.0
2014-05-20 09:00:00,0.0
2014-05-20 10:00:00,0.0
2014-05-20 11:00:00,0.5188701994356142
2014-05-20 12:00:00,0.0
2014-05-20 13:00:00,0.2897668537539694
2014-05-20 14:00:00,0.27568970006203547
2014-05-20 15:00:00,0.4112871838032146
2014-05-20 16:00:00,0.0
2014-05-20 17:00:00,0.46270142394296687
2014-05-20 18:00:00,0.0
2014-05-20 19:00:00,0.5468846675443942
2014-05-20 20:00:00,0.0
2014-05-20 21:00:00,0.43930165191200576
2014-05-20 22:00:00,0.12140036655109732
2014-05-20 23:00:00,0.0
2014-05-21 00:00:00,-1.1207453009411799
2014-05-21 01:00:00,0.0
2014-05-21 02:00:00,-1.5745237485934347
2014-05-21 03:00:00,-1.6072461389634276
2014-05-21 04:00:00,-1.6585205398280896
2014-05-21 05:00:00,0.0
2014-05-21 06:00:00,0.0
2014-05-21 07:00:00,-0.5951826920784039
2014-05-21 08:00:00,0.1027085167813499
2014-05-21 09:00:00,-0.0702260534076525
2014-05-21 10:00:00,0.0
2014-05-21 11:00:00,0.6263599888846253
2014-05-21 12:00:00,0.0
2014-05-21 13:00:00,0.0
2014-05-21 14:00:00,0.4112871838032152
2014-05-21 15:00:00,0.0
2014-05-21 16:00:00,0.0
2014-05-21 17:00:00,0.5094543549131936
2014-05-21 18:00:00,0.6310212980541392
2014-05-21 19:00:00,0.0
2014-05-21 20:00:00,0.46740934620416885
2014-05-21 21:00:00,0.0
2014-05-21 22:00:00,0.0
2014-05-21 23:00:00,-0.6382998018964074
2014-05-22 00:00:00,-1.0974387550936036
2014-05-22 01:00:00,-1.565294356437796
2014-05-22 02:00:00,0.0
2014-05-22 03:00:00,-1.6911963171063877
2014-05-22 04:00:00,-1.695857626275902
2014-05-22 05:00:00,0.0
2014-05-22 06:00:00,0.0
2014-05-22 07:00:00,-0.4267695917838266
2014-05-22 08:00:00,-0.21519276857955796
2014-05-22 09:00:00,0.10270851678134438
2014-05-22 10:00:00,0.0
2014-05-22 11:00:00,0.4907625051434351
2014-05-22 12:00:00,0.607714752206561
2014-05-22 13:00:00,0.0
2014-05-22 14:00:00,0.0
2014-05-22 15:00:00,0.23364469135301016
2014-05-22 16:00:00,0.0
2014-05-22 17:00:00,0.5468846675443998
2014-05-22 18:00:00,0.6076681391148613
2014-05-22 19:00:00,0.0
2014-05-22 20:00:00,0.36458086592467104
2014-05-22 21:00:00,0.0
2014-05-22 22:00:00,0.1401388294125451
2014-05-22 23:00:00,-0.540179243878127
2014-05-23 00:00:00,-1.0974387550936062
2014-05-23 01:00:00,-1.5559717380987657
2014-05-23 02:00:00,0.0
2014-05-23 03:00:00,0.0
2014-05-23 04:00:00,-1.695857626275902
2014-05-23 05:00:00,-1.518634651650953
2014-05-23 06:00:00,-1.4486217879248435
2014-05-23 07:00:00,0.0
2014-05-23 08:00:00,0.0
2014-05-23 09:00:00,-0.07027266649934674
2014-05-23 10:00:00,0.3177813218627495
2014-05-23 11:00:00,0.626313375792931
2014-05-23 12:00:00,0.5655765173141473
2014-05-23 13:00:00,0.3505503253244369
2014-05-23 14:00:00,0.4533788056039341
2014-05-23 15:00:00,0.0
2014-05-23 16:00:00,0.3318118624629836
2014-05-23 17:00:00,0.6497131478238921
2014-05-23 18:00:00,0.0
2014-05-23 19:00:00,0.7058353102248507
2014-05-23 20:00:00,0.5701912133919773
2014-05-23 21:00:00,0.33181186246298916
2014-05-23 22:00:00,0.0
2014-05-23 23:00:00,0.0
2014-05-24 00:00:00,-0.980766186580656
2014-05-24 01:00:00,-1.3319958325035852
2014-05-24 02:00:00,0.0
2014-05-24 03:00:00,0.0
2014-05-24 04:00:00,0.0
2014-05-24 05:00:00,-1.551263815837556
2014-05-24 06:00:00,-1.4579444062638718
2014-05-24 07:00:00,-0.6045519235091196
2014-05-24 08:00:00,0.004541345671365389
2014-05-24 09:00:00,0.09804720761182555
2014-05-24 10:00:00,0.0
2014-05-24 11:00:00,0.0
2014-05-24 12:00:00,0.6590357661629298
2014-05-24 13:00:00,0.0
2014-05-24 14:00:00,0.0
2014-05-24 15:00:00,0.0
2014-05-24 16:00:00,0.0
2014-05-24 17:00:00,0.5796070579143875
2014-05-24 18:00:00,0.0
2014-05-24 19:00:00,0.0
2014-05-24 20:00:00,0.44405618726490204
2014-05-24 21:00:00,0.0
2014-05-24 22:00:00,0.08867797618110472
2014-05-24 23:00:00,-0.624315874387863
2014-05-25 00:00:00,-1.2060938718349954
2014-05-25 01:00:00,-1.6212300664719714
2014-05-25 02:00:00,0.0
2014-05-25 03:00:00,0.0
2014-05-25 04:00:00,0.0
2014-05-25 05:00:00,-1.6538592306585744
2014-05-25 06:00:00,0.0
2014-05-25 07:00:00,-0.6525167948634237
2014-05-25 08:00:00,-0.22922330917979822
2014-05-25 09:00:00,-0.2572843903802775
2014-05-25 10:00:00,0.0
2014-05-25 11:00:00,0.598298907684146
2014-05-25 12:00:00,0.0
2014-05-25 13:00:00,0.415948492972734
2014-05-25 14:00:00,0.0
2014-05-25 15:00:00,0.2990894720929966
2014-05-25 16:00:00,0.0
2014-05-25 17:00:00,0.6122828351926913
2014-05-25 18:00:00,0.0
2014-05-25 19:00:00,0.5094543549131936
2014-05-25 20:00:00,0.28972024066227514
2014-05-25 21:00:00,0.0
2014-05-25 22:00:00,0.0
2014-05-25 23:00:00,-0.6898072682195506
2014-05-26 00:00:00,-1.2899974368862568
2014-05-26 01:00:00,-1.6631818489976034
2014-05-26 02:00:00,-1.7425173310627435
2014-05-26 03:00:00,-1.8031609633581303
2014-05-26 04:00:00,0.0
2014-05-26 05:00:00,0.0
2014-05-26 06:00:00,-1.635213993980516
2014-05-26 07:00:00,-0.3882205649519433
2014-05-26 08:00:00,-0.2526230812107642
2014-05-26 09:00:00,-0.17310114677883903
2014-05-26 10:00:00,0.09800059452013685
2014-05-26 11:00:00,0.43468695583417566
2014-05-26 12:00:00,0.3411810938937106
2014-05-26 13:00:00,0.0
2014-05-26 14:00:00,0.0
2014-05-26 15:00:00,0.5562538989751212
2014-05-26 16:00:00,0.29913608518468526
2014-05-26 17:00:00,0.6169907574538989
2014-05-26 18:00:00,0.6403439163931658
2014-05-26 19:00:00,0.5000851234824727
2014-05-26 20:00:00,0.4580401147734474
2014-05-26 21:00:00,0.0
2014-05-26 22:00:00,0.09804720761182555
2014-05-26 23:00:00,-0.5448871661393296
2014-05-27 00:00:00,-1.1360343950171885
2014-05-27 01:00:00,-1.565294356437796
2014-05-27 02:00:00,0.0
2014-05-27 03:00:00,-1.6492445345807554
2014-05-27 04:00:00,0.0
2014-05-27 05:00:00,-1.6491979214890602
2014-05-27 06:00:00,0.0
2014-05-27 07:00:00,-0.41618841996904027
2014-05-27 08:00:00,0.0
2014-05-27 09:00:00,0.0
2014-05-27 10:00:00,0.0
2014-05-27 11:00:00,0.47677857763489523
2014-05-27 12:00:00,0.0
2014-05-27 13:00:00,0.3645808659246766
2014-05-27 14:00:00,0.0
2014-05-27 15:00:00,0.35987294366346906
2014-05-27 16:00:00,0.0
2014-05-27 17:00:00,0.0
2014-05-27 18:00:00,0.6216986797151064
2014-05-27 19:00:00,0.0
2014-05-27 20:00:00,0.0
2014-05-27 21:00:00,0.3598263305717748
2014-05-27 22:00:00,0.16810668442963592
2014-05-27 23:00:00,-0.42215489570601306
2014-05-28 00:00:00,-1.0694242869848232
2014-05-28 01:00:00,0.0
2014-05-28 02:00:00,0.0
2014-05-28 03:00:00,-1.5792782839463397
2014-05-28 04:00:00,-1.6491979214890604
2014-05-28 05:00:00,-1.486005487464351
2014-05-28 06:00:00,0.0
2014-05-28 07:00:00,0.0
2014-05-28 08:00:00,0.0
2014-05-28 09:00:00,0.0
2014-05-28 10:00:00,0.3879340248639428
2014-05-28 11:00:00,0.0
2014-05-28 12:00:00,0.0
2014-05-28 13:00:00,0.0
2014-05-28 14:00:00,0.0
2014-05-28 15:00:00,0.4486708833427211
2014-05-28 16:00:00,0.2710750039842109
2014-05-28 17:00:00,0.0
2014-05-28 18:00:00,0.6684049975936506
2014-05-28 19:00:00,0.4861011959739218
2014-05-28 20:00:00,0.4533788056039237
2014-05-28 21:00:00,0.34113448080201636
2014-05-28 22:00:00,0.13072298489012943
2014-05-28 23:00:00,-0.5075966927832172
2014-05-29 00:00:00,0.0
2014-05-29 01:00:00,-1.5232493477287727
2014-05-29 02:00:00,0.0
2014-05-29 03:00:00,-1.6072461389634276
2014-05-29 04:00:00,-1.7192107852151703
2014-05-29 05:00:00,-1.4812975652031413
2014-05-29 06:00:00,0.0
2014-05-29 07:00:00,0.0
2014-05-29 08:00:00,-0.3227291711202633
2014-05-29 09:00:00,-0.17776245594835785
2014-05-29 10:00:00,0.0
2014-05-29 11:00:00,0.0
2014-05-29 12:00:00,0.0
2014-05-29 13:00:00,0.0
2014-05-29 14:00:00,0.3925953340334561
2014-05-29 15:00:00,0.4065792615420071
2014-05-29 16:00:00,0.23364469135300525
2014-05-29 17:00:00,0.5328541269441602
2014-05-29 18:00:00,0.0
2014-05-29 19:00:00,0.0
2014-05-29 20:00:00,0.46736273311248017
2014-05-29 21:00:00,0.0
2014-05-29 22:00:00,0.0
2014-05-29 23:00:00,0.0
2014-05-30 00:00:00,0.0
2014-05-30 01:00:00,0.0
2014-05-30 02:00:00,0.0
2014-05-30 03:00:00,-1.4719749468641115
2014-05-30 04:00:00,-1.5885542891936735
2014-05-30 05:00:00,0.0
2014-05-30 06:00:00,0.0
2014-05-30 07:00:00,0.0
2014-05-30 08:00:00,-0.3507902523207377
2014-05-30 09:00:00,0.0
2014-05-30 10:00:00,0.4066258746337019
2014-05-30 11:00:00,0.7946798629957982
2014-05-30 12:00:00,0.0
2014-05-30 13:00:00,0.7712800909648315
2014-05-30 14:00:00,0.0
2014-05-30 15:00:00,0.7853106315650767
2014-05-30 16:00:00,0.7105432324860533
2014-05-30 17:00:00,1.0003834366464819
2014-05-30 18:00:00,1.1826872382661946
2014-05-30 19:00:00,0.0
2014-05-30 20:00:00,0.0
2014-05-30 21:00:00,0.0
2014-05-30 22:00:00,0.0
2014-05-30 23:00:00,-0.4174469734448055
2014-05-31 00:00:00,0.0
2014-05-31 01:00:00,0.0
2014-05-31 02:00:00,0.0
2014-05-31 03:00:00,0.0
2014-05-31 04:00:00,-1.602538216702218
2014-05-31 05:00:00,-1.4859588743726553
2014-05-31 06:00:00,-1.4299765512467844
2014-05-31 07:00:00,0.0
2014-05-31 08:00:00,-0.2572843903802775
2014-05-31 09:00:00,0.07003273950303987
2014-05-31 10:00:00,0.0
2014-05-31 11:00:00,0.0
2014-05-31 12:00:00,0.9816915868767283
2014-05-31 13:00:00,0.0
2014-05-31 14:00:00,0.8648325659969914
2014-05-31 15:00:00,0.0
2014-05-31 16:00:00,0.0
2014-05-31 17:00:00,1.3227595788101156
2014-05-31 18:00:00,1.2855157185456918
2014-05-31 19:00:00,0.0
2014-05-31 20:00:00,0.9069241877977104
2014-05-31 21:00:00,0.5047930457436748
2014-05-31 22:00:00,0.0
2014-05-31 23:00:00,0.0
2014-06-01 00:00:00,-0.881387075086598
2014-06-01 01:00:00,0.0
2014-06-01 02:00:00,-1.4299765512467844
2014-06-01 03:00:00,0.0
2014-06-01 04:00:00,-1.532618579159497
2014-06-01 05:00:00,-1.4113313145687254
2014-06-01 06:00:00,0.0
2014-06-01 07:00:00,0.0
2014-06-01 08:00:00,-0.07964189793006757
2014-06-01 09:00:00,0.0
2014-06-01 10:00:00,0.42531772440344934
2014-06-01 11:00:00,0.9208615022145566
2014-06-01 12:00:00,0.0
2014-06-01 13:00:00,0.0
2014-06-01 14:00:00,0.0
2014-06-01 15:00:00,0.7152045416555721
2014-06-01 16:00:00,0.0
2014-06-01 17:00:00,0.0
2014-06-01 18:00:00,1.4024679656088177
2014-06-01 19:00:00,1.290270253898599
2014-06-01 20:00:00,1.2294401692364325
2014-06-01 21:00:00,0.9863528960462422
2014-06-01 22:00:00,0.5609152081446395
2014-06-01 23:00:00,0.0
2014-06-02 00:00:00,0.0
2014-06-02 01:00:00,0.0
2014-06-02 02:00:00,-1.4672670246029011
2014-06-02 03:00:00,0.0
2014-06-02 04:00:00,0.0
2014-06-02 05:00:00,0.0
2014-06-02 06:00:00,-1.4112847014770296
2014-06-02 07:00:00,0.0
2014-06-02 08:00:00,0.05595558581110661
2014-06-02 09:00:00,0.0
2014-06-02 10:00:00,0.4299790335729737
2014-06-02 11:00:00,0.0
2014-06-02 12:00:00,1.0003368235547876
2014-06-02 13:00:00,0.7525416281033844
2014-06-02 14:00:00,0.7712800909648315
2014-06-02 15:00:00,0.7666653948870125
2014-06-02 16:00:00,0.0
2014-06-02 17:00:00,1.117289070617908
2014-06-02 18:00:00,1.2434707098366666
2014-06-02 19:00:00,0.0
2014-06-02 20:00:00,0.8928936471974708
2014-06-02 21:00:00,0.0
2014-06-02 22:00:00,0.0
2014-06-02 23:00:00,-0.09833374769982604
2014-06-03 00:00:00,-0.824006359209876
2014-06-03 01:00:00,0.0
2014-06-03 02:00:00,0.0
2014-06-03 03:00:00,-1.4345912473246034
2014-06-03 04:00:00,-1.5326185791594975
2014-06-03 05:00:00,0.0
2014-06-03 06:00:00,-1.3086426735643164
2014-06-03 07:00:00,-0.03750366303765931
2014-06-03 08:00:00,0.16353860144350557
2014-06-03 09:00:00,0.0
2014-06-03 10:00:00,0.0
2014-06-03 11:00:00,0.6310212980541385
2014-06-03 12:00:00,0.6497597609155918
2014-06-03 13:00:00,0.6123294482843856
2014-06-03 14:00:00,0.5702378264836716
2014-06-03 15:00:00,0.4861011959739218
2014-06-03 16:00:00,0.0
2014-06-03 17:00:00,0.0
2014-06-03 18:00:00,0.766665394887018
2014-06-03 19:00:00,0.6777742290243713
2014-06-03 20:00:00,0.542223358374881
2014-06-03 21:00:00,0.0
2014-06-03 22:00:00,0.0
2014-06-03 23:00:00,0.0
2014-06-04 00:00:00,0.0
2014-06-04 01:00:00,-1.378655537290427
2014-06-04 02:00:00,-1.49062018354217
2014-06-04 03:00:00,-1.4906201835421704
2014-06-04 04:00:00,-1.6071995258717324
2014-06-04 05:00:00,-1.429929938155089
2014-06-04 06:00:00,-1.3833168464599417
2014-06-04 07:00:00,-0.37880472042952334
2014-06-04 08:00:00,0.16815329752133568
2014-06-04 09:00:00,0.0
2014-06-04 10:00:00,0.22432207301397866
2014-06-04 11:00:00,0.0
2014-06-04 12:00:00,0.0
2014-06-04 13:00:00,0.41599510606442275
2014-06-04 14:00:00,0.5562538989751207
2014-06-04 15:00:00,0.542223358374881
2014-06-04 16:00:00,0.4393482650036945
2014-06-04 17:00:00,0.0
2014-06-04 18:00:00,0.7619574726258049
2014-06-04 19:00:00,0.0
2014-06-04 20:00:00,0.0
2014-06-04 21:00:00,0.2897202406622702
2014-06-04 22:00:00,0.14946144775157721
2014-06-04 23:00:00,-0.28660402505652266
2014-06-05 00:00:00,0.0
2014-06-05 01:00:00,0.0
2014-06-05 02:00:00,-1.5978769075327028
2014-06-05 03:00:00,0.0
2014-06-05 04:00:00,0.0
2014-06-05 05:00:00,0.0
2014-06-05 06:00:00,-1.4812975652031413
2014-06-05 07:00:00,0.0
2014-06-05 08:00:00,-0.04687289446838075
2014-06-05 09:00:00,0.0
2014-06-05 10:00:00,0.0
2014-06-05 11:00:00,0.6731129198548581
2014-06-05 12:00:00,0.733896391425325
2014-06-05 13:00:00,0.0
2014-06-05 14:00:00,0.6777742290243665
2014-06-05 15:00:00,0.7712800909648371
2014-06-05 16:00:00,0.6590357661629243
2014-06-05 17:00:00,0.9863528960462422
2014-06-05 18:00:00,0.0
2014-06-05 19:00:00,0.8881857249362577
2014-06-05 20:00:00,0.8040024813348248
2014-06-05 21:00:00,0.0
2014-06-05 22:00:00,0.0
2014-06-05 23:00:00,-0.2900067807502707
2014-06-06 00:00:00,-0.815895681254922
2014-06-06 01:00:00,-1.2807214316389233
2014-06-06 02:00:00,0.0
2014-06-06 03:00:00,0.0
2014-06-06 04:00:00,-1.4672670246029011
2014-06-06 05:00:00,0.0
2014-06-06 06:00:00,0.0
2014-06-06 07:00:00,0.0
2014-06-06 08:00:00,0.3739034842637032
2014-06-06 09:00:00,0.0
2014-06-06 10:00:00,0.0
2014-06-06 11:00:00,0.8601246437357839
2014-06-06 12:00:00,0.0
2014-06-06 13:00:00,0.38793402486394835
2014-06-06 14:00:00,0.621698679715112
2014-06-06 15:00:00,0.4487174964344104
2014-06-06 16:00:00,0.0
2014-06-06 17:00:00,0.6637436884241318
2014-06-06 18:00:00,0.7432190097643516
2014-06-06 19:00:00,0.6730663067631638
2014-06-06 20:00:00,0.6216986797151064
2014-06-06 21:00:00,0.0
2014-06-06 22:00:00,0.17747591586036288
2014-06-06 23:00:00,-0.38006327390529415
2014-06-07 00:00:00,-1.0181032730284643
2014-06-07 01:00:00,0.0
2014-06-07 02:00:00,-1.5466025066680416
2014-06-07 03:00:00,0.0
2014-06-07 04:00:00,0.0
2014-06-07 05:00:00,-1.4533297101860525
2014-06-07 06:00:00,-1.402008696229696
2014-06-07 07:00:00,-0.5564938259714217
2014-06-07 08:00:00,0.3411810938937106
2014-06-07 09:00:00,0.336473171632508
2014-06-07 10:00:00,0.0
2014-06-07 11:00:00,0.0
2014-06-07 12:00:00,1.0377671361859884
2014-06-07 13:00:00,0.0
2014-06-07 14:00:00,0.6731129198548532
2014-06-07 15:00:00,0.4533788056039286
2014-06-07 16:00:00,0.0
2014-06-07 17:00:00,0.7759880132260446
2014-06-07 18:00:00,0.0
2014-06-07 19:00:00,0.0
2014-06-07 20:00:00,0.5234848955134338
2014-06-07 21:00:00,0.32244263103226833
2014-06-07 22:00:00,0.22893676909180263
2014-06-07 23:00:00,-0.34734088353530645
2014-06-08 00:00:00,0.0
2014-06-08 01:00:00,0.0
2014-06-08 02:00:00,-1.4765896429419312
2014-06-08 03:00:00,-1.513880116298048
2014-06-08 04:00:00,-1.5559251250070714
2014-06-08 05:00:00,-1.4206073198160596
2014-06-08 06:00:00,-1.3693329189513976
2014-06-08 07:00:00,-0.49571035440095473
2014-06-08 08:00:00,0.3878874117722541
2014-06-08 09:00:00,0.0
2014-06-08 10:00:00,0.0
2014-06-08 11:00:00,0.0
2014-06-08 12:00:00,0.9863995091379365
2014-06-08 13:00:00,0.0
2014-06-08 14:00:00,0.0
2014-06-08 15:00:00,0.6965126918858192
2014-06-08 16:00:00,0.0
2014-06-08 17:00:00,0.0
2014-06-08 18:00:00,0.0
2014-06-08 19:00:00,0.7572495503645974
2014-06-08 20:00:00,0.0
2014-06-08 21:00:00,0.0
2014-06-08 22:00:00,0.19626099181349876
2014-06-08 23:00:00,0.0
2014-06-09 00:00:00,0.0
2014-06-09 01:00:00,-1.4299765512467844
2014-06-09 02:00:00,0.0
2014-06-09 03:00:00,-1.4719283337724163
2014-06-09 04:00:00,-1.57457036168513
2014-06-09 05:00:00,-1.3693329189513976
2014-06-09 06:00:00,-1.3833168464599417
2014-06-09 07:00:00,-0.43613882321455355
2014-06-09 08:00:00,0.256997850292277
2014-06-09 09:00:00,0.0
2014-06-09 10:00:00,0.0
2014-06-09 11:00:00,0.0
2014-06-09 12:00:00,0.5889762893451138
2014-06-09 13:00:00,0.6030068299453535
2014-06-09 14:00:00,0.5561606727917378
2014-06-09 15:00:00,0.710496619394359
2014-06-09 16:00:00,0.4533788056039341
2014-06-09 17:00:00,0.8274022533657908
2014-06-09 18:00:00,0.8601246437357839
2014-06-09 19:00:00,0.0
2014-06-09 20:00:00,0.5609152081446284
2014-06-09 21:00:00,0.3972566432029805
2014-06-09 22:00:00,0.0
2014-06-09 23:00:00,-0.3333569560267555
2014-06-10 00:00:00,0.0
2014-06-10 01:00:00,0.0
2014-06-10 02:00:00,-1.495281492711685
2014-06-10 03:00:00,-1.476636256033626
2014-06-10 04:00:00,-1.602538216702218
2014-06-10 05:00:00,-1.4673136376945963
2014-06-10 06:00:00,0.0
2014-06-10 07:00:00,0.0
2014-06-10 08:00:00,0.1494614477515717
2014-06-10 09:00:00,0.3505503253244314
2014-06-10 10:00:00,0.31778132186275504
2014-06-10 11:00:00,0.0
2014-06-10 12:00:00,1.0190286733245466
2014-06-10 13:00:00,0.0
2014-06-10 14:00:00,0.0
2014-06-10 15:00:00,0.7198658508250854
2014-06-10 16:00:00,0.0
2014-06-10 17:00:00,0.0
2014-06-10 18:00:00,0.0
2014-06-10 19:00:00,0.9209547283979507
2014-06-10 20:00:00,0.6871434604550928
2014-06-10 21:00:00,0.0
2014-06-10 22:00:00,0.27568970006203547
2014-06-10 23:00:00,0.0
2014-06-11 00:00:00,-0.9421239335653784
2014-06-11 01:00:00,0.0
2014-06-11 02:00:00,0.0
2014-06-11 03:00:00,-1.5232959608204686
2014-06-11 04:00:00,-1.6258447625497914
2014-06-11 05:00:00,-1.4812509521114456
2014-06-11 06:00:00,0.0
2014-06-11 07:00:00,-0.4723571954616882
2014-06-11 08:00:00,0.06066350807231967
2014-06-11 09:00:00,0.0
2014-06-11 10:00:00,0.0
2014-06-11 11:00:00,0.0
2014-06-11 12:00:00,1.215456241727887
2014-06-11 13:00:00,0.9816449737850291
2014-06-11 14:00:00,0.9256160375674639
2014-06-11 15:00:00,0.832063562535304
2014-06-11 16:00:00,0.7292350822558118
2014-06-11 17:00:00,1.0424750584472013
2014-06-11 18:00:00,1.3884840381002779
2014-06-11 19:00:00,0.0
2014-06-11 20:00:00,1.0658282173864677
2014-06-11 21:00:00,0.888139111844569
2014-06-11 22:00:00,0.4954238143129539
2014-06-11 23:00:00,-0.20116222797931832
2014-06-12 00:00:00,0.0
2014-06-12 01:00:00,-1.215416490174024
2014-06-12 02:00:00,-1.3833168464599421
2014-06-12 03:00:00,0.0
2014-06-12 04:00:00,-1.5232959608204677
2014-06-12 05:00:00,-1.3227198272562504
2014-06-12 06:00:00,-1.3366571416731
2014-06-12 07:00:00,0.0
2014-06-12 08:00:00,0.0
2014-06-12 09:00:00,0.5936375985146272
2014-06-12 10:00:00,0.0
2014-06-12 11:00:00,1.2995928722376264
2014-06-12 12:00:00,0.0
2014-06-12 13:00:00,1.3696989621471254
2014-06-12 14:00:00,1.2481786320978796
2014-06-12 15:00:00,0.0
2014-06-12 16:00:00,1.4488479918454857
2014-06-12 17:00:00,0.0
2014-06-12 18:00:00,2.513304553795859
2014-06-12 19:00:00,2.203560559481612
2014-06-12 20:00:00,0.0
2014-06-12 21:00:00,0.0
2014-06-12 22:00:00,0.9489225834150415
2014-06-12 23:00:00,0.41599510606442824
2014-06-13 00:00:00,-0.25257646811907
2014-06-13 01:00:00,0.0
2014-06-13 02:00:00,0.0
2014-06-13 03:00:00,-1.2433377320994163
2014-06-13 04:00:00,-1.3786555372904277
2014-06-13 05:00:00,-1.1826940998040292
2014-06-13 06:00:00,-1.1687567853871803
2014-06-13 07:00:00,-0.23859254061051904
2014-06-13 08:00:00,0.6637436884241318
2014-06-13 09:00:00,0.0
2014-06-13 10:00:00,1.0284445178469612
2014-06-13 11:00:00,1.4023747394254293
2014-06-13 12:00:00,1.682659259788344
2014-06-13 13:00:00,0.0
2014-06-13 14:00:00,2.3115630929392648
2014-06-13 15:00:00,2.5602439371328747
2014-06-13 16:00:00,2.344332096400952
2014-06-13 17:00:00,0.0
2014-06-13 18:00:00,2.7432469351280218
2014-06-13 19:00:00,2.5555360148716675
2014-06-13 20:00:00,2.3771943260460437
2014-06-13 21:00:00,0.0
2014-06-13 22:00:00,0.0
2014-06-13 23:00:00,0.38327271569442956
2014-06-14 00:00:00,-0.3507902523207432
2014-06-14 01:00:00,0.0
2014-06-14 02:00:00,-1.0894213033220415
2014-06-14 03:00:00,0.0
2014-06-14 04:00:00,-1.3133039827338313
2014-06-14 05:00:00,0.0
2014-06-14 06:00:00,0.0
2014-06-14 07:00:00,-0.40220449246048934
2014-06-14 08:00:00,0.0
2014-06-14 09:00:00,0.0
2014-06-14 10:00:00,0.0
2014-06-14 11:00:00,0.0
2014-06-14 12:00:00,0.0
2014-06-14 13:00:00,2.75737070191165
2014-06-14 14:00:00,2.4617038612893367
2014-06-14 15:00:00,2.396026015090874
2014-06-14 16:00:00,0.0
2014-06-14 17:00:00,0.0
2014-06-14 18:00:00,2.902850161092203
2014-06-14 19:00:00,2.696354164882706
2014-06-14 20:00:00,2.6353376278537515
2014-06-14 21:00:00,0.0
2014-06-14 22:00:00,1.5098179157827356
2014-06-14 23:00:00,0.7198658508250854
2014-06-15 00:00:00,0.1635386014435111
2014-06-15 01:00:00,-0.49571035440095473
2014-06-15 02:00:00,-0.7307335627278839
2014-06-15 03:00:00,-0.7787916602655814
2014-06-15 04:00:00,0.0
2014-06-15 05:00:00,0.0
2014-06-15 06:00:00,-0.8968160084376905
2014-06-15 07:00:00,0.0
2014-06-15 08:00:00,0.6497597609155863
2014-06-15 09:00:00,0.0
2014-06-15 10:00:00,1.790615180154308
2014-06-15 11:00:00,2.2880234816332163
2014-06-15 12:00:00,0.0
2014-06-15 13:00:00,2.320885711278297
2014-06-15 14:00:00,2.1332214041136366
2014-06-15 15:00:00,0.0
2014-06-15 16:00:00,0.0
2014-06-15 17:00:00,0.0
2014-06-15 18:00:00,0.0
2014-06-15 19:00:00,2.395979401999186
2014-06-15 20:00:00,2.3772409391377325
2014-06-15 21:00:00,1.6693745286552275
2014-06-15 22:00:00,1.173364619927173
2014-06-15 23:00:00,0.0
2014-06-16 00:00:00,-0.5530444571859849
2014-06-16 01:00:00,0.0
2014-06-16 02:00:00,0.0
2014-06-16 03:00:00,0.0
2014-06-16 04:00:00,0.0
2014-06-16 05:00:00,-0.9760582643194448
2014-06-16 06:00:00,0.0
2014-06-16 07:00:00,-0.038808829605118805
2014-06-16 08:00:00,0.5421767452831923
2014-06-16 09:00:00,0.0
2014-06-16 10:00:00,0.0
2014-06-16 11:00:00,0.0
2014-06-16 12:00:00,0.0
2014-06-16 13:00:00,1.9501251799351007
2014-06-16 14:00:00,1.7811993356318874
2014-06-16 15:00:00,0.0
2014-06-16 16:00:00,1.6079384738010254
2014-06-16 17:00:00,2.0299734060088857
2014-06-16 18:00:00,0.0
2014-06-16 19:00:00,2.133174791021942
2014-06-16 20:00:00,0.0
2014-06-16 21:00:00,0.0
2014-06-16 22:00:00,0.9302773467369773
2014-06-16 23:00:00,0.1354775202430318
2014-06-17 00:00:00,-0.6512116282959636
2014-06-17 01:00:00,0.0
2014-06-17 02:00:00,-1.285336127716743
2014-06-17 03:00:00,0.0
2014-06-17 04:00:00,0.0
2014-06-17 05:00:00,-1.1640488631259716
2014-06-17 06:00:00,0.0
2014-06-17 07:00:00,-0.2479617720412454
2014-06-17 08:00:00,0.0
2014-06-17 09:00:00,0.35525824758564445
2014-06-17 10:00:00,0.5796536710060811
2014-06-17 11:00:00,0.0
2014-06-17 12:00:00,0.0
2014-06-17 13:00:00,1.5565242336612792
2014-06-17 14:00:00,1.4537423664734812
2014-06-17 15:00:00,0.0
2014-06-17 16:00:00,1.5331244616303132
2014-06-17 17:00:00,0.0
2014-06-17 18:00:00,2.3866101705684537
2014-06-17 19:00:00,2.076866176254206
2014-06-17 20:00:00,1.9219708725512268
2014-06-17 21:00:00,0.0
2014-06-17 22:00:00,0.0
2014-06-17 23:00:00,0.09338589844231225
2014-06-18 00:00:00,-0.6618394132024555
2014-06-18 01:00:00,-1.1920633312347546
2014-06-18 02:00:00,-1.318058518086736
2014-06-18 03:00:00,0.0
2014-06-18 04:00:00,0.0
2014-06-18 05:00:00,0.0
2014-06-18 06:00:00,0.0
2014-06-18 07:00:00,0.0
2014-06-18 08:00:00,0.0
2014-06-18 09:00:00,0.9349386559064905
2014-06-18 10:00:00,1.1640420015881463
2014-06-18 11:00:00,0.0
2014-06-18 12:00:00,1.7671221819399536
2014-06-18 13:00:00,1.5844920886783596
2014-06-18 14:00:00,0.0
2014-06-18 15:00:00,0.0
2014-06-18 16:00:00,1.238856013758853
2014-06-18 17:00:00,1.5982429507284344
2014-06-18 18:00:00,1.5987556947370865
2014-06-18 19:00:00,1.341731107130045
2014-06-18 20:00:00,0.0
2014-06-18 21:00:00,1.117289070617908
2014-06-18 22:00:00,0.0
2014-06-18 23:00:00,0.26632046863130915
2014-06-19 00:00:00,-0.5297379113384126
2014-06-19 01:00:00,-0.996148506840049
2014-06-19 02:00:00,-1.1313730858476727
2014-06-19 03:00:00,-1.098697308569375
2014-06-19 04:00:00,-1.2947053591474678
2014-06-19 05:00:00,-1.0381469024573788
2014-06-19 06:00:00,0.0
2014-06-19 07:00:00,-0.19650091880980503
2014-06-19 08:00:00,0.6029602168536593
2014-06-19 09:00:00,0.6216520666234128
2014-06-19 10:00:00,0.0
2014-06-19 11:00:00,1.1453035387266874
2014-06-19 12:00:00,1.365037652977612
2014-06-19 13:00:00,1.2855623316373868
2014-06-19 14:00:00,0.0
2014-06-19 15:00:00,0.0
2014-06-19 16:00:00,0.8741551843360236
2014-06-19 17:00:00,1.2715784041288463
2014-06-19 18:00:00,0.0
2014-06-19 19:00:00,1.1826872382661946
2014-06-19 20:00:00,0.8975083432752954
2014-06-19 21:00:00,0.7478803189338711
2014-06-19 22:00:00,0.5655765173141478
2014-06-19 23:00:00,0.0
2014-06-20 00:00:00,0.0
2014-06-20 01:00:00,0.0
2014-06-20 02:00:00,0.0
2014-06-20 03:00:00,-1.303981364394802
2014-06-20 04:00:00,-1.4392991695858137
2014-06-20 05:00:00,0.0
2014-06-20 06:00:00,-1.2246924954213567
2014-06-20 07:00:00,-0.1497479878395722
2014-06-20 08:00:00,0.5796070579143875
2014-06-20 09:00:00,0.5375620492053622
2014-06-20 10:00:00,0.6123760613760798
2014-06-20 11:00:00,1.1593806924186332
2014-06-20 12:00:00,1.2760532609315771
2014-06-20 13:00:00,1.2060870102971606
2014-06-20 14:00:00,1.0892279894174288
2014-06-20 15:00:00,0.9910142052157556
2014-06-20 16:00:00,0.0
2014-06-20 17:00:00,1.439898278240024
2014-06-20 18:00:00,1.3835896634722824
2014-06-20 19:00:00,1.3976668171642217
2014-06-20 20:00:00,0.0
2014-06-20 21:00:00,0.0
2014-06-20 22:00:00,0.0
2014-06-20 23:00:00,0.0
2014-06-21 00:00:00,-0.8205569904244364
2014-06-21 01:00:00,-1.2899974368862577
2014-06-21 02:00:00,-1.406670005399211
2014-06-21 03:00:00,-1.420653932907755
2014-06-21 04:00:00,0.0
2014-06-21 05:00:00,-1.3413184508426146
2014-06-21 06:00:00,-1.3086892866560116
2014-06-21 07:00:00,-0.6464570929430575
2014-06-21 08:00:00,0.0
2014-06-21 09:00:00,0.3411344808020213
2014-06-21 10:00:00,0.5655765173141528
2014-06-21 11:00:00,1.168703310757654
2014-06-21 12:00:00,1.3416378809466456
2014-06-21 13:00:00,1.2528865543590926
2014-06-21 14:00:00,1.1078732260954984
2014-06-21 15:00:00,0.8975083432752898
2014-06-21 16:00:00,0.6964660787941249
2014-06-21 17:00:00,1.0424750584471958
2014-06-21 18:00:00,0.0
2014-06-21 19:00:00,0.0
2014-06-21 20:00:00,0.8647859529052917
2014-06-21 21:00:00,0.0
2014-06-21 22:00:00,0.3691955620025012
2014-06-21 23:00:00,-0.1918396096402862
2014-06-22 00:00:00,-0.7272375808507446
2014-06-22 01:00:00,-1.1640488631259707
2014-06-22 02:00:00,0.0
2014-06-22 03:00:00,0.0
2014-06-22 04:00:00,0.0
2014-06-22 05:00:00,-1.276013509377714
2014-06-22 06:00:00,-1.2433377320994152
2014-06-22 07:00:00,-0.36011287065976977
2014-06-22 08:00:00,0.0
2014-06-22 09:00:00,0.280397622323243
2014-06-22 10:00:00,0.5562072858834264
2014-06-22 11:00:00,1.3134369604710892
2014-06-22 12:00:00,0.0
2014-06-22 13:00:00,1.0798587579867023
2014-06-22 14:00:00,0.9395999650760039
2014-06-22 15:00:00,0.0
2014-06-22 16:00:00,0.0
2014-06-22 17:00:00,0.0
2014-06-22 18:00:00,0.0
2014-06-22 19:00:00,1.0284445178469612
2014-06-22 20:00:00,0.8881857249362632
2014-06-22 21:00:00,0.0
2014-06-22 22:00:00,0.43930165191200576
2014-06-22 23:00:00,-0.30403732135051037
2014-06-23 00:00:00,-0.9434291001328406
2014-06-23 01:00:00,-1.3366571416731
2014-06-23 02:00:00,0.0
2014-06-23 03:00:00,-1.4206539329077545
2014-06-23 04:00:00,-1.5886009022853687
2014-06-23 05:00:00,0.0
2014-06-23 06:00:00,0.0
2014-06-23 07:00:00,0.0
2014-06-23 08:00:00,0.14950806084326593
2014-06-23 09:00:00,0.256997850292277
2014-06-23 10:00:00,0.0
2014-06-23 11:00:00,0.0
2014-06-23 12:00:00,0.766572168703624
2014-06-23 13:00:00,0.6450518386543788
2014-06-23 14:00:00,0.0
2014-06-23 15:00:00,0.0
2014-06-23 16:00:00,0.0
2014-06-23 17:00:00,0.0
2014-06-23 18:00:00,0.0
2014-06-23 19:00:00,0.0
2014-06-23 20:00:00,0.6964660787941299
2014-06-23 21:00:00,0.0
2014-06-23 22:00:00,0.42065641523394154
2014-06-23 23:00:00,-0.11231767520837206
2014-06-24 00:00:00,-0.7492389601308513
2014-06-24 01:00:00,0.0
2014-06-24 02:00:00,0.0
2014-06-24 03:00:00,-1.3040279774864967
2014-06-24 04:00:00,-1.4392991695858137
2014-06-24 05:00:00,-1.192016718143059
2014-06-24 06:00:00,-1.173371481465
2014-06-24 07:00:00,0.11207774821206519
2014-06-24 08:00:00,0.2944281629234833
2014-06-24 09:00:00,0.0
2014-06-24 10:00:00,0.40191795237248884
2014-06-24 11:00:00,0.9395999650760039
2014-06-24 12:00:00,0.8367714847965171
2014-06-24 13:00:00,0.0
2014-06-24 14:00:00,0.0
2014-06-24 15:00:00,0.0
2014-06-24 16:00:00,0.0
2014-06-24 17:00:00,0.874155184336018
2014-06-24 18:00:00,0.832063562535304
2014-06-24 19:00:00,0.8133250996738624
2014-06-24 20:00:00,0.7478803189338711
2014-06-24 21:00:00,0.5655299042224592
2014-06-24 22:00:00,0.0
2014-06-24 23:00:00,0.0
2014-06-25 00:00:00,0.0
2014-06-25 01:00:00,-1.0987439216610693
2014-06-25 02:00:00,0.0
2014-06-25 03:00:00,-1.4019620831380006
2014-06-25 04:00:00,0.0
2014-06-25 05:00:00,0.0
2014-06-25 06:00:00,-1.2293538045908718
2014-06-25 07:00:00,0.041925045210871884
2014-06-25 08:00:00,0.0
2014-06-25 09:00:00,0.4159484929727285
2014-06-25 10:00:00,0.0
2014-06-25 11:00:00,0.0
2014-06-25 12:00:00,1.140688842648874
2014-06-25 13:00:00,1.014413977246716
2014-06-25 14:00:00,0.9396465781677036
2014-06-25 15:00:00,0.6169907574538989
2014-06-25 16:00:00,0.4767785776348897
2014-06-25 17:00:00,0.0
2014-06-25 18:00:00,0.8180796350267586
2014-06-25 19:00:00,0.8881857249362632
2014-06-25 20:00:00,0.5889296762534252
2014-06-25 21:00:00,0.40191795237248884
2014-06-25 22:00:00,0.0
2014-06-25 23:00:00,0.0
2014-06-26 00:00:00,-0.7633161138227935
2014-06-26 01:00:00,0.0
2014-06-26 02:00:00,0.0
2014-06-26 03:00:00,0.0
2014-06-26 04:00:00,0.0
2014-06-26 05:00:00,0.0
2014-06-26 06:00:00,-1.167405005728019
2014-06-26 07:00:00,0.0
2014-06-26 08:00:00,0.22898338218350242
2014-06-26 09:00:00,0.0
2014-06-26 10:00:00,0.336473171632508
2014-06-26 11:00:00,0.7526348542867728
2014-06-26 12:00:00,0.0
2014-06-26 13:00:00,0.7245271599945987
2014-06-26 14:00:00,0.7619108595341108
2014-06-26 15:00:00,0.6029602168536647
2014-06-26 16:00:00,0.0
2014-06-26 17:00:00,0.9910142052157556
2014-06-26 18:00:00,0.0
2014-06-26 19:00:00,0.0
2014-06-26 20:00:00,0.0
2014-06-26 21:00:00,0.0
2014-06-26 22:00:00,0.0
2014-06-26 23:00:00,-0.2526230812107642
2014-06-27 00:00:00,0.0
2014-06-27 01:00:00,-1.1687101722954858
2014-06-27 02:00:00,-1.2993666683169822
2014-06-27 03:00:00,0.0
2014-06-27 04:00:00,-1.4299765512467837
2014-06-27 05:00:00,-1.1874020220652395
2014-06-27 06:00:00,-1.2293538045908718
2014-06-27 07:00:00,-0.3695287151821904
2014-06-27 08:00:00,0.32715055329347587
2014-06-27 09:00:00,0.0
2014-06-27 10:00:00,0.5609152081446284
2014-06-27 11:00:00,1.0237832086774423
2014-06-27 12:00:00,0.0
2014-06-27 13:00:00,0.8320635625353096
2014-06-27 14:00:00,0.9443078873372225
2014-06-27 15:00:00,0.8694938751665097
2014-06-27 16:00:00,0.6497597609155863
2014-06-27 17:00:00,1.0565055990474355
2014-06-27 18:00:00,0.0
2014-06-27 19:00:00,1.168703310757654
2014-06-27 20:00:00,1.070489526555976
2014-06-27 21:00:00,0.7853572446567655
2014-06-27 22:00:00,0.43468695583417566
2014-06-27 23:00:00,0.0
2014-06-28 00:00:00,0.0
2014-06-28 01:00:00,-1.1640488631259707
2014-06-28 02:00:00,0.0
2014-06-28 03:00:00,-1.2667375041303799
2014-06-28 04:00:00,-1.4066700053992103
2014-06-28 05:00:00,0.0
2014-06-28 06:00:00,0.0
2014-06-28 07:00:00,-0.29471470301147823
2014-06-28 08:00:00,0.3505503253244369
2014-06-28 09:00:00,0.0
2014-06-28 10:00:00,0.0
2014-06-28 11:00:00,1.192056469696921
2014-06-28 12:00:00,1.3040211159486685
2014-06-28 13:00:00,0.0
2014-06-28 14:00:00,0.0
2014-06-28 15:00:00,0.0
2014-06-28 16:00:00,1.0985506077564609
2014-06-28 17:00:00,1.4304824337176028
2014-06-28 18:00:00,0.0
2014-06-28 19:00:00,1.3416378809466456
2014-06-28 20:00:00,0.9629531240152867
2014-06-28 21:00:00,0.7152045416555721
2014-06-28 22:00:00,0.0
2014-06-28 23:00:00,-0.12173351973078712
2014-06-29 00:00:00,-0.8579406899639417
2014-06-29 01:00:00,-1.3413184508426141
2014-06-29 02:00:00,0.0
2014-06-29 03:00:00,-1.4113313145687254
2014-06-29 04:00:00,-1.5559251250070705
2014-06-29 05:00:00,-1.3553023783511584
2014-06-29 06:00:00,-1.3506876822733385
2014-06-29 07:00:00,0.0
2014-06-29 08:00:00,0.18223045121326403
2014-06-29 09:00:00,0.0
2014-06-29 10:00:00,0.0
2014-06-29 11:00:00,1.0985972208481551
2014-06-29 12:00:00,0.0
2014-06-29 13:00:00,0.9816915868767234
2014-06-29 14:00:00,1.093889298586942
2014-06-29 15:00:00,0.0
2014-06-29 16:00:00,0.8414327939660304
2014-06-29 17:00:00,1.1313196112181476
2014-06-29 18:00:00,1.2715317910371464
2014-06-29 19:00:00,1.0564589859557414
2014-06-29 20:00:00,0.9536305056762491
2014-06-29 21:00:00,0.7525882411950842
2014-06-29 22:00:00,0.0
2014-06-29 23:00:00,0.0
2014-06-30 00:00:00,0.0
2014-06-30 01:00:00,0.0
2014-06-30 02:00:00,0.0
2014-06-30 03:00:00,-1.3926860778906665
2014-06-30 04:00:00,-1.551263815837556
2014-06-30 05:00:00,0.0
2014-06-30 06:00:00,0.0
2014-06-30 07:00:00,-0.47697189153950725
2014-06-30 08:00:00,0.0
2014-06-30 09:00:00,0.1354775202430318
2014-06-30 10:00:00,0.0
2014-06-30 11:00:00,0.8928470341057765
2014-06-30 12:00:00,0.9769370515238271
2014-06-30 13:00:00,0.0
2014-06-30 14:00:00,0.7011740010553269
2014-06-30 15:00:00,0.0
2014-06-30 16:00:00,0.5702844395753609
2014-06-30 17:00:00,0.0
2014-06-30 18:00:00,1.0144139772467216
2014-06-30 19:00:00,0.7853106315650767
2014-06-30 20:00:00,0.0
2014-06-30 21:00:00,0.500131736574167
2014-06-30 22:00:00,0.29438154983178844
2014-06-30 23:00:00,-0.07959528483837333
2014-07-01 00:00:00,-0.8347273702997542
2014-07-01 01:00:00,0.0
2014-07-01 02:00:00,-1.3086426735643164
2014-07-01 03:00:00,-1.280721431638924
2014-07-01 04:00:00,0.0
2014-07-01 05:00:00,-1.2200311862518423
2014-07-01 06:00:00,-1.201432562665478
2014-07-01 07:00:00,-0.40686580163000263
2014-07-01 08:00:00,0.18223045121325912
2014-07-01 09:00:00,0.2850589314927569
2014-07-01 10:00:00,0.0
2014-07-01 11:00:00,0.8975083432752898
2014-07-01 12:00:00,0.7525882411950786
2014-07-01 13:00:00,0.0
2014-07-01 14:00:00,0.6310679111458328
2014-07-01 15:00:00,0.5655765173141528
2014-07-01 16:00:00,0.0
2014-07-01 17:00:00,0.6263599888846259
2014-07-01 18:00:00,0.7665721687036295
2014-07-01 19:00:00,0.621698679715112
2014-07-01 20:00:00,0.0
2014-07-01 21:00:00,0.0
2014-07-01 22:00:00,0.3130733996015475
2014-07-01 23:00:00,0.0
2014-07-02 00:00:00,0.0
2014-07-02 01:00:00,0.0
2014-07-02 02:00:00,0.0
2014-07-02 03:00:00,0.0
2014-07-02 04:00:00,-1.4673136376945963
2014-07-02 05:00:00,-1.3227198272562504
2014-07-02 06:00:00,0.0
2014-07-02 07:00:00,0.0
2014-07-02 08:00:00,0.0
2014-07-02 09:00:00,0.08867797618110472
2014-07-02 10:00:00,0.34118109389371
2014-07-02 11:00:00,0.7198658508250854
2014-07-02 12:00:00,0.0
2014-07-02 13:00:00,0.0
2014-07-02 14:00:00,0.7619574726258049
2014-07-02 15:00:00,0.0
2014-07-02 16:00:00,0.6965126918858137
2014-07-02 17:00:00,0.0
2014-07-02 18:00:00,0.0
2014-07-02 19:00:00,0.9723689685377017
2014-07-02 20:00:00,0.0
2014-07-02 21:00:00,0.0
2014-07-02 22:00:00,0.0
2014-07-02 23:00:00,0.0
2014-07-03 00:00:00,-0.8159422943466091
2014-07-03 01:00:00,0.0
2014-07-03 02:00:00,-1.4066233923075158
2014-07-03 03:00:00,0.0
2014-07-03 04:00:00,0.0
2014-07-03 05:00:00,0.0
2014-07-03 06:00:00,-1.2946587460557724
2014-07-03 07:00:00,-0.500371663570468
2014-07-03 08:00:00,-0.05624212589911202
2014-07-03 09:00:00,0.0
2014-07-03 10:00:00,0.0
2014-07-03 11:00:00,1.196764391958134
2014-07-03 12:00:00,0.0
2014-07-03 13:00:00,1.1780725421883804
2014-07-03 14:00:00,1.0143673641550224
2014-07-03 15:00:00,0.0
2014-07-03 16:00:00,0.0
2014-07-03 17:00:00,1.023783208677443
2014-07-03 18:00:00,1.2107949325583738
2014-07-03 19:00:00,0.0
2014-07-03 20:00:00,0.0
2014-07-03 21:00:00,0.9302773467369828
2014-07-03 22:00:00,0.47207065537368215
2014-07-03 23:00:00,0.041925045210871884
2014-07-04 00:00:00,-0.665102329621123
2014-07-04 01:00:00,-1.145403626447911
2014-07-04 02:00:00,-1.2899974368862575
2014-07-04 03:00:00,-1.2154164901740225
2014-07-04 04:00:00,-1.397347387060181
2014-07-04 05:00:00,-1.1360343950171872
2014-07-04 06:00:00,-1.1407423172783973
2014-07-04 07:00:00,0.0
2014-07-04 08:00:00,0.0
2014-07-04 09:00:00,0.3785181803415278
2014-07-04 10:00:00,0.5468846675443888
2014-07-04 11:00:00,0.9443078873372169
2014-07-04 12:00:00,0.0
2014-07-04 13:00:00,0.0
2014-07-04 14:00:00,1.1546727701574144
2014-07-04 15:00:00,1.0097526680772027
2014-07-04 16:00:00,0.0
2014-07-04 17:00:00,1.5468753236803825
2014-07-04 18:00:00,1.4023747394254293
2014-07-04 19:00:00,0.0
2014-07-04 20:00:00,0.9536305056762545
2014-07-04 21:00:00,0.8928936471974708
2014-07-04 22:00:00,0.4580401147734474
2014-07-04 23:00:00,0.0
2014-07-05 00:00:00,-0.6979179461745041
2014-07-05 01:00:00,-1.1173425452474333
2014-07-05 02:00:00,-1.2293538045908716
2014-07-05 03:00:00,-1.2387230360215962
2014-07-05 04:00:00,0.0
2014-07-05 05:00:00,-1.1454036264479117
2014-07-05 06:00:00,-1.080052071891316
2014-07-05 07:00:00,0.0
2014-07-05 08:00:00,0.6590823792546129
2014-07-05 09:00:00,0.5889296762534252
2014-07-05 10:00:00,0.0
2014-07-05 11:00:00,1.1499648478962015
2014-07-05 12:00:00,1.2762397132983594
2014-07-05 13:00:00,0.0
2014-07-05 14:00:00,0.8553701083828871
2014-07-05 15:00:00,0.0
2014-07-05 16:00:00,0.0
2014-07-05 17:00:00,1.149964847896207
2014-07-05 18:00:00,1.2294867823281266
2014-07-05 19:00:00,0.0
2014-07-05 20:00:00,0.0
2014-07-05 21:00:00,0.799387785257005
2014-07-05 22:00:00,0.4674093462041738
2014-07-05 23:00:00,-0.16843983760932574
2014-07-06 00:00:00,-0.783313130160008
2014-07-06 01:00:00,-1.2013393364820883
2014-07-06 02:00:00,-1.3599636875206729
2014-07-06 03:00:00,0.0
2014-07-06 04:00:00,0.0
2014-07-06 05:00:00,-1.18740202206524
2014-07-06 06:00:00,0.0
2014-07-06 07:00:00,0.0
2014-07-06 08:00:00,0.46736273311248017
2014-07-06 09:00:00,0.45808672786514165
2014-07-06 10:00:00,0.6356826072236524
2014-07-06 11:00:00,1.168470245299178
2014-07-06 12:00:00,0.0
2014-07-06 13:00:00,0.0
2014-07-06 14:00:00,0.0
2014-07-06 15:00:00,0.8694938751665103
2014-07-06 16:00:00,0.0
2014-07-06 17:00:00,0.0
2014-07-06 18:00:00,1.3463458032078586
2014-07-06 19:00:00,0.0
2014-07-06 20:00:00,0.8928936471974763
2014-07-06 21:00:00,0.6918513827162998
2014-07-06 22:00:00,0.5094543549131936
2014-07-06 23:00:00,0.0
2014-07-07 00:00:00,0.0
2014-07-07 01:00:00,0.0
2014-07-07 02:00:00,-1.4299765512467844
2014-07-07 03:00:00,0.0
2014-07-07 04:00:00,0.0
2014-07-07 05:00:00,-1.3879781556294568
2014-07-07 06:00:00,0.0
2014-07-07 07:00:00,0.0
2014-07-07 08:00:00,0.0
2014-07-07 09:00:00,0.22427545992228382
2014-07-07 10:00:00,0.32715055329347587
2014-07-07 11:00:00,0.7759414001343504
2014-07-07 12:00:00,0.0
2014-07-07 13:00:00,0.6825287643772732
2014-07-07 14:00:00,0.0
2014-07-07 15:00:00,0.7152045416555777
2014-07-07 16:00:00,0.0
2014-07-07 17:00:00,0.0
2014-07-07 18:00:00,1.047182980708409
2014-07-07 19:00:00,0.0
2014-07-07 20:00:00,0.930230733645283
2014-07-07 21:00:00,0.6684982237770335
2014-07-07 22:00:00,0.0
2014-07-07 23:00:00,0.009202654840884214
2014-07-08 00:00:00,-0.7505907397900191
2014-07-08 01:00:00,0.0
2014-07-08 02:00:00,0.0
2014-07-08 03:00:00,0.0
2014-07-08 04:00:00,-1.4345912473246034
2014-07-08 05:00:00,0.0
2014-07-08 06:00:00,-1.2153698770823276
2014-07-08 07:00:00,-0.598585447772141
2014-07-08 08:00:00,0.05595558581111706
2014-07-08 09:00:00,0.0
2014-07-08 10:00:00,0.3457957899715352
2014-07-08 11:00:00,0.8180796350267642
2014-07-08 12:00:00,0.9209081153062509
2014-07-08 13:00:00,0.8321101756269983
2014-07-08 14:00:00,0.8647859529052973
2014-07-08 15:00:00,0.0
2014-07-08 16:00:00,0.542223358374881
2014-07-08 17:00:00,1.1219037666957326
2014-07-08 18:00:00,0.0
2014-07-08 19:00:00,1.2809010224678727
2014-07-08 20:00:00,1.1406422295571743
2014-07-08 21:00:00,0.0
2014-07-08 22:00:00,0.5328541269441602
2014-07-08 23:00:00,0.0
2014-07-09 00:00:00,-0.9233854707039308
2014-07-09 01:00:00,-1.2853827408084382
2014-07-09 02:00:00,-1.3739942281209123
2014-07-09 03:00:00,0.0
2014-07-09 04:00:00,-1.560586434176586
2014-07-09 05:00:00,-1.3226732141645554
2014-07-09 06:00:00,0.0
2014-07-09 07:00:00,-0.1778090690400521
2014-07-09 08:00:00,0.0
2014-07-09 09:00:00,0.4720706553736877
2014-07-09 10:00:00,0.5141622771744067
2014-07-09 11:00:00,0.0
2014-07-09 12:00:00,1.0985506077564553
2014-07-09 13:00:00,0.0
2014-07-09 14:00:00,0.7806493223955524
2014-07-09 15:00:00,0.733896391425325
2014-07-09 16:00:00,0.0
2014-07-09 17:00:00,0.9442612742455226
2014-07-09 18:00:00,1.3650842660693112
2014-07-09 19:00:00,1.2201175508974058
2014-07-09 20:00:00,1.2060870102971606
2014-07-09 21:00:00,0.874155184336018
2014-07-09 22:00:00,0.5142088902660953
2014-07-09 23:00:00,0.0
2014-07-10 00:00:00,-0.5892628294331144
2014-07-10 01:00:00,-1.1034052308305846
2014-07-10 02:00:00,0.0
2014-07-10 03:00:00,0.0
2014-07-10 04:00:00,0.0
2014-07-10 05:00:00,0.0
2014-07-10 06:00:00,0.0
2014-07-10 07:00:00,-0.009535808020568493
2014-07-10 08:00:00,0.25704446338397124
2014-07-10 09:00:00,0.0
2014-07-10 10:00:00,0.6076681391148723
2014-07-10 11:00:00,0.0
2014-07-10 12:00:00,0.0
2014-07-10 13:00:00,0.0
2014-07-10 14:00:00,0.9208615022145566
2014-07-10 15:00:00,1.1313196112181476
2014-07-10 16:00:00,0.0
2014-07-10 17:00:00,1.2201175508974058
2014-07-10 18:00:00,0.0
2014-07-10 19:00:00,0.0
2014-07-10 20:00:00,0.0
2014-07-10 21:00:00,1.0705361396476751
2014-07-10 22:00:00,0.0
2014-07-10 23:00:00,-0.10304166996103356
2014-07-11 00:00:00,-0.6558263243737849
2014-07-11 01:00:00,-1.0428082116268933
2014-07-11 02:00:00,0.0
2014-07-11 03:00:00,0.0
2014-07-11 04:00:00,0.0
2014-07-11 05:00:00,0.0
2014-07-11 06:00:00,0.0
2014-07-11 07:00:00,-0.11236428830006076
2014-07-11 08:00:00,0.43002564666466236
2014-07-11 09:00:00,0.3739034842637032
2014-07-11 10:00:00,0.5655299042224641
2014-07-11 11:00:00,0.0
2014-07-11 12:00:00,0.0
2014-07-11 13:00:00,0.0
2014-07-11 14:00:00,0.0
2014-07-11 15:00:00,0.0
2014-07-11 16:00:00,0.0
2014-07-11 17:00:00,2.006527020886225
2014-07-11 18:00:00,2.3631171723541042
2014-07-11 19:00:00,0.0
2014-07-11 20:00:00,2.0440039466091195
2014-07-11 21:00:00,0.0
2014-07-11 22:00:00,1.1591476269601508
2014-07-11 23:00:00,0.1587840660906038
2014-07-12 00:00:00,-0.5203686799076808
2014-07-12 01:00:00,0.0
2014-07-12 02:00:00,-1.1174357714308234
2014-07-12 03:00:00,0.0
2014-07-12 04:00:00,0.0
2014-07-12 05:00:00,-1.0287776710266574
2014-07-12 06:00:00,-1.047422907704709
2014-07-12 07:00:00,0.04663296747207941
2014-07-12 08:00:00,0.0
2014-07-12 09:00:00,0.0
2014-07-12 10:00:00,0.9863062829545425
2014-07-12 11:00:00,1.6547846309546523
2014-07-12 12:00:00,0.0
2014-07-12 13:00:00,1.6078918607093262
2014-07-12 14:00:00,0.0
2014-07-12 15:00:00,0.0
2014-07-12 16:00:00,1.8656622577834858
2014-07-12 17:00:00,0.0
2014-07-12 18:00:00,2.4476267075974083
2014-07-12 19:00:00,0.0
2014-07-12 20:00:00,2.2599157873410425
2014-07-12 21:00:00,1.701724014291662
2014-07-12 22:00:00,0.9629997371069705
2014-07-12 23:00:00,0.0
2014-07-13 00:00:00,0.0
2014-07-13 01:00:00,0.0
2014-07-13 02:00:00,-0.9867792754093263
2014-07-13 03:00:00,0.0
2014-07-13 04:00:00,0.0
2014-07-13 05:00:00,-0.9527517184718706
2014-07-13 06:00:00,-1.0240697487654464
2014-07-13 07:00:00,0.0
2014-07-13 08:00:00,0.0
2014-07-13 09:00:00,0.6263599888846197
2014-07-13 10:00:00,0.7339430045170199
2014-07-13 11:00:00,0.0
2014-07-13 12:00:00,0.0
2014-07-13 13:00:00,0.0
2014-07-13 14:00:00,0.0
2014-07-13 15:00:00,0.0
2014-07-13 16:00:00,1.753045028248019
2014-07-13 17:00:00,0.0
2014-07-13 18:00:00,0.0
2014-07-13 19:00:00,0.0
2014-07-13 20:00:00,1.6873671820495517
2014-07-13 21:00:00,1.5188608555716023
2014-07-13 22:00:00,0.804049094426519
2014-07-13 23:00:00,0.15416937001278475
2014-07-14 00:00:00,0.0
2014-07-14 01:00:00,0.0
2014-07-14 02:00:00,0.0
2014-07-14 03:00:00,-1.0241163618571376
2014-07-14 04:00:00,-1.2480456543606253
2014-07-14 05:00:00,0.0
2014-07-14 06:00:00,0.0
2014-07-14 07:00:00,0.0
2014-07-14 08:00:00,0.6544676831767938
2014-07-14 09:00:00,0.0
2014-07-14 10:00:00,0.0
2014-07-14 11:00:00,1.2949315630681124
2014-07-14 12:00:00,1.4677729070737215
2014-07-14 13:00:00,0.0
2014-07-14 14:00:00,1.842215872660831
2014-07-14 15:00:00,1.992449867194291
2014-07-14 16:00:00,1.6971093182138424
2014-07-14 17:00:00,0.0
2014-07-14 18:00:00,2.3255936335395053
2014-07-14 19:00:00,0.0
2014-07-14 20:00:00,1.9595410244575213
2014-07-14 21:00:00,1.4959272144575892
2014-07-14 22:00:00,0.878863106597236
2014-07-14 23:00:00,0.4113337968949039
2014-07-15 00:00:00,0.0
2014-07-15 01:00:00,0.0
2014-07-15 02:00:00,-0.9761048774111344
2014-07-15 03:00:00,-0.9901820311030756
2014-07-15 04:00:00,-1.1594341670481505
2014-07-15 05:00:00,0.0
2014-07-15 06:00:00,0.0
2014-07-15 07:00:00,-0.10294844377765063
2014-07-15 08:00:00,0.0
2014-07-15 09:00:00,0.6777742290243713
2014-07-15 10:00:00,0.9021696524448031
2014-07-15 11:00:00,1.636139394276588
2014-07-15 12:00:00,0.0
2014-07-15 13:00:00,1.9267254079041396
2014-07-15 14:00:00,2.1472519447138714
2014-07-15 15:00:00,2.1801607874506463
2014-07-15 16:00:00,0.0
2014-07-15 17:00:00,2.4898581686732046
2014-07-15 18:00:00,2.6165059388089213
2014-07-15 19:00:00,0.0
2014-07-15 20:00:00,2.203560559481612
2014-07-15 21:00:00,1.3793012590363278
2014-07-15 22:00:00,0.7011740010553325
2014-07-15 23:00:00,0.09800059452013685
2014-07-16 00:00:00,0.0
2014-07-16 01:00:00,-0.9168130247749088
2014-07-16 02:00:00,-1.0194550526876278
2014-07-16 03:00:00,0.0
2014-07-16 04:00:00,-1.1921099443264473
2014-07-16 05:00:00,-0.9341530948855079
2014-07-16 06:00:00,-0.9061852398684168
2014-07-16 07:00:00,0.0
2014-07-16 08:00:00,0.0
2014-07-16 09:00:00,0.0
2014-07-16 10:00:00,1.0003834366464763
2014-07-16 11:00:00,1.257361411161824
2014-07-16 12:00:00,2.114482941252189
2014-07-16 13:00:00,0.0
2014-07-16 14:00:00,2.4476267075974034
2014-07-16 15:00:00,2.3913180928296667
2014-07-16 16:00:00,2.12380555959121
2014-07-16 17:00:00,2.283362172463698
2014-07-16 18:00:00,2.5931061667779556
2014-07-16 19:00:00,2.2504999428186268
2014-07-16 20:00:00,0.0
2014-07-16 21:00:00,1.945463870765582
2014-07-16 22:00:00,1.1827804644495936
2014-07-16 23:00:00,0.21024491932204417
2014-07-17 00:00:00,0.0
2014-07-17 01:00:00,0.0
2014-07-17 02:00:00,-1.033438980196167
2014-07-17 03:00:00,-1.0707760666439818
2014-07-17 04:00:00,0.0
2014-07-17 05:00:00,-1.0567921391354367
2014-07-17 06:00:00,0.0
2014-07-17 07:00:00,-0.31335993968954245
2014-07-17 08:00:00,0.23830600052252962
2014-07-17 09:00:00,0.35525824758564384
2014-07-17 10:00:00,0.0
2014-07-17 11:00:00,0.0
2014-07-17 12:00:00,1.0284445178469612
2014-07-17 13:00:00,0.906830961614322
2014-07-17 14:00:00,0.8414327939660254
2014-07-17 15:00:00,0.0
2014-07-17 16:00:00,0.7759880132260446
2014-07-17 17:00:00,0.0
2014-07-17 18:00:00,0.0
2014-07-17 19:00:00,0.0
2014-07-17 20:00:00,0.0
2014-07-17 21:00:00,0.0
2014-07-17 22:00:00,0.0
2014-07-17 23:00:00,-0.1356708341476383
2014-07-18 00:00:00,-0.7819613505008509
2014-07-18 01:00:00,0.0
2014-07-18 02:00:00,-1.3926394647989713
2014-07-18 03:00:00,0.0
2014-07-18 04:00:00,-1.5139267293897434
2014-07-18 05:00:00,-1.318058518086736
2014-07-18 06:00:00,0.0
2014-07-18 07:00:00,-0.6687381507733401
2014-07-18 08:00:00,0.0
2014-07-18 09:00:00,0.28981346684565806
2014-07-18 10:00:00,0.5001317365741614
2014-07-18 11:00:00,0.0
2014-07-18 12:00:00,0.0
2014-07-18 13:00:00,0.7853572446567655
2014-07-18 14:00:00,0.9208615022145622
2014-07-18 15:00:00,0.0
2014-07-18 16:00:00,0.0
2014-07-18 17:00:00,0.0
2014-07-18 18:00:00,1.1266583020486345
2014-07-18 19:00:00,0.9723223554460025
2014-07-18 20:00:00,0.8087104035960323
2014-07-18 21:00:00,0.0
2014-07-18 22:00:00,0.4533788056039341
2014-07-18 23:00:00,-0.17780906904004656
2014-07-19 00:00:00,-0.6838407924825622
2014-07-19 01:00:00,0.0
2014-07-19 02:00:00,-1.2200311862518427
2014-07-19 03:00:00,0.0
2014-07-19 04:00:00,0.0
2014-07-19 05:00:00,-1.1360810081088812
2014-07-19 06:00:00,0.0
2014-07-19 07:00:00,-0.4208963422302423
2014-07-19 08:00:00,0.0
2014-07-19 09:00:00,0.28972024066227514
2014-07-19 10:00:00,0.8040024813348297
2014-07-19 11:00:00,1.1453035387266937
2014-07-19 12:00:00,1.1359343072959667
2014-07-19 13:00:00,1.0377671361859828
2014-07-19 14:00:00,0.9769836646155159
2014-07-19 15:00:00,0.0
2014-07-19 16:00:00,0.7292350822558118
2014-07-19 17:00:00,0.9770302777072151
2014-07-19 18:00:00,0.0
2014-07-19 19:00:00,0.0
2014-07-19 20:00:00,0.0
2014-07-19 21:00:00,0.780649322395558
2014-07-19 22:00:00,0.0
2014-07-19 23:00:00,0.0
2014-07-20 00:00:00,0.0
2014-07-20 01:00:00,-1.2153698770823276
2014-07-20 02:00:00,0.0
2014-07-20 03:00:00,-1.308642673564317
2014-07-20 04:00:00,-1.4532364840026626
2014-07-20 05:00:00,-1.18740202206524
2014-07-20 06:00:00,-1.1547262447869413
2014-07-20 07:00:00,0.0
2014-07-20 08:00:00,0.4066258746337013
2014-07-20 09:00:00,0.4627014239429607
2014-07-20 10:00:00,0.32715055329347587
2014-07-20 11:00:00,0.0
2014-07-20 12:00:00,0.9068775747060106
2014-07-20 13:00:00,0.7104966193943646
2014-07-20 14:00:00,0.0
2014-07-20 15:00:00,0.0
2014-07-20 16:00:00,0.0
2014-07-20 17:00:00,0.8367714847965171
2014-07-20 18:00:00,0.0
2014-07-20 19:00:00,0.0
2014-07-20 20:00:00,0.7479269320255598
2014-07-20 21:00:00,0.0
2014-07-20 22:00:00,0.0
2014-07-20 23:00:00,-0.11702559746957406
2014-07-21 00:00:00,0.0
2014-07-21 01:00:00,-1.1873554089735443
2014-07-21 02:00:00,0.0
2014-07-21 03:00:00,-1.3599636875206735
2014-07-21 04:00:00,-1.527957269989983
2014-07-21 05:00:00,0.0
2014-07-21 06:00:00,-1.2619829687774746
2014-07-21 07:00:00,-0.8861882235311997
2014-07-21 08:00:00,0.0
2014-07-21 09:00:00,0.25704446338397124
2014-07-21 10:00:00,0.4907625051434406
2014-07-21 11:00:00,0.0
2014-07-21 12:00:00,0.0
2014-07-21 13:00:00,0.780649322395558
2014-07-21 14:00:00,0.7713267040565258
2014-07-21 15:00:00,0.0
2014-07-21 16:00:00,0.7152045416555721
2014-07-21 17:00:00,1.5934884153755267
2014-07-21 18:00:00,1.9408025615960687
2014-07-21 19:00:00,1.7999844115850288
2014-07-21 20:00:00,0.0
2014-07-21 21:00:00,0.0
2014-07-21 22:00:00,0.0
2014-07-21 23:00:00,0.3178279349544437
2014-07-22 00:00:00,-0.562413688616706
2014-07-22 01:00:00,-1.0987439216610697
2014-07-22 02:00:00,-1.1781260168179049
2014-07-22 03:00:00,-1.2573682726996545
2014-07-22 04:00:00,0.0
2014-07-22 05:00:00,-1.1780327906345152
2014-07-22 06:00:00,0.0
2014-07-22 07:00:00,0.0
2014-07-22 08:00:00,0.041925045210871884
2014-07-22 09:00:00,0.42997903357296813
2014-07-22 10:00:00,0.43934826500368895
2014-07-22 11:00:00,0.0
2014-07-22 12:00:00,1.117289070617908
2014-07-22 13:00:00,1.3788351281193751
2014-07-22 14:00:00,0.0
2014-07-22 15:00:00,1.173364619927173
2014-07-22 16:00:00,0.0
2014-07-22 17:00:00,2.161282485314116
2014-07-22 18:00:00,2.3584558631845858
2014-07-22 19:00:00,0.0
2014-07-22 20:00:00,1.9078937188592986
2014-07-22 21:00:00,0.0
2014-07-22 22:00:00,1.098457381573067
2014-07-22 23:00:00,0.3037973943542035
2014-07-23 00:00:00,0.0
2014-07-23 01:00:00,-0.948183635485746
2014-07-23 02:00:00,0.0
2014-07-23 03:00:00,-1.1267117766781576
2014-07-23 04:00:00,0.0
2014-07-23 05:00:00,-0.9900888049196829
2014-07-23 06:00:00,-0.8734628494984239
2014-07-23 07:00:00,0.0
2014-07-23 08:00:00,0.5094543549131941
2014-07-23 09:00:00,0.0
2014-07-23 10:00:00,0.0
2014-07-23 11:00:00,1.1406422295571748
2014-07-23 12:00:00,1.164042001588141
2014-07-23 13:00:00,0.0
2014-07-23 14:00:00,1.0985506077564553
2014-07-23 15:00:00,1.4770489123210537
2014-07-23 16:00:00,0.0
2014-07-23 17:00:00,1.5656137865418298
2014-07-23 18:00:00,0.0
2014-07-23 19:00:00,1.4256812852729963
2014-07-23 20:00:00,0.0
2014-07-23 21:00:00,0.0
2014-07-23 22:00:00,0.0
2014-07-23 23:00:00,-0.06556474423813922
2014-07-24 00:00:00,-0.565863057402148
2014-07-24 01:00:00,0.0
2014-07-24 02:00:00,-1.038100289365683
2014-07-24 03:00:00,-1.0708226797356772
2014-07-24 04:00:00,0.0
2014-07-24 05:00:00,0.0
2014-07-24 06:00:00,-0.9995046494421028
2014-07-24 07:00:00,0.0
2014-07-24 08:00:00,0.0
2014-07-24 09:00:00,0.0
2014-07-24 10:00:00,0.0
2014-07-24 11:00:00,1.1266583020486345
2014-07-24 12:00:00,1.0050447458159952
2014-07-24 13:00:00,1.145350151818388
2014-07-24 14:00:00,1.3463924162995584
2014-07-24 15:00:00,1.2201175508974058
2014-07-24 16:00:00,0.9256160375674639
2014-07-24 17:00:00,1.164042001588141
2014-07-24 18:00:00,1.4629251455374257
2014-07-24 19:00:00,0.0
2014-07-24 20:00:00,1.1546727701574144
2014-07-24 21:00:00,0.8835244157667445
2014-07-24 22:00:00,0.0
2014-07-24 23:00:00,0.19621437872181005
2014-07-25 00:00:00,0.0
2014-07-25 01:00:00,0.0
2014-07-25 02:00:00,-1.0100858212569042
2014-07-25 03:00:00,0.0
2014-07-25 04:00:00,-1.0974387550936036
2014-07-25 05:00:00,-0.9035282936417959
2014-07-25 06:00:00,-0.9481836354857479
2014-07-25 07:00:00,-0.032888966959834724
2014-07-25 08:00:00,0.6123760613760744
2014-07-25 09:00:00,0.0
2014-07-25 10:00:00,0.0
2014-07-25 11:00:00,0.0
2014-07-25 12:00:00,2.105020483638069
2014-07-25 13:00:00,2.1848220966201652
2014-07-25 14:00:00,2.3490866317538646
2014-07-25 15:00:00,2.3115164798475707
2014-07-25 16:00:00,2.0392960243479177
2014-07-25 17:00:00,2.5649518593940828
2014-07-25 18:00:00,2.5649518593940828
2014-07-25 19:00:00,2.5227203983182913
2014-07-25 20:00:00,2.2927314038944235
2014-07-25 21:00:00,2.250453329726933
2014-07-25 22:00:00,0.0
2014-07-25 23:00:00,0.7946332499041039
2014-07-26 00:00:00,-0.2211126312248482
2014-07-26 01:00:00,0.0
2014-07-26 02:00:00,0.0
2014-07-26 03:00:00,-0.9774566570702985
2014-07-26 04:00:00,-1.2060472587432995
2014-07-26 05:00:00,-0.9808127996723471
2014-07-26 06:00:00,0.0
2014-07-26 07:00:00,0.009249267932567999
2014-07-26 08:00:00,0.0
2014-07-26 09:00:00,0.8274022533657963
2014-07-26 10:00:00,1.5472482284139413
2014-07-26 11:00:00,1.8985244874285672
2014-07-26 12:00:00,0.0
2014-07-26 13:00:00,0.0
2014-07-26 14:00:00,2.799602162987452
2014-07-26 15:00:00,2.7808637001259995
2014-07-26 16:00:00,2.7104779316663343
2014-07-26 17:00:00,0.0
2014-07-26 18:00:00,2.7901863184650324
2014-07-26 19:00:00,0.0
2014-07-26 20:00:00,2.4194724002135346
2014-07-26 21:00:00,0.0
2014-07-26 22:00:00,0.0
2014-07-26 23:00:00,1.519187147213467
2014-07-27 00:00:00,0.013910577102086824
2014-07-27 01:00:00,0.0
2014-07-27 02:00:00,-0.598585447772141
2014-07-27 03:00:00,0.0
2014-07-27 04:00:00,-1.0334389801961679
2014-07-27 05:00:00,-0.8254979781441145
2014-07-27 06:00:00,0.0
2014-07-27 07:00:00,0.17756914204374522
2014-07-27 08:00:00,0.7853106315650767
2014-07-27 09:00:00,1.0424750584471958
2014-07-27 10:00:00,1.5187676293882035
2014-07-27 11:00:00,2.095604639115648
2014-07-27 12:00:00,2.5930595536862557
2014-07-27 13:00:00,0.0
2014-07-27 14:00:00,2.7245084722665753
2014-07-27 15:00:00,0.0
2014-07-27 16:00:00,2.588398244516742
2014-07-27 17:00:00,2.7104313185746407
2014-07-27 18:00:00,2.7198471630970618
2014-07-27 19:00:00,0.0
2014-07-27 20:00:00,0.0
2014-07-27 21:00:00,0.0
2014-07-27 22:00:00,1.491219292196376
2014-07-27 23:00:00,0.0
2014-07-28 00:00:00,0.0
2014-07-28 01:00:00,-0.831417840789399
2014-07-28 02:00:00,-1.0101324343485996
2014-07-28 03:00:00,-1.0987439216610717
2014-07-28 04:00:00,0.0
2014-07-28 05:00:00,0.0
2014-07-28 06:00:00,-0.9001721510397415
2014-07-28 07:00:00,0.5375620492053677
2014-07-28 08:00:00,1.220070937805706
2014-07-28 09:00:00,1.4254016067228261
2014-07-28 10:00:00,0.0
2014-07-28 11:00:00,2.001725872441624
2014-07-28 12:00:00,0.0
2014-07-28 13:00:00,2.4100565556911144
2014-07-28 14:00:00,2.4194724002135297
2014-07-28 15:00:00,2.550874705702148
2014-07-28 16:00:00,2.5086432446263522
2014-07-28 17:00:00,2.8887730074002747
2014-07-28 18:00:00,2.902850161092214
2014-07-28 19:00:00,0.0
2014-07-28 20:00:00,0.0
2014-07-28 21:00:00,0.0
2014-07-28 22:00:00,1.4305290468092922
2014-07-28 23:00:00,0.0
2014-07-29 00:00:00,-0.33205178945929603
2014-07-29 01:00:00,0.0
2014-07-29 02:00:00,-0.8148701932376174
2014-07-29 03:00:00,-0.9947967271808937
2014-07-29 04:00:00,-0.9901354180113786
2014-07-29 05:00:00,-0.7647145065736476
2014-07-29 06:00:00,0.0
2014-07-29 07:00:00,0.14946144775157721
2014-07-29 08:00:00,0.0
2014-07-29 09:00:00,0.0
2014-07-29 10:00:00,1.2154096286361928
2014-07-29 11:00:00,1.8046457207545477
2014-07-29 12:00:00,1.9642023336270347
2014-07-29 13:00:00,2.1331747910219367
2014-07-29 14:00:00,0.0
2014-07-29 15:00:00,2.4710730927200584
2014-07-29 16:00:00,2.4428721722444893
2014-07-29 17:00:00,2.809018007509873
2014-07-29 18:00:00,2.9356657776455903
2014-07-29 19:00:00,2.7432935482197216
2014-07-29 20:00:00,0.0
2014-07-29 21:00:00,1.6595391663075485
2014-07-29 22:00:00,0.0
2014-07-29 23:00:00,0.0
2014-07-30 00:00:00,0.0
2014-07-30 01:00:00,0.0
2014-07-30 02:00:00,0.0
2014-07-30 03:00:00,-1.0101324343485956
2014-07-30 04:00:00,-1.136081008108883
2014-07-30 05:00:00,-0.8255445912358143
2014-07-30 06:00:00,-0.8534658331612112
2014-07-30 07:00:00,0.21495284158325723
2014-07-30 08:00:00,0.5936842116063213
2014-07-30 09:00:00,0.0
2014-07-30 10:00:00,0.0
2014-07-30 11:00:00,1.682659259788349
2014-07-30 12:00:00,0.0
2014-07-30 13:00:00,0.0
2014-07-30 14:00:00,2.320885711278297
2014-07-30 15:00:00,0.0
2014-07-30 16:00:00,2.2739929410329767
2014-07-30 17:00:00,2.6916462426214944
2014-07-30 18:00:00,2.794940853817944
2014-07-30 19:00:00,2.6494147815456923
2014-07-30 20:00:00,2.372533016876519
2014-07-30 21:00:00,0.0
2014-07-30 22:00:00,1.5618847392062165
2014-07-30 23:00:00,0.0
2014-07-31 00:00:00,-0.4629879640309618
2014-07-31 01:00:00,0.0
2014-07-31 02:00:00,-1.080052071891318
2014-07-31 03:00:00,0.0
2014-07-31 04:00:00,0.0
2014-07-31 05:00:00,0.0
2014-07-31 06:00:00,0.0
2014-07-31 07:00:00,-0.21053145941003976
2014-07-31 08:00:00,0.5094543549131991
2014-07-31 09:00:00,0.5421767452831867
2014-07-31 10:00:00,0.0
2014-07-31 11:00:00,1.1778394767299045
2014-07-31 12:00:00,0.0
2014-07-31 13:00:00,0.0
2014-07-31 14:00:00,1.5656137865418298
2014-07-31 15:00:00,1.5516764721249785
2014-07-31 16:00:00,1.3134369604710892
2014-07-31 17:00:00,2.0440039466091253
2014-07-31 18:00:00,0.0
2014-07-31 19:00:00,2.1003591744685606
2014-07-31 20:00:00,0.0
2014-07-31 21:00:00,0.0
2014-07-31 22:00:00,0.7385577005948445
2014-07-31 23:00:00,0.0
2014-08-01 00:00:00,0.0
2014-08-01 01:00:00,-1.0334389801961699
2014-08-01 02:00:00,0.0
2014-08-01 03:00:00,-1.1034052308305844
2014-08-01 04:00:00,0.0
2014-08-01 05:00:00,0.0
2014-08-01 06:00:00,0.0
2014-08-01 07:00:00,-0.10765636603885262
2014-08-01 08:00:00,0.0
2014-08-01 09:00:00,0.47207065537368215
2014-08-01 10:00:00,0.0
2014-08-01 11:00:00,1.0611669082169544
2014-08-01 12:00:00,0.0
2014-08-01 13:00:00,1.2995928722376264
2014-08-01 14:00:00,0.0
2014-08-01 15:00:00,1.2107483194666795
2014-08-01 16:00:00,1.1544863177906375
2014-08-01 17:00:00,1.2388094006671588
2014-08-01 18:00:00,0.0
2014-08-01 19:00:00,1.192056469696921
2014-08-01 20:00:00,0.0
2014-08-01 21:00:00,1.0003834366464819
2014-08-01 22:00:00,0.0
2014-08-01 23:00:00,0.0
2014-08-02 00:00:00,-0.5295980720633287
2014-08-02 01:00:00,0.0
2014-08-02 02:00:00,0.0
2014-08-02 03:00:00,-1.173418094556695
2014-08-02 04:00:00,-1.383270233368247
2014-08-02 05:00:00,-1.0940826124915575
2014-08-02 06:00:00,-1.0707760666439852
2014-08-02 07:00:00,0.0
2014-08-02 08:00:00,0.0
2014-08-02 09:00:00,0.0
2014-08-02 10:00:00,0.6544210700850941
2014-08-02 11:00:00,0.0
2014-08-02 12:00:00,1.2855623316373916
2014-08-02 13:00:00,0.0
2014-08-02 14:00:00,0.0
2014-08-02 15:00:00,0.0
2014-08-02 16:00:00,0.9162468061367376
2014-08-02 17:00:00,0.0
2014-08-02 18:00:00,1.6263040319289082
2014-08-02 19:00:00,0.0
2014-08-02 20:00:00,1.285562331637386
2014-08-02 21:00:00,1.2528865543590926
2014-08-02 22:00:00,0.7526348542867728
2014-08-02 23:00:00,0.0
2014-08-03 00:00:00,-0.37997004772190135
2014-08-03 01:00:00,-1.1360810081088826
2014-08-03 02:00:00,-1.2247391085130543
2014-08-03 03:00:00,0.0
2014-08-03 04:00:00,-1.4112847014770302
2014-08-03 05:00:00,-1.1267117766781582
2014-08-03 06:00:00,-1.0366086704314375
2014-08-03 07:00:00,0.0
2014-08-03 08:00:00,0.0
2014-08-03 09:00:00,0.0
2014-08-03 10:00:00,0.5609152081446395
2014-08-03 11:00:00,1.1547193832491143
2014-08-03 12:00:00,0.0
2014-08-03 13:00:00,0.0
2014-08-03 14:00:00,1.2107483194666795
2014-08-03 15:00:00,1.2995928722376313
2014-08-03 16:00:00,1.0891813763257345
2014-08-03 17:00:00,0.0
2014-08-03 18:00:00,1.5050167673381392
2014-08-03 19:00:00,1.3788817412110748
2014-08-03 20:00:00,0.0
2014-08-03 21:00:00,0.0
2014-08-03 22:00:00,0.0
2014-08-03 23:00:00,-0.18839024085484946
2014-08-04 00:00:00,-0.8159422943466109
2014-08-04 01:00:00,-1.280674818547228
2014-08-04 02:00:00,0.0
2014-08-04 03:00:00,0.0
2014-08-04 04:00:00,-1.5419411974985269
2014-08-04 05:00:00,-1.345979760012129
2014-08-04 06:00:00,-1.2620295818691694
2014-08-04 07:00:00,-0.7448107164198178
2014-08-04 08:00:00,0.0
2014-08-04 09:00:00,0.21961415075277052
2014-08-04 10:00:00,0.0
2014-08-04 11:00:00,0.0
2014-08-04 12:00:00,0.8040024813348297
2014-08-04 13:00:00,0.8788164935055369
2014-08-04 14:00:00,0.8694472620748105
2014-08-04 15:00:00,0.7432656228560515
2014-08-04 16:00:00,0.0
2014-08-04 17:00:00,1.1172424575262083
2014-08-04 18:00:00,1.2995928722376264
2014-08-04 19:00:00,0.0
2014-08-04 20:00:00,0.0
2014-08-04 21:00:00,0.8648325659969914
2014-08-04 22:00:00,0.5515459767139076
2014-08-04 23:00:00,0.0
2014-08-05 00:00:00,-0.82531152577734
2014-08-05 01:00:00,0.0
2014-08-05 02:00:00,0.0
2014-08-05 03:00:00,-1.3833168464599421
2014-08-05 04:00:00,-1.523295960820468
2014-08-05 05:00:00,-1.2993200552252875
2014-08-05 06:00:00,-1.271352200208199
2014-08-05 07:00:00,0.0
2014-08-05 08:00:00,0.0
2014-08-05 09:00:00,0.4159484929727285
2014-08-05 10:00:00,0.37390348426370873
2014-08-05 11:00:00,1.0377671361859828
2014-08-05 12:00:00,1.238856013758853
2014-08-05 13:00:00,0.0
2014-08-05 14:00:00,0.0
2014-08-05 15:00:00,0.0
2014-08-05 16:00:00,1.1219969928791211
2014-08-05 17:00:00,0.0
2014-08-05 18:00:00,1.308915490576653
2014-08-05 19:00:00,0.0
2014-08-05 20:00:00,1.3089154905766585
2014-08-05 21:00:00,0.0
2014-08-05 22:00:00,0.6637436884241318
2014-08-05 23:00:00,0.0
2014-08-06 00:00:00,-0.6417491706818537
2014-08-06 01:00:00,0.0
2014-08-06 02:00:00,-1.2200311862518423
2014-08-06 03:00:00,-1.1780327906345165
2014-08-06 04:00:00,-1.3226266010728607
2014-08-06 05:00:00,0.0
2014-08-06 06:00:00,0.0
2014-08-06 07:00:00,-0.18247037820956538
2014-08-06 08:00:00,0.31778132186275504
2014-08-06 09:00:00,0.3177813218627495
2014-08-06 10:00:00,0.5375154361136735
2014-08-06 11:00:00,0.9910142052157556
2014-08-06 12:00:00,1.3416378809466456
2014-08-06 13:00:00,1.0518442898779223
2014-08-06 14:00:00,0.0
2014-08-06 15:00:00,1.3510537254690715
2014-08-06 16:00:00,0.0
2014-08-06 17:00:00,1.5892000109395783
2014-08-06 18:00:00,0.0
2014-08-06 19:00:00,0.0
2014-08-06 20:00:00,1.3697921883305244
2014-08-06 21:00:00,1.1406422295571803
2014-08-06 22:00:00,0.5655765173141528
2014-08-06 23:00:00,0.1821838381215704
2014-08-07 00:00:00,-0.5250299890772051
2014-08-07 01:00:00,0.0
2014-08-07 02:00:00,0.0
2014-08-07 03:00:00,0.0
2014-08-07 04:00:00,-1.1454036264479135
2014-08-07 05:00:00,-0.8675429868531398
2014-08-07 06:00:00,-0.7973902838519462
2014-08-07 07:00:00,0.0
2014-08-07 08:00:00,0.6965126918858192
2014-08-07 09:00:00,0.6964660787941244
2014-08-07 10:00:00,0.0
2014-08-07 11:00:00,0.0
2014-08-07 12:00:00,0.0
2014-08-07 13:00:00,0.0
2014-08-07 14:00:00,1.0424750584472013
2014-08-07 15:00:00,0.0
2014-08-07 16:00:00,0.7385577005948384
2014-08-07 17:00:00,0.0
2014-08-07 18:00:00,1.1405956164654856
2014-08-07 19:00:00,0.0
2014-08-07 20:00:00,1.3835430503805881
2014-08-07 21:00:00,0.0
2014-08-07 22:00:00,0.7525882411950786
2014-08-07 23:00:00,0.0
2014-08-08 00:00:00,-0.5190635133402213
2014-08-08 01:00:00,-1.0147937435181171
2014-08-08 02:00:00,-1.010085821256902
2014-08-08 03:00:00,0.0
2014-08-08 04:00:00,0.0
2014-08-08 05:00:00,-0.9481836354857451
2014-08-08 06:00:00,-0.9095413824704707
2014-08-08 07:00:00,0.0
2014-08-08 08:00:00,0.5375154361136735
2014-08-08 09:00:00,0.5562072858834264
2014-08-08 10:00:00,0.5375154361136679
2014-08-08 11:00:00,0.0
2014-08-08 12:00:00,0.0
2014-08-08 13:00:00,1.0330592139247863
2014-08-08 14:00:00,0.8460941031355437
2014-08-08 15:00:00,1.1079198391871816
2014-08-08 16:00:00,0.0
2014-08-08 17:00:00,1.3042541814071444
2014-08-08 18:00:00,0.0
2014-08-08 19:00:00,1.453509301015005
2014-08-08 20:00:00,0.0
2014-08-08 21:00:00,0.869447262074816
2014-08-08 22:00:00,0.7104966193943646
2014-08-08 23:00:00,0.0
2014-08-09 00:00:00,0.0
2014-08-09 01:00:00,0.0
2014-08-09 02:00:00,-1.0567455260437422
2014-08-09 03:00:00,-1.0707760666439838
2014-08-09 04:00:00,-1.2386298098382056
2014-08-09 05:00:00,-0.935458261452973
2014-08-09 06:00:00,-0.9914871976705351
2014-08-09 07:00:00,0.0
2014-08-09 08:00:00,0.7105432324860533
2014-08-09 09:00:00,0.5842683670839057
2014-08-09 10:00:00,0.0
2014-08-09 11:00:00,0.0
2014-08-09 12:00:00,1.491219292196376
2014-08-09 13:00:00,1.4350039036120286
2014-08-09 14:00:00,1.3598635997994513
2014-08-09 15:00:00,0.0
2014-08-09 16:00:00,1.4162654407505757
2014-08-09 17:00:00,1.6545049524044757
2014-08-09 18:00:00,1.8094002561074494
2014-08-09 19:00:00,1.6357198764513288
2014-08-09 20:00:00,0.0
2014-08-09 21:00:00,0.0
2014-08-09 22:00:00,0.0
2014-08-09 23:00:00,0.9582918148457623
2014-08-10 00:00:00,0.0
2014-08-10 01:00:00,0.0
2014-08-10 02:00:00,0.0
2014-08-10 03:00:00,-1.0894213033220386
2014-08-10 04:00:00,-1.2620295818691694
2014-08-10 05:00:00,-0.9295383988076846
2014-08-10 06:00:00,-0.938861017146718
2014-08-10 07:00:00,0.0
2014-08-10 08:00:00,0.6029602168536647
2014-08-10 09:00:00,0.5889762893451138
2014-08-10 10:00:00,0.7058353102248514
2014-08-10 11:00:00,1.2902236408068999
2014-08-10 12:00:00,0.0
2014-08-10 13:00:00,1.2575478635286115
2014-08-10 14:00:00,0.0
2014-08-10 15:00:00,0.0
2014-08-10 16:00:00,0.0
2014-08-10 17:00:00,1.3043007944988387
2014-08-10 18:00:00,1.3650842660693112
2014-08-10 19:00:00,1.2713453386703695
2014-08-10 20:00:00,1.2154096286361873
2014-08-10 21:00:00,1.23414809149764
2014-08-10 22:00:00,0.0
2014-08-10 23:00:00,0.023279808532807644
2014-08-11 00:00:00,0.0
2014-08-11 01:00:00,-0.9528449446552627
2014-08-11 02:00:00,0.0
2014-08-11 03:00:00,0.0
2014-08-11 04:00:00,-1.2153698770823302
2014-08-11 05:00:00,-0.9201691673769598
2014-08-11 06:00:00,-0.8768189921004786
2014-08-11 07:00:00,0.0
2014-08-11 08:00:00,0.37861140652491626
2014-08-11 09:00:00,0.39725664320297555
2014-08-11 10:00:00,0.6123760613760798
2014-08-11 11:00:00,1.2154096286361928
2014-08-11 12:00:00,1.2527001019923052
2014-08-11 13:00:00,0.0
2014-08-11 14:00:00,0.0
2014-08-11 15:00:00,0.0
2014-08-11 16:00:00,0.8460941031355443
2014-08-11 17:00:00,0.0
2014-08-11 18:00:00,1.9501251799350952
2014-08-11 19:00:00,1.9173095633817137
2014-08-11 20:00:00,1.4815237691237901
2014-08-11 21:00:00,1.1359809203876665
2014-08-11 22:00:00,0.0
2014-08-11 23:00:00,0.0
2014-08-12 00:00:00,0.0
2014-08-12 01:00:00,-1.0474229077047146
2014-08-12 02:00:00,-1.192063331234754
2014-08-12 03:00:00,0.0
2014-08-12 04:00:00,-1.3506410691816435
2014-08-12 05:00:00,-1.1081131530917927
2014-08-12 06:00:00,-1.131419698939368
2014-08-12 07:00:00,-0.2291766960881089
2014-08-12 08:00:00,0.20558361015253088
2014-08-12 09:00:00,0.0
2014-08-12 10:00:00,0.0
2014-08-12 11:00:00,0.0
2014-08-12 12:00:00,0.9395999650760094
2014-08-12 13:00:00,0.892847034105771
2014-08-12 14:00:00,0.6778208421160601
2014-08-12 15:00:00,0.6824821512855789
2014-08-12 16:00:00,0.4487174964344208
2014-08-12 17:00:00,0.0
2014-08-12 18:00:00,0.958338427937462
2014-08-12 19:00:00,0.9302773467369828
2014-08-12 20:00:00,0.8273556402740965
2014-08-12 21:00:00,0.7292350822558118
2014-08-12 22:00:00,0.42536433749514907
2014-08-12 23:00:00,0.0
2014-08-13 00:00:00,-0.6324265523428189
2014-08-13 01:00:00,0.0
2014-08-13 02:00:00,0.0
2014-08-13 03:00:00,-1.1733714814650025
2014-08-13 04:00:00,-1.3739476150292174
2014-08-13 05:00:00,-1.1780327906345145
2014-08-13 06:00:00,0.0
2014-08-13 07:00:00,-0.2572843903802775
2014-08-13 08:00:00,-0.03284235386814049
2014-08-13 09:00:00,-0.10299505686933441
2014-08-13 10:00:00,0.1868451472910837
2014-08-13 11:00:00,0.7058353102248507
2014-08-13 12:00:00,0.7666187817953127
2014-08-13 13:00:00,0.0
2014-08-13 14:00:00,0.5515459767139131
2014-08-13 15:00:00,0.0
2014-08-13 16:00:00,0.5188235863439199
2014-08-13 17:00:00,0.850755412305057
2014-08-13 18:00:00,0.0
2014-08-13 19:00:00,0.8507554123050625
2014-08-13 20:00:00,0.6778208421160656
2014-08-13 21:00:00,0.0
2014-08-13 22:00:00,0.0
2014-08-13 23:00:00,-0.22451538691858516
2014-08-14 00:00:00,-0.7912373557481861
2014-08-14 01:00:00,0.0
2014-08-14 02:00:00,0.0
2014-08-14 03:00:00,-1.4066233923075158
2014-08-14 04:00:00,-1.4999428018811993
2014-08-14 05:00:00,0.0
2014-08-14 06:00:00,0.0
2014-08-14 07:00:00,-0.5155675314630896
2014-08-14 08:00:00,-0.13576406033102675
2014-08-14 09:00:00,0.0
2014-08-14 10:00:00,0.28501231840106206
2014-08-14 11:00:00,0.6777742290243713
2014-08-14 12:00:00,1.075197448817194
2014-08-14 13:00:00,0.7666187817953238
2014-08-14 14:00:00,0.8554167214745654
2014-08-14 15:00:00,1.0611669082169488
2014-08-14 16:00:00,0.6497597609155863
2014-08-14 17:00:00,0.0
2014-08-14 18:00:00,0.0
2014-08-14 19:00:00,1.2806213439177019
2014-08-14 20:00:00,0.0
2014-08-14 21:00:00,0.0
2014-08-14 22:00:00,0.4674093462041744
2014-08-14 23:00:00,-0.1917929965485975
2014-08-15 00:00:00,-0.744577650961346
2014-08-15 01:00:00,-1.2573682726996551
2014-08-15 02:00:00,-1.3739942281209125
2014-08-15 03:00:00,0.0
2014-08-15 04:00:00,-1.4999428018811998
2014-08-15 05:00:00,-1.3367037547647949
2014-08-15 06:00:00,0.0
2014-08-15 07:00:00,-0.39283526102976296
2014-08-15 08:00:00,0.10741643904255743
2014-08-15 09:00:00,0.0
2014-08-15 10:00:00,0.4627014239429607
2014-08-15 11:00:00,0.0
2014-08-15 12:00:00,1.210748319466674
2014-08-15 13:00:00,1.2807145701010965
2014-08-15 14:00:00,1.1827338513578944
2014-08-15 15:00:00,0.0
2014-08-15 16:00:00,1.4071292747783366
2014-08-15 17:00:00,1.9078937188592986
2014-08-15 18:00:00,2.3021006353251554
2014-08-15 19:00:00,2.339717400323138
2014-08-15 20:00:00,1.875078102305912
2014-08-15 21:00:00,0.0
2014-08-15 22:00:00,0.0
2014-08-15 23:00:00,0.4767319645432065
2014-08-16 00:00:00,-0.534305994324535
2014-08-16 01:00:00,-1.25270696353014
2014-08-16 02:00:00,-1.313350595825526
2014-08-16 03:00:00,-1.3506876822733387
2014-08-16 04:00:00,-1.4439138656636334
2014-08-16 05:00:00,-1.2666908910386845
2014-08-16 06:00:00,0.0
2014-08-16 07:00:00,0.0
2014-08-16 08:00:00,0.18689176038277794
2014-08-16 09:00:00,0.0
2014-08-16 10:00:00,0.7619108595341156
2014-08-16 11:00:00,0.0
2014-08-16 12:00:00,1.5752160834310274
2014-08-16 13:00:00,1.3323618756993187
2014-08-16 14:00:00,1.2481786320978852
2014-08-16 15:00:00,1.7201827986029439
2014-08-16 16:00:00,1.6083113785345848
2014-08-16 17:00:00,0.0
2014-08-16 18:00:00,2.672907779760042
2014-08-16 19:00:00,2.541458861179738
2014-08-16 20:00:00,2.086282020776621
2014-08-16 21:00:00,1.8140615652769683
2014-08-16 22:00:00,0.9534906664011608
2014-08-16 23:00:00,0.0
2014-08-17 00:00:00,0.0
2014-08-17 01:00:00,0.0
2014-08-17 02:00:00,0.0
2014-08-17 03:00:00,-1.2293538045908716
2014-08-17 04:00:00,-1.2993200552252868
2014-08-17 05:00:00,-1.117435771430822
2014-08-17 06:00:00,-1.0660681443827715
2014-08-17 07:00:00,-0.3554981745819507
2014-08-17 08:00:00,0.0
2014-08-17 09:00:00,0.0
2014-08-17 10:00:00,0.9489691965067302
2014-08-17 11:00:00,1.5750296310642449
2014-08-17 12:00:00,0.0
2014-08-17 13:00:00,1.8281387189688971
2014-08-17 14:00:00,1.7859072578931006
2014-08-17 15:00:00,1.9220174856429266
2014-08-17 16:00:00,0.0
2014-08-17 17:00:00,1.9032324096897852
2014-08-17 18:00:00,2.034634715178399
2014-08-17 19:00:00,0.0
2014-08-17 20:00:00,0.0
2014-08-17 21:00:00,0.0
2014-08-17 22:00:00,0.9021696524448086
2014-08-17 23:00:00,0.0
2014-08-18 00:00:00,0.0
2014-08-18 01:00:00,0.0
2014-08-18 02:00:00,0.0
2014-08-18 03:00:00,-1.3833168464599421
2014-08-18 04:00:00,-1.5139733424814392
2014-08-18 05:00:00,0.0
2014-08-18 06:00:00,0.0
2014-08-18 07:00:00,-0.4629879640309563
2014-08-18 08:00:00,0.0
2014-08-18 09:00:00,0.0
2014-08-18 10:00:00,0.40662587463369637
2014-08-18 11:00:00,1.149964847896207
2014-08-18 12:00:00,1.3788817412110692
2014-08-18 13:00:00,0.0
2014-08-18 14:00:00,0.0
2014-08-18 15:00:00,0.0
2014-08-18 16:00:00,0.0
2014-08-18 17:00:00,2.4523346298586106
2014-08-18 18:00:00,2.3537945540150615
2014-08-18 19:00:00,2.1050204836380746
2014-08-18 20:00:00,1.7486633976286767
2014-08-18 21:00:00,0.0
2014-08-18 22:00:00,0.0
2014-08-18 23:00:00,-0.10299505686933934
2014-08-19 00:00:00,-0.7491923470391626
2014-08-19 01:00:00,0.0
2014-08-19 02:00:00,0.0
2014-08-19 03:00:00,-1.4159460106465445
2014-08-19 04:00:00,-1.4999428018811993
2014-08-19 05:00:00,-1.3319958325035852
2014-08-19 06:00:00,-1.3133505958255267
2014-08-19 07:00:00,0.0
2014-08-19 08:00:00,0.0
2014-08-19 09:00:00,0.09338589844231779
2014-08-19 10:00:00,0.0
2014-08-19 11:00:00,1.0003834366464874
2014-08-19 12:00:00,1.2201175508974003
2014-08-19 13:00:00,0.0
2014-08-19 14:00:00,0.0
2014-08-19 15:00:00,0.9536771187679433
2014-08-19 16:00:00,0.0
2014-08-19 17:00:00,1.6173543183234411
2014-08-19 18:00:00,1.771830104201161
2014-08-19 19:00:00,0.0
2014-08-19 20:00:00,1.5377391577081323
2014-08-19 21:00:00,0.8133717127655455
2014-08-19 22:00:00,0.0
2014-08-19 23:00:00,-0.06551813114645051
2014-08-20 00:00:00,0.0
2014-08-20 01:00:00,0.0
2014-08-20 02:00:00,0.0
2014-08-20 03:00:00,0.0
2014-08-20 04:00:00,0.0
2014-08-20 05:00:00,0.0
2014-08-20 06:00:00,0.0
2014-08-20 07:00:00,-0.13571744723933252
2014-08-20 08:00:00,0.0
2014-08-20 09:00:00,0.20558361015252535
2014-08-20 10:00:00,0.0
2014-08-20 11:00:00,0.0
2014-08-20 12:00:00,1.168703310757654
2014-08-20 13:00:00,1.0237832086774423
2014-08-20 14:00:00,0.0
2014-08-20 15:00:00,0.0
2014-08-20 16:00:00,0.8601246437357785
2014-08-20 17:00:00,1.1780725421883804
2014-08-20 18:00:00,0.0
2014-08-20 19:00:00,1.2060870102971606
2014-08-20 20:00:00,0.9302773467369773
2014-08-20 21:00:00,0.0
2014-08-20 22:00:00,0.0
2014-08-20 23:00:00,-0.16848645070101997
2014-08-21 00:00:00,-0.8439101493636993
2014-08-21 01:00:00,0.0
2014-08-21 02:00:00,0.0
2014-08-21 03:00:00,0.0
2014-08-21 04:00:00,-1.4626057154333867
2014-08-21 05:00:00,0.0
2014-08-21 06:00:00,-1.2527069635301407
2014-08-21 07:00:00,-0.12168690663909289
2014-08-21 08:00:00,0.0
2014-08-21 09:00:00,0.20553699706083664
2014-08-21 10:00:00,0.4066258746337019
2014-08-21 11:00:00,0.9629997371069698
2014-08-21 12:00:00,1.1593340793269333
2014-08-21 13:00:00,1.0097060549855084
2014-08-21 14:00:00,0.939599965076015
2014-08-21 15:00:00,0.0
2014-08-21 16:00:00,0.598298907684146
2014-08-21 17:00:00,0.0
2014-08-21 18:00:00,0.0
2014-08-21 19:00:00,0.0
2014-08-21 20:00:00,1.112581148356695
2014-08-21 21:00:00,0.64039052948486
2014-08-21 22:00:00,0.30841209043202866
2014-08-21 23:00:00,0.0
2014-08-22 00:00:00,0.0
2014-08-22 01:00:00,-1.2899974368862583
2014-08-22 02:00:00,0.0
2014-08-22 03:00:00,-1.4066233923075158
2014-08-22 04:00:00,-1.485958874372655
2014-08-22 05:00:00,0.0
2014-08-22 06:00:00,0.0
2014-08-22 07:00:00,-0.2479617720412454
2014-08-22 08:00:00,0.23364469135301572
2014-08-22 09:00:00,0.2289367690917971
2014-08-22 10:00:00,0.44871749643441594
2014-08-22 11:00:00,0.8601246437357895
2014-08-22 12:00:00,1.1733646199271675
2014-08-22 13:00:00,0.939599965076015
2014-08-22 14:00:00,0.906924187797711
2014-08-22 15:00:00,0.9489691965067357
2014-08-22 16:00:00,0.897554956366984
2014-08-22 17:00:00,1.4535559141066987
2014-08-22 18:00:00,1.5565708467529735
2014-08-22 19:00:00,1.5234289385577273
2014-08-22 20:00:00,1.2294867823281266
2014-08-22 21:00:00,0.8601246437357839
2014-08-22 22:00:00,0.4861011959739273
2014-08-22 23:00:00,0.3785647934332275
2014-08-23 00:00:00,-0.6197011783100448
2014-08-23 01:00:00,-1.3133505958255267
2014-08-23 02:00:00,-1.3319958325035852
2014-08-23 03:00:00,0.0
2014-08-23 04:00:00,-1.5046507241424092
2014-08-23 05:00:00,-1.3600103006123683
2014-08-23 06:00:00,-1.3599636875206729
2014-08-23 07:00:00,0.0
2014-08-23 08:00:00,0.22893676909180263
2014-08-23 09:00:00,0.4159484929727285
2014-08-23 10:00:00,0.0
2014-08-23 11:00:00,1.4162654407505813
2014-08-23 12:00:00,1.4676330677986331
2014-08-23 13:00:00,1.5428199847029096
2014-08-23 14:00:00,1.411790583947845
2014-08-23 15:00:00,1.3229926442685924
2014-08-23 16:00:00,0.0
2014-08-23 17:00:00,1.626863389029255
2014-08-23 18:00:00,1.3975735909808285
2014-08-23 19:00:00,1.2247788600669136
2014-08-23 20:00:00,0.0
2014-08-23 21:00:00,1.0378137492776827
2014-08-23 22:00:00,0.5001317365741614
2014-08-23 23:00:00,0.0
2014-08-24 00:00:00,-0.6837475662991827
2014-08-24 01:00:00,-1.2433843451911113
2014-08-24 02:00:00,0.0
2014-08-24 03:00:00,-1.3413650639343093
2014-08-24 04:00:00,-1.49062018354217
2014-08-24 05:00:00,-1.3319958325035852
2014-08-24 06:00:00,-1.280674818547228
2014-08-24 07:00:00,0.0
2014-08-24 08:00:00,0.20558361015253643
2014-08-24 09:00:00,0.0
2014-08-24 10:00:00,0.6076681391148668
2014-08-24 11:00:00,0.0
2014-08-24 12:00:00,1.4068029831364666
2014-08-24 13:00:00,0.0
2014-08-24 14:00:00,0.0
2014-08-24 15:00:00,1.6079384738010198
2014-08-24 16:00:00,1.3976668171642217
2014-08-24 17:00:00,1.677951337527136
2014-08-24 18:00:00,1.6497970301432634
2014-08-24 19:00:00,0.0
2014-08-24 20:00:00,0.0
2014-08-24 21:00:00,0.0
2014-08-24 22:00:00,0.5748991356531794
2014-08-24 23:00:00,-0.271268317888818
2014-08-25 00:00:00,0.0
2014-08-25 01:00:00,-1.215369877082328
2014-08-25 02:00:00,-1.3739476150292176
2014-08-25 03:00:00,0.0
2014-08-25 04:00:00,-1.448668401016538
2014-08-25 05:00:00,-1.32733452333407
2014-08-25 06:00:00,-1.3040279774864971
2014-08-25 07:00:00,-0.25844971767265307
2014-08-25 08:00:00,0.0
2014-08-25 09:00:00,0.0
2014-08-25 10:00:00,0.0
2014-08-25 11:00:00,0.6965126918858137
2014-08-25 12:00:00,0.0
2014-08-25 13:00:00,0.0
2014-08-25 14:00:00,0.9442612742455226
2014-08-25 15:00:00,1.0517976767862336
2014-08-25 16:00:00,0.0
2014-08-25 17:00:00,0.0
2014-08-25 18:00:00,1.2575478635286066
2014-08-25 19:00:00,1.5049701542464455
2014-08-25 20:00:00,0.0
2014-08-25 21:00:00,0.0
2014-08-25 22:00:00,0.40662587463369576
2014-08-25 23:00:00,0.0
2014-08-26 00:00:00,-0.5764442292169457
2014-08-26 01:00:00,-1.0054245120873915
2014-08-26 02:00:00,-1.1220970806003394
2014-08-26 03:00:00,0.0
2014-08-26 04:00:00,-1.280674818547228
2014-08-26 05:00:00,-1.019455052687627
2014-08-26 06:00:00,-0.986779275409327
2014-08-26 07:00:00,0.0
2014-08-26 08:00:00,0.0
2014-08-26 09:00:00,0.6731595329465468
2014-08-26 10:00:00,0.7339430045170193
2014-08-26 11:00:00,0.0
2014-08-26 12:00:00,1.476769233770878
2014-08-26 13:00:00,1.266870481867633
2014-08-26 14:00:00,1.318331335099079
2014-08-26 15:00:00,1.257547863528606
2014-08-26 16:00:00,0.0
2014-08-26 17:00:00,1.4444197481344492
2014-08-26 18:00:00,1.6686287191881044
2014-08-26 19:00:00,1.4534626879233052
2014-08-26 20:00:00,1.374220432041556
2014-08-26 21:00:00,0.0
2014-08-26 22:00:00,0.70588192331654
2014-08-26 23:00:00,0.041925045210866346
2014-08-27 00:00:00,-0.615086482232223
2014-08-27 01:00:00,-1.1174357714308234
2014-08-27 02:00:00,0.0
2014-08-27 03:00:00,-1.140742317278395
2014-08-27 04:00:00,-1.32733452333407
2014-08-27 05:00:00,0.0
2014-08-27 06:00:00,-1.033438980196167
2014-08-27 07:00:00,0.25704446338397124
2014-08-27 08:00:00,0.5748991356531794
2014-08-27 09:00:00,0.0
2014-08-27 10:00:00,0.0
2014-08-27 11:00:00,1.1125811483567005
2014-08-27 12:00:00,0.0
2014-08-27 13:00:00,1.126378623498464
2014-08-27 14:00:00,1.682659259788349
2014-08-27 15:00:00,0.0
2014-08-27 16:00:00,0.0
2014-08-27 17:00:00,0.0
2014-08-27 18:00:00,2.367871707707012
2014-08-27 19:00:00,2.1613290984058104
2014-08-27 20:00:00,1.5428199847029047
2014-08-27 21:00:00,1.1593340793269278
2014-08-27 22:00:00,0.6870968473634035
2014-08-27 23:00:00,0.0
2014-08-28 00:00:00,-0.5331406670321551
2014-08-28 01:00:00,-1.0894213033220395
2014-08-28 02:00:00,0.0
2014-08-28 03:00:00,-1.1406957041867054
2014-08-28 04:00:00,-1.280674818547228
2014-08-28 05:00:00,0.0
2014-08-28 06:00:00,0.0
2014-08-28 07:00:00,-0.159117219270293
2014-08-28 08:00:00,0.6778208421160601
2014-08-28 09:00:00,0.0
2014-08-28 10:00:00,0.78997194073459
2014-08-28 11:00:00,1.3695591228720427
2014-08-28 12:00:00,1.3603763438080982
2014-08-28 13:00:00,1.2061336233888604
2014-08-28 14:00:00,1.490893000554511
2014-08-28 15:00:00,0.0
2014-08-28 16:00:00,1.3087756513015703
2014-08-28 17:00:00,1.5234289385577273
2014-08-28 18:00:00,1.5049701542464455
2014-08-28 19:00:00,0.0
2014-08-28 20:00:00,1.1312729981264535
2014-08-28 21:00:00,0.0
2014-08-28 22:00:00,0.0
2014-08-28 23:00:00,-0.14037875640885136
2014-08-29 00:00:00,-0.7038844219114768
2014-08-29 01:00:00,-1.2060472587432984
2014-08-29 02:00:00,-1.2620761949608648
2014-08-29 03:00:00,0.0
2014-08-29 04:00:00,-1.4113313145687254
2014-08-29 05:00:00,0.0
2014-08-29 06:00:00,-1.2620295818691694
2014-08-29 07:00:00,-0.1403787564088458
2014-08-29 08:00:00,0.11207774821206519
2014-08-29 09:00:00,0.4440095741732133
2014-08-29 10:00:00,0.5609152081446339
2014-08-29 11:00:00,1.0892279894174288
2014-08-29 12:00:00,1.5421674014191744
2014-08-29 13:00:00,0.0
2014-08-29 14:00:00,1.2061336233888604
2014-08-29 15:00:00,0.0
2014-08-29 16:00:00,1.2061336233888598
2014-08-29 17:00:00,1.6783242422606899
2014-08-29 18:00:00,1.9829874095801816
2014-08-29 19:00:00,1.8938631782590534
2014-08-29 20:00:00,1.5609524773723165
2014-08-29 21:00:00,0.0
2014-08-29 22:00:00,0.0
2014-08-29 23:00:00,0.6731129198548526
2014-08-30 00:00:00,0.0
2014-08-30 01:00:00,-1.1454502395396071
2014-08-30 02:00:00,-1.2760601224694088
2014-08-30 03:00:00,-1.2386298098382065
2014-08-30 04:00:00,0.0
2014-08-30 05:00:00,0.0
2014-08-30 06:00:00,-1.1547262447869413
2014-08-30 07:00:00,-0.2291766960881089
2014-08-30 08:00:00,0.4814398868044134
2014-08-30 09:00:00,0.0
2014-08-30 10:00:00,0.0
2014-08-30 11:00:00,1.1780725421883804
2014-08-30 12:00:00,1.5981963376367403
2014-08-30 13:00:00,1.6266303235707837
2014-08-30 14:00:00,1.430295981350816
2014-08-30 15:00:00,1.7530450282480197
2014-08-30 16:00:00,1.6410337689045773
2014-08-30 17:00:00,0.0
2014-08-30 18:00:00,0.0
2014-08-30 19:00:00,1.800031024676723
2014-08-30 20:00:00,1.640474411804236
2014-08-30 21:00:00,0.0
2014-08-30 22:00:00,0.0
2014-08-30 23:00:00,0.0
2014-08-31 00:00:00,0.0
2014-08-31 01:00:00,-1.1080199269084043
2014-08-31 02:00:00,-1.2620295818691694
2014-08-31 03:00:00,-1.2573682726996545
2014-08-31 04:00:00,-1.3646249966901873
2014-08-31 05:00:00,-1.1967246404042684
2014-08-31 06:00:00,-1.1267117766781576
2014-08-31 07:00:00,0.04197165830256058
2014-08-31 08:00:00,0.0
2014-08-31 09:00:00,0.0
2014-08-31 10:00:00,0.0
2014-08-31 11:00:00,0.0
2014-08-31 12:00:00,0.0
2014-08-31 13:00:00,0.0
2014-08-31 14:00:00,0.0
2014-08-31 15:00:00,2.128466868760729
2014-08-31 16:00:00,2.062742409470578
2014-08-31 17:00:00,2.2317148668654805
2014-08-31 18:00:00,0.0
2014-08-31 19:00:00,0.0
2014-08-31 20:00:00,0.0
2014-08-31 21:00:00,0.0
2014-08-31 22:00:00,1.2435173229283718
2014-08-31 23:00:00,0.3178279349544437
2014-09-01 00:00:00,-0.5950894658950044
2014-09-01 01:00:00,-1.0894213033220401
2014-09-01 02:00:00,-1.1827407128957252
2014-09-01 03:00:00,-1.220031186251843
2014-09-01 04:00:00,-1.3646716097818832
2014-09-01 05:00:00,0.0
2014-09-01 06:00:00,-1.103405230830588
2014-09-01 07:00:00,0.0
2014-09-01 08:00:00,0.0
2014-09-01 09:00:00,0.0
2014-09-01 10:00:00,0.5562072858834264
2014-09-01 11:00:00,1.2341947045893398
2014-09-01 12:00:00,0.0
2014-09-01 13:00:00,2.1378827132831555
2014-09-01 14:00:00,2.4851502464119974
2014-09-01 15:00:00,0.0
2014-09-01 16:00:00,0.0
2014-09-01 17:00:00,2.5883516314250428
2014-09-01 18:00:00,2.89818885192269
2014-09-01 19:00:00,0.0
2014-09-01 20:00:00,2.236422789126694
2014-09-01 21:00:00,0.0
2014-09-01 22:00:00,1.019121899507929
2014-09-01 23:00:00,-0.028181044698632727
2014-09-02 00:00:00,0.0
2014-09-02 01:00:00,0.0
2014-09-02 02:00:00,0.0
2014-09-02 03:00:00,-1.2200311862518423
2014-09-02 04:00:00,-1.3553023783511584
2014-09-02 05:00:00,-1.0894213033220408
2014-09-02 06:00:00,0.0
2014-09-02 07:00:00,-0.00016657658984213907
2014-09-02 08:00:00,0.0
2014-09-02 09:00:00,0.4440561872648965
2014-09-02 10:00:00,0.7479269320255708
2014-09-02 11:00:00,1.3739873665830848
2014-09-02 12:00:00,1.7436291837255928
2014-09-02 13:00:00,2.0440505597008194
2014-09-02 14:00:00,2.3631637854457943
2014-09-02 15:00:00,2.3161777890170896
2014-09-02 16:00:00,1.9783261004106683
2014-09-02 17:00:00,2.2645770965105614
2014-09-02 18:00:00,0.0
2014-09-02 19:00:00,0.0
2014-09-02 20:00:00,1.6552041487799052
2014-09-02 21:00:00,0.0
2014-09-02 22:00:00,0.0
2014-09-02 23:00:00,-0.03750366303765931
2014-09-03 00:00:00,0.0
2014-09-03 01:00:00,0.0
2014-09-03 02:00:00,0.0
2014-09-03 03:00:00,-1.140788930370092
2014-09-03 04:00:00,-1.3413184508426146
2014-09-03 05:00:00,0.0
2014-09-03 06:00:00,0.0
2014-09-03 07:00:00,0.15416937001279027
2014-09-03 08:00:00,0.42065641523394154
2014-09-03 09:00:00,0.514208890266096
2014-09-03 10:00:00,0.0
2014-09-03 11:00:00,1.1125345352650007
2014-09-03 12:00:00,1.15467277015742
2014-09-03 13:00:00,1.0751508357255053
2014-09-03 14:00:00,0.0
2014-09-03 15:00:00,0.0
2014-09-03 16:00:00,0.7198192377333967
2014-09-03 17:00:00,1.0938892985869475
2014-09-03 18:00:00,0.0
2014-09-03 19:00:00,0.0
2014-09-03 20:00:00,0.691804769624611
2014-09-03 21:00:00,0.0
2014-09-03 22:00:00,0.3317652493713005
2014-09-03 23:00:00,0.0
2014-09-04 00:00:00,0.0
2014-09-04 01:00:00,0.0
2014-09-04 02:00:00,0.0
2014-09-04 03:00:00,0.0
2014-09-04 04:00:00,0.0
2014-09-04 05:00:00,0.0
2014-09-04 06:00:00,-1.0894213033220423
2014-09-04 07:00:00,0.0
2014-09-04 08:00:00,0.5468846675443998
2014-09-04 09:00:00,0.0
2014-09-04 10:00:00,0.0
2014-09-04 11:00:00,0.0
2014-09-04 12:00:00,0.0
2014-09-04 13:00:00,0.0
2014-09-04 14:00:00,0.6918047696246061
2014-09-04 15:00:00,0.9255694244757697
2014-09-04 16:00:00,0.691804769624611
2014-09-04 17:00:00,1.131272998126454
2014-09-04 18:00:00,1.1079664522788815
2014-09-04 19:00:00,0.8694938751665103
2014-09-04 20:00:00,0.0
2014-09-04 21:00:00,0.0
2014-09-04 22:00:00,0.3691955620025012
2014-09-04 23:00:00,-0.6687847638650309
2014-09-05 00:00:00,-1.3993051369113776
2014-09-05 01:00:00,-1.2246924954213567
2014-09-05 02:00:00,-1.3319958325035852
2014-09-05 03:00:00,-1.3879781556294568
2014-09-05 04:00:00,-1.4906201835421704
2014-09-05 05:00:00,-1.3133505958255267
2014-09-05 06:00:00,-1.2666908910386845
2014-09-05 07:00:00,0.0
2014-09-05 08:00:00,0.11673905738158463
2014-09-05 09:00:00,0.0
2014-09-05 10:00:00,0.4861011959739218
2014-09-05 11:00:00,1.0658748304781618
2014-09-05 12:00:00,0.0
2014-09-05 13:00:00,1.1827338513578938
2014-09-05 14:00:00,0.0
2014-09-05 15:00:00,1.2528865543590926
2014-09-05 16:00:00,0.0
2014-09-05 17:00:00,0.0
2014-09-05 18:00:00,0.0
2014-09-05 19:00:00,1.135980920387661
2014-09-05 20:00:00,1.033105827016475
2014-09-05 21:00:00,0.0
2014-09-05 22:00:00,0.0
2014-09-05 23:00:00,0.0
2014-09-06 00:00:00,-0.5950894658950048
2014-09-06 01:00:00,-1.1640488631259707
2014-09-06 02:00:00,0.0
2014-09-06 03:00:00,-1.2527069635301407
2014-09-06 04:00:00,-1.420607319816059
2014-09-06 05:00:00,0.0
2014-09-06 06:00:00,-1.1220970806003363
2014-09-06 07:00:00,0.07003273950303987
2014-09-06 08:00:00,0.0
2014-09-06 09:00:00,0.5889296762534252
2014-09-06 10:00:00,0.972322355446002
2014-09-06 11:00:00,0.0
2014-09-06 12:00:00,1.308915490576653
2014-09-06 13:00:00,1.425588059089608
2014-09-06 14:00:00,0.0
2014-09-06 15:00:00,1.2388094006671588
2014-09-06 16:00:00,0.7806027093038692
2014-09-06 17:00:00,1.1827338513578938
2014-09-06 18:00:00,1.304114342132057
2014-09-06 19:00:00,1.509398397957482
2014-09-06 20:00:00,0.9723223554460025
2014-09-06 21:00:00,0.8694938751665048
2014-09-06 22:00:00,0.5469312806360885
2014-09-06 23:00:00,0.5468846675443942
2014-09-07 00:00:00,0.0
2014-09-07 01:00:00,-1.1640488631259729
2014-09-07 02:00:00,-1.280674818547229
2014-09-07 03:00:00,-1.2433843451911113
2014-09-07 04:00:00,-1.4392525564941185
2014-09-07 05:00:00,-1.1547728578786358
2014-09-07 06:00:00,-1.1500649356174275
2014-09-07 07:00:00,0.0
2014-09-07 08:00:00,0.0
2014-09-07 09:00:00,0.39264194712515094
2014-09-07 10:00:00,0.0
2014-09-07 11:00:00,0.9442612742455226
2014-09-07 12:00:00,0.8508020253967568
2014-09-07 13:00:00,0.0
2014-09-07 14:00:00,0.0
2014-09-07 15:00:00,0.991014205215761
2014-09-07 16:00:00,0.916246806136737
2014-09-07 17:00:00,1.2715784041288463
2014-09-07 18:00:00,0.0
2014-09-07 19:00:00,0.0
2014-09-07 20:00:00,1.0612135213086487
2014-09-07 21:00:00,0.0
2014-09-07 22:00:00,0.6263599888846197
2014-09-07 23:00:00,0.0
2014-09-08 00:00:00,0.0
2014-09-08 01:00:00,-1.2293538045908714
2014-09-08 02:00:00,0.0
2014-09-08 03:00:00,0.0
2014-09-08 04:00:00,-1.471928333772416
2014-09-08 05:00:00,-1.2107551810045079
2014-09-08 06:00:00,-1.247999041268931
2014-09-08 07:00:00,0.0
2014-09-08 08:00:00,0.12610828881230485
2014-09-08 09:00:00,0.0
2014-09-08 10:00:00,0.7525882411950786
2014-09-08 11:00:00,0.0
2014-09-08 12:00:00,1.028397904755262
2014-09-08 13:00:00,0.0
2014-09-08 14:00:00,0.972322355445997
2014-09-08 15:00:00,1.0097526680772027
2014-09-08 16:00:00,0.7291884691641175
2014-09-08 17:00:00,1.1219503797874213
2014-09-08 18:00:00,0.0
2014-09-08 19:00:00,1.1546727701574144
2014-09-08 20:00:00,0.0
2014-09-08 21:00:00,0.8273556402740965
2014-09-08 22:00:00,0.0
2014-09-08 23:00:00,-0.2011156148876296
2014-09-09 00:00:00,0.0
2014-09-09 01:00:00,0.0
2014-09-09 02:00:00,-1.3693329189513976
2014-09-09 03:00:00,-1.3506876822733387
2014-09-09 04:00:00,0.0
2014-09-09 05:00:00,-1.3086892866560116
2014-09-09 06:00:00,-1.2619829687774746
2014-09-09 07:00:00,-0.3005413394733683
2014-09-09 08:00:00,0.0
2014-09-09 09:00:00,0.23369130444469888
2014-09-09 10:00:00,0.45333219251224544
2014-09-09 11:00:00,1.1546727701574144
2014-09-09 12:00:00,0.0
2014-09-09 13:00:00,1.5051566066132274
2014-09-09 14:00:00,1.5656137865418298
2014-09-09 15:00:00,0.0
2014-09-09 16:00:00,0.0
2014-09-09 17:00:00,1.4071292747783317
2014-09-09 18:00:00,1.6031373253564245
2014-09-09 19:00:00,1.645089107882055
2014-09-09 20:00:00,0.0
2014-09-09 21:00:00,0.0
2014-09-09 22:00:00,0.5655299042224592
2014-09-09 23:00:00,-0.07493397566886557
2014-09-10 00:00:00,0.0
2014-09-10 01:00:00,0.0
2014-09-10 02:00:00,-1.3040279774864967
2014-09-10 03:00:00,-1.2713055871165042
2014-09-10 04:00:00,-1.4719283337724163
2014-09-10 05:00:00,-1.2246924954213563
2014-09-10 06:00:00,-1.159434167048151
2014-09-10 07:00:00,0.0
2014-09-10 08:00:00,0.0
2014-09-10 09:00:00,0.0
2014-09-10 10:00:00,0.0
2014-09-10 11:00:00,1.1312729981264535
2014-09-10 12:00:00,1.2574080242535184
2014-09-10 13:00:00,0.0
2014-09-10 14:00:00,1.0284445178469617
2014-09-10 15:00:00,0.0
2014-09-10 16:00:00,0.7245271599946043
2014-09-10 17:00:00,0.9863528960462422
2014-09-10 18:00:00,1.0845200671562267
2014-09-10 19:00:00,0.9629997371069705
2014-09-10 20:00:00,0.0
2014-09-10 21:00:00,0.7292350822558118
2014-09-10 22:00:00,0.0
2014-09-10 23:00:00,-0.14037875640885136
2014-09-11 00:00:00,0.0
2014-09-11 01:00:00,-1.1500649356174246
2014-09-11 02:00:00,-1.2527069635301407
2014-09-11 03:00:00,-1.3272879102423758
2014-09-11 04:00:00,-1.453283097094358
2014-09-11 05:00:00,0.0
2014-09-11 06:00:00,0.0
2014-09-11 07:00:00,-0.1497013747478841
2014-09-11 08:00:00,0.22893676909180818
2014-09-11 09:00:00,0.4674093462041738
2014-09-11 10:00:00,0.6076681391148723
2014-09-11 11:00:00,0.9021696524448086
2014-09-11 12:00:00,1.2619294941479489
2014-09-11 13:00:00,0.0
2014-09-11 14:00:00,1.2060870102971606
2014-09-11 15:00:00,0.0
2014-09-11 16:00:00,0.0
2014-09-11 17:00:00,1.4116041315810626
2014-09-11 18:00:00,1.3790681935778517
2014-09-11 19:00:00,0.0
2014-09-11 20:00:00,0.0
2014-09-11 21:00:00,0.0
2014-09-11 22:00:00,0.0
2014-09-11 23:00:00,0.0
2014-09-12 00:00:00,0.0
2014-09-12 01:00:00,-1.2246924954213574
2014-09-12 02:00:00,-1.2899974368862575
2014-09-12 03:00:00,0.0
2014-09-12 04:00:00,0.0
2014-09-12 05:00:00,0.0
2014-09-12 06:00:00,-1.1640488631259707
2014-09-12 07:00:00,-0.20582353714883714
2014-09-12 08:00:00,0.0
2014-09-12 09:00:00,0.0
2014-09-12 10:00:00,0.668404997593645
2014-09-12 11:00:00,1.1078732260954873
2014-09-12 12:00:00,1.6873671820495517
2014-09-12 13:00:00,0.0
2014-09-12 14:00:00,1.1079198391871816
2014-09-12 15:00:00,1.3276539534381055
2014-09-12 16:00:00,0.0
2014-09-12 17:00:00,0.0
2014-09-12 18:00:00,1.664153862385373
2014-09-12 19:00:00,0.0
2014-09-12 20:00:00,1.16865669766596
2014-09-12 21:00:00,1.0190752864162298
2014-09-12 22:00:00,0.0
2014-09-12 23:00:00,0.5842683670839057
2014-09-13 00:00:00,-0.5061983000323578
2014-09-13 01:00:00,-1.0941292255832489
2014-09-13 02:00:00,-1.210708567912813
2014-09-13 03:00:00,0.0
2014-09-13 04:00:00,-1.3786555372904277
2014-09-13 05:00:00,0.0
2014-09-13 06:00:00,-1.0987905347527633
2014-09-13 07:00:00,0.0
2014-09-13 08:00:00,0.0
2014-09-13 09:00:00,0.0
2014-09-13 10:00:00,0.6544210700850996
2014-09-13 11:00:00,1.2481786320978796
2014-09-13 12:00:00,0.0
2014-09-13 13:00:00,1.266870481867633
2014-09-13 14:00:00,1.364851200610835
2014-09-13 15:00:00,1.6732900283576178
2014-09-13 16:00:00,0.0
2014-09-13 17:00:00,0.0
2014-09-13 18:00:00,2.020557561486465
2014-09-13 19:00:00,1.8187228744464816
2014-09-13 20:00:00,1.79532310241551
2014-09-13 21:00:00,1.75332470679819
2014-09-13 22:00:00,1.3088222643932694
2014-09-13 23:00:00,0.0
2014-09-14 00:00:00,0.004587958763059625
2014-09-14 01:00:00,0.0
2014-09-14 02:00:00,-0.9028757103580628
2014-09-14 03:00:00,0.0
2014-09-14 04:00:00,-1.046164354228945
2014-09-14 05:00:00,0.0
2014-09-14 06:00:00,0.0
2014-09-14 07:00:00,-0.3227291711202633
2014-09-14 08:00:00,0.08872458927279896
2014-09-14 09:00:00,0.4486708833427266
2014-09-14 10:00:00,0.5562538989751207
2014-09-14 11:00:00,0.9816915868767234
2014-09-14 12:00:00,0.9863528960462422
2014-09-14 13:00:00,0.9535838925845603
2014-09-14 14:00:00,1.0003834366464819
2014-09-14 15:00:00,1.0518442898779223
2014-09-14 16:00:00,0.0
2014-09-14 17:00:00,1.6216427227594004
2014-09-14 18:00:00,1.6638741838352027
2014-09-14 19:00:00,0.0
2014-09-14 20:00:00,1.2808544093761784
2014-09-14 21:00:00,0.0
2014-09-14 22:00:00,0.0
2014-09-14 23:00:00,-0.2198540777490774
2014-09-15 00:00:00,-0.7865760465786651
2014-09-15 01:00:00,-1.1874020220652395
2014-09-15 02:00:00,-1.3832702333682467
2014-09-15 03:00:00,0.0
2014-09-15 04:00:00,0.0
2014-09-15 05:00:00,-1.2060938718349927
2014-09-15 06:00:00,0.0
2014-09-15 07:00:00,-0.6313544512338339
2014-09-15 08:00:00,0.3037973943542035
2014-09-15 09:00:00,0.3739500973553974
2014-09-15 10:00:00,0.0
2014-09-15 11:00:00,0.9115388838755245
2014-09-15 12:00:00,1.0938892985869475
2014-09-15 13:00:00,1.0471363676167196
2014-09-15 14:00:00,0.0
2014-09-15 15:00:00,0.0
2014-09-15 16:00:00,0.8180330219350754
2014-09-15 17:00:00,0.7572495503645974
2014-09-15 18:00:00,0.7479269320255598
2014-09-15 19:00:00,0.0
2014-09-15 20:00:00,0.7478803189338711
2014-09-15 21:00:00,0.0
2014-09-15 22:00:00,0.0
2014-09-15 23:00:00,-0.13571744723933252
2014-09-16 00:00:00,-0.665148942712812
2014-09-16 01:00:00,-1.1220970806003385
2014-09-16 02:00:00,-1.2013393364820881
2014-09-16 03:00:00,0.0
2014-09-16 04:00:00,-1.3272879102423751
2014-09-16 05:00:00,-1.0894213033220408
2014-09-16 06:00:00,-1.084759994152529
2014-09-16 07:00:00,0.0
2014-09-16 08:00:00,0.0
2014-09-16 09:00:00,0.31782793495443823
2014-09-16 10:00:00,0.0
2014-09-16 11:00:00,0.0
2014-09-16 12:00:00,0.0
2014-09-16 13:00:00,0.0
2014-09-16 14:00:00,0.8133717127655455
2014-09-16 15:00:00,1.014413977246716
2014-09-16 16:00:00,0.0
2014-09-16 17:00:00,1.0844734540645324
2014-09-16 18:00:00,0.0
2014-09-16 19:00:00,0.832063562535304
2014-09-16 20:00:00,0.0
2014-09-16 21:00:00,0.0
2014-09-16 22:00:00,0.0
2014-09-16 23:00:00,-0.24791515894955668
2014-09-17 00:00:00,0.0
2014-09-17 01:00:00,0.0
2014-09-17 02:00:00,0.0
2014-09-17 03:00:00,0.0
2014-09-17 04:00:00,-1.4486217879248422
2014-09-17 05:00:00,-1.2060472587432978
2014-09-17 06:00:00,-1.210708567912813
2014-09-17 07:00:00,0.0
2014-09-17 08:00:00,0.0
2014-09-17 09:00:00,0.3457957899715352
2014-09-17 10:00:00,0.34579578997153454
2014-09-17 11:00:00,0.6497597609155863
2014-09-17 12:00:00,0.0
2014-09-17 13:00:00,0.570237826483666
2014-09-17 14:00:00,0.0
2014-09-17 15:00:00,0.4720706553736871
2014-09-17 16:00:00,0.2803510092315543
2014-09-17 17:00:00,0.5749457487448743
2014-09-17 18:00:00,0.8554167214745758
2014-09-17 19:00:00,0.6169907574538989
2014-09-17 20:00:00,0.6731595329465523
2014-09-17 21:00:00,0.0
2014-09-17 22:00:00,0.2710283908925222
2014-09-17 23:00:00,-0.31802124885905636
2014-09-18 00:00:00,-0.881387075086598
2014-09-18 01:00:00,-1.3273345233340705
2014-09-18 02:00:00,0.0
2014-09-18 03:00:00,-1.425268628985574
2014-09-18 04:00:00,0.0
2014-09-18 05:00:00,0.0
2014-09-18 06:00:00,0.0
2014-09-18 07:00:00,-0.4863877360619278
2014-09-18 08:00:00,0.1775225289520565
2014-09-18 09:00:00,0.0
2014-09-18 10:00:00,0.5047930457436809
2014-09-18 11:00:00,0.0
2014-09-18 12:00:00,0.0
2014-09-18 13:00:00,0.6778674552077598
2014-09-18 14:00:00,0.5562072858834264
2014-09-18 15:00:00,0.5188701994356142
2014-09-18 16:00:00,0.36458086592467104
2014-09-18 17:00:00,0.0
2014-09-18 18:00:00,0.8273556402740965
2014-09-18 19:00:00,0.0
2014-09-18 20:00:00,0.0
2014-09-18 21:00:00,0.0
2014-09-18 22:00:00,0.2430139227837316
2014-09-18 23:00:00,-0.1917929965485975
2014-09-19 00:00:00,0.0
2014-09-19 01:00:00,-0.9808127996723452
2014-09-19 02:00:00,-1.0147471304264153
2014-09-19 03:00:00,0.0
2014-09-19 04:00:00,0.0
2014-09-19 05:00:00,0.0
2014-09-19 06:00:00,-1.1873554089735443
2014-09-19 07:00:00,-0.4256042644914498
2014-09-19 08:00:00,0.08401666701159081
2014-09-19 09:00:00,0.0
2014-09-19 10:00:00,0.0
2014-09-19 11:00:00,0.874155184336018
2014-09-19 12:00:00,0.7619108595341108
2014-09-19 13:00:00,0.7432190097643572
2014-09-19 14:00:00,0.0
2014-09-19 15:00:00,0.0
2014-09-19 16:00:00,0.0
2014-09-19 17:00:00,0.822740944196272
2014-09-19 18:00:00,1.0003368235547827
2014-09-19 19:00:00,0.8227875572879717
2014-09-19 20:00:00,0.0
2014-09-19 21:00:00,0.5748991356531855
2014-09-19 22:00:00,0.0
2014-09-19 23:00:00,-0.3707872686579612
2014-09-20 00:00:00,-0.9093549301036878
2014-09-20 01:00:00,0.0
2014-09-20 02:00:00,0.0
2014-09-20 03:00:00,-1.518588038559259
2014-09-20 04:00:00,-1.5838929800241588
2014-09-20 05:00:00,0.0
2014-09-20 06:00:00,-1.3180119049950407
2014-09-20 07:00:00,0.0
2014-09-20 08:00:00,-0.16843983760933065
2014-09-20 09:00:00,0.0
2014-09-20 10:00:00,0.528146204682952
2014-09-20 11:00:00,0.0
2014-09-20 12:00:00,1.0518442898779223
2014-09-20 13:00:00,1.149964847896207
2014-09-20 14:00:00,0.0
2014-09-20 15:00:00,0.775988013226039
2014-09-20 16:00:00,0.5141622771744011
2014-09-20 17:00:00,0.8834311895833614
2014-09-20 18:00:00,1.0097526680772027
2014-09-20 19:00:00,0.0
2014-09-20 20:00:00,0.962999737106976
2014-09-20 21:00:00,0.0
2014-09-20 22:00:00,0.3691955620025012
2014-09-20 23:00:00,0.0
2014-09-21 00:00:00,-0.9094015431953836
2014-09-21 01:00:00,-1.364671609781883
2014-09-21 02:00:00,0.0
2014-09-21 03:00:00,0.0
2014-09-21 04:00:00,0.0
2014-09-21 05:00:00,0.0
2014-09-21 06:00:00,-1.3459797600121297
2014-09-21 07:00:00,-0.6045053104174253
2014-09-21 08:00:00,0.0
2014-09-21 09:00:00,0.2476286188615562
2014-09-21 10:00:00,0.0
2014-09-21 11:00:00,0.972322355445997
2014-09-21 12:00:00,0.9396465781677036
2014-09-21 13:00:00,0.0
2014-09-21 14:00:00,0.0
2014-09-21 15:00:00,1.2528399412673934
2014-09-21 16:00:00,1.0705361396476807
2014-09-21 17:00:00,1.2855157185456918
2014-09-21 18:00:00,1.3182847220073792
2014-09-21 19:00:00,1.1639953884964467
2014-09-21 20:00:00,0.0
2014-09-21 21:00:00,0.6216520666234178
2014-09-21 22:00:00,0.0
2014-09-21 23:00:00,0.0
2014-09-22 00:00:00,-0.9654304794129528
2014-09-22 01:00:00,-1.3739942281209128
2014-09-22 02:00:00,0.0
2014-09-22 03:00:00,-1.485958874372655
2014-09-22 04:00:00,-1.579231670854644
2014-09-22 05:00:00,-1.3553023783511584
2014-09-22 06:00:00,0.0
2014-09-22 07:00:00,-0.14979460093126643
2014-09-22 08:00:00,0.09809382070351978
2014-09-22 09:00:00,0.004541345671365389
2014-09-22 10:00:00,0.0
2014-09-22 11:00:00,0.500131736574167
2014-09-22 12:00:00,0.0
2014-09-22 13:00:00,0.4627014239429613
2014-09-22 14:00:00,0.4627014239429613
2014-09-22 15:00:00,0.5094543549131991
2014-09-22 16:00:00,0.28035100923154876
2014-09-22 17:00:00,0.6544210700850996
2014-09-22 18:00:00,0.7993411721653114
2014-09-22 19:00:00,0.663790301515826
2014-09-22 20:00:00,0.6216520666234128
2014-09-22 21:00:00,0.0
2014-09-22 22:00:00,0.0
2014-09-22 23:00:00,0.0
2014-09-23 00:00:00,-0.6278584693566919
2014-09-23 01:00:00,0.0
2014-09-23 02:00:00,-1.439299169585813
2014-09-23 03:00:00,0.0
2014-09-23 04:00:00,-1.6305060717193056
2014-09-23 05:00:00,-1.3833168464599417
2014-09-23 06:00:00,-1.308642673564317
2014-09-23 07:00:00,-0.2666070087193041
2014-09-23 08:00:00,0.0
2014-09-23 09:00:00,0.0
2014-09-23 10:00:00,0.14013882941255063
2014-09-23 11:00:00,0.5748991356531794
2014-09-23 12:00:00,0.0
2014-09-23 13:00:00,0.0
2014-09-23 14:00:00,0.0
2014-09-23 15:00:00,0.0
2014-09-23 16:00:00,0.3411344808020219
2014-09-23 17:00:00,0.0
2014-09-23 18:00:00,0.0
2014-09-23 19:00:00,0.0
2014-09-23 20:00:00,0.542223358374881
2014-09-23 21:00:00,0.0
2014-09-23 22:00:00,0.2102449193220497
2014-09-23 23:00:00,0.0
2014-09-24 00:00:00,-0.9232922445205418
2014-09-24 01:00:00,-1.3553489914428538
2014-09-24 02:00:00,-1.4533297101860525
2014-09-24 03:00:00,-1.4159460106465445
2014-09-24 04:00:00,0.0
2014-09-24 05:00:00,0.0
2014-09-24 06:00:00,-1.3600103006123683
2014-09-24 07:00:00,-0.6708823529913139
2014-09-24 08:00:00,0.0
2014-09-24 09:00:00,-0.19650091880980503
2014-09-24 10:00:00,0.06998612641135671
2014-09-24 11:00:00,0.0
2014-09-24 12:00:00,0.8180796350267642
2014-09-24 13:00:00,0.0
2014-09-24 14:00:00,0.691804769624611
2014-09-24 15:00:00,0.5748991356531848
2014-09-24 16:00:00,0.0
2014-09-24 17:00:00,0.0
2014-09-24 18:00:00,0.7712800909648315
2014-09-24 19:00:00,0.7012206141470261
2014-09-24 20:00:00,0.5889762893451188
2014-09-24 21:00:00,0.0
2014-09-24 22:00:00,0.19155306955229123
2014-09-24 23:00:00,0.0
2014-09-25 00:00:00,-0.8813870750865983
2014-09-25 01:00:00,0.0
2014-09-25 02:00:00,-1.481250952111445
2014-09-25 03:00:00,-1.471928333772416
2014-09-25 04:00:00,-1.5279572699899824
2014-09-25 05:00:00,-1.3693329189513983
2014-09-25 06:00:00,0.0
2014-09-25 07:00:00,-0.1778090690400521
2014-09-25 08:00:00,-0.05619551280741287
2014-09-25 09:00:00,-0.037596889221047786
2014-09-25 10:00:00,0.0700327395030405
2014-09-25 11:00:00,0.0
2014-09-25 12:00:00,0.6591289923463072
2014-09-25 13:00:00,0.0
2014-09-25 14:00:00,0.6684516106853393
2014-09-25 15:00:00,0.0
2014-09-25 16:00:00,0.5796070579143924
2014-09-25 17:00:00,0.8881857249362632
2014-09-25 18:00:00,0.8226943311045832
2014-09-25 19:00:00,0.0
2014-09-25 20:00:00,0.0
2014-09-25 21:00:00,0.35521163449395515
2014-09-25 22:00:00,0.0840632801032746
2014-09-25 23:00:00,0.0
2014-09-26 00:00:00,0.0
2014-09-26 01:00:00,-1.4999428018811995
2014-09-26 02:00:00,-1.5465558935763464
2014-09-26 03:00:00,0.0
2014-09-26 04:00:00,-1.658520539828089
2014-09-26 05:00:00,-1.4953281058033796
2014-09-26 06:00:00,-1.509218807128534
2014-09-26 07:00:00,0.0
2014-09-26 08:00:00,-0.131009524978125
2014-09-26 09:00:00,-0.028134431606938494
2014-09-26 10:00:00,0.0
2014-09-26 11:00:00,0.6497597609155863
2014-09-26 12:00:00,0.6497597609155857
2014-09-26 13:00:00,0.6403905294848594
2014-09-26 14:00:00,0.6590823792546184
2014-09-26 15:00:00,0.0
2014-09-26 16:00:00,0.5889762893451138
2014-09-26 17:00:00,0.8508020253967568
2014-09-26 18:00:00,0.0
2014-09-26 19:00:00,0.0
2014-09-26 20:00:00,0.8601246437357895
2014-09-26 21:00:00,0.0
2014-09-26 22:00:00,0.0
2014-09-26 23:00:00,-0.43492688283048225
2014-09-27 00:00:00,0.0
2014-09-27 01:00:00,-1.425268628985574
2014-09-27 02:00:00,-1.560586434176586
2014-09-27 03:00:00,0.0
2014-09-27 04:00:00,-1.6352139939805157
2014-09-27 05:00:00,0.0
2014-09-27 06:00:00,0.0
2014-09-27 07:00:00,0.0
2014-09-27 08:00:00,0.0
2014-09-27 09:00:00,0.16815329752133015
2014-09-27 10:00:00,0.0
2014-09-27 11:00:00,0.8554633345662651
2014-09-27 12:00:00,0.0
2014-09-27 13:00:00,0.8788631065972311
2014-09-27 14:00:00,0.78997194073459
2014-09-27 15:00:00,0.8460941031355437
2014-09-27 16:00:00,0.0
2014-09-27 17:00:00,0.906830961614322
2014-09-27 18:00:00,1.033105827016475
2014-09-27 19:00:00,0.0
2014-09-27 20:00:00,0.9489691965067357
2014-09-27 21:00:00,0.0
2014-09-27 22:00:00,0.2757363131537297
2014-09-27 23:00:00,-0.2993760121809915
2014-09-28 00:00:00,-0.8953710025951449
2014-09-28 01:00:00,0.0
2014-09-28 02:00:00,-1.4486217879248422
2014-09-28 03:00:00,0.0
2014-09-28 04:00:00,-1.5838929800241595
2014-09-28 05:00:00,0.0
2014-09-28 06:00:00,-1.3460263731038238
2014-09-28 07:00:00,-0.6232437732788728
2014-09-28 08:00:00,0.0
2014-09-28 09:00:00,0.12140036655110284
2014-09-28 10:00:00,0.3458424030632288
2014-09-28 11:00:00,0.0
2014-09-28 12:00:00,0.8835244157667445
2014-09-28 13:00:00,0.0
2014-09-28 14:00:00,0.0
2014-09-28 15:00:00,0.570237826483666
2014-09-28 16:00:00,0.0
2014-09-28 17:00:00,0.7713267040565258
2014-09-28 18:00:00,0.9582918148457623
2014-09-28 19:00:00,0.0
2014-09-28 20:00:00,0.0
2014-09-28 21:00:00,0.0
2014-09-28 22:00:00,0.0
2014-09-28 23:00:00,-0.34267957436578766
2014-09-29 00:00:00,-0.9794144069214967
2014-09-29 01:00:00,-1.4859588743726553
2014-09-29 02:00:00,-1.5092654202202296
2014-09-29 03:00:00,-1.5699090525156156
2014-09-29 04:00:00,-1.6398753031500302
2014-09-29 05:00:00,0.0
2014-09-29 06:00:00,0.0
2014-09-29 07:00:00,-0.1123642883000663
2014-09-29 08:00:00,0.01857188627160565
2014-09-29 09:00:00,0.0
2014-09-29 10:00:00,0.1681999106130244
2014-09-29 11:00:00,0.4907625051434406
2014-09-29 12:00:00,0.0
2014-09-29 13:00:00,0.0
2014-09-29 14:00:00,0.8975549563669896
2014-09-29 15:00:00,0.7198658508250805
2014-09-29 16:00:00,0.0
2014-09-29 17:00:00,0.9068775747060113
2014-09-29 18:00:00,0.8414327939660304
2014-09-29 19:00:00,0.0
2014-09-29 20:00:00,0.6824821512855795
2014-09-29 21:00:00,0.0
2014-09-29 22:00:00,0.12610828881230546
2014-09-29 23:00:00,0.0
2014-09-30 00:00:00,0.0
2014-09-30 01:00:00,-1.3833168464599417
2014-09-30 02:00:00,0.0
2014-09-30 03:00:00,0.0
2014-09-30 04:00:00,0.0
2014-09-30 05:00:00,-1.4579444062638722
2014-09-30 06:00:00,-1.425268628985574
2014-09-30 07:00:00,0.0
2014-09-30 08:00:00,0.0
2014-09-30 09:00:00,-0.028181044698627197
2014-09-30 10:00:00,0.0
2014-09-30 11:00:00,0.6731129198548526
2014-09-30 12:00:00,0.0
2014-09-30 13:00:00,0.0
2014-09-30 14:00:00,0.0
2014-09-30 15:00:00,0.6871434604550978
2014-09-30 16:00:00,0.5468846675443998
2014-09-30 17:00:00,1.112581148356695
2014-09-30 18:00:00,1.0003834366464763
2014-09-30 19:00:00,0.0
2014-09-30 20:00:00,0.7385577005948384
2014-09-30 21:00:00,0.5562538989751207
2014-09-30 22:00:00,0.2897668537539638
2014-09-30 23:00:00,0.0
2014-10-01 00:00:00,0.0
2014-10-01 01:00:00,-1.3692863058597025
2014-10-01 02:00:00,0.0
2014-10-01 03:00:00,-1.4673136376945963
2014-10-01 04:00:00,0.0
2014-10-01 05:00:00,-1.3926394647989713
2014-10-01 06:00:00,-1.2993666683169822
2014-10-01 07:00:00,-0.45021597690649295
2014-10-01 08:00:00,0.0
2014-10-01 09:00:00,0.0
2014-10-01 10:00:00,0.43934826500368895
2014-10-01 11:00:00,0.8928470341057765
2014-10-01 12:00:00,0.874155184336018
2014-10-01 13:00:00,0.0
2014-10-01 14:00:00,0.0
2014-10-01 15:00:00,0.733896391425325
2014-10-01 16:00:00,0.6824355381938798
2014-10-01 17:00:00,0.9302773467369828
2014-10-01 18:00:00,0.0
2014-10-01 19:00:00,0.808663790504338
2014-10-01 20:00:00,0.822740944196272
2014-10-01 21:00:00,0.0
2014-10-01 22:00:00,0.32719716638516455
2014-10-01 23:00:00,-0.3801098869969878
2014-10-02 00:00:00,-0.9760582643194423
2014-10-02 01:00:00,-1.3926394647989713
2014-10-02 02:00:00,0.0
2014-10-02 03:00:00,-1.4672670246029011
2014-10-02 04:00:00,-1.6025382167022173
2014-10-02 05:00:00,0.0
2014-10-02 06:00:00,-1.3599636875206735
2014-10-02 07:00:00,0.0
2014-10-02 08:00:00,0.0
2014-10-02 09:00:00,0.0
2014-10-02 10:00:00,0.1448001385820584
2014-10-02 11:00:00,0.5609152081446395
2014-10-02 12:00:00,0.0
2014-10-02 13:00:00,0.5842683670839063
2014-10-02 14:00:00,0.0
2014-10-02 15:00:00,0.8414327939660304
2014-10-02 16:00:00,0.6076681391148723
2014-10-02 17:00:00,1.0845200671562156
2014-10-02 18:00:00,0.0
2014-10-02 19:00:00,0.9162468061367376
2014-10-02 20:00:00,0.0
2014-10-02 21:00:00,0.0
2014-10-02 22:00:00,0.0
2014-10-02 23:00:00,-0.25257646811907
2014-10-03 00:00:00,-0.8393420663775769
2014-10-03 01:00:00,-1.2853361277167434
2014-10-03 02:00:00,0.0
2014-10-03 03:00:00,0.0
2014-10-03 04:00:00,0.0
2014-10-03 05:00:00,0.0
2014-10-03 06:00:00,-1.378702150382122
2014-10-03 07:00:00,-0.4594919821538219
2014-10-03 08:00:00,0.027987730794015172
2014-10-03 09:00:00,0.0
2014-10-03 10:00:00,0.0
2014-10-03 11:00:00,0.0
2014-10-03 12:00:00,0.0
2014-10-03 13:00:00,0.0
2014-10-03 14:00:00,0.8040490944265245
2014-10-03 15:00:00,0.7853572446567655
2014-10-03 16:00:00,0.7292350822558118
2014-10-03 17:00:00,1.4255880590896135
2014-10-03 18:00:00,1.3602831176247097
2014-10-03 19:00:00,1.4206470713699182
2014-10-03 20:00:00,1.145303538726688
2014-10-03 21:00:00,0.7198658508250909
2014-10-03 22:00:00,0.411240570711521
2014-10-03 23:00:00,0.0
2014-10-04 00:00:00,0.0
2014-10-04 01:00:00,0.0
2014-10-04 02:00:00,0.0
2014-10-04 03:00:00,-1.4952814927116844
2014-10-04 04:00:00,-1.630552684811001
2014-10-04 05:00:00,-1.4159926237382405
2014-10-04 06:00:00,-1.3739942281209123
2014-10-04 07:00:00,-0.5378019762016739
2014-10-04 08:00:00,-0.004827885759360964
2014-10-04 09:00:00,0.09804720761183108
2014-10-04 10:00:00,0.0
2014-10-04 11:00:00,1.1687033107576597
2014-10-04 12:00:00,0.9068775747060106
2014-10-04 13:00:00,0.8460941031355437
2014-10-04 14:00:00,0.0
2014-10-04 15:00:00,0.0
2014-10-04 16:00:00,0.9115388838755301
2014-10-04 17:00:00,0.0
2014-10-04 18:00:00,1.0097992811689025
2014-10-04 19:00:00,0.8460941031355381
2014-10-04 20:00:00,0.0
2014-10-04 21:00:00,0.0
2014-10-04 22:00:00,0.0
2014-10-04 23:00:00,0.0
2014-10-05 00:00:00,0.0
2014-10-05 01:00:00,0.0
2014-10-05 02:00:00,-1.3926394647989713
2014-10-05 03:00:00,-1.4299765512467837
2014-10-05 04:00:00,-1.5372798883290126
2014-10-05 05:00:00,-1.2946121329640772
2014-10-05 06:00:00,-1.2807214316389233
2014-10-05 07:00:00,-0.5751856757411804
2014-10-05 08:00:00,0.24296730969204292
2014-10-05 09:00:00,0.01391057710208621
2014-10-05 10:00:00,0.0
2014-10-05 11:00:00,0.8367714847965115
2014-10-05 12:00:00,0.7105432324860588
2014-10-05 13:00:00,0.0
2014-10-05 14:00:00,0.6123294482843856
2014-10-05 15:00:00,0.0
2014-10-05 16:00:00,0.6169907574538989
2014-10-05 17:00:00,0.8742017974277179
2014-10-05 18:00:00,0.7245737730862929
2014-10-05 19:00:00,0.6730663067631584
2014-10-05 20:00:00,0.0
2014-10-05 21:00:00,0.23364469135301572
2014-10-05 22:00:00,0.032602426871839764
2014-10-05 23:00:00,0.0
2014-10-06 00:00:00,-0.9934449475217317
2014-10-06 01:00:00,0.0
2014-10-06 02:00:00,0.0
2014-10-06 03:00:00,-1.551263815837556
2014-10-06 04:00:00,-1.6118608350412473
2014-10-06 05:00:00,-1.4113313145687247
2014-10-06 06:00:00,-1.4207005459994495
2014-10-06 07:00:00,0.0
2014-10-06 08:00:00,-0.004781272667661196
2014-10-06 09:00:00,-0.1637319153481176
2014-10-06 10:00:00,0.01391057710208621
2014-10-06 11:00:00,0.0
2014-10-06 12:00:00,0.4954238143129539
2014-10-06 13:00:00,0.45337880560392924
2014-10-06 14:00:00,0.0
2014-10-06 15:00:00,0.0
2014-10-06 16:00:00,0.18684514729108925
2014-10-06 17:00:00,0.0
2014-10-06 18:00:00,0.0
2014-10-06 19:00:00,0.7105432324860588
2014-10-06 20:00:00,0.0
2014-10-06 21:00:00,0.0
2014-10-06 22:00:00,0.032602426871839764
2014-10-06 23:00:00,0.0
2014-10-07 00:00:00,-1.0927308328323981
2014-10-07 01:00:00,-1.5372798883290122
2014-10-07 02:00:00,-1.583939593115854
2014-10-07 03:00:00,-1.6212300664719714
2014-10-07 04:00:00,-1.7051802446149311
2014-10-07 05:00:00,-1.49062018354217
2014-10-07 06:00:00,-1.4672670246029016
2014-10-07 07:00:00,0.0
2014-10-07 08:00:00,0.20087568789132335
2014-10-07 09:00:00,0.1400922163208564
2014-10-07 10:00:00,0.25233654112276926
2014-10-07 11:00:00,0.6450984517460675
2014-10-07 12:00:00,0.0
2014-10-07 13:00:00,0.7104966193943646
2014-10-07 14:00:00,0.6731129198548526
2014-10-07 15:00:00,0.7105432324860588
2014-10-07 16:00:00,0.3786114065249107
2014-10-07 17:00:00,0.6824355381938847
2014-10-07 18:00:00,0.6918047696246061
2014-10-07 19:00:00,0.668404997593645
2014-10-07 20:00:00,0.7198658508250909
2014-10-07 21:00:00,0.5515459767139131
2014-10-07 22:00:00,0.0
2014-10-07 23:00:00,-0.3273904802897772
2014-10-08 00:00:00,0.0
2014-10-08 01:00:00,-1.2666908910386845
2014-10-08 02:00:00,-1.3133039827338313
2014-10-08 03:00:00,-1.355302378351159
2014-10-08 04:00:00,0.0
2014-10-08 05:00:00,-1.2060472587433007
2014-10-08 06:00:00,-1.2107085679128122
2014-10-08 07:00:00,-0.2199006908407655
2014-10-08 08:00:00,0.0
2014-10-08 09:00:00,0.3037041681708212
2014-10-08 10:00:00,0.38788741177225966
2014-10-08 11:00:00,0.6684049975936506
2014-10-08 12:00:00,0.8460941031355437
2014-10-08 13:00:00,0.5375154361136735
2014-10-08 14:00:00,0.6029602168536538
2014-10-08 15:00:00,0.0
2014-10-08 16:00:00,0.0
2014-10-08 17:00:00,0.6637903015158204
2014-10-08 18:00:00,0.0
2014-10-08 19:00:00,0.8274022533657852
2014-10-08 20:00:00,0.6731595329465468
2014-10-08 21:00:00,0.0
2014-10-08 22:00:00,0.336473171632508
2014-10-08 23:00:00,0.0
2014-10-09 00:00:00,-0.7832665170683147
2014-10-09 01:00:00,-1.2900440499779526
2014-10-09 02:00:00,-1.378655537290427
2014-10-09 03:00:00,-1.3739942281209123
2014-10-09 04:00:00,-1.4953281058033796
2014-10-09 05:00:00,-1.3179652919033458
2014-10-09 06:00:00,-1.3553489914428538
2014-10-09 07:00:00,0.0
2014-10-09 08:00:00,-0.06556474423813922
2014-10-09 09:00:00,-0.12173351973078712
2014-10-09 10:00:00,0.09333928535061801
2014-10-09 11:00:00,0.49542381431295945
2014-10-09 12:00:00,0.0
2014-10-09 13:00:00,0.0
2014-10-09 14:00:00,0.42997903357296813
2014-10-09 15:00:00,0.0
2014-10-09 16:00:00,0.2008756878913289
2014-10-09 17:00:00,0.5609152081446395
2014-10-09 18:00:00,0.5468846675443942
2014-10-09 19:00:00,0.0
2014-10-09 20:00:00,0.5375154361136735
2014-10-09 21:00:00,0.3739500973553974
2014-10-09 22:00:00,0.0
2014-10-09 23:00:00,0.0
2014-10-10 00:00:00,0.0
2014-10-10 01:00:00,0.0
2014-10-10 02:00:00,-1.5465558935763468
2014-10-10 03:00:00,0.0
2014-10-10 04:00:00,-1.6352606070722109
2014-10-10 05:00:00,-1.4533297101860527
2014-10-10 06:00:00,0.0
2014-10-10 07:00:00,-0.585813460647672
2014-10-10 08:00:00,0.0
2014-10-10 09:00:00,-0.21053145941004467
2014-10-10 10:00:00,0.0
2014-10-10 11:00:00,0.5562538989751207
2014-10-10 12:00:00,0.6403439163931658
2014-10-10 13:00:00,0.0
2014-10-10 14:00:00,0.3084587035237174
2014-10-10 15:00:00,0.46740934620416885
2014-10-10 16:00:00,0.17756914204374522
2014-10-10 17:00:00,0.6356826072236573
2014-10-10 18:00:00,0.6918047696246061
2014-10-10 19:00:00,0.0
2014-10-10 20:00:00,0.7105432324860588
2014-10-10 21:00:00,0.5562538989751262
2014-10-10 22:00:00,0.10270851678134438
2014-10-10 23:00:00,0.0
2014-10-11 00:00:00,0.0
2014-10-11 01:00:00,0.0
2014-10-11 02:00:00,-1.5652477433460998
2014-10-11 03:00:00,-1.5558785119153757
2014-10-11 04:00:00,-1.6398753031500304
2014-10-11 05:00:00,0.0
2014-10-11 06:00:00,0.0
2014-10-11 07:00:00,-0.4910490452314359
2014-10-11 08:00:00,0.0
2014-10-11 09:00:00,-0.3180678619507445
2014-10-11 10:00:00,0.16815329752133568
2014-10-11 11:00:00,0.7011740010553325
2014-10-11 12:00:00,0.7713267040565258
2014-10-11 13:00:00,0.6544676831767938
2014-10-11 14:00:00,0.0
2014-10-11 15:00:00,0.0
2014-10-11 16:00:00,0.2897202406622702
2014-10-11 17:00:00,0.5375154361136735
2014-10-11 18:00:00,0.0
2014-10-11 19:00:00,0.7198658508250854
2014-10-11 20:00:00,0.7385577005948384
2014-10-11 21:00:00,0.4440095741732078
2014-10-11 22:00:00,0.15416937001278475
2014-10-11 23:00:00,-0.37885133352121697
2014-10-12 00:00:00,-0.9699985623990746
2014-10-12 01:00:00,-1.2807680447306184
2014-10-12 02:00:00,0.0
2014-10-12 03:00:00,-1.4253152420772692
2014-10-12 04:00:00,0.0
2014-10-12 05:00:00,0.0
2014-10-12 06:00:00,-1.345979760012129
2014-10-12 07:00:00,0.0
2014-10-12 08:00:00,0.0
2014-10-12 09:00:00,-0.04687289446838567
2014-10-12 10:00:00,0.15883067918230356
2014-10-12 11:00:00,0.7572495503645919
2014-10-12 12:00:00,0.0
2014-10-12 13:00:00,0.0
2014-10-12 14:00:00,0.5562072858834264
2014-10-12 15:00:00,0.5562072858834264
2014-10-12 16:00:00,0.45808672786513616
2014-10-12 17:00:00,0.7245271599946043
2014-10-12 18:00:00,0.8555099476579648
2014-10-12 19:00:00,0.5328541269441547
2014-10-12 20:00:00,0.5468846675443998
2014-10-12 21:00:00,0.0
2014-10-12 22:00:00,0.05595558581111706
2014-10-12 23:00:00,-0.42812137144299167
2014-10-13 00:00:00,-0.9981062566912465
2014-10-13 01:00:00,0.0
2014-10-13 02:00:00,-1.4906201835421704
2014-10-13 03:00:00,-1.5046507241424092
2014-10-13 04:00:00,0.0
2014-10-13 05:00:00,-1.3693329189513974
2014-10-13 06:00:00,0.0
2014-10-13 07:00:00,-0.43958819199999555
2014-10-13 08:00:00,0.032649039963534
2014-10-13 09:00:00,0.0
2014-10-13 10:00:00,0.0
2014-10-13 11:00:00,0.0
2014-10-13 12:00:00,0.0
2014-10-13 13:00:00,0.0
2014-10-13 14:00:00,0.3131200126932362
2014-10-13 15:00:00,0.0
2014-10-13 16:00:00,-0.004827885759360964
2014-10-13 17:00:00,0.0
2014-10-13 18:00:00,0.434640342742487
2014-10-13 19:00:00,0.39259533403346164
2014-10-13 20:00:00,0.46270142394296626
2014-10-13 21:00:00,0.2569512372005877
2014-10-13 22:00:00,-0.004827885759360964
2014-10-13 23:00:00,-0.5249833759855109
2014-10-14 00:00:00,-1.0601482817374894
2014-10-14 01:00:00,0.0
2014-10-14 02:00:00,-1.5652477433460998
2014-10-14 03:00:00,-1.5046041110507145
2014-10-14 04:00:00,0.0
2014-10-14 05:00:00,0.0
2014-10-14 06:00:00,0.0
2014-10-14 07:00:00,-0.7201523909130862
2014-10-14 08:00:00,-0.2666070087193047
2014-10-14 09:00:00,-0.5144022041707077
2014-10-14 10:00:00,-0.08425659400789216
2014-10-14 11:00:00,0.0
2014-10-14 12:00:00,0.0
2014-10-14 13:00:00,0.3458424030632239
2014-10-14 14:00:00,0.0
2014-10-14 15:00:00,0.0
2014-10-14 16:00:00,-0.009535808020568493
2014-10-14 17:00:00,0.3411344808020213
2014-10-14 18:00:00,0.4206098021422473
2014-10-14 19:00:00,0.0
2014-10-14 20:00:00,0.41133379689490884
2014-10-14 21:00:00,0.0
2014-10-14 22:00:00,0.02794111770232094
2014-10-14 23:00:00,-0.09828713460813242
2014-10-15 00:00:00,-0.42560426449145533
2014-10-15 01:00:00,-0.9094947693787733
2014-10-15 02:00:00,0.0
2014-10-15 03:00:00,-1.2900440499779526
2014-10-15 04:00:00,-1.5699556656073101
2014-10-15 05:00:00,-1.3925928517072759
2014-10-15 06:00:00,-1.355302378351159
2014-10-15 07:00:00,0.0
2014-10-15 08:00:00,0.0
2014-10-15 09:00:00,0.1027551298730386
2014-10-15 10:00:00,0.0
2014-10-15 11:00:00,0.0
2014-10-15 12:00:00,0.0
2014-10-15 13:00:00,0.6871900735467871
2014-10-15 14:00:00,0.0
2014-10-15 15:00:00,0.3131200126932362
2014-10-15 16:00:00,0.1587840660906038
2014-10-15 17:00:00,0.5608685950529397
2014-10-15 18:00:00,0.0
2014-10-15 19:00:00,0.0
2014-10-15 20:00:00,0.0
2014-10-15 21:00:00,0.0
2014-10-15 22:00:00,0.0
2014-10-15 23:00:00,-0.39409381450553377
2014-10-16 00:00:00,-0.7741303510960627
2014-10-16 01:00:00,-1.0707294535522915
2014-10-16 02:00:00,0.0
2014-10-16 03:00:00,-1.3739476150292176
2014-10-16 04:00:00,-1.4859122612809608
2014-10-16 05:00:00,0.0
2014-10-16 06:00:00,0.0
2014-10-16 07:00:00,0.0
2014-10-16 08:00:00,0.0
2014-10-16 09:00:00,0.0
2014-10-16 10:00:00,0.22422884683059513
2014-10-16 11:00:00,0.7011740010553325
2014-10-16 12:00:00,0.5796070579143875
2014-10-16 13:00:00,0.6264066019763146
2014-10-16 14:00:00,0.0
2014-10-16 15:00:00,0.486054582882238
2014-10-16 16:00:00,0.3317652493712949
2014-10-16 17:00:00,0.6170373705455932
2014-10-16 18:00:00,0.663790301515826
2014-10-16 19:00:00,0.8460941031355492
2014-10-16 20:00:00,0.668404997593645
2014-10-16 21:00:00,0.5515925898056018
2014-10-16 22:00:00,0.0
2014-10-16 23:00:00,-0.1824703782095709
2014-10-17 00:00:00,0.0
2014-10-17 01:00:00,-1.1220970806003392
2014-10-17 02:00:00,-1.299320055225288
2014-10-17 03:00:00,-1.2386764229299008
2014-10-17 04:00:00,-1.3786089241987325
2014-10-17 05:00:00,-1.0940359993998592
2014-10-17 06:00:00,0.0
2014-10-17 07:00:00,-0.31335993968953696
2014-10-17 08:00:00,0.0
2014-10-17 09:00:00,0.0
2014-10-17 10:00:00,0.0
2014-10-17 11:00:00,0.0
2014-10-17 12:00:00,0.7386043136865381
2014-10-17 13:00:00,0.6496665347322034
2014-10-17 14:00:00,0.0
2014-10-17 15:00:00,0.4206098021422418
2014-10-17 16:00:00,0.0
2014-10-17 17:00:00,0.7151579285638778
2014-10-17 18:00:00,0.7666653948870125
2014-10-17 19:00:00,0.9396465781677036
2014-10-17 20:00:00,0.7432656228560515
2014-10-17 21:00:00,0.5796070579143924
2014-10-17 22:00:00,0.0
2014-10-17 23:00:00,-0.07027266649934122
2014-10-18 00:00:00,-0.6512582413876579
2014-10-18 01:00:00,-0.9316359879339713
2014-10-18 02:00:00,0.0
2014-10-18 03:00:00,-1.1734180945566954
2014-10-18 04:00:00,-1.373947615029218
2014-10-18 05:00:00,0.0
2014-10-18 06:00:00,0.0
2014-10-18 07:00:00,-0.19650091880981055
2014-10-18 08:00:00,0.39259533403346164
2014-10-18 09:00:00,0.0
2014-10-18 10:00:00,0.0
2014-10-18 11:00:00,0.8882323380279574
2014-10-18 12:00:00,1.0097526680772027
2014-10-18 13:00:00,0.0
2014-10-18 14:00:00,0.0
2014-10-18 15:00:00,0.6170373705455932
2014-10-18 16:00:00,0.46274803703465556
2014-10-18 17:00:00,0.9769836646155152
2014-10-18 18:00:00,0.0
2014-10-18 19:00:00,0.9349386559064905
2014-10-18 20:00:00,0.8087104035960323
2014-10-18 21:00:00,0.0
2014-10-18 22:00:00,0.33181186246298916
2014-10-18 23:00:00,0.0
2014-10-19 00:00:00,-0.7586548046532741
2014-10-19 01:00:00,-1.1827407128957248
2014-10-19 02:00:00,-1.2806748185472283
2014-10-19 03:00:00,-1.285336127716743
2014-10-19 04:00:00,-1.4159460106465451
2014-10-19 05:00:00,-1.1734180945566954
2014-10-19 06:00:00,-1.1361276212005775
2014-10-19 07:00:00,-0.1917929965485975
2014-10-19 08:00:00,0.44871749643441533
2014-10-19 09:00:00,0.0
2014-10-19 10:00:00,0.4674559592958631
2014-10-19 11:00:00,0.9910142052157556
2014-10-19 12:00:00,0.0
2014-10-19 13:00:00,0.0
2014-10-19 14:00:00,0.9115854969672244
2014-10-19 15:00:00,0.9863528960462478
2014-10-19 16:00:00,0.0
2014-10-19 17:00:00,1.294931563068118
2014-10-19 18:00:00,0.0
2014-10-19 19:00:00,1.196764391958134
2014-10-19 20:00:00,0.9770302777072101
2014-10-19 21:00:00,0.0
2014-10-19 22:00:00,0.39264194712515094
2014-10-19 23:00:00,0.0
2014-10-20 00:00:00,0.0
2014-10-20 01:00:00,-1.233968500668691
2014-10-20 02:00:00,0.0
2014-10-20 03:00:00,0.0
2014-10-20 04:00:00,-1.439299169585813
2014-10-20 05:00:00,-1.1826940998040292
2014-10-20 06:00:00,-1.2246924954213574
2014-10-20 07:00:00,0.0
2014-10-20 08:00:00,0.2944281629234833
2014-10-20 09:00:00,0.04197165830256058
2014-10-20 10:00:00,0.25699785029228256
2014-10-20 11:00:00,0.0
2014-10-20 12:00:00,0.0
2014-10-20 13:00:00,0.0
2014-10-20 14:00:00,0.850755412305057
2014-10-20 15:00:00,0.6918513827163053
2014-10-20 16:00:00,0.5702844395753609
2014-10-20 17:00:00,0.0
2014-10-20 18:00:00,0.9817381999684232
2014-10-20 19:00:00,0.8227409441962774
2014-10-20 20:00:00,0.6730663067631694
2014-10-20 21:00:00,0.5468846675443998
2014-10-20 22:00:00,0.20092230098301758
2014-10-20 23:00:00,-0.154409297009091
2014-10-21 00:00:00,0.0
2014-10-21 01:00:00,0.0
2014-10-21 02:00:00,0.0
2014-10-21 03:00:00,-1.3833168464599421
2014-10-21 04:00:00,-1.4719749468641115
2014-10-21 05:00:00,-1.2573216596079604
2014-10-21 06:00:00,0.0
2014-10-21 07:00:00,0.0
2014-10-21 08:00:00,0.38327271569442956
2014-10-21 09:00:00,0.10736982595085766
2014-10-21 10:00:00,0.0
2014-10-21 11:00:00,0.5609152081446395
2014-10-21 12:00:00,0.747880318933876
2014-10-21 13:00:00,0.8647393398136085
2014-10-21 14:00:00,0.0
2014-10-21 15:00:00,0.9957221274769631
2014-10-21 16:00:00,0.6684516106853393
2014-10-21 17:00:00,1.2014257011276475
2014-10-21 18:00:00,0.0
2014-10-21 19:00:00,0.9629997371069705
2014-10-21 20:00:00,0.0
2014-10-21 21:00:00,0.7946798629957975
2014-10-21 22:00:00,0.36453425283298235
2014-10-21 23:00:00,-0.23393123144100575
2014-10-22 00:00:00,-0.7552986620512285
2014-10-22 01:00:00,-1.1780794037262101
2014-10-22 02:00:00,-1.2760135093777139
2014-10-22 03:00:00,-1.243337732099416
2014-10-22 04:00:00,-1.3879781556294561
2014-10-22 05:00:00,-1.1593875539564562
2014-10-22 06:00:00,-1.1173891583391284
2014-10-22 07:00:00,-0.5705243665716616
2014-10-22 08:00:00,0.0
2014-10-22 09:00:00,-0.0001199634981534361
2014-10-22 10:00:00,0.0
2014-10-22 11:00:00,0.6216520666234178
2014-10-22 12:00:00,1.0097060549855084
2014-10-22 13:00:00,0.9630463501986696
2014-10-22 14:00:00,0.9676610462764886
2014-10-22 15:00:00,0.7152045416555721
2014-10-22 16:00:00,0.0
2014-10-22 17:00:00,0.8601246437357785
2014-10-22 18:00:00,0.0
2014-10-22 19:00:00,0.0
2014-10-22 20:00:00,0.0
2014-10-22 21:00:00,0.6964660787941194
2014-10-22 22:00:00,0.0
2014-10-22 23:00:00,-0.2666536218110039
2014-10-23 00:00:00,0.0
2014-10-23 01:00:00,0.0
2014-10-23 02:00:00,-1.2573216596079597
2014-10-23 03:00:00,0.0
2014-10-23 04:00:00,0.0
2014-10-23 05:00:00,-1.210755181004508
2014-10-23 06:00:00,-1.192016718143059
2014-10-23 07:00:00,-0.6266465289726264
2014-10-23 08:00:00,0.0
2014-10-23 09:00:00,0.0
2014-10-23 10:00:00,0.0
2014-10-23 11:00:00,0.4814398868044085
2014-10-23 12:00:00,0.0
2014-10-23 13:00:00,0.0
2014-10-23 14:00:00,0.0
2014-10-23 15:00:00,0.7525882411950835
2014-10-23 16:00:00,0.0
2014-10-23 17:00:00,0.0
2014-10-23 18:00:00,0.7526348542867778
2014-10-23 19:00:00,0.0
2014-10-23 20:00:00,0.7011273879636383
2014-10-23 21:00:00,0.5468846675443998
2014-10-23 22:00:00,0.3177813218627495
2014-10-23 23:00:00,0.0
2014-10-24 00:00:00,-0.3928818741214566
2014-10-24 01:00:00,0.0
2014-10-24 02:00:00,-1.2386764229299012
2014-10-24 03:00:00,-1.2666442779469897
2014-10-24 04:00:00,-1.411331314568724
2014-10-24 05:00:00,-1.24338434519111
2014-10-24 06:00:00,-1.2107085679128136
2014-10-24 07:00:00,0.0
2014-10-24 08:00:00,0.0
2014-10-24 09:00:00,0.12140036655109732
2014-10-24 10:00:00,0.355165021402256
2014-10-24 11:00:00,0.7853106315650712
2014-10-24 12:00:00,0.0
2014-10-24 13:00:00,0.0
2014-10-24 14:00:00,0.0
2014-10-24 15:00:00,0.0
2014-10-24 16:00:00,0.5842683670839057
2014-10-24 17:00:00,1.0331058270164695
2014-10-24 18:00:00,1.1219503797874213
2014-10-24 19:00:00,0.9910608183074497
2014-10-24 20:00:00,1.0003834366464819
2014-10-24 21:00:00,0.6965126918858192
2014-10-24 22:00:00,0.0
2014-10-24 23:00:00,0.0
2014-10-25 00:00:00,-0.7401027941586155
2014-10-25 01:00:00,-0.8487579109000024
2014-10-25 02:00:00,-1.322626601072861
2014-10-25 03:00:00,0.0
2014-10-25 04:00:00,-1.4999894149728947
2014-10-25 05:00:00,0.0
2014-10-25 06:00:00,-1.2060472587432984
2014-10-25 07:00:00,-0.4396348050916898
2014-10-25 08:00:00,0.44405618726490204
2014-10-25 09:00:00,0.22898338218349196
2014-10-25 10:00:00,0.0
2014-10-25 11:00:00,1.1266583020486345
2014-10-25 12:00:00,1.0892279894174288
2014-10-25 13:00:00,1.2201175508974003
2014-10-25 14:00:00,0.0
2014-10-25 15:00:00,0.0
2014-10-25 16:00:00,0.0
2014-10-25 17:00:00,1.1453035387266937
2014-10-25 18:00:00,1.2481786320978796
2014-10-25 19:00:00,0.9021696524448086
2014-10-25 20:00:00,0.0
2014-10-25 21:00:00,0.6497597609155857
2014-10-25 22:00:00,0.20558361015253643
2014-10-25 23:00:00,0.0
2014-10-26 00:00:00,0.0
2014-10-26 01:00:00,0.0
2014-10-26 02:00:00,-0.024451997363023815
2014-10-26 03:00:00,-1.453283097094358
2014-10-26 04:00:00,-1.5279572699899824
2014-10-26 05:00:00,0.0
2014-10-26 06:00:00,0.0
2014-10-26 07:00:00,-0.3882205649519433
2014-10-26 08:00:00,0.3411344808020268
2014-10-26 09:00:00,0.0
2014-10-26 10:00:00,0.3551650214022615
2014-10-26 11:00:00,1.0097526680772082
2014-10-26 12:00:00,0.0
2014-10-26 13:00:00,0.8694938751665103
2014-10-26 14:00:00,0.9208615022145622
2014-10-26 15:00:00,1.126565075865246
2014-10-26 16:00:00,0.775988013226039
2014-10-26 17:00:00,1.0892279894174288
2014-10-26 18:00:00,0.0
2014-10-26 19:00:00,0.0
2014-10-26 20:00:00,0.0
2014-10-26 21:00:00,0.0
2014-10-26 22:00:00,0.0512942766415927
2014-10-26 23:00:00,0.0
2014-10-27 00:00:00,-1.1780327906345174
2014-10-27 01:00:00,-1.5372798883290122
2014-10-27 02:00:00,0.0
2014-10-27 03:00:00,-1.5979235206243982
2014-10-27 04:00:00,-1.7192107852151703
2014-10-27 05:00:00,0.0
2014-10-27 06:00:00,0.0
2014-10-27 07:00:00,-0.34608233005953565
2014-10-27 08:00:00,0.0
2014-10-27 09:00:00,-0.1871316873790842
2014-10-27 10:00:00,0.16349198835181195
2014-10-27 11:00:00,0.5889762893451083
2014-10-27 12:00:00,0.5655765173141478
2014-10-27 13:00:00,0.6450984517460724
2014-10-27 14:00:00,0.0
2014-10-27 15:00:00,0.6543744569934054
2014-10-27 16:00:00,0.411240570711521
2014-10-27 17:00:00,0.7291884691641175
2014-10-27 18:00:00,0.6637436884241373
2014-10-27 19:00:00,0.6590823792546184
2014-10-27 20:00:00,0.0
2014-10-27 21:00:00,0.44876410952610957
2014-10-27 22:00:00,0.0
2014-10-27 23:00:00,-0.46769588629216935
2014-10-28 00:00:00,-1.0401046523085757
2014-10-28 01:00:00,0.0
2014-10-28 02:00:00,-1.425315242077269
2014-10-28 03:00:00,-1.4486217879248429
2014-10-28 04:00:00,-1.5978769075327028
2014-10-28 05:00:00,0.0
2014-10-28 06:00:00,-1.364624996690188
2014-10-28 07:00:00,-0.37885133352122247
2014-10-28 08:00:00,-0.07959528483837333
2014-10-28 09:00:00,0.013910577102086824
2014-10-28 10:00:00,0.0
2014-10-28 11:00:00,0.0
2014-10-28 12:00:00,0.5702844395753548
2014-10-28 13:00:00,0.6216986797151064
2014-10-28 14:00:00,0.5889762893451083
2014-10-28 15:00:00,0.0
2014-10-28 16:00:00,0.26636708172299783
2014-10-28 17:00:00,0.0
2014-10-28 18:00:00,0.6404371425765543
2014-10-28 19:00:00,0.5655765173141478
2014-10-28 20:00:00,0.39259533403346164
2014-10-28 21:00:00,0.3411344808020213
2014-10-28 22:00:00,0.0
2014-10-28 23:00:00,0.0
2014-10-29 00:00:00,-0.6885021016520751
2014-10-29 01:00:00,-1.0847599941525257
2014-10-29 02:00:00,-1.08009868498301
2014-10-29 03:00:00,0.0
2014-10-29 04:00:00,-1.5932622114548838
2014-10-29 05:00:00,0.0
2014-10-29 06:00:00,-1.4299765512467844
2014-10-29 07:00:00,-0.2666070087193047
2014-10-29 08:00:00,-0.2198540777490774
2014-10-29 09:00:00,0.05595558581110661
2014-10-29 10:00:00,0.0
2014-10-29 11:00:00,0.6684516106853338
2014-10-29 12:00:00,0.0
2014-10-29 13:00:00,0.7105432324860533
2014-10-29 14:00:00,0.0
2014-10-29 15:00:00,0.0
2014-10-29 16:00:00,0.0
2014-10-29 17:00:00,0.8881391118445635
2014-10-29 18:00:00,0.757296163456291
2014-10-29 19:00:00,0.5655299042224592
2014-10-29 20:00:00,0.46270142394296626
2014-10-29 21:00:00,0.32244263103226833
2014-10-29 22:00:00,0.05129427664159823
2014-10-29 23:00:00,-0.5297379113384126
2014-10-30 00:00:00,0.0
2014-10-30 01:00:00,-1.3180119049950412
2014-10-30 02:00:00,0.0
2014-10-30 03:00:00,0.0
2014-10-30 04:00:00,-1.7098415537844465
2014-10-30 05:00:00,-1.490573570450475
2014-10-30 06:00:00,0.0
2014-10-30 07:00:00,-0.6091666195869386
2014-10-30 08:00:00,-0.2199006908407661
2014-10-30 09:00:00,0.051247663549903996
2014-10-30 10:00:00,0.1681999106130244
2014-10-30 11:00:00,0.6403905294848655
2014-10-30 12:00:00,0.7292350822558062
2014-10-30 13:00:00,0.0
2014-10-30 14:00:00,0.0
2014-10-30 15:00:00,0.6543744569934054
2014-10-30 16:00:00,0.3691955620025012
2014-10-30 17:00:00,0.0
2014-10-30 18:00:00,0.0
2014-10-30 19:00:00,0.7011740010553269
2014-10-30 20:00:00,0.0
2014-10-30 21:00:00,0.0
2014-10-30 22:00:00,0.0
2014-10-30 23:00:00,0.0
2014-10-31 00:00:00,0.0
2014-10-31 01:00:00,-1.5838929800241588
2014-10-31 02:00:00,-1.5792782839463397
2014-10-31 03:00:00,0.0
2014-10-31 04:00:00,0.0
2014-10-31 05:00:00,0.0
2014-10-31 06:00:00,0.0
2014-10-31 07:00:00,-0.6231971601871837
2014-10-31 08:00:00,0.0
2014-10-31 09:00:00,-0.0048278857593554315
2014-10-31 10:00:00,0.04658635438038517
2014-10-31 11:00:00,0.0
2014-10-31 12:00:00,0.0
2014-10-31 13:00:00,0.5234848955134388
2014-10-31 14:00:00,0.0
2014-10-31 15:00:00,0.4299790335729737
2014-10-31 16:00:00,0.20558361015253088
2014-10-31 17:00:00,0.6497597609155863
2014-10-31 18:00:00,0.0
2014-10-31 19:00:00,0.6310212980541441
2014-10-31 20:00:00,0.4861011959739273
2014-10-31 21:00:00,0.3271505532934703
2014-10-31 22:00:00,0.0
2014-10-31 23:00:00,-0.4863877360619226
2014-11-01 00:00:00,0.0
2014-11-01 01:00:00,-1.4486217879248429
2014-11-01 02:00:00,-1.495281492711685
2014-11-01 03:00:00,0.0
2014-11-01 04:00:00,0.0
2014-11-01 05:00:00,-1.4020086962296954
2014-11-01 06:00:00,-1.439299169585813
2014-11-01 07:00:00,-0.4408467454757611
2014-11-01 08:00:00,-0.2011156148876296
2014-11-01 09:00:00,-0.04687289446838013
2014-11-01 10:00:00,0.0
2014-11-01 11:00:00,0.9256160375674639
2014-11-01 12:00:00,0.0
2014-11-01 13:00:00,0.0
2014-11-01 14:00:00,0.0
2014-11-01 15:00:00,0.5936375985146327
2014-11-01 16:00:00,0.0
2014-11-01 17:00:00,0.0
2014-11-01 18:00:00,0.7198192377333912
2014-11-01 19:00:00,0.0
2014-11-01 20:00:00,0.0
2014-11-01 21:00:00,0.0
2014-11-01 22:00:00,0.0
2014-11-01 23:00:00,0.0
2014-11-02 00:00:00,-1.2200311862518423
2014-11-02 01:00:00,-1.6025848297939131
2014-11-02 02:00:00,-1.6865816210285678
2014-11-02 03:00:00,-1.7005189354454164
2014-11-02 04:00:00,0.0
2014-11-02 05:00:00,-1.6212766795636675
2014-11-02 06:00:00,0.0
2014-11-02 07:00:00,0.0
2014-11-02 08:00:00,0.0
2014-11-02 09:00:00,-0.2806375493195444
2014-11-02 10:00:00,0.0
2014-11-02 11:00:00,0.0
2014-11-02 12:00:00,0.5047930457436858
2014-11-02 13:00:00,0.45337880560392924
2014-11-02 14:00:00,0.2990894720929966
2014-11-02 15:00:00,0.29904285900130234
2014-11-02 16:00:00,0.16349198835181686
2014-11-02 17:00:00,0.5094543549131941
2014-11-02 18:00:00,0.0
2014-11-02 19:00:00,0.0
2014-11-02 20:00:00,0.24296730969203736
2014-11-02 21:00:00,0.13076959798181875
2014-11-02 22:00:00,-0.009489194928874256
2014-11-02 23:00:00,-0.5109062222935714
2014-11-03 00:00:00,-1.1487131559582655
2014-11-03 01:00:00,-1.4999428018811993
2014-11-03 02:00:00,0.0
2014-11-03 03:00:00,-1.551263815837556
2014-11-03 04:00:00,-1.6632284620892988
2014-11-03 05:00:00,-1.4626057154333867
2014-11-03 06:00:00,-1.4299765512467844
2014-11-03 07:00:00,-0.7481202459301662
2014-11-03 08:00:00,0.03731034913304729
2014-11-03 09:00:00,-0.14974798783956664
2014-11-03 10:00:00,0.06532481724183788
2014-11-03 11:00:00,0.0
2014-11-03 12:00:00,0.23364469135301016
2014-11-03 13:00:00,0.3505503253244369
2014-11-03 14:00:00,0.17286121978253768
2014-11-03 15:00:00,0.2149528415832517
2014-11-03 16:00:00,0.0
2014-11-03 17:00:00,0.0
2014-11-03 18:00:00,0.5983455207758347
2014-11-03 19:00:00,0.41599510606442214
2014-11-03 20:00:00,0.0
2014-11-03 21:00:00,0.0
2014-11-03 22:00:00,0.0
2014-11-03 23:00:00,-0.5482433087413874
2014-11-04 00:00:00,-1.0181032730284663
2014-11-04 01:00:00,-1.4439138656636332
2014-11-04 02:00:00,-1.3786555372904274
2014-11-04 03:00:00,-1.4299765512467844
2014-11-04 04:00:00,0.0
2014-11-04 05:00:00,-1.3366571416730997
2014-11-04 06:00:00,0.0
2014-11-04 07:00:00,0.0
2014-11-04 08:00:00,-0.10299505686933934
2014-11-04 09:00:00,-0.21519276857955796
2014-11-04 10:00:00,0.15883067918229804
2014-11-04 11:00:00,0.0
2014-11-04 12:00:00,0.39730325629466917
2014-11-04 13:00:00,0.2476752319532498
2014-11-04 14:00:00,0.21961415075277052
2014-11-04 15:00:00,0.0
2014-11-04 16:00:00,-0.014150504098382017
2014-11-04 17:00:00,0.26636708172299783
2014-11-04 18:00:00,0.0
2014-11-04 19:00:00,0.41599510606442214
2014-11-04 20:00:00,0.0
2014-11-04 21:00:00,0.20092230098301758
2014-11-04 22:00:00,0.0
2014-11-04 23:00:00,-0.4361388232145533
2014-11-05 00:00:00,0.0
2014-11-05 01:00:00,-1.5606330472682808
2014-11-05 02:00:00,-1.6352606070722109
2014-11-05 03:00:00,-1.5745703616851294
2014-11-05 04:00:00,0.0
2014-11-05 05:00:00,-1.5372798883290122
2014-11-05 06:00:00,-1.5046041110507145
2014-11-05 07:00:00,-0.5915934840178709
2014-11-05 08:00:00,-0.39754318329097604
2014-11-05 09:00:00,-0.2760228532417247
2014-11-05 10:00:00,0.7993411721653109
2014-11-05 11:00:00,0.0
2014-11-05 12:00:00,1.3742670451332557
2014-11-05 13:00:00,0.9114922707838414
2014-11-05 14:00:00,0.0
2014-11-05 15:00:00,0.0
2014-11-05 16:00:00,0.16819991061301887
2014-11-05 17:00:00,0.3786114065249107
2014-11-05 18:00:00,0.3832261026027353
2014-11-05 19:00:00,0.4253643374951436
2014-11-05 20:00:00,0.0
2014-11-05 21:00:00,0.22893676909180263
2014-11-05 22:00:00,0.12606167572061122
2014-11-05 23:00:00,-0.40803112892239046
2014-11-06 00:00:00,-1.0507324372150717
2014-11-06 01:00:00,-1.4953281058033796
2014-11-06 02:00:00,-1.57457036168513
2014-11-06 03:00:00,0.0
2014-11-06 04:00:00,-1.677212389597843
2014-11-06 05:00:00,-1.518634651650953
2014-11-06 06:00:00,0.0
2014-11-06 07:00:00,0.05134088973329247
2014-11-06 08:00:00,0.0
2014-11-06 09:00:00,0.7666187817953127
2014-11-06 10:00:00,1.2479921797311033
2014-11-06 11:00:00,1.4819432869490432
2014-11-06 12:00:00,0.799247945981923
2014-11-06 13:00:00,0.27107500398420536
2014-11-06 14:00:00,0.4066258746337019
2014-11-06 15:00:00,0.0
2014-11-06 16:00:00,-0.09362582543861851
2014-11-06 17:00:00,0.0
2014-11-06 18:00:00,0.0
2014-11-06 19:00:00,1.0610270689418613
2014-11-06 20:00:00,1.3835430503805888
2014-11-06 21:00:00,0.9162468061367376
2014-11-06 22:00:00,0.542223358374881
2014-11-06 23:00:00,-0.26325086611725584
2014-11-07 00:00:00,-0.9934915606134259
2014-11-07 01:00:00,-1.3366571416731
2014-11-07 02:00:00,-1.2947053591474678
2014-11-07 03:00:00,0.0
2014-11-07 04:00:00,0.0
2014-11-07 05:00:00,-1.192063331234754
2014-11-07 06:00:00,0.0
2014-11-07 07:00:00,0.0
2014-11-07 08:00:00,1.2902236408068999
2014-11-07 09:00:00,0.7338497783336364
2014-11-07 10:00:00,0.2756897000620306
2014-11-07 11:00:00,0.0
2014-11-07 12:00:00,0.6264066019763146
2014-11-07 13:00:00,0.0
2014-11-07 14:00:00,0.0
2014-11-07 15:00:00,0.3832261026027408
2014-11-07 16:00:00,0.1448001385820584
2014-11-07 17:00:00,0.0
2014-11-07 18:00:00,0.0
2014-11-07 19:00:00,0.0
2014-11-07 20:00:00,0.6216986797151064
2014-11-07 21:00:00,0.3598729436634635
2014-11-07 22:00:00,0.13547752024302628
2014-11-07 23:00:00,-0.36482079292098285
2014-11-08 00:00:00,0.0
2014-11-08 01:00:00,0.0
2014-11-08 02:00:00,0.0
2014-11-08 03:00:00,-1.5139733424814386
2014-11-08 04:00:00,-1.5932622114548831
2014-11-08 05:00:00,-1.3879781556294561
2014-11-08 06:00:00,0.0
2014-11-08 07:00:00,0.0
2014-11-08 08:00:00,0.0
2014-11-08 09:00:00,-0.1356708341476383
2014-11-08 10:00:00,0.0
2014-11-08 11:00:00,0.0
2014-11-08 12:00:00,0.7993411721653114
2014-11-08 13:00:00,0.6263599888846203
2014-11-08 14:00:00,0.4673627331124746
2014-11-08 15:00:00,0.0
2014-11-08 16:00:00,0.13543090715133757
2014-11-08 17:00:00,0.0
2014-11-08 18:00:00,0.5983455207758402
2014-11-08 19:00:00,0.0
2014-11-08 20:00:00,0.0
2014-11-08 21:00:00,0.0
2014-11-08 22:00:00,-0.06095004816031463
2014-11-08 23:00:00,-0.6231039340037923
2014-11-09 00:00:00,-1.1827407128957232
2014-11-09 01:00:00,-1.4952348796199895
2014-11-09 02:00:00,0.0
2014-11-09 03:00:00,-1.5418945844068324
2014-11-09 04:00:00,-1.6445366123195455
2014-11-09 05:00:00,-1.4859588743726553
2014-11-09 06:00:00,0.0
2014-11-09 07:00:00,0.0
2014-11-09 08:00:00,0.0
2014-11-09 09:00:00,-0.1871316873790842
2014-11-09 10:00:00,0.584314980175595
2014-11-09 11:00:00,0.0
2014-11-09 12:00:00,1.500681749810491
2014-11-09 13:00:00,0.41599510606442763
2014-11-09 14:00:00,0.0
2014-11-09 15:00:00,0.0
2014-11-09 16:00:00,0.0
2014-11-09 17:00:00,0.0
2014-11-09 18:00:00,0.6590823792546184
2014-11-09 19:00:00,0.0
2014-11-09 20:00:00,0.3598263305717748
2014-11-09 21:00:00,0.0
2014-11-09 22:00:00,0.0512942766415927
2014-11-09 23:00:00,-0.35661688878263326
2014-11-10 00:00:00,-1.2340151137603859
2014-11-10 01:00:00,0.0
2014-11-10 02:00:00,-1.6119074481329427
2014-11-10 03:00:00,-1.6072927520551237
2014-11-10 04:00:00,-1.7098881668761408
2014-11-10 05:00:00,0.0
2014-11-10 06:00:00,-1.4765896429419305
2014-11-10 07:00:00,-0.8766791528253917
2014-11-10 08:00:00,-0.16843983760932574
2014-11-10 09:00:00,0.0
2014-11-10 10:00:00,0.04663296747207941
2014-11-10 11:00:00,0.0
2014-11-10 12:00:00,1.2341480914976455
2014-11-10 13:00:00,1.2201175508974003
2014-11-10 14:00:00,1.028397904755262
2014-11-10 15:00:00,1.028397904755267
2014-11-10 16:00:00,0.6965126918858192
2014-11-10 17:00:00,1.0751508357254949
2014-11-10 18:00:00,1.3133903473793893
2014-11-10 19:00:00,1.1219503797874213
2014-11-10 20:00:00,0.8647859529052973
2014-11-10 21:00:00,0.7806027093038692
2014-11-10 22:00:00,0.6450518386543788
2014-11-10 23:00:00,-0.2572377772885777
2014-11-11 00:00:00,-1.035536569322452
2014-11-11 01:00:00,-1.3646716097818832
2014-11-11 02:00:00,0.0
2014-11-11 03:00:00,0.0
2014-11-11 04:00:00,0.0
2014-11-11 05:00:00,-1.364624996690188
2014-11-11 06:00:00,-1.3179652919033464
2014-11-11 07:00:00,0.0
2014-11-11 08:00:00,0.0
2014-11-11 09:00:00,0.0
2014-11-11 10:00:00,0.18689176038277794
2014-11-11 11:00:00,0.5187769732522257
2014-11-11 12:00:00,0.6871434604550978
2014-11-11 13:00:00,0.4252711113117606
2014-11-11 14:00:00,0.37861140652491626
2014-11-11 15:00:00,0.0
2014-11-11 16:00:00,0.19155306955229676
2014-11-11 17:00:00,0.5000851234824727
2014-11-11 18:00:00,0.5936375985146272
2014-11-11 19:00:00,0.0
2014-11-11 20:00:00,0.0
2014-11-11 21:00:00,0.2056302232442251
2014-11-11 22:00:00,-0.0702260534076525
2014-11-11 23:00:00,0.0
2014-11-12 00:00:00,0.0
2014-11-12 01:00:00,-1.2806282054555338
2014-11-12 02:00:00,-1.3273345233340705
2014-11-12 03:00:00,0.0
2014-11-12 04:00:00,-1.5698624394239196
2014-11-12 05:00:00,0.0
2014-11-12 06:00:00,-1.4439604787553282
2014-11-12 07:00:00,0.0
2014-11-12 08:00:00,0.8554633345662646
2014-11-12 09:00:00,0.8367714847965171
2014-11-12 10:00:00,1.0798587579867074
2014-11-12 11:00:00,1.2948849499764181
2014-11-12 12:00:00,0.0
2014-11-12 13:00:00,0.9255694244757697
2014-11-12 14:00:00,0.8180796350267642
2014-11-12 15:00:00,0.0
2014-11-12 16:00:00,0.5468380544527056
2014-11-12 17:00:00,0.49547042740464814
2014-11-12 18:00:00,0.0
2014-11-12 19:00:00,0.0
2014-11-12 20:00:00,0.45342541869562286
2014-11-12 21:00:00,0.31778132186275443
2014-11-12 22:00:00,0.04197165830256611
2014-11-12 23:00:00,0.0
2014-11-13 00:00:00,0.0
2014-11-13 01:00:00,-1.5139267293897438
2014-11-13 02:00:00,-1.5932155983631888
2014-11-13 03:00:00,-1.5885542891936735
2014-11-13 04:00:00,0.0
2014-11-13 05:00:00,0.0
2014-11-13 06:00:00,-1.490573570450475
2014-11-13 07:00:00,0.0
2014-11-13 08:00:00,-0.037596889221047786
2014-11-13 09:00:00,0.0
2014-11-13 10:00:00,0.21490622849156854
2014-11-13 11:00:00,0.5141622771744067
2014-11-13 12:00:00,0.476731964543201
2014-11-13 13:00:00,0.0
2014-11-13 14:00:00,0.3645808659246766
2014-11-13 15:00:00,0.0
2014-11-13 16:00:00,0.0840166670115859
2014-11-13 17:00:00,0.416041719156117
2014-11-13 18:00:00,0.5889296762534196
2014-11-13 19:00:00,0.5936375985146272
2014-11-13 20:00:00,0.0
2014-11-13 21:00:00,0.37390348426370873
2014-11-13 22:00:00,0.0
2014-11-13 23:00:00,-0.49687568169333307
2014-11-14 00:00:00,0.0
2014-11-14 01:00:00,-1.5372798883290126
2014-11-14 02:00:00,0.0
2014-11-14 03:00:00,0.0
2014-11-14 04:00:00,-1.6958576262759018
2014-11-14 05:00:00,-1.509265420220229
2014-11-14 06:00:00,0.0
2014-11-14 07:00:00,-0.7680706491756959
2014-11-14 08:00:00,-0.028181044698627197
2014-11-14 09:00:00,0.0
2014-11-14 10:00:00,0.0
2014-11-14 11:00:00,0.49547042740464814
2014-11-14 12:00:00,0.3458424030632288
2014-11-14 13:00:00,0.0
2014-11-14 14:00:00,0.0
2014-11-14 15:00:00,0.18689176038277794
2014-11-14 16:00:00,0.16353860144350557
2014-11-14 17:00:00,0.5001317365741614
2014-11-14 18:00:00,0.7105432324860588
2014-11-14 19:00:00,0.6076681391148668
2014-11-14 20:00:00,0.0
2014-11-14 21:00:00,0.5001783496658557
2014-11-14 22:00:00,0.0
2014-11-14 23:00:00,-0.4676492732004696
2014-11-15 00:00:00,-1.0507324372150704
2014-11-15 01:00:00,0.0
2014-11-15 02:00:00,0.0
2014-11-15 03:00:00,-1.6305992979026962
2014-11-15 04:00:00,-1.7145028629539605
2014-11-15 05:00:00,0.0
2014-11-15 06:00:00,-1.4859588743726553
2014-11-15 07:00:00,0.0
2014-11-15 08:00:00,0.0
2014-11-15 09:00:00,0.7525882411950786
2014-11-15 10:00:00,1.2060870102971606
2014-11-15 11:00:00,1.5845853148617537
2014-11-15 12:00:00,0.0
2014-11-15 13:00:00,0.0
2014-11-15 14:00:00,1.1266116889569402
2014-11-15 15:00:00,1.0003834366464763
2014-11-15 16:00:00,0.7011273879636383
2014-11-15 17:00:00,0.5749457487448687
2014-11-15 18:00:00,0.0
2014-11-15 19:00:00,0.0
2014-11-15 20:00:00,0.0
2014-11-15 21:00:00,0.0
2014-11-15 22:00:00,0.0
2014-11-15 23:00:00,-0.478323671198661
2014-11-16 00:00:00,-1.2107085679128151
2014-11-16 01:00:00,-1.5232027346370782
2014-11-16 02:00:00,0.0
2014-11-16 03:00:00,-1.6165687573024572
2014-11-16 04:00:00,0.0
2014-11-16 05:00:00,0.0
2014-11-16 06:00:00,-1.4812509521114456
2014-11-16 07:00:00,-0.21640470896363512
2014-11-16 08:00:00,0.6076681391148723
2014-11-16 09:00:00,0.8554167214745758
2014-11-16 10:00:00,0.0
2014-11-16 11:00:00,1.6219224013095659
2014-11-16 12:00:00,0.0
2014-11-16 13:00:00,1.1219503797874268
2014-11-16 14:00:00,0.930230733645288
2014-11-16 15:00:00,1.0611669082169544
2014-11-16 16:00:00,0.0
2014-11-16 17:00:00,0.0
2014-11-16 18:00:00,1.30882226439327
2014-11-16 19:00:00,0.0
2014-11-16 20:00:00,0.8508020253967519
2014-11-16 21:00:00,0.6684516106853393
2014-11-16 22:00:00,0.0
2014-11-16 23:00:00,-0.3554515614902565
2014-11-17 00:00:00,0.0
2014-11-17 01:00:00,-1.5092188071285335
2014-11-17 02:00:00,-1.5605864341765854
2014-11-17 03:00:00,-1.5418945844068324
2014-11-17 04:00:00,-1.6632284620892988
2014-11-17 05:00:00,-1.5372332752373172
2014-11-17 06:00:00,-1.4440070918470231
2014-11-17 07:00:00,-0.6464570929430575
2014-11-17 08:00:00,0.5048396588353696
2014-11-17 09:00:00,0.911538883875535
2014-11-17 10:00:00,0.0
2014-11-17 11:00:00,0.0
2014-11-17 12:00:00,1.2388094006671533
2014-11-17 13:00:00,0.939599965076015
2014-11-17 14:00:00,0.8367714847965115
2014-11-17 15:00:00,0.7713267040565258
2014-11-17 16:00:00,0.6497597609155809
2014-11-17 17:00:00,0.0
2014-11-17 18:00:00,0.0
2014-11-17 19:00:00,0.0
2014-11-17 20:00:00,0.8648325659969914
2014-11-17 21:00:00,0.0
2014-11-17 22:00:00,0.0
2014-11-17 23:00:00,-0.4454614415535857
2014-11-18 00:00:00,-1.0927774459240884
2014-11-18 01:00:00,0.0
2014-11-18 02:00:00,0.0
2014-11-18 03:00:00,0.0
2014-11-18 04:00:00,-1.72382548129299
2014-11-18 05:00:00,-1.5978769075327033
2014-11-18 06:00:00,-1.5558785119153757
2014-11-18 07:00:00,-0.37885133352121697
2014-11-18 08:00:00,0.0
2014-11-18 09:00:00,0.6544210700850996
2014-11-18 10:00:00,0.0
2014-11-18 11:00:00,1.0985506077564609
2014-11-18 12:00:00,0.0
2014-11-18 13:00:00,0.8694938751665097
2014-11-18 14:00:00,0.9956755143852744
2014-11-18 15:00:00,0.0
2014-11-18 16:00:00,0.0
2014-11-18 17:00:00,0.4954238143129539
2014-11-18 18:00:00,0.5001783496658557
2014-11-18 19:00:00,0.4486708833427211
2014-11-18 20:00:00,0.0
2014-11-18 21:00:00,0.1728612197825383
2014-11-18 22:00:00,-0.014197117190081784
2014-11-18 23:00:00,0.0
2014-11-19 00:00:00,-1.1674050057280205
2014-11-19 01:00:00,-1.513926729389744
2014-11-19 02:00:00,-1.5465558935763464
2014-11-19 03:00:00,0.0
2014-11-19 04:00:00,0.0
2014-11-19 05:00:00,0.0
2014-11-19 06:00:00,-1.4020086962296954
2014-11-19 07:00:00,-0.154409297009091
2014-11-19 08:00:00,0.0
2014-11-19 09:00:00,0.808663790504343
2014-11-19 10:00:00,0.8928936471974708
2014-11-19 11:00:00,0.0
2014-11-19 12:00:00,0.0
2014-11-19 13:00:00,0.9348920428148074
2014-11-19 14:00:00,0.9021696524448031
2014-11-19 15:00:00,0.0
2014-11-19 16:00:00,0.7992945590736166
2014-11-19 17:00:00,0.0
2014-11-19 18:00:00,0.0
2014-11-19 19:00:00,0.0
2014-11-19 20:00:00,1.2013790880359587
2014-11-19 21:00:00,0.8086637905043436
2014-11-19 22:00:00,0.14950806084326038
2014-11-19 23:00:00,-0.2666070087193041
2014-11-20 00:00:00,0.0
2014-11-20 01:00:00,0.0
2014-11-20 02:00:00,-1.4812975652031406
2014-11-20 03:00:00,0.0
2014-11-20 04:00:00,-1.6538126175668797
2014-11-20 05:00:00,-1.425268628985574
2014-11-20 06:00:00,-1.3553023783511584
2014-11-20 07:00:00,0.0
2014-11-20 08:00:00,0.0
2014-11-20 09:00:00,0.8554167214745709
2014-11-20 10:00:00,0.0
2014-11-20 11:00:00,1.1827338513578938
2014-11-20 12:00:00,0.0
2014-11-20 13:00:00,0.0
2014-11-20 14:00:00,0.0
2014-11-20 15:00:00,0.3832261026027408
2014-11-20 16:00:00,0.0
2014-11-20 17:00:00,0.5702378264836667
2014-11-20 18:00:00,0.6403905294848655
2014-11-20 19:00:00,0.5234848955134338
2014-11-20 20:00:00,0.0
2014-11-20 21:00:00,0.0
2014-11-20 22:00:00,0.04197165830256611
2014-11-20 23:00:00,-0.468814600492851
2014-11-21 00:00:00,-1.20949662752874
2014-11-21 01:00:00,0.0
2014-11-21 02:00:00,-1.6352606070722109
2014-11-21 03:00:00,-1.6166153703941517
2014-11-21 04:00:00,0.0
2014-11-21 05:00:00,-1.602538216702218
2014-11-21 06:00:00,-1.5092188071285335
2014-11-21 07:00:00,-0.9168130247749195
2014-11-21 08:00:00,0.0
2014-11-21 09:00:00,-0.1404253695005456
2014-11-21 10:00:00,0.0
2014-11-21 11:00:00,0.0
2014-11-21 12:00:00,0.0
2014-11-21 13:00:00,0.0
2014-11-21 14:00:00,0.0
2014-11-21 15:00:00,0.3411810938937155
2014-11-21 16:00:00,0.0
2014-11-21 17:00:00,0.6637436884241318
2014-11-21 18:00:00,0.0
2014-11-21 19:00:00,0.6871434604550978
2014-11-21 20:00:00,0.57489913565318
2014-11-21 21:00:00,0.3832261026027353
2014-11-21 22:00:00,0.0
2014-11-21 23:00:00,-0.39288187412146275
2014-11-22 00:00:00,-1.1827407128957288
2014-11-22 01:00:00,0.0
2014-11-22 02:00:00,-1.5699090525156156
2014-11-22 03:00:00,0.0
2014-11-22 04:00:00,0.0
2014-11-22 05:00:00,-1.57457036168513
2014-11-22 06:00:00,-1.4299765512467837
2014-11-22 07:00:00,-0.6078614530194791
2014-11-22 08:00:00,-0.10760975294716392
2014-11-22 09:00:00,-0.03284235386814602
2014-11-22 10:00:00,0.20558361015253088
2014-11-22 11:00:00,0.0
2014-11-22 12:00:00,0.7152511547472663
2014-11-22 13:00:00,0.0
2014-11-22 14:00:00,0.0
2014-11-22 15:00:00,0.0
2014-11-22 16:00:00,0.2523365411227637
2014-11-22 17:00:00,0.0
2014-11-22 18:00:00,0.0
2014-11-22 19:00:00,0.64039052948486
2014-11-22 20:00:00,0.0
2014-11-22 21:00:00,0.0
2014-11-22 22:00:00,0.07464743558086447
2014-11-22 23:00:00,0.0
2014-11-23 00:00:00,0.0
2014-11-23 01:00:00,-1.481250952111445
2014-11-23 02:00:00,0.0
2014-11-23 03:00:00,0.0
2014-11-23 04:00:00,-1.6538592306585747
2014-11-23 05:00:00,-1.3925928517072763
2014-11-23 06:00:00,-1.4253152420772692
2014-11-23 07:00:00,0.3131200126932362
2014-11-23 08:00:00,0.0
2014-11-23 09:00:00,0.8133250996738569
2014-11-23 10:00:00,0.9162468061367376
2014-11-23 11:00:00,0.0
2014-11-23 12:00:00,1.0845200671562156
2014-11-23 13:00:00,1.0144139772467222
2014-11-23 14:00:00,0.0
2014-11-23 15:00:00,0.0
2014-11-23 16:00:00,0.3411810938937155
2014-11-23 17:00:00,0.775988013226039
2014-11-23 18:00:00,0.7104966193943646
2014-11-23 19:00:00,0.5702844395753603
2014-11-23 20:00:00,0.0
2014-11-23 21:00:00,0.027894504610632236
2014-11-23 22:00:00,-0.05158081672958827
2014-11-23 23:00:00,-0.49827407444417976
2014-11-24 00:00:00,0.0
2014-11-24 01:00:00,-1.602538216702218
2014-11-24 02:00:00,0.0
2014-11-24 03:00:00,0.0
2014-11-24 04:00:00,0.0
2014-11-24 05:00:00,0.0
2014-11-24 06:00:00,-1.630599297902696
2014-11-24 07:00:00,0.4066258746337019
2014-11-24 08:00:00,0.0
2014-11-24 09:00:00,0.729188469164123
2014-11-24 10:00:00,0.9302773467369773
2014-11-24 11:00:00,1.0938892985869475
2014-11-24 12:00:00,0.0
2014-11-24 13:00:00,0.42065641523393604
2014-11-24 14:00:00,0.0
2014-11-24 15:00:00,0.36919556200249565
2014-11-24 16:00:00,0.0
2014-11-24 17:00:00,0.5001317365741614
2014-11-24 18:00:00,0.500131736574167
2014-11-24 19:00:00,0.0
2014-11-24 20:00:00,0.41133379689490945
2014-11-24 21:00:00,0.25233654112276926
2014-11-24 22:00:00,0.0
2014-11-24 23:00:00,-0.2760228532417247
2014-11-25 00:00:00,0.0
2014-11-25 01:00:00,-1.5933088245465798
2014-11-25 02:00:00,-1.6352606070722113
2014-11-25 03:00:00,0.0
2014-11-25 04:00:00,0.0
2014-11-25 05:00:00,-1.5186346516509537
2014-11-25 06:00:00,0.0
2014-11-25 07:00:00,-0.45366534569193495
2014-11-25 08:00:00,0.0
2014-11-25 09:00:00,-0.12634821580860064
2014-11-25 10:00:00,0.08867797618110472
2014-11-25 11:00:00,0.0
2014-11-25 12:00:00,0.322489244123957
2014-11-25 13:00:00,0.26170577255348454
2014-11-25 14:00:00,0.0
2014-11-25 15:00:00,0.0
2014-11-25 16:00:00,0.05129427664159823
2014-11-25 17:00:00,0.44871749643441533
2014-11-25 18:00:00,0.49080911823513484
2014-11-25 19:00:00,0.5235315086051274
2014-11-25 20:00:00,0.0
2014-11-25 21:00:00,0.23830600052252346
2014-11-25 22:00:00,0.0
2014-11-25 23:00:00,-0.4923075987072067
2014-11-26 00:00:00,0.0
2014-11-26 01:00:00,0.0
2014-11-26 02:00:00,-1.677212389597843
2014-11-26 03:00:00,-1.6492445345807547
2014-11-26 04:00:00,-1.8404980498059431
2014-11-26 05:00:00,-1.6539058437502698
2014-11-26 06:00:00,-1.6258447625497912
2014-11-26 07:00:00,0.0
2014-11-26 08:00:00,-0.4396348050916898
2014-11-26 09:00:00,0.593637598514632
2014-11-26 10:00:00,0.0
2014-11-26 11:00:00,0.0
2014-11-26 12:00:00,1.2294867823281266
2014-11-26 13:00:00,0.0
2014-11-26 14:00:00,0.8460474900438549
2014-11-26 15:00:00,0.0
2014-11-26 16:00:00,0.3925487209417674
2014-11-26 17:00:00,0.0
2014-11-26 18:00:00,0.0
2014-11-26 19:00:00,0.0
2014-11-26 20:00:00,0.0
2014-11-26 21:00:00,0.8460941031355437
2014-11-26 22:00:00,0.23825938743082983
2014-11-26 23:00:00,0.0
2014-11-27 00:00:00,-1.2994132814086772
2014-11-27 01:00:00,-1.6119540612246372
2014-11-27 02:00:00,-1.658567152919785
2014-11-27 03:00:00,0.0
2014-11-27 04:00:00,-1.8171448908666739
2014-11-27 05:00:00,0.0
2014-11-27 06:00:00,-1.5839862062075496
2014-11-27 07:00:00,-0.4361854363062475
2014-11-27 08:00:00,0.0
2014-11-27 09:00:00,0.0
2014-11-27 10:00:00,0.09338589844230673
2014-11-27 11:00:00,0.0
2014-11-27 12:00:00,0.3131200126932362
2014-11-27 13:00:00,0.233691304444705
2014-11-27 14:00:00,0.0
2014-11-27 15:00:00,0.2990894720929966
2014-11-27 16:00:00,0.09804720761183108
2014-11-27 17:00:00,0.3458424030632288
2014-11-27 18:00:00,0.49076250514344616
2014-11-27 19:00:00,0.49080911823513484
2014-11-27 20:00:00,0.3084587035237174
2014-11-27 21:00:00,0.0
2014-11-27 22:00:00,-0.07498058876055427
2014-11-27 23:00:00,0.0
2014-11-28 00:00:00,-1.2993200552252875
2014-11-28 01:00:00,-1.6025382167022173
2014-11-28 02:00:00,0.0
2014-11-28 03:00:00,0.0
2014-11-28 04:00:00,0.0
2014-11-28 05:00:00,0.0
2014-11-28 06:00:00,-1.630599297902696
2014-11-28 07:00:00,-0.5717829200474379
2014-11-28 08:00:00,0.0
2014-11-28 09:00:00,0.0
2014-11-28 10:00:00,0.0
2014-11-28 11:00:00,0.49547042740464814
2014-11-28 12:00:00,0.4393482650037
2014-11-28 13:00:00,0.4112871838032152
2014-11-28 14:00:00,0.0
2014-11-28 15:00:00,0.4440095741732078
2014-11-28 16:00:00,0.2102449193220497
2014-11-28 17:00:00,0.0
2014-11-28 18:00:00,0.6076681391148668
2014-11-28 19:00:00,0.5234848955134388
2014-11-28 20:00:00,0.3739034842637032
2014-11-28 21:00:00,0.0
2014-11-28 22:00:00,0.0
2014-11-28 23:00:00,0.0
2014-11-29 00:00:00,-1.1407889303700927
2014-11-29 01:00:00,-1.2387230360215962
2014-11-29 02:00:00,-1.695857626275901
2014-11-29 03:00:00,0.0
2014-11-29 04:00:00,-1.868465904823031
2014-11-29 05:00:00,-1.6911963171063877
2014-11-29 06:00:00,-1.7005655485371114
2014-11-29 07:00:00,-0.08896451626909968
2014-11-29 08:00:00,0.0
2014-11-29 09:00:00,0.0
2014-11-29 10:00:00,1.0939359116786418
2014-11-29 11:00:00,1.5845387017700594
2014-11-29 12:00:00,0.0
2014-11-29 13:00:00,0.0
2014-11-29 14:00:00,0.5001783496658557
2014-11-29 15:00:00,0.0
2014-11-29 16:00:00,0.0
2014-11-29 17:00:00,0.6030068299453535
2014-11-29 18:00:00,0.0
2014-11-29 19:00:00,0.0
2014-11-29 20:00:00,0.0
2014-11-29 21:00:00,0.28044423541493174
2014-11-29 22:00:00,0.10736982595085766
2014-11-29 23:00:00,-0.5624603017084056
2014-11-30 00:00:00,-1.2247391085130517
2014-11-30 01:00:00,-1.518541425467563
2014-11-30 02:00:00,-1.6119074481329434
2014-11-30 03:00:00,-1.6352606070722109
2014-11-30 04:00:00,-1.7845157266800713
2014-11-30 05:00:00,-1.569909052515615
2014-11-30 06:00:00,0.0
2014-11-30 07:00:00,-0.7367466515565565
2014-11-30 08:00:00,0.39725664320297555
2014-11-30 09:00:00,0.5702844395753548
2014-11-30 10:00:00,0.0
2014-11-30 11:00:00,1.565753625816918
2014-11-30 12:00:00,0.0
2014-11-30 13:00:00,0.5749457487448791
2014-11-30 14:00:00,0.4907625051434406
2014-11-30 15:00:00,0.0
2014-11-30 16:00:00,0.4019179523724938
2014-11-30 17:00:00,0.780649322395558
2014-11-30 18:00:00,0.8133717127655511
2014-11-30 19:00:00,0.6404371425765543
2014-11-30 20:00:00,0.0
2014-11-30 21:00:00,0.1775225289520565
2014-11-30 22:00:00,0.0
2014-11-30 23:00:00,-0.49226098561551246
2014-12-01 00:00:00,-1.2853827408084386
2014-12-01 01:00:00,-1.64458322541124
2014-12-01 02:00:00,-1.7098415537844456
2014-12-01 03:00:00,0.0
2014-12-01 04:00:00,-1.8498672812366677
2014-12-01 05:00:00,-1.6772590026895378
2014-12-01 06:00:00,0.0
2014-12-01 07:00:00,0.0
2014-12-01 08:00:00,0.45808672786514226
2014-12-01 09:00:00,0.45804011477345297
2014-12-01 10:00:00,0.0
2014-12-01 11:00:00,1.1734112330188673
2014-12-01 12:00:00,1.117289070617908
2014-12-01 13:00:00,1.0190286733245406
2014-12-01 14:00:00,0.5842683670839118
2014-12-01 15:00:00,0.0
2014-12-01 16:00:00,0.32248924412396257
2014-12-01 17:00:00,0.0
2014-12-01 18:00:00,0.4159484929727334
2014-12-01 19:00:00,0.0
2014-12-01 20:00:00,0.0
2014-12-01 21:00:00,0.2850589314927563
2014-12-01 22:00:00,-0.028181044698627197
2014-12-01 23:00:00,-0.5482899218330798
2014-12-02 00:00:00,0.0
2014-12-02 01:00:00,0.0
2014-12-02 02:00:00,0.0
2014-12-02 03:00:00,-1.6818736987673568
2014-12-02 04:00:00,0.0
2014-12-02 05:00:00,-1.6631818489976047
2014-12-02 06:00:00,-1.64458322541124
2014-12-02 07:00:00,-0.10299505686933995
2014-12-02 08:00:00,0.33647317163250245
2014-12-02 09:00:00,0.35987294366346906
2014-12-02 10:00:00,0.0
2014-12-02 11:00:00,0.0
2014-12-02 12:00:00,1.1125811483567005
2014-12-02 13:00:00,0.4440095741732133
2014-12-02 14:00:00,0.0
2014-12-02 15:00:00,0.2663670817230089
2014-12-02 16:00:00,0.21024491932204417
2014-12-02 17:00:00,0.0
2014-12-02 18:00:00,0.5515925898056018
2014-12-02 19:00:00,0.5001317365741565
2014-12-02 20:00:00,0.4440095741732078
2014-12-02 21:00:00,0.1822304512132585
2014-12-02 22:00:00,-0.014150504098393081
2014-12-02 23:00:00,0.0
2014-12-03 00:00:00,-1.224739108513051
2014-12-03 01:00:00,-1.6072461389634276
2014-12-03 02:00:00,-1.6539058437502705
2014-12-03 03:00:00,-1.6772123895978424
2014-12-03 04:00:00,-1.7938383450191007
2014-12-03 05:00:00,-1.6539058437502698
2014-12-03 06:00:00,0.0
2014-12-03 07:00:00,0.0
2014-12-03 08:00:00,0.0
2014-12-03 09:00:00,0.0
2014-12-03 10:00:00,0.7432190097643516
2014-12-03 11:00:00,1.1500114609879013
2014-12-03 12:00:00,1.2201175508974003
2014-12-03 13:00:00,0.9489691965067357
2014-12-03 14:00:00,0.6357292203153461
2014-12-03 15:00:00,0.2149528415832523
2014-12-03 16:00:00,0.0
2014-12-03 17:00:00,0.832063562535304
2014-12-03 18:00:00,1.2668704818676386
2014-12-03 19:00:00,1.112581148356695
2014-12-03 20:00:00,0.0
2014-12-03 21:00:00,0.8040024813348248
2014-12-03 22:00:00,0.0
2014-12-03 23:00:00,0.0
2014-12-04 00:00:00,-1.2853361277167434
2014-12-04 01:00:00,-1.6678897712588143
2014-12-04 02:00:00,-1.7612091808324974
2014-12-04 03:00:00,-1.7238254812929907
2014-12-04 04:00:00,-1.8078688856193401
2014-12-04 05:00:00,-1.6865816210285676
2014-12-04 06:00:00,-1.6445832254112407
2014-12-04 07:00:00,-0.03284235386814602
2014-12-04 08:00:00,0.0
2014-12-04 09:00:00,0.44405618726490204
2014-12-04 10:00:00,0.0
2014-12-04 11:00:00,1.1546727701574144
2014-12-04 12:00:00,1.0892279894174337
2014-12-04 13:00:00,0.9115854969672237
2014-12-04 14:00:00,0.7011273879636383
2014-12-04 15:00:00,0.7058353102248458
2014-12-04 16:00:00,0.5001317365741614
2014-12-04 17:00:00,0.0
2014-12-04 18:00:00,1.0704895265559808
2014-12-04 19:00:00,0.0
2014-12-04 20:00:00,1.0331058270164695
2014-12-04 21:00:00,0.0
2014-12-04 22:00:00,0.39725664320297494
2014-12-04 23:00:00,-0.6184426248342768
2014-12-05 00:00:00,0.0
2014-12-05 01:00:00,0.0
2014-12-05 02:00:00,-1.6818736987673575
2014-12-05 03:00:00,0.0
2014-12-05 04:00:00,-1.8125301947888552
2014-12-05 05:00:00,0.0
2014-12-05 06:00:00,-1.6352606070722113
2014-12-05 07:00:00,-0.18247037820955983
2014-12-05 08:00:00,0.46274803703465495
2014-12-05 09:00:00,0.3552116344939502
2014-12-05 10:00:00,0.6497597609155863
2014-12-05 11:00:00,1.0798587579867074
2014-12-05 12:00:00,1.0004300497381762
2014-12-05 13:00:00,0.8460941031355437
2014-12-05 14:00:00,0.0
2014-12-05 15:00:00,0.8928936471974708
2014-12-05 16:00:00,0.752588241195078
2014-12-05 17:00:00,0.0
2014-12-05 18:00:00,1.2481786320978796
2014-12-05 19:00:00,0.0
2014-12-05 20:00:00,1.2060870102971606
2014-12-05 21:00:00,0.9629531240152756
2014-12-05 22:00:00,0.584314980175595
2014-12-05 23:00:00,0.0
2014-12-06 00:00:00,0.0
2014-12-06 01:00:00,0.0
2014-12-06 02:00:00,0.0
2014-12-06 03:00:00,0.0
2014-12-06 04:00:00,-1.8405446628976383
2014-12-06 05:00:00,0.0
2014-12-06 06:00:00,-1.6911963171063873
2014-12-06 07:00:00,-0.20712870371629724
2014-12-06 08:00:00,0.4533321925122405
2014-12-06 09:00:00,0.7245271599945987
2014-12-06 10:00:00,0.0
2014-12-06 11:00:00,1.337023184868832
2014-12-06 12:00:00,1.4208801368284003
2014-12-06 13:00:00,1.360422956899798
2014-12-06 14:00:00,1.2528865543590926
2014-12-06 15:00:00,1.1921030827886208
2014-12-06 16:00:00,1.1593806924186276
2014-12-06 17:00:00,1.0001503711880106
2014-12-06 18:00:00,0.6965126918858137
2014-12-06 19:00:00,0.0
2014-12-06 20:00:00,1.3369765717771322
2014-12-06 21:00:00,1.0190752864162353
2014-12-06 22:00:00,0.7666187817953183
2014-12-06 23:00:00,-0.5776561696010223
2014-12-07 00:00:00,0.0
2014-12-07 01:00:00,-1.6585671529197843
2014-12-07 02:00:00,-1.7005189354454164
2014-12-07 03:00:00,-1.7331947127237148
2014-12-07 04:00:00,-1.807822272527645
2014-12-07 05:00:00,-1.751886562493468
2014-12-07 06:00:00,0.0
2014-12-07 07:00:00,-0.4313376747699545
2014-12-07 08:00:00,0.5655765173141528
2014-12-07 09:00:00,0.9395533519843207
2014-12-07 10:00:00,0.0
2014-12-07 11:00:00,0.0
2014-12-07 12:00:00,1.332315262607619
2014-12-07 13:00:00,1.168703310757654
2014-12-07 14:00:00,0.0
2014-12-07 15:00:00,1.1593806924186276
2014-12-07 16:00:00,0.0
2014-12-07 17:00:00,0.0
2014-12-07 18:00:00,1.4490810573039623
2014-12-07 19:00:00,1.4675864547069335
2014-12-07 20:00:00,1.2715784041288463
2014-12-07 21:00:00,0.0
2014-12-07 22:00:00,0.0
2014-12-07 23:00:00,0.0
2014-12-08 00:00:00,0.0
2014-12-08 01:00:00,-1.5559251250070714
2014-12-08 02:00:00,-1.6072461389634283
2014-12-08 03:00:00,0.0
2014-12-08 04:00:00,-1.6911963171063873
2014-12-08 05:00:00,-1.5979235206243982
2014-12-08 06:00:00,-1.5465558935763468
2014-12-08 07:00:00,0.0
2014-12-08 08:00:00,0.5608685950529453
2014-12-08 09:00:00,0.8040024813348248
2014-12-08 10:00:00,0.0
2014-12-08 11:00:00,0.0
2014-12-08 12:00:00,1.2715784041288463
2014-12-08 13:00:00,1.215456241727887
2014-12-08 14:00:00,1.0658748304781618
2014-12-08 15:00:00,0.4720706553736877
2014-12-08 16:00:00,0.23830600052252346
2014-12-08 17:00:00,0.0
2014-12-08 18:00:00,1.500495297443714
2014-12-08 19:00:00,1.3415446547632626
2014-12-08 20:00:00,1.0799053710784021
2014-12-08 21:00:00,0.8788164935055369
2014-12-08 22:00:00,0.5936375985146327
2014-12-08 23:00:00,-0.5389206904023583
2014-12-09 00:00:00,0.0
2014-12-09 01:00:00,-1.6119540612246372
2014-12-09 02:00:00,0.0
2014-12-09 03:00:00,0.0
2014-12-09 04:00:00,-1.8078688856193397
2014-12-09 05:00:00,-1.667889771258813
2014-12-09 06:00:00,-1.611907448132942
2014-12-09 07:00:00,0.0
2014-12-09 08:00:00,0.3645808659246766
2014-12-09 09:00:00,0.47677857763489523
2014-12-09 10:00:00,0.822740944196272
2014-12-09 11:00:00,1.168703310757654
2014-12-09 12:00:00,1.3695125097803484
2014-12-09 13:00:00,0.5000851234824673
2014-12-09 14:00:00,0.0
2014-12-09 15:00:00,0.0
2014-12-09 16:00:00,0.06532481724183788
2014-12-09 17:00:00,0.0
2014-12-09 18:00:00,0.0
2014-12-09 19:00:00,0.0
2014-12-09 20:00:00,0.0
2014-12-09 21:00:00,1.0985506077564553
2014-12-09 22:00:00,0.0
2014-12-09 23:00:00,0.0
2014-12-10 00:00:00,-1.2993200552252868
2014-12-10 01:00:00,0.0
2014-12-10 02:00:00,-1.7424707179710486
2014-12-10 03:00:00,-1.7611159546491075
2014-12-10 04:00:00,0.0
2014-12-10 05:00:00,-1.737856021893229
2014-12-10 06:00:00,-1.6632284620892994
2014-12-10 07:00:00,-0.32864903376554244
2014-12-10 08:00:00,0.23825938743082983
2014-12-10 09:00:00,0.5281928177746408
2014-12-10 10:00:00,1.0284445178469563
2014-12-10 11:00:00,1.364851200610835
2014-12-10 12:00:00,1.2014257011276475
2014-12-10 13:00:00,0.9863528960462422
2014-12-10 14:00:00,1.0892279894174288
2014-12-10 15:00:00,0.9910608183074497
2014-12-10 16:00:00,0.869447262074821
2014-12-10 17:00:00,0.0
2014-12-10 18:00:00,1.3323618756993187
2014-12-10 19:00:00,0.0
2014-12-10 20:00:00,1.365037652977612
2014-12-10 21:00:00,0.0
2014-12-10 22:00:00,0.0
2014-12-10 23:00:00,-0.4421052989515319
2014-12-11 00:00:00,-1.3039813643948013
2014-12-11 01:00:00,-1.6911963171063873
2014-12-11 02:00:00,-1.7191641721234756
2014-12-11 03:00:00,0.0
2014-12-11 04:00:00,-1.849820668144972
2014-12-11 05:00:00,0.0
2014-12-11 06:00:00,-1.6725510804283286
2014-12-11 07:00:00,0.0
2014-12-11 08:00:00,0.2523365411227637
2014-12-11 09:00:00,0.518823586343915
2014-12-11 10:00:00,1.0470897545250148
2014-12-11 11:00:00,1.2622091726981193
2014-12-11 12:00:00,0.0
2014-12-11 13:00:00,0.0
2014-12-11 14:00:00,0.9629997371069705
2014-12-11 15:00:00,0.0
2014-12-11 16:00:00,0.0
2014-12-11 17:00:00,0.9909675921240668
2014-12-11 18:00:00,1.1406422295571803
2014-12-11 19:00:00,0.0
2014-12-11 20:00:00,0.8367714847965115
2014-12-11 21:00:00,0.5702844395753554
2014-12-11 22:00:00,0.43459372965079274
2014-12-11 23:00:00,0.0
2014-12-12 00:00:00,-1.2993666683169816
2014-12-12 01:00:00,-1.6492445345807547
2014-12-12 02:00:00,0.0
2014-12-12 03:00:00,0.0
2014-12-12 04:00:00,0.0
2014-12-12 05:00:00,-1.658520539828089
2014-12-12 06:00:00,-1.588647515377064
2014-12-12 07:00:00,-0.29107888185926023
2014-12-12 08:00:00,0.5796070579143924
2014-12-12 09:00:00,0.5047930457436802
2014-12-12 10:00:00,0.0
2014-12-12 11:00:00,1.0798587579867078
2014-12-12 12:00:00,1.0377671361859884
2014-12-12 13:00:00,0.9489691965067302
2014-12-12 14:00:00,0.0
2014-12-12 15:00:00,0.0
2014-12-12 16:00:00,0.0
2014-12-12 17:00:00,0.0
2014-12-12 18:00:00,1.210748319466674
2014-12-12 19:00:00,0.0
2014-12-12 20:00:00,1.131272998126454
2014-12-12 21:00:00,0.897554956366984
2014-12-12 22:00:00,0.3318118624629947
2014-12-12 23:00:00,0.0
2014-12-13 00:00:00,0.0
2014-12-13 01:00:00,0.0
2014-12-13 02:00:00,-1.639921916241726
2014-12-13 03:00:00,0.0
2014-12-13 04:00:00,-1.7845157266800713
2014-12-13 05:00:00,-1.5838929800241595
2014-12-13 06:00:00,0.0
2014-12-13 07:00:00,0.0
2014-12-13 08:00:00,0.16819991061301887
2014-12-13 09:00:00,0.5328541269441602
2014-12-13 10:00:00,0.0
2014-12-13 11:00:00,1.252839941267399
2014-12-13 12:00:00,0.0
2014-12-13 13:00:00,0.7385110875031496
2014-12-13 14:00:00,0.5047930457436802
2014-12-13 15:00:00,0.38788741177225966
2014-12-13 16:00:00,0.0
2014-12-13 17:00:00,0.7292350822558062
2014-12-13 18:00:00,0.7946798629957975
2014-12-13 19:00:00,0.0
2014-12-13 20:00:00,0.5514993636222189
2014-12-13 21:00:00,0.0
2014-12-13 22:00:00,0.11673905738158463
2014-12-13 23:00:00,-0.6523769555883435
2014-12-14 00:00:00,0.0
2014-12-14 01:00:00,-1.5933088245465792
2014-12-14 02:00:00,0.0
2014-12-14 03:00:00,-1.6399219162417256
2014-12-14 04:00:00,0.0
2014-12-14 05:00:00,-1.6072461389634283
2014-12-14 06:00:00,0.0
2014-12-14 07:00:00,0.0
2014-12-14 08:00:00,0.4112871838032201
2014-12-14 09:00:00,0.6264066019763139
2014-12-14 10:00:00,0.8741551843360236
2014-12-14 11:00:00,0.0
2014-12-14 12:00:00,1.1453501518183873
2014-12-14 13:00:00,1.0471363676167147
2014-12-14 14:00:00,0.9629531240152818
2014-12-14 15:00:00,0.9489691965067308
2014-12-14 16:00:00,0.0
2014-12-14 17:00:00,1.262255785789819
2014-12-14 18:00:00,1.3975269778891286
2014-12-14 19:00:00,0.0
2014-12-14 20:00:00,0.0
2014-12-14 21:00:00,0.8928936471974708
2014-12-14 22:00:00,0.6497131478238921
2014-12-14 23:00:00,0.0
2014-12-15 00:00:00,-1.2527069635301393
2014-12-15 01:00:00,0.0
2014-12-15 02:00:00,-1.6352606070722113
2014-12-15 03:00:00,0.0
2014-12-15 04:00:00,0.0
2014-12-15 05:00:00,-1.6539058437502698
2014-12-15 06:00:00,0.0
2014-12-15 07:00:00,0.0
2014-12-15 08:00:00,0.4533788056039341
2014-12-15 09:00:00,0.434640342742487
2014-12-15 10:00:00,0.0
2014-12-15 11:00:00,0.0
2014-12-15 12:00:00,0.0
2014-12-15 13:00:00,0.8413861808743306
2014-12-15 14:00:00,0.0
2014-12-15 15:00:00,0.9022628786281971
2014-12-15 16:00:00,0.7946332499041089
2014-12-15 17:00:00,1.0190752864162353
2014-12-15 18:00:00,0.0
2014-12-15 19:00:00,1.08918137632574
2014-12-15 20:00:00,0.0
2014-12-15 21:00:00,0.0
2014-12-15 22:00:00,0.0
2014-12-15 23:00:00,0.0
2014-12-16 00:00:00,0.0
2014-12-16 01:00:00,0.0
2014-12-16 02:00:00,-1.5652477433460998
2014-12-16 03:00:00,-1.588554289193674
2014-12-16 04:00:00,-1.6912429301980823
2014-12-16 05:00:00,0.0
2014-12-16 06:00:00,-1.471928333772416
2014-12-16 07:00:00,-0.5997041619728278
2014-12-16 08:00:00,0.0
2014-12-16 09:00:00,0.780649322395558
2014-12-16 10:00:00,0.7385577005948334
2014-12-16 11:00:00,0.0
2014-12-16 12:00:00,1.1593340793269278
2014-12-16 13:00:00,1.0330592139247807
2014-12-16 14:00:00,0.8460941031355437
2014-12-16 15:00:00,0.39730325629466423
2014-12-16 16:00:00,0.22432207301397314
2014-12-16 17:00:00,0.44400957417320286
2014-12-16 18:00:00,0.6169907574539044
2014-12-16 19:00:00,0.6777742290243665
2014-12-16 20:00:00,0.5983455207758402
2014-12-16 21:00:00,0.0
2014-12-16 22:00:00,0.13547752024302628
2014-12-16 23:00:00,0.0
2014-12-17 00:00:00,-1.2386764229299012
2014-12-17 01:00:00,-1.616568757302457
2014-12-17 02:00:00,-1.6818736987673575
2014-12-17 03:00:00,-1.7005655485371116
2014-12-17 04:00:00,0.0
2014-12-17 05:00:00,-1.6725510804283281
2014-12-17 06:00:00,0.0
2014-12-17 07:00:00,-0.1884368539465437
2014-12-17 08:00:00,0.2710750039842109
2014-12-17 09:00:00,0.6870968473633979
2014-12-17 10:00:00,0.0
2014-12-17 11:00:00,0.0
2014-12-17 12:00:00,0.0
2014-12-17 13:00:00,0.794679862995792
2014-12-17 14:00:00,0.42536433749514907
2014-12-17 15:00:00,0.3832261026027353
2014-12-17 16:00:00,0.28035100923154876
2014-12-17 17:00:00,0.0
2014-12-17 18:00:00,0.0
2014-12-17 19:00:00,0.0
2014-12-17 20:00:00,0.39725664320297555
2014-12-17 21:00:00,0.2897668537539638
2014-12-17 22:00:00,0.032602426871834234
2014-12-17 23:00:00,-0.543628612663561
2014-12-18 00:00:00,-1.2900440499779537
